# https://github.com/mikedh/trimesh
v 0.06290230 0.31584376 0.03966637
v 0.07100902 0.32512900 0.02081607
v 0.06864890 0.33752382 0.01752226
v 0.06598641 0.32586658 0.03153605
v 0.07063390 0.28787062 0.04624980
v 0.07554901 0.27585208 0.05798872
v 0.09473829 0.27569976 0.04882368
v 0.09108349 0.29260862 0.03412168
v 0.09638161 0.25603023 0.05931946
v 0.07694820 0.25826156 0.06641504
v 0.09146168 0.19702926 0.09517954
v 0.09497681 0.21829945 0.08302290
v 0.07494633 0.21705151 0.08612736
v 0.07258201 0.19501686 0.09833950
v 0.11737169 0.10348453 0.13351141
v 0.10482045 0.10603946 0.13960080
v 0.10132793 0.09340718 0.14882940
v 0.11517065 0.08838706 0.14358312
v 0.17829905 0.20314601 0.06366780
v 0.18700658 0.18422076 0.06159546
v 0.18972421 0.20920080 0.05765569
v 0.18045716 0.22587812 0.05546438
v 0.08634961 0.31056327 -0.02077660
v 0.06928805 0.32477513 -0.01638070
v 0.07692076 0.31925625 0.00352714
v 0.09610168 0.30456063 0.00689123
v 0.17075261 0.09946772 0.07160986
v 0.16698425 0.11837018 0.08210589
v 0.16129796 0.10561271 0.08842922
v 0.16690138 0.08910497 0.08012217
v 0.15436016 -0.01284249 0.09770263
v 0.14317311 -0.01394608 0.13023598
v 0.14328808 -0.04156268 0.13324858
v 0.15347649 -0.04284620 0.10255276
v 0.17586517 0.01271752 0.00509454
v 0.17750601 -0.01136964 0.00069286
v 0.17591836 -0.00335397 -0.02329312
v 0.17580232 0.02120551 -0.02740895
v 0.13072029 0.19400430 0.08776408
v 0.13477811 0.21164021 0.07640611
v 0.11409599 0.21483833 0.07882474
v 0.11044071 0.19681296 0.09169982
v 0.27772355 0.09519632 0.03837325
v 0.27022943 0.10436766 0.03873612
v 0.25867188 0.09366418 0.03973278
v 0.26292518 0.08430433 0.04138042
v 0.19468828 -0.12095346 0.04948519
v 0.17614873 -0.13034485 0.05611306
v 0.18139622 -0.12388024 0.03329271
v 0.18999588 -0.11826959 0.02262271
v 0.21165295 0.23148060 0.02112539
v 0.21149525 0.24454440 -0.00071440
v 0.20480680 0.25644448 -0.00913324
v 0.20641141 0.24714927 0.01469541
v 0.18556124 0.15179011 0.06837442
v 0.18671183 0.16662715 0.06500360
v 0.17961384 0.18385759 0.06773792
v 0.17580655 0.16774200 0.07170944
v 0.17828774 0.04750649 -0.02982492
v 0.17540160 0.05423620 -0.03071791
v 0.17821603 0.05241365 -0.00657851
v 0.17997099 0.04383959 -0.00525019
v 0.17623486 0.03334808 -0.00143294
v 0.17601287 0.03743534 -0.02831852
v 0.16420047 0.17984572 0.07730243
v 0.16927472 0.19827193 0.07184234
v 0.15354852 0.20691796 0.07475526
v 0.14923517 0.18847135 0.08294021
v 0.10113522 0.07613579 0.15747868
v 0.12006745 0.06912670 0.15024504
v 0.17404318 -0.13966943 0.08135993
v 0.17839552 -0.12392989 0.07436572
v 0.15746492 -0.12977245 0.09567209
v 0.15958676 -0.15007418 0.10557359
v 0.13191453 0.01725792 0.15061185
v 0.14775658 0.01526715 0.12485561
v 0.14117490 0.04272546 0.13334025
v 0.12609366 0.04526555 0.15476930
v 0.14077044 -0.16325553 0.12720537
v 0.13993999 -0.13657732 0.11915856
v 0.11816549 -0.14339377 0.13900499
v 0.11914448 -0.16999510 0.14426094
v 0.09713517 0.23709293 0.07087329
v 0.07673519 0.23773852 0.07541446
v 0.14253217 0.09786566 0.11551739
v 0.13042988 0.10011701 0.12563574
v 0.12926432 0.08416533 0.13467830
v 0.14386794 0.07961655 0.12051000
v 0.18987489 0.13015102 0.05465394
v 0.19564824 0.14134616 0.05665049
v 0.19572884 0.18311536 0.05867582
v 0.19043310 0.15903515 0.06024682
v 0.17700604 -0.14390334 0.03877507
v 0.17417192 -0.15032060 0.06293072
v 0.13411653 -0.18347833 0.12816530
v 0.11310037 -0.19409753 0.14279723
v 0.22441714 0.06286787 -0.04448218
v 0.23416901 0.06426818 -0.01012735
v 0.22133785 0.06691334 -0.00898803
v 0.21477148 0.06430504 -0.04250657
v 0.06844108 0.11172695 0.14981750
v 0.08215043 0.08976208 0.15669096
v 0.08850812 0.10521911 0.14791745
v 0.07880948 0.12185393 0.14371713
v 0.14700820 0.06122844 0.11912794
v 0.13525623 0.06492548 0.13534576
v 0.15314218 0.04227912 0.11064364
v 0.05545671 0.09478474 0.16179143
v 0.07517245 0.06517878 0.16648322
v 0.05733592 0.23392458 0.07922267
v 0.05588811 0.21288565 0.08865353
v 0.05838703 0.25391313 0.07125717
v 0.05739929 0.27068600 0.06394985
v 0.03992739 0.26406249 0.06872538
v 0.04001300 0.24766916 0.07582823
v 0.05505417 0.28216022 0.05444397
v 0.03834098 0.27637693 0.05983106
v 0.04860377 0.30838844 0.05024212
v 0.04554322 0.32088307 0.04962260
v 0.18984605 0.14459017 0.06194193
v 0.18505165 0.13148631 0.06229890
v 0.15371747 -0.17233717 0.10861515
v 0.09498426 0.24665105 -0.10896370
v 0.11132094 0.24232371 -0.10626793
v 0.11176015 0.22643606 -0.11299264
v 0.09725803 0.22966003 -0.11671393
v 0.11887467 0.29563469 -0.00080843
v 0.10556340 0.30079985 -0.02594552
v 0.17367257 0.14762312 -0.11585648
v 0.17744502 0.13537183 -0.11393119
v 0.17433704 0.13475223 -0.11137764
v 0.16648775 0.15051849 -0.11482752
v 0.19787437 0.09123179 -0.08800958
v 0.19022363 0.11069421 -0.09746552
v 0.18999489 0.11441220 -0.08762359
v 0.19786479 0.10117221 -0.08170689
v 0.17889462 -0.11857508 0.00765457
v 0.18552938 -0.11089764 -0.00332029
v 0.16306278 0.06763253 -0.09680074
v 0.16495101 0.07943708 -0.08706110
v 0.16762216 0.06216768 -0.07101306
v 0.17104189 0.04687157 -0.07609779
v 0.01032566 0.25071523 -0.11043519
v 0.02884713 0.25218385 -0.10750204
v 0.03079531 0.23430829 -0.11452228
v 0.01166496 0.23252238 -0.11636984
v 0.05674150 0.27114034 -0.10055821
v 0.04140214 0.27243903 -0.09925632
v 0.03681345 0.29188630 -0.09338462
v 0.05236760 0.28973424 -0.09364352
v 0.07710630 0.24982814 -0.10800633
v 0.08067919 0.23168220 -0.11613679
v 0.17484127 0.05792765 -0.05159313
v 0.17448744 0.06519984 -0.05215222
v 0.17779809 0.07882119 -0.05436789
v 0.18032219 0.08080352 -0.05751975
v 0.18367955 0.07652624 -0.03318078
v 0.17968251 0.07103357 -0.03125329
v 0.05986586 0.34036615 -0.01425103
v 0.05659225 0.32633138 -0.02791235
v 0.04909928 0.34423119 -0.02031606
v 0.02027003 0.36163992 -0.03831315
v 0.02665548 0.36005616 -0.03306147
v 0.02664465 0.34896973 -0.04063332
v 0.01770838 0.35384804 -0.04426354
v 0.04818115 0.15769663 -0.12286916
v 0.05957872 0.13529067 -0.12412038
v 0.02718936 0.13797496 -0.12364950
v 0.02252064 0.15774289 -0.12061308
v 0.18175521 0.09479185 -0.07806826
v 0.18322024 0.10770960 -0.09247303
v 0.18514203 0.10755267 -0.09563445
v 0.18659642 0.09088553 -0.08242633
v 0.18109335 0.10687368 -0.08918637
v 0.17798093 0.09349186 -0.07477761
v 0.17730154 0.09011728 -0.07129691
v 0.17881764 0.10333220 -0.08520881
v 0.16950887 0.08644183 -0.08137804
v 0.17159012 0.09557594 -0.08043213
v 0.17476135 0.07992862 -0.06697279
v 0.17239939 0.07216299 -0.06877798
v 0.03750201 0.05687289 -0.13900433
v 0.03456698 0.08914324 -0.13432717
v 0.06506920 0.08467366 -0.12960795
v 0.06854210 0.05077909 -0.13216701
v 0.22459671 0.10881597 0.04123564
v 0.23095575 0.10498291 0.03288791
v 0.22485982 0.12320679 0.04851175
v 0.21584149 0.13017799 0.05359974
v 0.18157852 0.13397162 -0.08890536
v 0.18407676 0.14425543 -0.09334324
v 0.19303738 0.13483407 -0.09271570
v 0.18932253 0.12721826 -0.08968671
v 0.21921808 0.08555207 -0.00729946
v 0.21307567 0.07526626 -0.01645806
v 0.21869722 0.08292023 0.00892830
v 0.22387518 0.09476859 0.02037073
v 0.11187489 0.29345992 -0.05060550
v 0.09087765 0.30205795 -0.04568674
v 0.12616387 0.29464251 -0.02970635
v 0.21308985 0.08494548 -0.05214040
v 0.20439702 0.09555906 -0.06893478
v 0.20234720 0.09279331 -0.07051358
v 0.20845324 0.08413424 -0.05774466
v 0.28860202 0.10304570 0.03388366
v 0.27876711 0.11764713 0.03252122
v 0.20760272 0.06337517 -0.04169453
v 0.20778054 0.07281567 -0.04041373
v 0.20279670 0.07506935 -0.05910053
v 0.20676817 0.06614041 -0.05767009
v 0.17460875 0.02848277 -0.07584721
v 0.16431589 0.04512748 -0.09777464
v 0.17550196 -0.10672400 -0.05047379
v 0.16494717 -0.10217627 -0.05242945
v 0.17427817 -0.10800495 -0.02568169
v 0.17632587 -0.11291363 -0.02058237
v 0.17985724 -0.13921256 0.01262679
v 0.17536022 -0.13115354 -0.03986521
v 0.18525043 -0.13281648 -0.01587272
v 0.04488810 0.36156788 -0.01385705
v 0.03999635 0.37225544 -0.01831705
v 0.18528099 -0.23398295 0.03907341
v 0.17796434 -0.23081106 0.06341942
v 0.17897491 -0.24088061 0.05674931
v 0.18704990 -0.24896996 0.03542008
v 0.01212909 0.38001651 -0.04693125
v 0.02468971 0.38082954 -0.03388321
v 0.18321683 -0.21719328 0.03628250
v 0.17692265 -0.22034940 0.06166769
v 0.05504917 0.35717028 -0.01188571
v 0.06456426 0.35381946 -0.00142592
v 0.16867739 -0.23666009 0.07969721
v 0.16798061 -0.24645425 0.07479648
v 0.17906703 -0.15980281 0.04630398
v 0.18206045 -0.15622090 0.02001623
v 0.06215771 -0.24126862 -0.11696793
v 0.06542257 -0.22144519 -0.11422520
v 0.10280445 -0.21874845 -0.10113778
v 0.09725581 -0.23476553 -0.10434981
v 0.18662791 -0.15227473 -0.00800242
v 0.17433955 -0.15157418 -0.02786115
v 0.17465071 -0.17040920 0.07040022
v 0.08917004 -0.20697680 0.15507883
v 0.08980580 -0.23676024 0.15280817
v 0.11036928 -0.22396187 0.14008282
v 0.01274765 -0.23751593 0.18021382
v 0.00938570 -0.26916689 0.17235559
v 0.03869787 -0.26123294 0.17062551
v 0.03937479 -0.22901914 0.17738049
v 0.02164648 -0.31904513 0.14519732
v 0.00596051 -0.32158074 0.14584057
v 0.15392308 -0.24374087 0.09680431
v 0.15433365 -0.23738472 0.09987878
v 0.13762575 -0.24898368 0.11474293
v 0.13450241 -0.25423446 0.11380160
v 0.15801708 -0.15078512 -0.04930304
v 0.15457286 -0.12567559 -0.05535854
v 0.13300379 -0.12190571 -0.07302864
v 0.13478978 -0.09871539 -0.08918577
v 0.15757799 -0.10289345 -0.07294303
v 0.11720808 0.08779442 -0.11669780
v 0.11689425 0.11030775 -0.11906283
v 0.14155184 0.08897926 -0.11102759
v 0.14246650 0.06703959 -0.10872966
v 0.04542946 0.25217551 -0.10561320
v 0.04897039 0.23438559 -0.11459480
v 0.09910686 -0.27890062 0.12893227
v 0.03877362 -0.18725371 0.17863442
v 0.01291788 -0.19791800 0.18450238
v 0.09394649 -0.17414156 0.15562890
v 0.06651568 -0.17991066 0.16843134
v 0.06411181 -0.21570927 0.16625550
v 0.05210899 -0.06087494 0.17187130
v 0.04413144 -0.09124510 0.17350024
v 0.07453027 -0.08789654 0.16237727
v 0.08365775 -0.06123859 0.16330305
v 0.08953270 -0.03919639 0.16199082
v 0.05712688 -0.03794153 0.16684806
v 0.07675546 0.02632454 0.17600501
v 0.10932400 0.02036889 0.16673596
v 0.10395424 0.05208483 0.16677609
v 0.03980452 0.22780713 0.08354936
v 0.03896641 0.20723255 0.09391063
v 0.15533578 -0.24337369 0.09033861
v 0.16725515 -0.22727516 0.08258464
v 0.16980672 -0.16123334 0.08888637
v 0.16273172 -0.18037817 0.09055682
v 0.17241895 0.02364855 0.04140206
v 0.17180933 -0.00855846 0.03354326
v 0.09376000 0.11454146 0.14157404
v 0.08885654 0.12707900 0.13855974
v 0.16208312 -0.07306337 -0.06013932
v 0.17624401 -0.08240424 -0.03633871
v 0.16442272 0.06541012 0.08564369
v 0.15609270 0.06357715 0.10285913
v 0.16171363 0.04404239 0.08782852
v 0.16989890 0.04554338 0.06729919
v 0.17750491 0.05147514 0.05182935
v 0.17159136 0.06964062 0.07128216
v 0.18014021 0.06033728 0.04143393
v 0.17548454 0.07790786 0.06036690
v 0.18899733 0.11141392 0.04154801
v 0.19617614 0.11354682 0.04152456
v 0.03956158 0.02054616 0.17366806
v 0.03167904 -0.00937167 0.17766662
v 0.06611807 -0.01043602 0.17422882
v 0.06559995 -0.25007081 0.16466638
v 0.08167437 -0.30645502 0.13277891
v 0.06185772 -0.31124315 0.13858964
v 0.09696172 0.04002360 -0.12388246
v 0.09199696 0.07604154 -0.12064581
v 0.00885217 0.27071115 -0.10535455
v 0.02576128 0.27194205 -0.10077240
v 0.01899303 0.31124222 -0.08728825
v 0.00609298 0.31192023 -0.09380332
v 0.00471304 0.32865584 -0.08175736
v 0.01478550 0.32715207 -0.07546325
v 0.00251598 0.38654321 -0.05233971
v 0.22166573 0.04482907 -0.05273859
v 0.21307287 0.05565585 -0.05583002
v 0.22226569 0.05927711 -0.06391449
v 0.23418632 0.04563633 -0.05954028
v 0.07650672 0.15691206 -0.12279244
v 0.09005230 0.13137572 -0.12260488
v 0.06774734 0.34056747 -0.00001363
v 0.16205293 0.28088272 -0.03077513
v 0.14347228 0.29012558 -0.02979396
v 0.15330264 0.28886664 -0.00622403
v 0.17119664 0.28004068 -0.00466458
v 0.12983145 0.25086579 -0.09590583
v 0.11292085 0.25659108 -0.09796595
v 0.11542359 0.27012837 -0.08730407
v 0.13368905 0.26358378 -0.08566952
v 0.09309857 -0.24474241 -0.10715838
v 0.05992645 -0.25222012 -0.11860275
v 0.06845099 -0.06301956 -0.12111580
v 0.07260047 -0.02743595 -0.13054287
v 0.09945519 -0.03613738 -0.11646934
v 0.09899116 -0.07374197 -0.10474379
v 0.10945021 0.14058197 -0.11959344
v 0.13298620 0.11819518 -0.11348797
v 0.04720803 0.12396351 0.14577314
v 0.06095824 0.13283694 0.13931042
v 0.05735020 0.15141754 0.12802222
v 0.04274483 0.14568290 0.13172941
v 0.23102871 0.09824485 -0.08094049
v 0.22338100 0.07819460 -0.07418422
v 0.20856212 0.08664757 -0.07953598
v 0.20941502 0.09886177 -0.08513739
v 0.18173373 -0.04473509 -0.03671592
v 0.18889564 -0.06890422 -0.02506809
v 0.17932045 -0.06016647 -0.05138336
v 0.17363317 -0.03039213 -0.06047934
v 0.17203277 0.03215784 -0.05220773
v 0.17539880 0.01250116 -0.05083254
v 0.17297561 0.04699600 -0.05180669
v 0.21230648 0.07227198 -0.07255189
v 0.20435826 0.06868248 -0.07016572
v 0.19407383 0.08737183 -0.08806266
v 0.21436289 0.08341279 -0.03474000
v 0.22620751 0.08410406 -0.02789903
v 0.18741378 0.07532228 -0.03601994
v 0.19531098 0.07055141 -0.04025167
v 0.20125994 0.07119481 -0.00903844
v 0.19103016 0.07926793 -0.00578782
v 0.18331479 0.07981919 -0.06227632
v 0.19103423 0.07542203 -0.06578691
v 0.17113872 0.21903732 0.06519366
v 0.16890983 0.23816249 0.05607826
v 0.15073125 0.24801347 0.05409558
v 0.15505014 0.22750498 0.06652170
v 0.13558768 0.22886667 0.06517380
v 0.13500005 0.24641252 0.05333538
v 0.11570907 0.24981768 0.05446774
v 0.11609579 0.23223490 0.06692018
v 0.07600886 0.31045994 0.02641524
v 0.06525569 0.30179924 0.04180147
v 0.05123979 0.29463500 0.04949812
v 0.03657274 0.28855547 0.05465634
v 0.00275586 0.37585968 -0.05041624
v 0.01268209 0.36935848 -0.04248687
v 0.00897312 0.35639870 -0.04953542
v 0.00217233 0.35867769 -0.05607736
v -0.00830546 0.35575044 -0.06275024
v -0.00690660 0.37443236 -0.05299873
v 0.03670899 0.31552342 0.05716519
v 0.30082366 0.11205035 0.02137092
v 0.28948081 0.12549646 0.01918316
v 0.30752158 0.11933078 0.00080961
v 0.29730371 0.12982610 0.00340516
v 0.13672657 0.28191280 0.02178044
v 0.15296891 0.28196657 0.01973417
v 0.13802741 0.29215911 -0.00374855
v 0.18825816 -0.10289960 0.03976369
v 0.18381472 -0.10944755 0.06657398
v -0.01531354 -0.06900226 0.17260659
v -0.01774711 -0.08878384 0.18165468
v 0.00905526 -0.09418078 0.18125063
v 0.01653922 -0.06430203 0.16981015
v 0.00279762 0.01735158 0.17048296
v -0.00402524 -0.01151468 0.17484453
v 0.03896891 -0.15835539 0.17331263
v 0.03940483 -0.12155537 0.17642795
v 0.00928778 -0.13113925 0.17900214
v 0.01102852 -0.16712995 0.18112832
v -0.00370982 -0.19646998 0.18702176
v -0.00478240 -0.21708903 0.18312572
v 0.23873100 0.15328881 0.04279532
v 0.24390030 0.17284265 0.02830241
v 0.23023152 0.19288886 0.02707284
v 0.22698960 0.17253619 0.04237871
v 0.09349559 -0.14931898 0.15393020
v 0.06705211 -0.15259416 0.16625321
v 0.18773088 0.12358942 0.05434753
v 0.18355240 0.10325415 0.04144626
v 0.04305582 0.05683422 0.17294818
v 0.07421672 0.13786137 0.13510588
v 0.07256620 0.15502851 0.12536411
v 0.08794845 0.14043114 0.13166946
v 0.08794020 0.15722860 0.12249473
v 0.20935765 0.18644120 -0.08307133
v 0.20804678 0.17563765 -0.08804554
v 0.19446525 0.18063395 -0.09367237
v 0.19739360 0.19280879 -0.08806775
v 0.30799469 0.11987746 -0.01528322
v 0.30492240 0.11585762 -0.02966617
v 0.29465318 0.12864015 -0.03462186
v 0.29552707 0.13461563 -0.01660231
v 0.21214259 0.06446577 -0.02027111
v 0.21462736 0.05366951 -0.02275979
v 0.22113320 0.05848178 -0.00050223
v 0.21938965 0.06972914 0.00458068
v 0.21697140 0.04341131 -0.02560445
v 0.21170948 0.05306298 -0.04291980
v 0.21654075 0.04380476 -0.04440868
v 0.25245756 0.05343848 -0.06765890
v 0.23616034 0.06424332 -0.06973420
v 0.25130153 0.07998353 -0.07393652
v 0.26750618 0.06476407 -0.07066817
v 0.29022726 0.10255182 -0.05267778
v 0.27764904 0.08024050 -0.06786469
v 0.27291387 0.09939731 -0.06799899
v 0.28832105 0.11836568 -0.05015066
v 0.24466731 0.06775284 0.03463264
v 0.24491915 0.08043863 0.03507391
v 0.23164527 0.06750083 0.02094179
v 0.23220579 0.05426313 0.01778704
v 0.24585661 0.18773529 0.00884721
v 0.23088053 0.20820718 0.00692757
v 0.20165102 0.13793240 0.05720155
v 0.20812105 0.13382573 0.05819998
v 0.20114560 0.16242224 0.05675732
v 0.19828966 0.17170528 0.05895122
v 0.26540184 0.13604085 0.03138623
v 0.27627900 0.14131360 0.01916612
v 0.26123172 0.16358382 0.01483992
v 0.25502712 0.15407249 0.03320406
v 0.24102038 0.09285545 0.03588710
v 0.23349047 0.10816711 0.03979075
v 0.22569206 0.09629637 0.02919081
v 0.22969446 0.08050042 0.02449876
v 0.20194879 0.08018932 -0.07030445
v 0.21047173 0.07015488 -0.06698906
v 0.22290030 0.15396780 0.05062245
v 0.23293097 0.13714120 0.04755708
v 0.18204947 0.11059158 0.05240834
v 0.18252042 0.07804643 -0.00470553
v 0.18078822 0.06901950 -0.00442219
v 0.15422368 0.08066514 0.10485091
v 0.15207988 0.09665468 0.10414518
v 0.18066098 0.05783292 0.01533887
v 0.18113801 0.04742109 0.01966332
v 0.15822449 0.09611663 0.09448850
v 0.16171606 0.08279464 0.09126160
v 0.12537596 -0.01033865 0.15354030
v 0.03595295 0.30192989 0.05615355
v 0.24244922 0.11904559 0.04429135
v 0.25061074 0.13706525 0.04190484
v 0.19787078 0.10736767 -0.08288635
v 0.19940326 0.09992577 -0.07782678
v 0.19680256 0.10626189 -0.07676619
v 0.19040847 0.11400062 -0.08118804
v 0.14530399 0.14347510 -0.11899041
v 0.15886295 0.12572280 -0.10763403
v 0.14726050 0.12283685 -0.11277607
v 0.12946150 0.14218530 -0.11696025
v 0.21969661 0.20105512 -0.06307469
v 0.20846854 0.21111466 -0.06766652
v 0.21552894 0.21713388 -0.05223029
v 0.22825986 0.20385128 -0.04742404
v 0.22263199 0.21923925 -0.03380655
v 0.22824724 0.21594180 -0.01468261
v 0.24353506 0.19658269 -0.01150626
v 0.23690760 0.20183215 -0.02952601
v 0.13167077 -0.20913810 0.12668557
v 0.14897460 -0.19305359 0.11015715
v 0.10299151 -0.27796549 0.13217907
v 0.14725113 -0.11662659 0.11717674
v 0.12459616 -0.11781443 0.13661000
v 0.15985860 -0.06553923 0.11131838
v 0.15150043 -0.09375425 0.10877033
v 0.17457965 -0.09024307 0.08865646
v 0.16491100 -0.06673125 0.07796276
v 0.17758779 -0.06445122 0.01767571
v 0.19409043 -0.07642522 0.02974531
v 0.19467235 -0.07462428 0.00350143
v 0.18323876 -0.05487300 -0.00934714
v 0.17937450 -0.09121359 -0.00674595
v 0.19001085 -0.09717913 0.01657553
v 0.12639362 -0.01337788 -0.11540541
v 0.12178252 0.02645576 -0.11108323
v 0.14166197 0.01010332 -0.09695537
v 0.14630418 -0.02636152 -0.09785592
v 0.23171200 0.09039012 0.00227583
v 0.17253032 0.13384028 -0.10911734
v 0.16319884 0.14886358 -0.11343199
v 0.26017439 0.17487422 -0.00816726
v 0.25274944 0.18233745 -0.02730167
v 0.23052047 0.12420911 0.04317028
v 0.21909662 0.21264133 0.02516741
v 0.20868808 0.21027297 0.03891893
v 0.21604119 0.19157083 0.04226151
v 0.11771358 -0.26547810 0.12345888
v 0.13075702 -0.25777560 0.11372758
v 0.11697836 0.28557208 0.02583318
v 0.19109493 0.09268069 0.02102248
v 0.19893837 0.09105074 0.01926211
v 0.22305997 0.14103033 0.05160875
v 0.27419639 0.12957841 -0.05952896
v 0.27736005 0.14471371 -0.04393672
v 0.22964068 0.11014924 0.03950348
v 0.20734572 0.10945789 0.04423348
v 0.21819144 0.10701501 0.04699376
v 0.23372614 0.03065752 -0.04900233
v 0.24516605 0.03103709 -0.05615949
v 0.22517875 0.03110456 -0.04048342
v 0.22135852 0.03166866 -0.03071808
v 0.24584384 0.05333288 0.03328150
v 0.23354621 0.04327877 0.01738219
v 0.25390291 0.07457080 0.04491300
v 0.28228521 0.08729811 0.04135381
v 0.30929732 0.11053913 0.01465158
v 0.31390947 0.11100077 0.00022541
v 0.31377369 0.10944761 -0.01517007
v 0.28600612 0.09079395 -0.05641547
v 0.30761832 0.10669529 -0.02891681
v 0.27736595 0.07859254 -0.06509583
v 0.29542872 0.09508087 0.03632260
v 0.26314318 0.04413633 -0.06789237
v 0.27457941 0.05232121 -0.06983945
v 0.22373819 0.03658683 0.00010783
v 0.22201958 0.04744730 -0.00177395
v 0.00714582 0.29165825 -0.10062487
v -0.00919639 0.26578781 -0.10903797
v -0.01017022 0.28636917 -0.10399195
v 0.17731977 0.03790240 0.02664676
v 0.16035600 0.01540233 0.09791143
v 0.16598573 0.01792627 0.06976664
v 0.18473355 0.08774097 0.02129287
v 0.18195418 0.07792111 0.01961157
v 0.22916183 0.08352163 0.02340788
v 0.21442384 0.08425479 0.02200004
v 0.18031675 0.06693329 0.03374064
v -0.00567760 -0.17392440 0.18558931
v -0.01855874 -0.21770707 0.18192008
v -0.01921957 -0.24339093 0.17796300
v 0.08393922 -0.14383444 -0.10366772
v 0.09735207 -0.16526765 -0.10762464
v 0.05784324 -0.16120562 -0.12143090
v 0.04572676 -0.14014116 -0.11211413
v 0.01614627 -0.17355749 -0.11313941
v 0.01369478 -0.15325505 -0.12964083
v 0.06477849 -0.18282653 -0.10731605
v 0.18337668 -0.23160404 -0.01201102
v 0.17845018 -0.20874661 -0.01501603
v 0.18355191 -0.20312811 0.01143176
v 0.18505000 -0.22571243 0.01193145
v 0.18013105 -0.18914409 0.03204332
v 0.18142016 -0.20228969 0.03719067
v 0.17996614 -0.18519109 0.00902011
v 0.17495114 -0.19313662 0.05561373
v 0.17619668 -0.20695107 0.05927932
v 0.16724049 -0.20100041 0.07723705
v 0.16687821 -0.21413575 0.08077303
v 0.15423569 -0.22758406 0.09929888
v 0.14077917 -0.24211481 0.11509673
v 0.11881581 -0.26272792 0.12450493
v 0.12302513 -0.25687036 0.12605515
v 0.10341454 -0.27326894 0.13308761
v 0.08620248 -0.29218808 0.13892935
v 0.06625846 -0.30596787 0.14100860
v 0.03629418 -0.31574407 0.14548171
v 0.00404835 -0.31993383 0.14657636
v -0.03287646 -0.31685874 0.14407399
v -0.02405663 -0.31665137 0.14509635
v 0.11569005 0.26844591 0.04272299
v 0.04478405 0.33348718 -0.03360207
v 0.07252662 0.31348956 -0.03670010
v 0.05638938 0.31748301 -0.04585762
v 0.09500098 0.26256382 -0.09983382
v 0.07501034 0.26801062 -0.10119195
v 0.07221556 0.28502327 -0.09296511
v 0.09392080 0.27777648 -0.08925630
v 0.03608475 0.34143102 -0.03758953
v 0.03195216 0.35586855 -0.02914367
v 0.04285418 0.32599092 -0.05198540
v 0.03051954 0.33331183 -0.05350550
v 0.01851580 0.33849794 -0.05579702
v 0.15053150 0.27860489 -0.05171951
v 0.16965693 0.27498627 -0.04978297
v 0.15947537 0.26985464 -0.06850167
v 0.14085150 0.27343920 -0.07063515
v 0.12797853 0.23718809 -0.10303479
v 0.14245856 0.23401399 -0.10348672
v 0.14121053 0.22144227 -0.11060295
v 0.12775137 0.22366858 -0.10967003
v 0.20120174 0.25950804 -0.03240488
v 0.20885138 0.24923266 -0.02435269
v 0.20383660 0.24856509 -0.04662726
v 0.19643451 0.26018861 -0.05214322
v 0.14550780 0.24703141 -0.09500631
v 0.09551399 0.16034891 -0.12197956
v 0.11399966 0.15895662 -0.12062853
v 0.13095078 0.15853290 -0.12037389
v 0.15670194 0.16363843 -0.11723219
v 0.16114102 0.14673188 -0.11367752
v 0.15154988 0.16195764 -0.11850085
v 0.15980686 0.16723219 -0.11670730
v 0.16794086 0.16074549 -0.11562349
v 0.20495361 0.22813143 0.03403327
v 0.20091818 0.20121682 0.05020346
v 0.20386751 0.18584529 0.05228471
v 0.18421486 0.14926890 -0.11167893
v 0.18575431 0.13744466 -0.10839987
v 0.18086444 0.13987400 -0.11550822
v 0.17742611 0.15263447 -0.11688255
v 0.13244599 0.28642145 -0.05163574
v 0.19984500 0.24748042 -0.06580155
v 0.19681972 0.23565446 -0.07905022
v 0.18484208 0.23894371 -0.07914072
v 0.18942960 0.25273263 -0.06773820
v 0.19211234 0.22272065 -0.08921133
v 0.18858814 0.21064048 -0.09587686
v 0.17512840 0.21068445 -0.09948680
v 0.17897159 0.22488391 -0.09164291
v 0.18501750 0.16036364 -0.11216356
v 0.17506893 0.16488586 -0.11553578
v 0.21943073 0.22713493 0.00364143
v 0.19080174 0.27124280 -0.02084475
v 0.17903149 0.27503592 -0.02756986
v 0.18382779 0.27378365 -0.00044405
v 0.19394800 0.26845697 0.00494933
v 0.23321052 0.08720319 0.01682962
v 0.23488095 0.07714661 -0.01934759
v 0.22475974 0.07754129 -0.05026105
v 0.18864554 0.10747308 -0.09984233
v 0.21037553 0.08635044 -0.07135125
v 0.21148191 0.15171847 0.05453899
v 0.21146238 0.16938598 0.05059069
v 0.18493362 0.26581296 0.02593508
v 0.19306040 0.25540227 0.02891425
v 0.21679157 0.23343042 -0.01900362
v 0.21113281 0.23384273 -0.04026363
v 0.18266374 0.12583365 -0.08442270
v 0.18275225 0.13178951 -0.09511823
v 0.18168336 0.14241675 -0.09901942
v 0.18365586 0.12170869 -0.10755865
v 0.18672362 0.12569734 -0.11049919
v 0.18290997 0.26786175 -0.04325358
v 0.20033316 0.22264853 -0.07600544
v 0.20471656 0.23084335 -0.06053447
v 0.16382211 0.22792532 -0.09624162
v 0.15290710 0.23251367 -0.10278830
v 0.15818739 0.24629460 -0.09307763
v 0.16947512 0.24273559 -0.08637498
v 0.19332400 0.19203760 -0.10086326
v 0.19540115 0.20704260 -0.09607412
v 0.15047251 0.21871953 -0.10985275
v 0.15912627 0.21353997 -0.10405684
v 0.18245190 0.15406531 -0.10248567
v 0.17234027 0.27436891 0.02279780
v 0.15059914 0.26634943 0.03960389
v 0.17014566 0.25868180 0.04126677
v 0.18236229 0.24744913 0.04340477
v 0.19166480 0.23498702 0.04613971
v 0.19775991 0.21787992 0.04834275
v 0.13597678 0.26420122 0.04101487
v 0.18592545 0.11985986 -0.08253349
v 0.19067274 0.12000705 -0.08731109
v 0.19415984 0.11266455 -0.08516990
v 0.25566885 0.11285021 -0.07507827
v 0.02329823 0.25945047 0.07445762
v 0.02294035 0.24281445 0.08277717
v 0.25954387 0.11886879 0.03934063
v 0.25059190 0.10485162 0.04078623
v 0.28001320 0.14964451 -0.00099866
v 0.27153322 0.15911976 -0.02755761
v 0.07152788 -0.11728862 0.16945776
v 0.16628622 -0.04615148 -0.07598805
v 0.15883508 -0.00756299 -0.08136918
v 0.07171830 0.01145486 -0.13293956
v 0.10021018 0.00055157 -0.12498534
v 0.17310926 -0.06723297 0.04486113
v 0.18271831 -0.08207977 0.05760034
v 0.13528053 -0.06796911 0.12982666
v 0.12981035 -0.09264641 0.13019872
v 0.16357350 -0.11525629 0.09081964
v 0.12468383 -0.08426612 -0.08874869
v 0.12290821 -0.04720125 -0.09945342
v 0.14630307 -0.06267814 -0.08187985
v 0.14756775 -0.09421278 -0.07357851
v 0.03998584 -0.01794260 -0.13794236
v 0.03968840 0.02084010 -0.13924058
v 0.17644764 -0.03510496 0.00916371
v 0.17703287 -0.02816837 -0.01819201
v 0.17363060 0.00394651 -0.07100819
v 0.16021833 0.02300735 -0.08787140
v 0.11907318 0.06163540 -0.11219110
v 0.14343208 0.04293078 -0.10163073
v 0.12102450 -0.04089276 0.15512860
v 0.09710845 -0.01015861 0.16616918
v 0.17211622 -0.03858720 0.03767613
v 0.02362239 -0.03723750 0.17265150
v 0.05902045 0.11108840 -0.12656397
v 0.08710408 0.10637589 -0.12238432
v 0.17893012 -0.01473230 -0.04366734
v 0.03846503 0.18457904 0.10523356
v 0.03913365 0.16455382 0.11770422
v 0.05544622 0.16975044 0.11428763
v 0.05518559 0.19058736 0.10098816
v 0.07146584 0.17389518 0.11226840
v 0.08858048 0.17664717 0.10969239
v 0.10700881 0.17826213 0.10707057
v 0.15835747 0.16365716 0.08702637
v 0.14408380 0.17051384 0.09411010
v 0.17949982 0.13969900 0.07172576
v 0.16941856 0.15469731 0.07950096
v 0.17953114 0.11847977 0.06145340
v 0.17923112 0.09872987 0.05131746
v 0.18093173 0.07903697 0.03440791
v 0.18180147 0.08885308 0.03751929
v 0.17701514 0.08650587 0.05149114
v 0.17527461 0.11231610 0.06665733
v 0.17226641 0.13221359 0.07777274
v 0.03140002 0.11621536 0.15329146
v 0.03382102 0.08978352 0.16917332
v 0.02252761 0.27250272 0.06658205
v 0.01098975 0.34023055 -0.06119107
v 0.00313420 0.34168199 -0.06794596
v -0.00946644 0.32635111 -0.08818568
v -0.00841809 0.34014460 -0.07449131
v 0.07218578 0.30621681 -0.05808171
v 0.05392288 0.31232265 -0.06452184
v 0.03699014 0.31986028 -0.06801599
v 0.02438333 0.32394862 -0.07081410
v 0.16943480 -0.01230519 0.06930441
v 0.02331634 0.29235038 -0.09478705
v 0.03132485 0.30928889 -0.08397210
v 0.04628547 0.30629444 -0.08197294
v 0.06598370 0.29985443 -0.07790932
v 0.09582545 0.29048863 -0.07027861
v 0.12226994 0.28038800 -0.07131888
v 0.15142457 0.25979146 -0.08352525
v 0.16493766 0.25787050 -0.08021284
v 0.17243804 0.26612747 -0.06322334
v 0.18613800 0.26032403 -0.05690613
v 0.17822123 0.25407904 -0.07369114
v 0.24088278 0.18870747 -0.04541096
v 0.25245640 0.17279086 -0.04796953
v 0.25862250 0.15822117 -0.05686405
v 0.25761843 0.14060867 -0.06888908
v 0.23994453 0.12472117 -0.08184320
v 0.22193819 0.11345738 -0.08635123
v 0.20581672 0.11048371 -0.08822303
v 0.18546087 0.12334035 -0.08934911
v 0.18714587 0.12617375 -0.10233951
v 0.18229149 0.12107601 -0.10527474
v 0.18046452 0.11926813 -0.10233714
v 0.16170375 0.10360812 -0.09820895
v 0.16682878 0.10971692 -0.09301842
v 0.15392105 0.09721438 -0.10570210
v 0.15685603 -0.19066311 -0.06228419
v 0.15080088 -0.17113966 -0.06494801
v 0.16739404 -0.16927834 -0.04059872
v 0.16874346 -0.18777533 -0.04366530
v 0.04007543 -0.11047035 -0.10967629
v 0.07507600 -0.11348869 -0.09929848
v 0.17635535 -0.17834802 0.05144845
v 0.17859058 -0.17219976 0.02706117
v 0.18035415 -0.17089865 0.00055386
v 0.17682487 -0.16877680 -0.02075498
v 0.16770659 -0.18568368 0.07290469
v 0.08909773 -0.26289895 0.14892502
v 0.11000977 -0.24631195 0.13858905
v 0.00809845 -0.29586318 0.16172186
v 0.03821930 -0.28817353 0.16080154
v 0.15814100 -0.19683895 0.09375689
v 0.06473476 -0.27696800 0.15581656
v 0.12713476 -0.22945251 0.12581205
v 0.14540263 -0.21220580 0.11199273
v 0.13988678 -0.14824623 -0.07190331
v 0.11549540 -0.14639920 -0.09042099
v 0.10766742 -0.11821087 -0.08891843
v 0.03982124 0.17634669 -0.11859448
v 0.06310060 0.17685899 -0.12277268
v 0.08324207 0.17517139 -0.12384135
v 0.09218805 0.19376707 -0.12460327
v 0.10836822 0.19268587 -0.12385924
v 0.11718451 0.17470950 -0.12195912
v 0.09860052 0.17635013 -0.12325288
v 0.13293166 0.19227867 -0.11778934
v 0.14551838 0.19366460 -0.11762323
v 0.15065056 0.17889319 -0.11934843
v 0.14065167 0.17665321 -0.11945879
v 0.15622488 0.18074887 -0.11590105
v 0.16136029 0.17605348 -0.11355977
v 0.17528699 0.17461856 -0.11279198
v 0.18676353 0.17161410 -0.11156174
v 0.18795037 0.19928513 -0.10312769
v 0.17266382 0.19725913 -0.10572930
v 0.12959313 0.20851924 -0.11488611
v 0.11511260 0.20922597 -0.11882228
v 0.03247190 0.21430111 -0.11717146
v 0.01239686 0.21372306 -0.11751813
v 0.18090577 0.06907294 0.01608125
v 0.18021651 0.06244016 -0.00620790
v 0.17911525 0.06361938 -0.03136292
v 0.17828830 0.07105209 -0.05312105
v 0.17781453 0.08571863 -0.06812862
v 0.17563745 0.09982909 -0.08161914
v 0.17085281 0.11529328 -0.09341382
v 0.17667374 0.11783066 -0.09792737
v 0.16565384 0.12879656 -0.10293590
v 0.16972330 0.13221636 -0.10595793
v 0.15769370 0.14222732 -0.11276889
v 0.14267106 0.15867655 -0.12078648
v 0.12992339 0.17530653 -0.12212680
v 0.12081899 0.19193389 -0.12212285
v 0.08586352 0.21227020 -0.12262430
v 0.10176525 0.21106569 -0.12291390
v 0.06491815 0.23307890 -0.11472805
v 0.06013779 0.25128105 -0.10688636
v 0.07440245 0.19388792 -0.12316892
v 0.06915051 0.21397324 -0.12164051
v 0.03783193 0.35493600 -0.02368481
v 0.02503862 0.37042415 -0.03100440
v 0.20422783 0.13145271 -0.09222966
v 0.21359536 0.12421687 -0.09091423
v 0.20110182 0.11923967 -0.08970623
v 0.19632776 0.12520434 -0.09062368
v 0.22669177 0.13208172 -0.08710052
v 0.22071505 0.15737151 -0.08675880
v 0.23782030 0.14868286 -0.07941372
v 0.21650253 0.14248347 -0.09109676
v 0.23968770 0.16596088 -0.06986313
v 0.22286910 0.17107338 -0.08017677
v 0.23612250 0.17918593 -0.06324410
v 0.22177193 0.18203332 -0.07473855
v 0.21979611 0.19019052 -0.07154067
v 0.22904505 0.19077593 -0.06070197
v 0.19746071 0.21854076 -0.08695669
v 0.20044933 0.20494868 -0.08057652
v 0.21134345 0.19620875 -0.07609107
v 0.18607481 0.16578235 -0.10378677
v 0.18862598 0.15621102 -0.09572627
v 0.20147069 0.14768763 -0.09394597
v 0.20585072 0.16314287 -0.09222085
v 0.19183299 0.16851288 -0.09541298
v 0.19029185 0.17842953 -0.10334487
v 0.03149845 0.19507417 -0.11559492
v 0.05302900 0.19530770 -0.11986387
v 0.15332961 0.19192478 -0.11388613
v 0.15732084 0.18917343 -0.11164439
v 0.16982183 0.18480189 -0.10953682
v 0.18635374 0.18475574 -0.10941540
v 0.15780485 0.20011804 -0.10861448
v 0.15143873 0.20512509 -0.11299944
v 0.14219950 0.20795672 -0.11500142
v 0.05229828 0.21461883 -0.11984214
v 0.01118789 0.19384000 -0.11398491
v 0.19903943 0.24311775 0.03217885
v 0.19797081 0.25681061 0.00823023
v 0.19710797 0.26436448 -0.01573786
v 0.19364433 0.26706609 -0.03749607
v -0.00324957 0.38816687 -0.05266500
v 0.00197949 0.14022189 -0.12209894
v -0.00044247 0.15990163 -0.11851203
v 0.00783858 0.06425120 -0.14008313
v 0.00685477 0.09449458 -0.13237260
v 0.07560055 -0.08572467 -0.12080439
v 0.04148712 -0.08417846 -0.13451675
v 0.03774830 -0.05447593 -0.13890834
v 0.00647696 -0.13470288 -0.11885989
v 0.00406289 -0.10730015 -0.11685455
v 0.00615960 -0.04445849 -0.14966048
v 0.00732076 -0.00508555 -0.14432721
v 0.03137416 0.11607565 -0.12721957
v 0.01741448 0.17626579 -0.11473881
v -0.00450779 0.19289562 -0.11319543
v -0.00550982 0.21011989 -0.11791950
v -0.00643349 0.22815946 -0.11814096
v 0.11841391 0.13766137 0.11985745
v 0.12130118 0.15630060 0.11206803
v 0.10382248 0.15876041 0.11881498
v 0.10272673 0.13989918 0.12691724
v 0.14651643 0.13221315 0.10332291
v 0.15201057 0.14849831 0.09618814
v 0.13775681 0.15268034 0.10348520
v 0.13262786 0.13501622 0.11206205
v 0.16367595 0.14153758 0.08794270
v 0.15770644 0.12656593 0.09433915
v 0.11766072 0.12016089 0.12736577
v 0.13100906 0.11789189 0.11978585
v 0.10319820 0.12229610 0.13416034
v 0.15350790 0.11152398 0.10001127
v 0.14370087 0.11526097 0.11075392
v 0.02402044 0.31242418 0.06680698
v 0.02204105 0.29898956 0.06594399
v 0.02853503 0.13988209 0.13793913
v 0.02283288 0.20195387 0.10266878
v 0.02398201 0.17846556 0.11032001
v 0.02293617 0.22352368 0.09193666
v 0.02169378 0.28504083 0.06327469
v 0.00907010 0.25541157 0.08097517
v 0.00976916 0.23842965 0.08993888
v 0.02531310 0.15866390 0.12202699
v 0.01299634 0.10792714 0.15950590
v 0.01186031 0.07799768 0.17403895
v 0.00818340 0.26924449 0.07297055
v 0.00867980 0.04495713 0.17377907
v 0.18822764 -0.26590466 0.01050661
v 0.18755738 -0.24817404 0.01367317
v 0.18592638 -0.25168440 -0.00929827
v 0.18560088 -0.26632002 -0.01150969
v 0.10663078 -0.18552122 -0.09636363
v 0.10944138 -0.20362523 -0.09733476
v 0.07693049 -0.20186526 -0.10942964
v 0.17809190 -0.18562879 -0.01749683
v 0.17145735 -0.20976914 -0.04070881
v 0.12644617 -0.23389161 -0.08788463
v 0.15076226 -0.23626852 -0.06769741
v 0.14134583 -0.24481949 -0.07657996
v 0.11930155 -0.24585043 -0.09362802
v 0.17352207 -0.24551350 -0.03846404
v 0.17461041 -0.23002879 -0.03815615
v 0.13133071 -0.21962656 -0.08448601
v 0.15617824 -0.22426313 -0.06354326
v 0.15605813 -0.20769095 -0.06297869
v 0.16331287 -0.24652880 -0.05167530
v 0.02648034 -0.26352614 -0.12687963
v 0.13338688 -0.20409636 -0.08218324
v 0.12764654 -0.16749032 -0.08909459
v 0.13726823 -0.18635787 -0.07900895
v 0.10660559 -0.09243588 -0.10447782
v 0.08579153 -0.27981171 0.14181894
v 0.10749672 -0.26291460 0.13661297
v 0.00644733 -0.31234097 0.15238225
v 0.03885648 -0.30642241 0.15058981
v 0.15628695 -0.21242909 0.09745252
v 0.06475279 -0.29489124 0.14698772
v 0.12726371 -0.24680060 0.12723301
v 0.14166860 -0.22932869 0.11351293
v 0.02404101 -0.22867472 -0.12160765
v 0.02127372 -0.20152462 -0.11921792
v -0.02790958 -0.31100017 0.14912090
v 0.00634363 0.31218734 0.07465914
v 0.00583797 0.29541391 0.07251619
v 0.00684161 0.28174090 0.06965207
v 0.00793701 0.03121971 -0.14255865
v -0.01029309 0.30698895 -0.09842667
v 0.09856767 -0.11728734 0.15471594
v 0.11121754 -0.06552085 0.14788023
v 0.10264158 -0.08782204 0.14759678
v 0.16477881 -0.04197347 0.07010950
v -0.00842521 0.24648139 -0.11401588
v 0.12625811 0.17553823 0.10117520
v 0.02447480 -0.25051153 -0.12423792
v 0.01014875 0.21935704 0.10190278
v 0.01095442 0.19580288 0.10955553
v 0.01210278 0.17207415 0.11636110
v 0.01296371 0.15323591 0.12873842
v -0.02029873 -0.19485670 0.18714242
v -0.02013826 -0.16860583 0.18376379
v 0.00547251 -0.07886270 -0.14695875
v -0.02129423 -0.27699608 0.16747293
v -0.02058993 -0.15523092 0.17753519
v 0.00460112 0.11951312 -0.12515946
v 0.01390939 0.13403305 0.14525726
v -0.02243089 -0.29988438 0.15749422
v -0.00309714 0.17800657 -0.11324085
v -0.01883452 -0.11288422 0.17681122
v -0.01060575 -0.03921155 0.17264415
v -0.06670139 0.30884594 0.04394711
v -0.07261729 0.32080042 0.03685942
v -0.07821176 0.33240339 0.02528799
v -0.07971039 0.31986988 0.02863062
v -0.06877517 0.27852622 0.05190998
v -0.09496153 0.28471673 0.04447197
v -0.09388555 0.26586345 0.06023649
v -0.06900464 0.26362669 0.06431803
v -0.08989963 0.24676655 0.07048110
v -0.06641120 0.24572113 0.07393213
v -0.07975558 0.18814299 0.10441095
v -0.05788451 0.18924086 0.10830936
v -0.06144562 0.20916750 0.09724775
v -0.08386613 0.20758495 0.09282269
v -0.10051610 0.09853802 0.13887887
v -0.09616523 0.08428594 0.14690010
v -0.08101536 0.08830118 0.15097173
v -0.08596059 0.10074057 0.14351517
v -0.18158105 0.19215624 0.08061813
v -0.18410441 0.21651570 0.07504757
v -0.19291599 0.19463570 0.07033470
v -0.18628494 0.17034994 0.07594560
v -0.10232223 0.30719036 -0.00590523
v -0.10724521 0.29869643 0.01902337
v -0.09130210 0.31503308 0.01519457
v -0.08580455 0.32096881 -0.00453360
v -0.15931956 0.09364878 0.08826554
v -0.15469991 0.08521623 0.09552834
v -0.14867401 0.09831695 0.10367605
v -0.15406026 0.10882571 0.09858090
v -0.15130754 0.00027314 0.09842710
v -0.15123096 -0.02007186 0.09203704
v -0.13718766 -0.02365118 0.11794546
v -0.13987848 0.00168972 0.12252542
v -0.17151728 0.01587580 0.01592416
v -0.17511758 0.01417667 -0.01526948
v -0.17757657 -0.00110686 -0.01589072
v -0.17909372 -0.00348891 0.00882480
v -0.12287995 0.18245903 0.09944910
v -0.10242005 0.18530641 0.10058346
v -0.10730589 0.20402643 0.08911941
v -0.12921524 0.20102248 0.08922757
v -0.29510364 0.11163613 0.04954856
v -0.27758855 0.10491109 0.05246833
v -0.27625123 0.11014542 0.05063597
v -0.28906381 0.11800885 0.04810846
v -0.18495074 -0.09600122 0.01447756
v -0.18248983 -0.08890613 -0.00966534
v -0.18693444 -0.10688177 -0.00905207
v -0.18224441 -0.11400512 0.01659325
v -0.23794711 0.22622447 0.03150379
v -0.23118246 0.23937257 0.03175961
v -0.23247632 0.24950808 0.00864274
v -0.24187449 0.24057524 0.01092871
v -0.17516701 0.13939658 0.08334102
v -0.16905136 0.15651143 0.09001213
v -0.17697649 0.17195539 0.08334142
v -0.17923814 0.15339941 0.07923662
v -0.17721300 0.03891779 -0.01262728
v -0.17399165 0.04259627 0.01089861
v -0.17949386 0.05171015 0.01247963
v -0.17990088 0.04813559 -0.00935349
v -0.17224428 0.03103959 0.01259175
v -0.17584696 0.02788013 -0.01432990
v -0.15991719 0.17032571 0.09777270
v -0.14232603 0.17895544 0.10089536
v -0.14880380 0.19749272 0.09246923
v -0.16820471 0.18849920 0.08972801
v -0.10107547 0.06828690 0.15038842
v -0.08055764 0.07441853 0.15764304
v -0.18209711 -0.11690198 0.04542577
v -0.17173210 -0.12351286 0.07142682
v -0.17135033 -0.10423123 0.07075624
v -0.17615576 -0.10067111 0.04113061
v -0.12542149 0.02478708 0.14725614
v -0.11131492 0.04854957 0.15211456
v -0.13014320 0.04554354 0.13794425
v -0.14358537 0.02173071 0.12986620
v -0.15708524 -0.13252087 0.09647188
v -0.13910180 -0.14177819 0.11693554
v -0.13638999 -0.11689462 0.11337467
v -0.15393493 -0.10972252 0.09102391
v -0.08698966 0.22708859 0.08101118
v -0.06350692 0.22679722 0.08367734
v -0.12810247 0.09347242 0.12544610
v -0.12718190 0.07736306 0.12834261
v -0.11127762 0.08103759 0.13930081
v -0.11514906 0.09579953 0.13295679
v -0.18975748 0.11993177 0.07261792
v -0.19212104 0.14687859 0.07744753
v -0.20431069 0.16851413 0.07589532
v -0.20050782 0.13074857 0.07418820
v -0.19088843 -0.12463009 -0.00349011
v -0.18860424 -0.12943965 0.02214194
v -0.15348755 -0.15917204 0.09540785
v -0.13849425 -0.17058209 0.11690383
v -0.22744086 0.06358992 -0.02051475
v -0.21643168 0.06384396 -0.01619500
v -0.21951720 0.07026345 0.01515026
v -0.23445825 0.06924220 0.01239650
v -0.04690381 0.10600828 0.15072718
v -0.05850622 0.11453975 0.14194909
v -0.06801305 0.09898067 0.14842807
v -0.06057298 0.08647915 0.15826279
v -0.13132478 0.06179843 0.12635204
v -0.14142044 0.04499682 0.11950450
v -0.11848314 0.06476038 0.13895980
v -0.03232968 0.09179780 0.16434683
v -0.05497749 0.06581935 0.16656522
v -0.04256877 0.22676802 0.08860514
v -0.04078211 0.20844924 0.10031395
v -0.04425488 0.24486776 0.07928314
v -0.02466929 0.24396831 0.08602150
v -0.02770087 0.26076531 0.07809707
v -0.04611951 0.26154125 0.07021619
v -0.03050880 0.27401149 0.06800983
v -0.04706733 0.27460998 0.05845075
v -0.04937618 0.30158359 0.05329330
v -0.04861742 0.31483132 0.05220471
v -0.18470968 0.13368069 0.07804822
v -0.17798190 0.12236768 0.07956579
v -0.16774847 -0.14789085 0.07325853
v -0.11827150 0.24910301 -0.09956525
v -0.11925101 0.22909941 -0.10683233
v -0.13580200 0.22700877 -0.10210751
v -0.13602149 0.24483669 -0.09567037
v -0.12123133 0.29871964 -0.00994766
v -0.13005960 0.29105273 0.01470780
v -0.19123739 0.14066911 -0.09192129
v -0.18978618 0.13878697 -0.09565549
v -0.19195840 0.11837198 -0.08972918
v -0.19185077 0.12475437 -0.08811609
v -0.20988040 0.09114490 -0.05910037
v -0.21184060 0.09870730 -0.05779617
v -0.20657724 0.11029926 -0.06641886
v -0.20396930 0.10508023 -0.07048117
v -0.18779726 -0.09860583 -0.03607170
v -0.17483884 -0.08390862 -0.03618043
v -0.15316212 0.04896076 -0.08605755
v -0.16530655 0.03011367 -0.06521817
v -0.16874926 0.04135536 -0.05881932
v -0.16285208 0.05718929 -0.07505501
v -0.02719756 0.25033933 -0.11063823
v -0.02584327 0.23124370 -0.11558558
v -0.04649313 0.23179612 -0.11273868
v -0.04705845 0.25165913 -0.10593580
v -0.08032295 0.27213061 -0.09506597
v -0.07670909 0.29112369 -0.08616853
v -0.05930825 0.29291782 -0.08711811
v -0.06286778 0.27273399 -0.09541446
v -0.09959496 0.25065762 -0.10070311
v -0.10107136 0.22999898 -0.10857484
v -0.17919992 0.05361878 -0.02983110
v -0.17594136 0.04265312 -0.03390896
v -0.18444471 0.06348634 -0.02663629
v -0.18513049 0.05983948 -0.00448245
v -0.18805251 0.06462492 -0.00536021
v -0.18678133 0.06767348 -0.02980953
v -0.07461247 0.33723724 -0.00470520
v -0.06472600 0.34089074 -0.01157633
v -0.07457384 0.32268938 -0.01777392
v -0.04319048 0.36177871 -0.03280940
v -0.04013174 0.35583398 -0.03948103
v -0.04961934 0.34834230 -0.03510010
v -0.04955527 0.35771558 -0.02752481
v -0.05044347 0.15118679 -0.11733175
v -0.02335691 0.15499568 -0.11880922
v -0.02329228 0.13537784 -0.11981727
v -0.05601731 0.12734123 -0.11676238
v -0.19096208 0.07864499 -0.05102999
v -0.19600442 0.08207592 -0.05300383
v -0.19438866 0.09401850 -0.06657133
v -0.19061004 0.08945931 -0.06534425
v -0.18881384 0.08393250 -0.06425632
v -0.18607165 0.07918295 -0.06260993
v -0.18524310 0.07041344 -0.04574452
v -0.18783318 0.07460774 -0.04828658
v -0.17029889 0.06356479 -0.06611896
v -0.17328525 0.05324041 -0.05168809
v -0.17803736 0.06137803 -0.04759458
v -0.17589955 0.07053307 -0.06412718
v -0.02229587 0.05562086 -0.13334490
v -0.05359682 0.04593272 -0.12612733
v -0.05276530 0.07859491 -0.12127004
v -0.02176946 0.08708465 -0.12752683
v -0.23513155 0.10821607 0.05981779
v -0.23108469 0.12965615 0.07235051
v -0.24158365 0.12208462 0.06715570
v -0.24240896 0.10502931 0.05013146
v -0.20926248 0.13104847 -0.07630710
v -0.21661341 0.12498307 -0.07616516
v -0.22115830 0.13325834 -0.07932473
v -0.21220168 0.14176562 -0.08058369
v -0.24675983 0.08456919 0.01241070
v -0.24629456 0.09573728 0.03969794
v -0.24857154 0.08558284 0.03146779
v -0.24262793 0.07516710 0.00537337
v -0.13046166 0.29394287 -0.03425166
v -0.14107014 0.29335350 -0.01211616
v -0.10999460 0.30235398 -0.02997638
v -0.22689837 0.08255871 -0.03036800
v -0.22911352 0.08206274 -0.03331233
v -0.22477604 0.08782648 -0.04643747
v -0.22072217 0.09059685 -0.04719987
v -0.30891365 0.11788134 0.04284289
v -0.29900789 0.12851267 0.04032170
v -0.24064381 0.06536620 -0.01727119
v -0.23844224 0.06614748 -0.03185628
v -0.23226219 0.07621598 -0.03360520
v -0.23748910 0.07318476 -0.01743468
v -0.15764958 0.03265630 -0.09200418
v -0.16403849 0.01803149 -0.06931919
v -0.16142090 -0.10294914 -0.08591732
v -0.17785469 -0.09915461 -0.06295022
v -0.17012995 -0.07914291 -0.06431547
v -0.16071743 -0.07930443 -0.08796370
v -0.19687611 -0.12192365 -0.03199383
v -0.15426624 -0.12348534 -0.06744839
v -0.17732038 -0.12317338 -0.05283422
v -0.05417145 0.37028712 -0.01182214
v -0.05970698 0.35842651 -0.00509447
v -0.18659601 -0.21139553 -0.00630610
v -0.18615769 -0.22436814 -0.01192717
v -0.18880895 -0.21592636 0.01158031
v -0.18961491 -0.20539761 0.01856044
v -0.03672840 0.38314843 -0.03698016
v -0.04976685 0.38190371 -0.02125239
v -0.18826212 -0.19747949 0.01817835
v -0.18376169 -0.19667332 -0.00844331
v -0.06965161 0.35383400 -0.00294540
v -0.07742833 0.34979811 0.00627648
v -0.18671611 -0.22332999 0.03375983
v -0.18764952 -0.21057701 0.03752986
v -0.18464479 -0.14136112 -0.02213141
v -0.19250923 -0.14036158 0.00221374
v -0.01142657 -0.24013607 -0.12324974
v -0.04381159 -0.23448801 -0.12118833
v -0.05133342 -0.21713744 -0.11802432
v -0.01677109 -0.22098476 -0.12206203
v -0.15847735 -0.13897298 -0.06943394
v -0.17564167 -0.13922790 -0.04826844
v -0.18653369 -0.14727055 0.02713817
v -0.11681866 -0.18304600 0.13216044
v -0.13990043 -0.20045155 0.11719000
v -0.12070223 -0.21688290 0.13376430
v -0.05009923 -0.22917965 0.17307384
v -0.07367794 -0.21339133 0.16188355
v -0.07370955 -0.24875627 0.15957825
v -0.04836103 -0.26255095 0.16593052
v -0.06625172 -0.31180990 0.13946705
v -0.07999735 -0.30500698 0.13798343
v -0.18172579 -0.21714263 0.05775746
v -0.17350364 -0.22753575 0.07655361
v -0.17073391 -0.22346325 0.08081776
v -0.17950982 -0.21017405 0.06152858
v -0.13141368 -0.12376076 -0.08382265
v -0.13729967 -0.14494830 -0.08580846
v -0.11014333 -0.12340477 -0.10268614
v -0.14168929 -0.10520791 -0.10344027
v -0.11537108 -0.10006190 -0.10710627
v -0.11534783 0.07269136 -0.11963711
v -0.13987717 0.05162915 -0.11089991
v -0.14020658 0.07242759 -0.10636595
v -0.11800821 0.09524299 -0.11788075
v -0.06607121 0.23240981 -0.11083707
v -0.06441232 0.25285774 -0.10291108
v -0.13956432 -0.26746991 0.11336249
v -0.05253335 -0.19100814 0.17830317
v -0.07600384 -0.17489655 0.16771300
v -0.09652273 -0.19787639 0.14868140
v -0.09942883 -0.16101255 0.15511264
v -0.12077172 -0.15026280 0.13817537
v -0.07215792 -0.05077546 0.16733170
v -0.09573448 -0.04965345 0.15327008
v -0.09547216 -0.07728176 0.15232135
v -0.06910656 -0.08414534 0.16250654
v -0.06705742 -0.02445791 0.16100612
v -0.09532921 -0.02275873 0.15278411
v -0.06151813 0.03290241 0.16613649
v -0.08497930 0.05431236 0.16331539
v -0.09839062 0.02834626 0.15646732
v -0.02287230 0.22634917 0.09558584
v -0.02080385 0.20658603 0.10641641
v -0.18145199 -0.22195201 0.05172615
v -0.18609700 -0.20136440 0.04151617
v -0.18119235 -0.13737018 0.04890198
v -0.17571883 -0.15900449 0.05262553
v -0.16740388 0.02860414 0.05387949
v -0.17264171 0.00081176 0.04076580
v -0.06954690 0.11963437 0.13629064
v -0.07408418 0.10857244 0.14269699
v -0.17412956 -0.06585606 -0.06738231
v -0.15698732 -0.06359608 -0.08493750
v -0.15282978 0.06496152 0.09907060
v -0.16123191 0.04843938 0.08013631
v -0.15177321 0.04502869 0.09970564
v -0.14192297 0.06277291 0.11414883
v -0.16637945 0.05568795 0.06484170
v -0.15983291 0.07048015 0.08545729
v -0.16513270 0.07796236 0.07557403
v -0.16970088 0.06374738 0.05535380
v -0.19101286 0.10055649 0.06222750
v -0.20038193 0.10359251 0.06332871
v -0.06451073 0.00326015 0.16151585
v -0.03424091 -0.00282553 0.16575414
v -0.02870872 0.02677003 0.16983327
v -0.09733491 -0.23384868 0.14763361
v -0.12763894 -0.28999484 0.11974907
v -0.11314829 -0.29431984 0.12813400
v -0.08053252 0.03287560 -0.11938858
v -0.08309230 0.06497607 -0.12129579
v -0.04538314 0.27218592 -0.09815434
v -0.02729625 0.27079409 -0.10452809
v -0.03896573 0.31284511 -0.08257554
v -0.03376897 0.33044174 -0.07168698
v -0.02217743 0.33052835 -0.08019947
v -0.02504757 0.31146607 -0.09070633
v -0.02918721 0.39007872 -0.04421131
v -0.25664970 0.04548103 -0.02881673
v -0.26384449 0.04771445 -0.04100697
v -0.25207415 0.05940483 -0.04320373
v -0.24680287 0.05681680 -0.03045277
v -0.08147656 0.14547031 -0.11932327
v -0.09151369 0.11860157 -0.11968946
v -0.08107534 0.33507654 0.00944026
v -0.17599751 0.28109545 -0.00684963
v -0.17699583 0.27502474 0.01856593
v -0.16536812 0.28324294 0.01221939
v -0.16004151 0.28832132 -0.01175403
v -0.15366223 0.25378132 -0.08216059
v -0.15667179 0.26601386 -0.06959338
v -0.13881108 0.27395123 -0.07416184
v -0.13685818 0.26068428 -0.08634768
v -0.00771437 -0.25093627 -0.12478058
v -0.03957869 -0.24700281 -0.12321409
v -0.05726282 -0.06214205 -0.13811205
v -0.08840624 -0.06993402 -0.13243283
v -0.07839709 -0.03728901 -0.11964740
v -0.05250004 -0.02674177 -0.13279252
v -0.11473566 0.12553905 -0.11775370
v -0.13453537 0.10078481 -0.10754886
v -0.02333922 0.12175095 0.14845836
v -0.01846578 0.14513819 0.13531880
v -0.03566357 0.14815661 0.12961414
v -0.03930351 0.12764040 0.13972023
v -0.25807202 0.09776603 -0.06754112
v -0.23666802 0.09953855 -0.06888382
v -0.23620349 0.08662752 -0.05986555
v -0.25116858 0.07759774 -0.05802313
v -0.17892151 -0.02844239 -0.04310091
v -0.17287076 -0.01945844 -0.06984156
v -0.17244351 -0.04540343 -0.06609069
v -0.18261217 -0.05050861 -0.04250805
v -0.17344263 0.01939456 -0.04312403
v -0.17305121 0.00467407 -0.04447763
v -0.17488085 0.03165761 -0.03925088
v -0.20518845 0.08479156 -0.05801505
v -0.21000287 0.07138969 -0.04109339
v -0.21763781 0.07496013 -0.04487610
v -0.23794341 0.08416598 -0.00773211
v -0.23667499 0.08020188 -0.01291572
v -0.19255866 0.06719535 -0.00904826
v -0.19373615 0.07080442 0.01930992
v -0.20320983 0.07351623 0.01610561
v -0.20062262 0.06717841 -0.01310521
v -0.19584268 0.07209563 -0.03492828
v -0.18932034 0.06949827 -0.03350987
v -0.17259081 0.20952050 0.08269097
v -0.15157178 0.21765974 0.08187650
v -0.15188979 0.23852809 0.06986665
v -0.16933589 0.23023319 0.07406928
v -0.13320479 0.22025371 0.07894628
v -0.11108373 0.22392452 0.07826464
v -0.11327337 0.24443682 0.06837669
v -0.13469934 0.23998430 0.06908668
v -0.08324508 0.30378121 0.03480298
v -0.06588084 0.29303983 0.04679239
v -0.04865039 0.28703597 0.05332145
v -0.03284242 0.28605774 0.06178384
v -0.02313595 0.37954387 -0.04383910
v -0.01972293 0.35967273 -0.05318245
v -0.03042615 0.35897213 -0.04518542
v -0.03588252 0.37172168 -0.03639142
v -0.03749463 0.31108305 0.05929226
v -0.32036942 0.12507302 0.03042408
v -0.30996203 0.13661493 0.02747402
v -0.31820109 0.14055692 0.00988321
v -0.32874644 0.13083528 0.00707201
v -0.14354812 0.27499893 0.03830888
v -0.15002599 0.28722247 0.01312177
v -0.16144542 0.27287605 0.03569426
v -0.18019076 -0.08224542 0.03901866
v -0.18750305 -0.07556231 0.01265620
v -0.04343664 -0.05813936 0.17269011
v -0.04311898 -0.08924181 0.17555928
v -0.07505806 -0.14186680 0.16565871
v -0.05051226 -0.15465432 0.17506786
v -0.04719378 -0.12305319 0.16781317
v -0.07065324 -0.11043936 0.16408922
v -0.03655746 -0.19284131 0.18424670
v -0.03324677 -0.21254207 0.17973775
v -0.25935963 0.15948153 0.04803156
v -0.24816230 0.17764361 0.04891957
v -0.25405496 0.19718023 0.03440895
v -0.26617405 0.17703186 0.03448223
v -0.09696802 -0.13397640 0.15315107
v -0.11741149 -0.12538323 0.13436091
v -0.18379845 0.11456515 0.07209500
v -0.18396547 0.09562325 0.06059220
v -0.02290070 0.05781996 0.17194459
v -0.05400383 0.13031422 0.13176203
v -0.05305360 0.14774083 0.12374385
v -0.07153293 0.14735831 0.12043370
v -0.06989039 0.13161981 0.12812635
v -0.23645511 0.18563293 -0.07131653
v -0.22538903 0.19102882 -0.07676714
v -0.22241896 0.17969728 -0.08070316
v -0.23481564 0.17551316 -0.07554004
v -0.33074507 0.12788123 -0.01156207
v -0.31803557 0.14082745 -0.01304048
v -0.31762254 0.13257065 -0.03090270
v -0.32786703 0.12059226 -0.02764365
v -0.24453950 0.06768077 0.00348497
v -0.24984781 0.07694924 0.02551264
v -0.25337943 0.06876847 0.02557115
v -0.24912837 0.05980694 0.00339440
v -0.25489354 0.04958309 0.00172959
v -0.25449777 0.04600138 -0.01788710
v -0.24667418 0.05706922 -0.01704206
v -0.27539387 0.05485669 -0.05225344
v -0.28981099 0.06654157 -0.05887047
v -0.27578804 0.08038733 -0.06222931
v -0.26207262 0.06492215 -0.05410711
v -0.31739384 0.10601909 -0.04733574
v -0.31275916 0.12092003 -0.04563311
v -0.29756317 0.10001464 -0.05952567
v -0.30288899 0.07926166 -0.06005029
v -0.26716185 0.09263514 0.04955546
v -0.26207292 0.07660250 0.04073396
v -0.25825858 0.08457405 0.03946739
v -0.26493627 0.09959307 0.04902007
v -0.25736871 0.21030127 0.01223590
v -0.26981077 0.19113894 0.01454037
v -0.21195696 0.13176587 0.07616014
v -0.21215506 0.16170275 0.07573091
v -0.21967697 0.15841155 0.07250247
v -0.22081780 0.13352576 0.07614562
v -0.28631541 0.14359502 0.03897359
v -0.27482522 0.15800203 0.03895946
v -0.28387877 0.16900097 0.02143418
v -0.29761827 0.14973667 0.02640831
v -0.26116341 0.10807490 0.04834256
v -0.25472239 0.09342763 0.04297304
v -0.25162807 0.10397515 0.04772379
v -0.25451687 0.11939945 0.05017018
v -0.24096254 0.06918841 -0.04449040
v -0.23065281 0.08045400 -0.04529446
v -0.24123171 0.15746397 0.05543698
v -0.25206807 0.14222936 0.05547658
v -0.17880790 0.10510945 0.07008111
v -0.18587880 0.06170058 0.02028084
v -0.18834767 0.06813216 0.02078831
v -0.13913406 0.07727185 0.11662086
v -0.13798772 0.09143308 0.11673992
v -0.17125890 0.05102347 0.03391796
v -0.17725824 0.05921566 0.03254708
v -0.14833292 0.07954296 0.10501376
v -0.14546283 0.09047867 0.10908443
v -0.12102927 0.00158316 0.14148763
v -0.03519837 0.29862618 0.06101737
v -0.26855382 0.14447236 0.04804155
v -0.26187420 0.13031027 0.05231960
v -0.22230226 0.10571421 -0.06755814
v -0.21253838 0.11015978 -0.06577012
v -0.21600419 0.10020752 -0.05729926
v -0.22331712 0.09666789 -0.05868106
v -0.15195265 0.12358165 -0.10108450
v -0.13562006 0.12437806 -0.10952189
v -0.14809504 0.10250758 -0.09704018
v -0.16421853 0.10176560 -0.08923709
v -0.24576528 0.19911410 -0.05461910
v -0.25411725 0.20303062 -0.04186713
v -0.24352348 0.21567115 -0.04529643
v -0.23610732 0.20896415 -0.05927819
v -0.25101322 0.21968988 -0.02848430
v -0.26258522 0.20317173 -0.02594935
v -0.26865575 0.19896218 -0.00739921
v -0.25629470 0.21745966 -0.00927600
v -0.16856775 -0.17162272 0.07690185
v -0.15546662 -0.18484084 0.09809174
v -0.14203930 -0.26470590 0.11229895
v -0.14049819 -0.09311061 0.11297347
v -0.15660740 -0.08693950 0.09080067
v -0.15685672 -0.04666792 0.09288058
v -0.16807243 -0.04257736 0.06525603
v -0.17705168 -0.06544399 0.06939185
v -0.15908389 -0.07188329 0.09418893
v -0.17403093 -0.03819007 0.00810311
v -0.18096223 -0.03447881 -0.01764120
v -0.18375321 -0.05064192 -0.01694046
v -0.18625443 -0.05447346 0.01060575
v -0.17940080 -0.06943917 -0.01333566
v -0.17562257 -0.06484763 -0.04195573
v -0.10338767 -0.01400428 -0.11025714
v -0.12843041 -0.02531090 -0.09550224
v -0.13306776 0.00572421 -0.10333804
v -0.11016298 0.01762233 -0.11591223
v -0.24294873 0.08848996 0.02398075
v -0.18513538 0.13053490 -0.09786560
v -0.18910329 0.11119287 -0.09141614
v -0.27626047 0.18447106 -0.02415485
v -0.28332636 0.17873533 -0.00391477
v -0.24763966 0.13059919 0.05641542
v -0.24390201 0.21163486 0.03248033
v -0.23929144 0.19258235 0.05181732
v -0.22976351 0.20358039 0.04910885
v -0.16407083 -0.24857792 0.09126132
v -0.17469059 -0.22615181 0.06803525
v -0.12350745 0.27961776 0.04057421
v -0.19250001 0.08293091 0.04506112
v -0.20191446 0.08467783 0.04410910
v -0.23880324 0.14141519 0.06159183
v -0.29838574 0.13117710 -0.05225141
v -0.30047327 0.14698514 -0.03795415
v -0.24759659 0.11489058 0.05594905
v -0.21314953 0.10560083 0.06612086
v -0.22556184 0.10657792 0.06746849
v -0.27660808 0.03589347 -0.03938168
v -0.26852119 0.03242713 -0.02753276
v -0.26376617 0.03275737 -0.01555427
v -0.26187879 0.03639921 -0.00404935
v -0.26888376 0.06795020 0.04207388
v -0.27597296 0.08415824 0.05069016
v -0.27549031 0.10164831 0.05515829
v -0.29302108 0.10818784 0.05255675
v -0.33063710 0.12603341 0.02251268
v -0.33756527 0.12409241 0.00464431
v -0.33871305 0.11824904 -0.01233700
v -0.31706971 0.10064586 -0.04505210
v -0.33286399 0.11038722 -0.02754286
v -0.30373099 0.08091430 -0.05812479
v -0.31500342 0.11235486 0.04667874
v -0.29931003 0.05494738 -0.05720577
v -0.28791040 0.04299188 -0.04972233
v -0.26333866 0.05080228 0.02712484
v -0.25726920 0.06131171 0.02558207
v -0.02656838 0.29060534 -0.09786243
v -0.16881445 0.04096721 0.03961098
v -0.15017551 0.02341569 0.10276347
v -0.16092646 0.02309164 0.07974119
v -0.18194795 0.07250915 0.04073131
v -0.18781842 0.07911274 0.04448958
v -0.21780114 0.08548851 0.04476917
v -0.23352702 0.08473845 0.04542892
v -0.17464554 0.06832570 0.04972646
v -0.03493202 -0.17010686 0.18243735
v -0.05954342 -0.14281607 -0.13081120
v -0.02848424 -0.14110728 -0.12825970
v -0.02641195 -0.16151790 -0.12377357
v -0.06111395 -0.15978365 -0.11562667
v -0.02611598 -0.18035112 -0.11249938
v -0.15913449 -0.21808499 -0.06035721
v -0.17490754 -0.20777617 -0.03448796
v -0.17355998 -0.18449323 -0.03288152
v -0.15739198 -0.19384667 -0.05927728
v -0.18042015 -0.16919063 -0.01432040
v -0.17564274 -0.16671143 -0.03738196
v -0.18318781 -0.18233265 -0.00854849
v -0.18639953 -0.18602970 0.01602225
v -0.18347365 -0.17320907 0.01247334
v -0.18472260 -0.19175152 0.04067260
v -0.18341219 -0.17997617 0.03801358
v -0.17850702 -0.20200753 0.06281614
v -0.16923754 -0.21570823 0.08171826
v -0.15818158 -0.24213459 0.09819254
v -0.14058717 -0.25634471 0.11325835
v -0.15642083 -0.23462349 0.09883630
v -0.10856150 -0.28807089 0.12894464
v -0.12372057 -0.27604300 0.12287600
v -0.06070181 -0.30719018 0.14198358
v -0.08780079 -0.29828444 0.13573207
v -0.11728387 0.26323420 0.05782992
v -0.06458414 0.33112630 -0.02565524
v -0.07719911 0.31741276 -0.03488696
v -0.08976376 0.30938530 -0.02308360
v -0.11878303 0.26669663 -0.09054120
v -0.11809974 0.28162029 -0.07761923
v -0.09668686 0.28722930 -0.08255584
v -0.09914926 0.27001035 -0.09345295
v -0.05736125 0.33927956 -0.03121991
v -0.05415073 0.35177752 -0.02374795
v -0.06395647 0.32560164 -0.04256273
v -0.04132026 0.34065697 -0.05102240
v -0.05222571 0.33393487 -0.04597294
v -0.16957051 0.28038999 -0.03042009
v -0.16171978 0.27449444 -0.05199426
v -0.17436704 0.26874802 -0.04800874
v -0.18250686 0.27053252 -0.02633214
v -0.15177727 0.23927276 -0.09134463
v -0.15154800 0.22388908 -0.09798576
v -0.16332763 0.21936424 -0.09356976
v -0.16374224 0.23372279 -0.08778802
v -0.22908115 0.25313741 -0.01387265
v -0.22255039 0.25388637 -0.03499075
v -0.23472035 0.24639335 -0.03294602
v -0.24028078 0.24662074 -0.01195548
v -0.16541898 0.24736142 -0.07794797
v -0.10379443 0.14690232 -0.11985405
v -0.12329005 0.14445560 -0.11533266
v -0.14058934 0.14128098 -0.10924879
v -0.17876147 0.15112455 -0.10020995
v -0.16949692 0.14572634 -0.09994196
v -0.17671925 0.12452237 -0.09650025
v -0.18552881 0.15927421 -0.09934759
v -0.19069485 0.15565695 -0.09504794
v -0.22198488 0.17998035 0.06374825
v -0.21434951 0.18873084 0.06127894
v -0.22375767 0.21757784 0.04837546
v -0.19339676 0.14190152 -0.08620176
v -0.19050759 0.14784437 -0.09365891
v -0.19261923 0.13319726 -0.08978317
v -0.19606622 0.12979391 -0.08167768
v -0.15084866 0.28737214 -0.03469901
v -0.22609489 0.24163420 -0.05164548
v -0.21394919 0.24879752 -0.05033757
v -0.20609263 0.23634508 -0.06377842
v -0.21960764 0.22938845 -0.06482417
v -0.21095501 0.21713965 -0.07486926
v -0.19602588 0.22185059 -0.07668222
v -0.18936579 0.21007764 -0.08617534
v -0.20263925 0.20634215 -0.08277627
v -0.19242431 0.15461113 -0.08965494
v -0.18927777 0.16235295 -0.09610802
v -0.24773604 0.22587752 0.01128092
v -0.20411313 0.26357281 0.00215797
v -0.20523472 0.25781682 0.02707749
v -0.18922721 0.26390460 0.02141520
v -0.18882737 0.26815373 -0.00289607
v -0.23759215 0.07631581 0.00239250
v -0.24013618 0.08813059 0.03583506
v -0.23027845 0.07554500 -0.02708009
v -0.20084539 0.09854640 -0.07077362
v -0.21913049 0.08519053 -0.04667481
v -0.22818980 0.15225738 0.06584886
v -0.23109089 0.17116649 0.05973147
v -0.20348181 0.24532212 0.04829882
v -0.18597524 0.25423345 0.04448806
v -0.24665244 0.23222594 -0.01126928
v -0.24077809 0.23356420 -0.03120401
v -0.20145719 0.13776202 -0.07781193
v -0.20171052 0.12754358 -0.07410139
v -0.20884457 0.12246517 -0.07289283
v -0.19370934 0.10766032 -0.07908726
v -0.19642746 0.11575262 -0.08218690
v -0.19722122 0.26632866 -0.02115754
v -0.23228216 0.22895172 -0.05078414
v -0.22601296 0.21788663 -0.06480930
v -0.18687597 0.22855230 -0.08288782
v -0.18997142 0.24100234 -0.06984918
v -0.18101552 0.24614748 -0.07709837
v -0.17725654 0.23185600 -0.08666556
v -0.21322396 0.19763353 -0.07867344
v -0.20973225 0.18444787 -0.08426589
v -0.17568894 0.21686687 -0.09248012
v -0.18625847 0.21493143 -0.09111012
v -0.20330772 0.14909552 -0.08240983
v -0.17324053 0.26377833 0.04110920
v -0.16978312 0.24797221 0.05849983
v -0.15521424 0.25648865 0.05482513
v -0.19913742 0.22362038 0.06224350
v -0.18442175 0.23815380 0.06144436
v -0.20647529 0.20314966 0.05926177
v -0.13803388 0.25863981 0.05718016
v -0.21022004 0.11687103 -0.07039018
v -0.21946427 0.11270422 -0.07089926
v -0.21751048 0.11909135 -0.07415438
v -0.28069326 0.11323496 -0.06527066
v -0.00647911 0.25844172 0.08143224
v -0.00471084 0.24225026 0.08967028
v -0.26938343 0.11880242 0.04997781
v -0.27902946 0.13011563 0.04808443
v -0.30215025 0.15734336 0.00404445
v -0.29395404 0.16120240 -0.02390504
v -0.09471409 -0.10378485 0.15072086
v -0.15271330 -0.03730119 -0.08301956
v -0.15610982 -0.00856460 -0.08984204
v -0.05344778 0.00867706 -0.13019358
v -0.08013178 -0.00304388 -0.12417191
v -0.18541555 -0.05914092 0.04100009
v -0.17350589 -0.04003656 0.03734569
v -0.14672595 -0.07064810 0.11836827
v -0.13882020 -0.05002976 0.11536286
v -0.16317520 -0.08405577 0.06310184
v -0.11737606 -0.07299359 -0.12361767
v -0.14187710 -0.07633751 -0.10824149
v -0.13170540 -0.05797111 -0.09714235
v -0.10456637 -0.04731726 -0.10729857
v -0.02280315 0.01930957 -0.13706368
v -0.02384182 -0.01809559 -0.13805094
v -0.17712358 -0.01887281 0.00885180
v -0.17753121 -0.01728382 -0.01635376
v -0.16711432 0.00059734 -0.06949898
v -0.15614161 0.01627668 -0.09188808
v -0.13998081 0.02985380 -0.11145329
v -0.11415600 0.04808982 -0.11935410
v -0.11989608 -0.02426450 0.13818063
v -0.09369180 0.00363246 0.15393455
v -0.16752166 -0.01916472 0.03613956
v -0.03909012 -0.02894071 0.16917634
v -0.08375659 0.09512423 -0.12113956
v -0.05011149 0.10440074 -0.11763582
v -0.17291203 -0.01244921 -0.04494882
v -0.01876204 0.18489957 0.11562496
v -0.03825115 0.18811899 0.11187276
v -0.03634399 0.16792212 0.12150846
v -0.01750359 0.16436398 0.12567911
v -0.05436217 0.16784544 0.11707748
v -0.07497934 0.16656993 0.11409355
v -0.09560698 0.16487026 0.11052520
v -0.15125687 0.15476696 0.10399422
v -0.13438465 0.16138361 0.10717676
v -0.16740255 0.12852529 0.08812839
v -0.16070187 0.14425641 0.09773501
v -0.17161207 0.11142047 0.07984322
v -0.17316772 0.09565675 0.06899577
v -0.17759438 0.08624736 0.05465219
v -0.17672400 0.07742329 0.05227286
v -0.17072210 0.08513051 0.06871394
v -0.16401285 0.10419593 0.08421528
v -0.15978745 0.12110268 0.09513590
v -0.00930461 0.08796666 0.17017217
v -0.00616835 0.11500319 0.15538938
v -0.00939729 0.27210066 0.07364181
v -0.01971612 0.34454963 -0.06690669
v -0.03019114 0.34326667 -0.05778426
v -0.07596281 0.31500828 -0.05362140
v -0.09364592 0.30746552 -0.04474948
v -0.05954758 0.32221296 -0.05980221
v -0.04661163 0.32713339 -0.06563003
v -0.15660727 0.00226247 0.06843221
v -0.04349278 0.29174468 -0.09017113
v -0.05391406 0.31169713 -0.07805502
v -0.06988350 0.30862010 -0.07428498
v -0.08958083 0.30329263 -0.06771477
v -0.11695290 0.29354477 -0.05633724
v -0.14337128 0.28320727 -0.05599145
v -0.16891810 0.26028228 -0.06616416
v -0.18495159 0.25644282 -0.06142481
v -0.19659540 0.25278661 -0.05465750
v -0.20639326 0.26028895 -0.03707406
v -0.19015644 0.26219338 -0.04196629
v -0.26524419 0.18934602 -0.04027950
v -0.27508545 0.17396159 -0.04172323
v -0.28080422 0.15938137 -0.04867694
v -0.28088284 0.14250848 -0.05959551
v -0.26520598 0.12629443 -0.07056432
v -0.24925040 0.11467902 -0.07381989
v -0.23378974 0.11076728 -0.07411951
v -0.20433339 0.11929092 -0.07103305
v -0.20008956 0.11936758 -0.07630149
v -0.19235417 0.10231525 -0.07908949
v -0.19016458 0.09622554 -0.07891000
v -0.17230761 0.08299635 -0.07714917
v -0.16186339 0.07948713 -0.08215104
v -0.14838612 0.07725224 -0.09280048
v -0.11873960 -0.18497178 -0.09306770
v -0.13677509 -0.17837083 -0.07717593
v -0.14490910 -0.15890516 -0.08209432
v -0.11750554 -0.16416806 -0.09366521
v -0.06035404 -0.12122516 -0.11540917
v -0.03021584 -0.11959045 -0.11627007
v -0.18404737 -0.15398641 -0.01810479
v -0.18397895 -0.15871893 0.00763076
v -0.16395639 -0.15330015 -0.06549014
v -0.17410019 -0.15403669 -0.04299540
v -0.18130025 -0.16673805 0.03296508
v -0.14048626 -0.22466275 0.11538554
v -0.11912070 -0.24290921 0.12915991
v -0.07471614 -0.27495202 0.14833912
v -0.04986640 -0.28758848 0.15399337
v -0.17800529 -0.17643939 0.05736957
v -0.09711939 -0.26041481 0.14137986
v -0.16617948 -0.18977781 0.07874256
v -0.15545534 -0.20659748 0.09875778
v -0.08822823 -0.12013915 -0.11878134
v -0.08831119 -0.14614262 -0.11784729
v -0.11254229 -0.14704815 -0.10225834
v -0.04632488 0.17054105 -0.11501425
v -0.07121844 0.16764705 -0.11829054
v -0.09271014 0.16408071 -0.11942112
v -0.10794792 0.18473560 -0.11388474
v -0.11139303 0.16462724 -0.11631738
v -0.13237342 0.16130599 -0.11270239
v -0.12641522 0.18423198 -0.11322535
v -0.15598522 0.18729177 -0.10119289
v -0.16113706 0.16741630 -0.10184053
v -0.17194800 0.17129670 -0.10028488
v -0.16765156 0.18854754 -0.09829953
v -0.18072593 0.17513792 -0.09961000
v -0.18913089 0.17472696 -0.09684876
v -0.18855852 0.17413141 -0.09707528
v -0.19279881 0.16710880 -0.09153669
v -0.19769661 0.19499199 -0.08720511
v -0.18642902 0.19812587 -0.09268680
v -0.15279029 0.20637944 -0.10028052
v -0.13754836 0.20641361 -0.10525196
v -0.04558885 0.21067059 -0.11593219
v -0.02435774 0.21147461 -0.11716504
v -0.18233608 0.06731271 0.03562352
v -0.18640661 0.05759617 0.01664805
v -0.18588045 0.05487720 -0.00611257
v -0.18311940 0.05833638 -0.02674390
v -0.18217696 0.06576851 -0.04526029
v -0.18182009 0.07498340 -0.06223824
v -0.18532133 0.09065901 -0.07816698
v -0.17847173 0.08736061 -0.07758441
v -0.18172286 0.10586826 -0.08971551
v -0.17467903 0.10162952 -0.08703840
v -0.16698036 0.11887553 -0.09415712
v -0.15516873 0.14093025 -0.10019380
v -0.14678341 0.16354796 -0.10401423
v -0.14106667 0.18504384 -0.10568302
v -0.12255028 0.20681286 -0.11273516
v -0.10505673 0.20689420 -0.11456373
v -0.08440785 0.23165162 -0.11025430
v -0.08200797 0.25230435 -0.10265020
v -0.08703977 0.20789960 -0.11668654
v -0.08704124 0.18499750 -0.11637439
v -0.05574431 0.35134405 -0.01750284
v -0.04833477 0.36822414 -0.02396509
v -0.23114833 0.13153356 -0.07947148
v -0.22426333 0.12373311 -0.07793166
v -0.22849099 0.11869039 -0.07668953
v -0.24067147 0.12528431 -0.07726048
v -0.25245371 0.13394484 -0.07490344
v -0.24581741 0.15903062 -0.07363784
v -0.24184382 0.14356072 -0.07779910
v -0.26185784 0.15092470 -0.06724738
v -0.26286575 0.16735616 -0.05917475
v -0.24736167 0.17207980 -0.06860739
v -0.25967437 0.17951815 -0.05435338
v -0.24717811 0.18194634 -0.06390619
v -0.25390375 0.18966281 -0.05250188
v -0.24581978 0.18913037 -0.06145006
v -0.21908276 0.21019061 -0.07234246
v -0.22827534 0.20176320 -0.07058790
v -0.23819041 0.19453770 -0.06586643
v -0.20525765 0.16087112 -0.08581968
v -0.21626657 0.15496431 -0.08264297
v -0.22872075 0.14829975 -0.08091468
v -0.23201069 0.16388021 -0.07919401
v -0.21951950 0.16786590 -0.08221789
v -0.20758229 0.17239165 -0.08700721
v -0.04252068 0.19085529 -0.11224780
v -0.06398057 0.18899398 -0.11511083
v -0.17841309 0.18862396 -0.09856207
v -0.18676157 0.18913767 -0.09798394
v -0.18837094 0.18615390 -0.09651219
v -0.19348386 0.18071619 -0.09156612
v -0.18686543 0.20097500 -0.09602436
v -0.17607246 0.20223455 -0.09638608
v -0.16469744 0.20459892 -0.09642015
v -0.06699641 0.20973109 -0.11698219
v -0.02048172 0.19185631 -0.11290842
v -0.21605009 0.23247048 0.04873634
v -0.21986732 0.24869576 0.02920481
v -0.22012825 0.25527802 0.00563391
v -0.21503162 0.25942212 -0.01682621
v -0.02506143 -0.05458720 -0.14934854
v -0.02956027 -0.08457320 -0.13030180
v -0.05927913 -0.08753183 -0.11935508
v -0.02256899 0.11328176 -0.12166739
v -0.02296610 0.17320822 -0.11450801
v -0.10299017 0.12898807 0.12308261
v -0.08661565 0.13110891 0.12590298
v -0.08950315 0.14675051 0.11846295
v -0.10738404 0.14471202 0.11577187
v -0.13342884 0.12298349 0.11438713
v -0.11893152 0.12623447 0.11911388
v -0.12572996 0.14243421 0.11336751
v -0.14185990 0.13808756 0.10931267
v -0.14495973 0.11703216 0.10785916
v -0.15283175 0.13047408 0.10298552
v -0.11631979 0.11101495 0.12601030
v -0.10161024 0.11353743 0.13094601
v -0.08532831 0.11566444 0.13498549
v -0.13931718 0.10434804 0.11282452
v -0.12900752 0.10846511 0.12003371
v -0.01527899 0.29785624 0.07088616
v -0.01872361 0.30984426 0.07123470
v -0.00286563 0.13983861 0.14065111
v -0.00291244 0.17924306 0.11669023
v -0.00331863 0.20309652 0.11143073
v -0.00383503 0.22447975 0.10136965
v -0.01258259 0.28508309 0.07016708
v -0.00219525 0.15867375 0.12658878
v -0.17962511 -0.24447623 -0.03565536
v -0.17724659 -0.23044829 -0.03357767
v -0.15890066 -0.23965345 -0.06272618
v -0.15350440 -0.24947831 -0.07288474
v -0.06469747 -0.18539770 -0.11091271
v -0.03239056 -0.20131199 -0.11822190
v -0.06202062 -0.20265822 -0.11380722
v -0.15889509 -0.16997738 -0.05727428
v -0.13782237 -0.19995716 -0.08138741
v -0.07244238 -0.23072407 -0.11604599
v -0.06504814 -0.24739848 -0.12063550
v -0.08938773 -0.24173719 -0.11418386
v -0.10110083 -0.22764567 -0.10610813
v -0.13682227 -0.21990755 -0.08365131
v -0.13215394 -0.23314975 -0.08825907
v -0.08081245 -0.21560641 -0.11125191
v -0.10916224 -0.21695900 -0.10020153
v -0.11437777 -0.20134817 -0.09790013
v -0.11713643 -0.23499529 -0.10076465
v -0.08763058 -0.20145908 -0.10796589
v -0.09763566 -0.18368152 -0.10370433
v -0.09103537 -0.16205312 -0.10613390
v -0.08770718 -0.09310181 -0.11211071
v -0.13937055 -0.24327578 0.11317486
v -0.12008509 -0.26320237 0.12548931
v -0.08023466 -0.29186198 0.14083445
v -0.05536210 -0.30242980 0.14590785
v -0.17627116 -0.19106072 0.06055164
v -0.10099644 -0.27900356 0.13405786
v -0.16836199 -0.20559064 0.08114434
v -0.15607104 -0.22328013 0.09858942
v -0.12005109 -0.09851843 0.13491136
v -0.12118252 -0.04941009 0.13710944
v -0.12202659 -0.07238194 0.13717437
v -0.15926766 -0.01965342 0.06572843
v -0.11495347 0.16376832 0.10783962
v 0.06888645 0.31990695 0.03072965
v 0.06937047 0.33209020 0.01907960
v 0.06444550 0.32111320 0.03605425
v 0.06845383 0.32558343 0.02787236
v 0.06746689 0.33097985 0.02514174
v 0.07364742 0.28240684 0.05287345
v 0.08333757 0.28382227 0.04695652
v 0.08457288 0.27677819 0.05408435
v 0.08023634 0.29006034 0.03988499
v 0.09342470 0.28429785 0.04253131
v 0.08568025 0.26807928 0.05896661
v 0.09561336 0.26639885 0.05508468
v 0.07665360 0.26744863 0.06237809
v 0.08631272 0.25794712 0.06301776
v 0.09319690 0.20814545 0.08901642
v 0.08314040 0.20732927 0.09043579
v 0.08472169 0.21808445 0.08467814
v 0.08166409 0.19614470 0.09669116
v 0.07367817 0.20614778 0.09187435
v 0.11112878 0.10523428 0.13665199
v 0.10381392 0.09937070 0.14437722
v 0.11730363 0.09569252 0.13823399
v 0.11085139 0.09781447 0.14136747
v 0.10791541 0.09107676 0.14657657
v 0.18226066 0.19398120 0.06199653
v 0.18360497 0.20584945 0.05991716
v 0.18829523 0.19590540 0.05978218
v 0.17887442 0.21445979 0.06000928
v 0.18535130 0.21820550 0.05657676
v 0.07692467 0.31669152 -0.01857468
v 0.07323755 0.32301497 0.01280261
v 0.08190799 0.31516111 -0.00768248
v 0.07419629 0.32314259 -0.00702980
v 0.09500609 0.30006284 0.02370225
v 0.09158906 0.30861622 -0.00850354
v 0.08481874 0.31137815 0.00459107
v 0.16944408 0.10896380 0.07752112
v 0.16636033 0.10296462 0.08062612
v 0.16406545 0.11198121 0.08523761
v 0.16864985 0.09400543 0.07550189
v 0.16393052 0.09739609 0.08442052
v 0.14852434 -0.01283335 0.11312731
v 0.14329581 -0.02815839 0.13171959
v 0.15292875 -0.02757217 0.09822661
v 0.14803420 -0.02895749 0.11577938
v 0.14957829 -0.04216127 0.11872287
v 0.17774363 -0.00045425 0.00257861
v 0.17702885 0.00433933 -0.01102355
v 0.17745100 -0.00760416 -0.01031003
v 0.17628145 0.01722942 -0.01257053
v 0.17607847 0.01108379 -0.02624492
v 0.13306011 0.20296906 0.08196390
v 0.10500813 0.21668760 0.08025824
v 0.12209068 0.20456821 0.08328479
v 0.12444910 0.21284325 0.07701556
v 0.10134318 0.19732909 0.09361650
v 0.10299578 0.20767184 0.08710007
v 0.12002911 0.19554660 0.08959852
v 0.11201370 0.20644802 0.08536649
v 0.27445328 0.09904549 0.03857185
v 0.26841605 0.09449860 0.03997309
v 0.26467368 0.09915923 0.03990542
v 0.27140906 0.09068905 0.04040186
v 0.26161626 0.08863948 0.04022187
v 0.18699689 -0.12868202 0.05307709
v 0.18900861 -0.12528339 0.03987022
v 0.17849784 -0.12640646 0.04498176
v 0.19237822 -0.11978330 0.03537441
v 0.18754727 -0.12231781 0.02715071
v 0.21190752 0.23883058 0.01023537
v 0.20865378 0.25164670 -0.00417995
v 0.20927627 0.23995943 0.01802510
v 0.20915382 0.24675363 0.00734707
v 0.20599999 0.25325495 0.00326176
v 0.18562900 0.17445819 0.06323589
v 0.18666705 0.15887795 0.06765007
v 0.17897572 0.19270062 0.06599012
v 0.18221974 0.18406233 0.06402956
v 0.18298052 0.17569648 0.06607676
v 0.18223494 0.15835126 0.07026176
v 0.18245551 0.16761334 0.06869330
v 0.17766902 0.17734551 0.06994137
v 0.17926629 0.05252207 -0.03038018
v 0.18072109 0.05018327 -0.01847623
v 0.17720152 0.05232913 -0.01856258
v 0.17913653 0.04474737 -0.01752366
v 0.18153049 0.04943727 -0.00644893
v 0.17633118 0.02522530 0.00070539
v 0.17618304 0.02675615 -0.01402101
v 0.17939699 0.03847282 -0.00369005
v 0.17554411 0.03018063 -0.02791385
v 0.17837237 0.04223088 -0.02943036
v 0.17917489 0.03959769 -0.01695598
v 0.17639397 0.03462458 -0.01527231
v 0.16948521 0.17432050 0.07467570
v 0.17474400 0.20114228 0.06839532
v 0.17496800 0.18937607 0.07032848
v 0.17170322 0.18224102 0.07220164
v 0.16636999 0.18815570 0.07372380
v 0.14422810 0.20960884 0.07549123
v 0.16008483 0.19339156 0.07604360
v 0.16242483 0.20317757 0.07339855
v 0.14084511 0.19168223 0.08552068
v 0.14290762 0.20061845 0.08024095
v 0.15728861 0.18452135 0.08019632
v 0.15143295 0.19743711 0.07836731
v 0.10130884 0.08575602 0.15234952
v 0.10962671 0.08198061 0.15026611
v 0.11758999 0.07896187 0.14652954
v 0.11102897 0.07215241 0.15487173
v 0.17660175 -0.13643567 0.06780696
v 0.19011159 -0.12236916 0.06330786
v 0.18397801 -0.12899783 0.06613461
v 0.17669994 -0.12937488 0.07845546
v 0.16838591 -0.13183750 0.09100663
v 0.16651800 -0.12673746 0.08501635
v 0.16888255 -0.14321192 0.09461235
v 0.15990965 -0.13731398 0.10184214
v 0.13854361 0.00176409 0.14248860
v 0.15080082 0.00112905 0.11284213
v 0.14517720 0.00141216 0.12790564
v 0.14110893 0.01607976 0.13861801
v 0.13726255 0.03071180 0.14272729
v 0.14468418 0.02937365 0.13089952
v 0.12310980 0.05785422 0.15343636
v 0.12805419 0.03185431 0.15318382
v 0.13420090 0.04406312 0.14435424
v 0.15018053 -0.15748104 0.11645621
v 0.14845897 -0.13329794 0.10733936
v 0.15131235 -0.14263006 0.11320722
v 0.14159578 -0.14810941 0.12478995
v 0.13153073 -0.15302229 0.13567273
v 0.13042134 -0.13927886 0.12994441
v 0.13036400 -0.16688874 0.13672534
v 0.12028723 -0.15698059 0.14488955
v 0.09712186 0.24595022 0.06436871
v 0.08675122 0.24800405 0.06786492
v 0.09649582 0.22797272 0.07682111
v 0.10608147 0.22586951 0.07453692
v 0.07683178 0.24817324 0.07063276
v 0.08594879 0.22839765 0.07902425
v 0.07604775 0.22738950 0.08036079
v 0.08670286 0.23830362 0.07372069
v 0.12396618 0.10182751 0.13000149
v 0.13675992 0.09881093 0.12098922
v 0.12399457 0.09384950 0.13422357
v 0.12218815 0.08624788 0.13954332
v 0.12515840 0.07673999 0.14165887
v 0.13061930 0.09197115 0.12953837
v 0.14317919 0.08925216 0.11775796
v 0.13715750 0.09017272 0.12404230
v 0.13609415 0.08211178 0.12858635
v 0.19161563 0.13532515 0.05504004
v 0.19214047 0.18386444 0.05986010
v 0.19417852 0.19825187 0.05803599
v 0.19529298 0.16198699 0.05932743
v 0.18965599 0.17273881 0.06102556
v 0.18801977 0.16354914 0.06236892
v 0.19029473 0.14424521 0.05818599
v 0.19314775 0.15217414 0.05866544
v 0.19283453 0.16857325 0.05964856
v 0.17522357 -0.13702556 0.04741491
v 0.17879756 -0.13353884 0.03564928
v 0.17356282 -0.14074641 0.05855882
v 0.17197624 -0.14489283 0.07098868
v 0.17502089 -0.14707787 0.05089930
v 0.13805529 -0.17220344 0.12843011
v 0.12775950 -0.17593272 0.13751601
v 0.11686850 -0.17935711 0.14458369
v 0.12430254 -0.18856582 0.13614684
v 0.23129857 0.06276979 -0.02834299
v 0.22645339 0.06365079 -0.00856720
v 0.22256309 0.06228796 -0.04336848
v 0.22499886 0.06090603 -0.02590343
v 0.21826857 0.06389917 -0.02601475
v 0.09310943 0.09111497 0.15285681
v 0.09102226 0.08169180 0.15812607
v 0.07468075 0.10052263 0.15414722
v 0.09750786 0.10534261 0.14389254
v 0.09526473 0.09894509 0.14870170
v 0.07881883 0.10756363 0.14974467
v 0.08532213 0.09838350 0.15210837
v 0.07357706 0.11751015 0.14656197
v 0.08305094 0.11305010 0.14613147
v 0.14406344 0.05339037 0.12486549
v 0.14626418 0.06917221 0.11963467
v 0.12809026 0.06693852 0.14354837
v 0.13808084 0.05436003 0.13493837
v 0.13119198 0.05611436 0.14484794
v 0.13253678 0.07457165 0.13508469
v 0.13945444 0.07269849 0.12759784
v 0.14160688 0.06344789 0.12646824
v 0.15043512 0.02922590 0.11781204
v 0.14710988 0.04232767 0.12167978
v 0.15019573 0.05298162 0.11553540
v 0.06285355 0.10475199 0.15424684
v 0.06986782 0.09131766 0.15896803
v 0.08922174 0.07088591 0.16273029
v 0.07828617 0.07917684 0.16188180
v 0.06445401 0.07782227 0.16506749
v 0.06618480 0.22577672 0.08190402
v 0.06703585 0.23617403 0.07724125
v 0.06518905 0.21520175 0.08725905
v 0.06433312 0.20428826 0.09309544
v 0.05668786 0.22348611 0.08357833
v 0.06775354 0.25662205 0.06919095
v 0.06743830 0.24667135 0.07282746
v 0.05787385 0.24427919 0.07496193
v 0.06648818 0.27384698 0.06134776
v 0.06757956 0.26584172 0.06550187
v 0.05838848 0.26301986 0.06799163
v 0.04926973 0.25957215 0.07010502
v 0.04876254 0.26720774 0.06615508
v 0.04859999 0.24114995 0.07706784
v 0.04904066 0.25074992 0.07344566
v 0.04006558 0.25633925 0.07247025
v 0.06269576 0.28532135 0.05129564
v 0.06498915 0.28023005 0.05649385
v 0.05639571 0.27710474 0.05943003
v 0.04772290 0.27361989 0.06160380
v 0.03918072 0.27081722 0.06437361
v 0.04682830 0.27903113 0.05688474
v 0.05516008 0.31197912 0.04615608
v 0.05527340 0.31741643 0.04416968
v 0.06053084 0.32154998 0.03912690
v 0.04730701 0.31441209 0.05045374
v 0.18848839 0.14917031 0.06560203
v 0.18910097 0.15622681 0.06393030
v 0.19005626 0.13837975 0.05822151
v 0.18928848 0.15110159 0.06130476
v 0.18610102 0.14256763 0.06627595
v 0.18830752 0.13811883 0.06248821
v 0.15833552 -0.16390172 0.10853002
v 0.14824772 -0.16805573 0.11847465
v 0.14362673 -0.17811273 0.11875568
v 0.10392348 0.24500090 -0.10857699
v 0.10427959 0.23699926 -0.11256975
v 0.11113755 0.23457916 -0.10984384
v 0.09576234 0.23833634 -0.11283694
v 0.10534597 0.22847995 -0.11593442
v 0.10791383 0.29900202 0.00217560
v 0.09536720 0.30525756 -0.02340872
v 0.10133456 0.30359280 -0.01032790
v 0.11127271 0.29973784 -0.01359371
v 0.17505728 0.14221556 -0.11515744
v 0.17570578 0.13482623 -0.11263388
v 0.17070441 0.14870498 -0.11527269
v 0.17274292 0.14199533 -0.11409190
v 0.17034329 0.14190601 -0.11299527
v 0.19310288 0.10125534 -0.09326616
v 0.19017474 0.11277620 -0.09316527
v 0.19792894 0.09616072 -0.08560178
v 0.19344096 0.10446678 -0.08957618
v 0.19344038 0.10789838 -0.08493940
v 0.18104966 -0.12081725 0.02055800
v 0.18663567 -0.11994284 0.01424442
v 0.18756822 -0.11442618 0.00969612
v 0.18668902 -0.11790717 -0.00002808
v 0.16452341 0.07432573 -0.09133647
v 0.16680098 0.06425922 -0.08314563
v 0.16621229 0.07015412 -0.07957284
v 0.16896628 0.05562276 -0.08685629
v 0.16916247 0.05492558 -0.07380119
v 0.01973231 0.25165126 -0.10878365
v 0.02041771 0.24274109 -0.11188366
v 0.02991210 0.24333510 -0.11103583
v 0.01097660 0.24178426 -0.11344136
v 0.02116301 0.23350547 -0.11518449
v 0.04885397 0.27201784 -0.09983283
v 0.04673990 0.28177112 -0.09697697
v 0.03936166 0.28240043 -0.09644304
v 0.05473819 0.28070784 -0.09750946
v 0.04420356 0.29103231 -0.09351566
v 0.08603450 0.24816757 -0.10824952
v 0.08718522 0.23960650 -0.11237052
v 0.06684818 0.26036084 -0.10405272
v 0.08890824 0.23071420 -0.11641870
v 0.07860213 0.24080957 -0.11216894
v 0.17703660 0.05207891 -0.04122415
v 0.17759021 0.05676336 -0.04198585
v 0.17093270 0.06026437 -0.06068418
v 0.17483348 0.05894534 -0.04230036
v 0.17698316 0.06239093 -0.05234472
v 0.17962904 0.08045620 -0.05555910
v 0.18131141 0.07819591 -0.04501238
v 0.17933485 0.07752510 -0.04557303
v 0.17977899 0.07506876 -0.04444169
v 0.18192741 0.07342330 -0.03309888
v 0.06375807 0.33355364 -0.01456755
v 0.06292142 0.32523516 -0.02317610
v 0.05802250 0.33360907 -0.02024436
v 0.05480424 0.34213105 -0.01790283
v 0.05222385 0.33503520 -0.02407564
v 0.02385314 0.36106220 -0.03532144
v 0.02272090 0.35617441 -0.03861245
v 0.02665550 0.35639736 -0.03509818
v 0.01882136 0.35823286 -0.04089595
v 0.02144748 0.35083872 -0.04341315
v 0.05300438 0.14769650 -0.12345958
v 0.03839548 0.14791481 -0.12316164
v 0.04202170 0.13763189 -0.12391324
v 0.03489570 0.15772514 -0.12180863
v 0.02488538 0.14800566 -0.12229522
v 0.18188728 0.10137329 -0.08536488
v 0.18414520 0.10765675 -0.09387551
v 0.18293369 0.09348784 -0.07993062
v 0.18376690 0.10055970 -0.08672392
v 0.18543260 0.09996091 -0.08919942
v 0.18025070 0.10125415 -0.08373263
v 0.18202995 0.10773975 -0.09101821
v 0.17802204 0.08587427 -0.06715484
v 0.17959653 0.09387536 -0.07643566
v 0.17953771 0.09991771 -0.08208454
v 0.17747310 0.08456159 -0.06354026
v 0.17693312 0.08512010 -0.06556481
v 0.17703378 0.09208950 -0.07290298
v 0.18033686 0.10530384 -0.08735068
v 0.17853682 0.09873256 -0.07981446
v 0.17803176 0.09632412 -0.07865453
v 0.16647267 0.08380054 -0.08376781
v 0.17122829 0.09136634 -0.08203622
v 0.17469023 0.07264797 -0.05990373
v 0.17416584 0.08322833 -0.07548920
v 0.17349516 0.08764600 -0.07354581
v 0.16754496 0.07539558 -0.07659996
v 0.16918211 0.06791022 -0.06896821
v 0.17351593 0.06498265 -0.06077645
v 0.17641035 0.06907497 -0.06130728
v 0.17086461 0.07954479 -0.07565695
v 0.17557772 0.07607833 -0.06875266
v 0.03616052 0.07344784 -0.13698627
v 0.05223425 0.07112042 -0.13452230
v 0.05028205 0.08731054 -0.13298152
v 0.05369839 0.05395192 -0.13578452
v 0.06701610 0.06828912 -0.13021682
v 0.22833458 0.10946324 0.03643684
v 0.22405307 0.11796462 0.04574620
v 0.22890654 0.11485077 0.04260719
v 0.21913360 0.11892389 0.04774456
v 0.22027875 0.12836707 0.05034972
v 0.18246064 0.13895051 -0.09120737
v 0.18730836 0.13497439 -0.09136682
v 0.18934691 0.13993344 -0.09339534
v 0.18615715 0.13059562 -0.08934706
v 0.19080022 0.13043895 -0.09105401
v 0.21805345 0.08116898 -0.01330686
v 0.22019975 0.08411240 0.00306289
v 0.21766700 0.07827766 -0.00422566
v 0.22653107 0.10015008 0.02553738
v 0.22014377 0.08787836 0.00737371
v 0.22396803 0.09024437 0.01493904
v 0.10875493 0.29825544 -0.03957901
v 0.08921791 0.30680740 -0.03352651
v 0.09867214 0.30201674 -0.03683705
v 0.10126442 0.29730833 -0.04932281
v 0.12212811 0.29727563 -0.01579268
v 0.11569710 0.29687738 -0.02887349
v 0.11909296 0.29487640 -0.04090252
v 0.20189504 0.09869690 -0.07566430
v 0.20945852 0.09083957 -0.06210509
v 0.20438443 0.09482009 -0.07012218
v 0.21288450 0.08640831 -0.05533165
v 0.20789769 0.08948803 -0.06438096
v 0.20472956 0.08875653 -0.06518500
v 0.28379178 0.09819967 0.03676359
v 0.28018385 0.10302792 0.03703926
v 0.27553070 0.10993911 0.03678843
v 0.28411791 0.10956708 0.03320809
v 0.21073234 0.07377418 -0.02894096
v 0.20983881 0.07654829 -0.04943296
v 0.20613728 0.06900400 -0.04155893
v 0.20523006 0.08389894 -0.06589562
v 0.20691404 0.08055840 -0.05843168
v 0.20454311 0.06934515 -0.05063406
v 0.20468816 0.07413509 -0.05076478
v 0.20692647 0.06463494 -0.05081507
v 0.20425685 0.07138904 -0.05822675
v 0.17363802 0.03824450 -0.07705241
v 0.16469187 0.05550926 -0.09845166
v 0.17093989 0.04654140 -0.08880343
v 0.17095876 0.03645788 -0.08811228
v 0.17282958 -0.10330146 -0.05317264
v 0.18160935 -0.10714246 -0.01568202
v 0.17866907 -0.10604498 -0.03936238
v 0.16928086 -0.10565294 -0.03816916
v 0.17639764 -0.11586531 -0.00620692
v 0.18504333 -0.11618830 -0.01435811
v 0.17617661 -0.11013003 -0.03526236
v 0.18360260 -0.11199170 -0.02820715
v 0.18088171 -0.13209641 0.02343646
v 0.17818175 -0.14109409 0.02609231
v 0.18066584 -0.12964767 0.00996527
v 0.17869134 -0.11862494 -0.04750078
v 0.18323576 -0.11923213 -0.03381317
v 0.18009977 -0.12738220 -0.00404179
v 0.18166953 -0.12256749 -0.01823308
v 0.18298353 -0.13596812 -0.00190872
v 0.18256648 -0.13162278 -0.02948387
v 0.04707142 0.35330012 -0.01625608
v 0.04209367 0.36640289 -0.01644449
v 0.03579044 0.37128541 -0.03000425
v 0.18281873 -0.23104742 0.05320690
v 0.18384080 -0.23706542 0.04836658
v 0.17925631 -0.23504055 0.05959315
v 0.18621197 -0.24295662 0.03714760
v 0.18395388 -0.24338624 0.04558370
v 0.01140825 0.38131309 -0.05063164
v 0.01489683 0.37987331 -0.04750135
v 0.02810834 0.37822551 -0.02990114
v 0.02014641 0.38397312 -0.03780372
v 0.18425018 -0.22565825 0.03692349
v 0.18271224 -0.22557032 0.05045241
v 0.17750724 -0.22646259 0.06247268
v 0.18173708 -0.21877679 0.04946756
v 0.05819475 0.34813321 -0.01264476
v 0.05239492 0.35035992 -0.01516045
v 0.05035059 0.35794783 -0.01189895
v 0.06760861 0.34099093 0.01661190
v 0.06557094 0.35049793 0.00474797
v 0.06064552 0.35659501 -0.00840206
v 0.06659446 0.33739579 0.02144500
v 0.06519716 0.33361557 0.02589910
v 0.17446567 -0.23331290 0.07120578
v 0.17451325 -0.23821369 0.06818928
v 0.17314646 -0.24409896 0.06623782
v 0.16871925 -0.24176544 0.07662650
v 0.17719911 -0.15404718 0.04245416
v 0.17673908 -0.15606573 0.05494817
v 0.17890422 -0.15185001 0.02956891
v 0.18114403 -0.14911294 0.01634441
v 0.18008833 -0.15828684 0.03309226
v 0.06329885 -0.23205887 -0.11560350
v 0.08526054 -0.21930419 -0.10867613
v 0.08027583 -0.23697296 -0.11183102
v 0.08234422 -0.22853662 -0.11025823
v 0.09971496 -0.22709912 -0.10277738
v 0.18530822 -0.14544559 0.00222613
v 0.18830884 -0.14246252 -0.01201389
v 0.18498497 -0.15370540 0.00622250
v 0.17246576 -0.14208926 -0.03150252
v 0.18389076 -0.14221467 -0.02487638
v 0.18215874 -0.15204147 -0.01824673
v 0.17732124 -0.15997142 0.06756283
v 0.17772277 -0.16399825 0.05888771
v 0.10110397 -0.20078102 0.14923529
v 0.08885210 -0.22156763 0.15376806
v 0.11213338 -0.21110830 0.14138497
v 0.10012671 -0.21691176 0.14744529
v 0.10004031 -0.22979006 0.14660269
v 0.01064109 -0.25391024 0.17680675
v 0.02542173 -0.24992853 0.17644858
v 0.02454996 -0.26533610 0.17209435
v 0.02605102 -0.23352946 0.18042728
v 0.03898824 -0.24590461 0.17553930
v 0.01362356 -0.32104465 0.14572725
v -0.00975582 -0.30975500 0.14977403
v 0.16188295 -0.24031287 0.08775266
v 0.16172796 -0.24408893 0.08444130
v 0.16190924 -0.23637991 0.09023103
v 0.15416685 -0.24093398 0.09852829
v 0.14495221 -0.24575284 0.10697942
v 0.14581187 -0.24286014 0.10754425
v 0.14410169 -0.24768400 0.10525116
v 0.13586074 -0.25162679 0.11425390
v 0.16268672 -0.14113405 -0.04012375
v 0.16629761 -0.15142499 -0.03813025
v 0.16802891 -0.11736416 -0.05624977
v 0.16465324 -0.12828779 -0.04689195
v 0.15381676 -0.13973781 -0.05066939
v 0.14372641 -0.12392678 -0.06403137
v 0.13385820 -0.10769958 -0.07767774
v 0.16730922 -0.10513142 -0.06241994
v 0.16490105 -0.10123798 -0.06646283
v 0.15671198 -0.11421189 -0.06360014
v 0.14578211 -0.11062551 -0.07028867
v 0.14679143 -0.10089450 -0.08147279
v 0.11755040 0.09845481 -0.11839196
v 0.15263975 0.07860003 -0.10545436
v 0.13058440 0.08822149 -0.11450767
v 0.12970948 0.09959205 -0.11530721
v 0.15396740 0.06670548 -0.10549746
v 0.15464240 0.05516025 -0.10476011
v 0.13003302 0.07789066 -0.11201839
v 0.14218518 0.07759050 -0.10999268
v 0.03740589 0.25229913 -0.10619435
v 0.04324308 0.26190343 -0.10187899
v 0.03894436 0.24347436 -0.11046764
v 0.04021148 0.23456317 -0.11441220
v 0.04732275 0.24328320 -0.11009259
v 0.03900975 -0.20754419 0.17729104
v 0.01412088 -0.22117019 0.18310997
v 0.02617211 -0.21464589 0.18039136
v 0.02596827 -0.19069171 0.18207598
v 0.10691585 -0.17175916 0.15011495
v 0.10489629 -0.18273146 0.15107548
v 0.09208882 -0.18751585 0.15729435
v 0.07874237 -0.19374277 0.16356559
v 0.05257141 -0.18387116 0.17428356
v 0.08084124 -0.17561987 0.16249883
v 0.07629494 -0.21108030 0.16026500
v 0.07757296 -0.22758299 0.16044372
v 0.05171027 -0.22244300 0.17235564
v 0.05141049 -0.20230857 0.17284057
v 0.06424954 -0.19890428 0.16810639
v 0.04920875 -0.07384796 0.17510840
v 0.06585539 -0.07347301 0.17207903
v 0.06041841 -0.09072782 0.16885971
v 0.06863623 -0.06007972 0.16904995
v 0.08041642 -0.07504780 0.16532503
v 0.08555807 -0.05092102 0.16086414
v 0.05405827 -0.04963369 0.16828570
v 0.06999918 -0.05061970 0.16404463
v 0.07279901 -0.03813761 0.16301423
v 0.07436845 0.04823097 0.17113635
v 0.12122744 0.01852238 0.15859930
v 0.11892706 0.03357557 0.16321354
v 0.09545048 0.02269672 0.17361483
v 0.10169140 0.06511806 0.16257973
v 0.11356294 0.06093927 0.15956143
v 0.11666343 0.04787531 0.16277672
v 0.08911318 0.05727201 0.16731150
v 0.09090013 0.04075188 0.17254931
v 0.10614831 0.03656504 0.16998403
v 0.04839003 0.23089994 0.08114244
v 0.04798813 0.22064406 0.08552808
v 0.03986458 0.23810056 0.07959388
v 0.04739617 0.21009004 0.09072725
v 0.03954152 0.21773273 0.08836985
v 0.16261072 -0.24532145 0.08080874
v 0.15436299 -0.24478383 0.09405418
v 0.14374481 -0.24829839 0.10345590
v 0.17357495 -0.22853751 0.07276170
v 0.17190661 -0.22326428 0.07275673
v 0.16840261 -0.23199667 0.08194388
v 0.16174677 -0.23180729 0.09159656
v 0.17114730 -0.15083572 0.08471202
v 0.16681489 -0.15773813 0.09768649
v 0.17397276 -0.15444645 0.07608713
v 0.16375025 -0.16758345 0.09949309
v 0.17349744 -0.16605042 0.07968350
v 0.16044234 -0.17807595 0.09986730
v 0.16941392 -0.17557819 0.08088595
v 0.16815123 -0.17214890 0.09033841
v 0.17550549 0.01660930 0.02454720
v 0.17689496 0.00347949 0.01908168
v 0.17671834 -0.01006365 0.01355832
v 0.17249428 0.00836564 0.03799118
v 0.09883397 0.11110893 0.14056483
v 0.09151879 0.11030763 0.14423145
v 0.08727451 0.11718401 0.14318837
v 0.08415372 0.12485097 0.14120874
v 0.09178941 0.12061837 0.14020157
v 0.16302159 -0.08704101 -0.05630751
v 0.16917031 -0.09138604 -0.04362367
v 0.17277980 -0.09663814 -0.02858926
v 0.17084023 -0.07832474 -0.04930772
v 0.15096645 0.07153379 0.11165617
v 0.15167969 0.06267014 0.11168434
v 0.15555541 0.05334308 0.10572588
v 0.16015051 0.06431762 0.09393612
v 0.15811187 0.04311597 0.09934929
v 0.16373637 0.05505513 0.08577479
v 0.15966465 0.05436701 0.09542988
v 0.17084262 0.03429863 0.05598764
v 0.16814855 0.05613746 0.07692268
v 0.16564077 0.04468968 0.07729661
v 0.17493899 0.03762858 0.04663885
v 0.17392939 0.04786481 0.05881849
v 0.17008124 0.08008506 0.07552097
v 0.16835836 0.06699152 0.07781066
v 0.17241448 0.05797445 0.06901609
v 0.17523295 0.06086867 0.06225388
v 0.18000653 0.05576169 0.04622372
v 0.17252535 0.08895183 0.06560075
v 0.17144006 0.08422486 0.07032447
v 0.17774685 0.06473923 0.05638609
v 0.17397617 0.07326508 0.06546257
v 0.17872873 0.06947619 0.05128788
v 0.18935722 0.12053503 0.04946982
v 0.19185749 0.12451651 0.04858269
v 0.19606678 0.12631400 0.04853389
v 0.19249904 0.11376864 0.04081271
v 0.05719232 0.02284403 0.17544816
v 0.04483365 -0.02553138 0.17304426
v 0.03604895 0.00460849 0.17485233
v 0.07593048 -0.02457053 0.16306067
v 0.06108985 -0.02616159 0.16886234
v 0.07087147 0.00554541 0.17641665
v 0.05373165 0.00508037 0.17696610
v 0.04890608 -0.01064891 0.17654595
v 0.07827825 -0.24381164 0.15941238
v 0.05229425 -0.25617364 0.16899039
v 0.05286755 -0.24044348 0.17257410
v 0.06529288 -0.23476247 0.16674191
v 0.09242297 -0.29045340 0.13169466
v 0.03979124 -0.30605403 0.14650777
v 0.07203070 -0.30814672 0.13560396
v 0.03369656 -0.30400380 0.14824866
v 0.04233314 -0.30005139 0.14644761
v 0.08301117 0.04576002 -0.12842365
v 0.07857682 0.08105093 -0.12531978
v 0.08031608 0.06469732 -0.12552951
v 0.10398172 0.08401774 -0.11787812
v 0.09386959 0.05941831 -0.12131428
v 0.00966721 0.26046914 -0.10779537
v 0.01865080 0.26133862 -0.10587237
v 0.02727647 0.26178479 -0.10394138
v 0.03380135 0.27213749 -0.09920061
v 0.03547760 0.26187864 -0.10230786
v 0.01739467 0.27154896 -0.10302128
v 0.02742800 0.30168486 -0.09022874
v 0.01290852 0.31189215 -0.09046105
v 0.01159076 0.32080859 -0.08528277
v 0.00535422 0.32109952 -0.08871219
v 0.01696319 0.32014737 -0.08194262
v 0.01021590 0.32819647 -0.07845397
v 0.00612801 0.38699606 -0.04981116
v 0.20941620 0.05988073 -0.05709498
v 0.21736871 0.05049578 -0.05473784
v 0.22185554 0.05133591 -0.05841899
v 0.21665120 0.05698999 -0.06018861
v 0.22704151 0.04488271 -0.05605071
v 0.22811149 0.05288348 -0.06186204
v 0.06165587 0.15787536 -0.12322262
v 0.06769942 0.14706373 -0.12263128
v 0.07664248 0.13402292 -0.12324766
v 0.10298930 0.12139528 -0.12198406
v 0.08328778 0.14348301 -0.12247702
v 0.07061788 0.33212194 0.01077004
v 0.06828253 0.34099793 0.00862930
v 0.06866941 0.33258346 -0.00656614
v 0.07179424 0.32859060 0.00256930
v 0.06371281 0.34190416 -0.00859097
v 0.06236874 0.35014725 -0.00787801
v 0.06577195 0.34977910 -0.00150441
v 0.13494626 0.29309067 -0.02973013
v 0.15335508 0.28615972 -0.03051344
v 0.15824831 0.28695443 -0.01783594
v 0.14856933 0.29122773 -0.01725918
v 0.16804916 0.28148815 -0.01810901
v 0.16150631 0.28467301 -0.00447082
v 0.11204748 0.24934465 -0.10205943
v 0.12168627 0.25369352 -0.09692945
v 0.12307893 0.26011363 -0.09218700
v 0.11395749 0.26298240 -0.09300295
v 0.13126352 0.25730717 -0.09126135
v 0.12516545 0.26654181 -0.08653538
v 0.07878524 -0.24251488 -0.11277280
v 0.09487563 -0.24088269 -0.10634276
v 0.06087647 -0.24794941 -0.11796576
v 0.07720011 -0.24658473 -0.11325993
v 0.07090336 -0.04492173 -0.12745434
v 0.08408984 -0.04885259 -0.11730845
v 0.08677359 -0.03172732 -0.12483989
v 0.08456077 -0.06880875 -0.11289512
v 0.09786950 -0.05453473 -0.10877845
v 0.11361262 0.12507443 -0.11920451
v 0.09292118 0.14861065 -0.12199818
v 0.09937263 0.13573653 -0.12204485
v 0.12590782 0.11394870 -0.11591374
v 0.13764040 0.10322071 -0.11231069
v 0.12193991 0.12895173 -0.11639379
v 0.05776269 0.11719044 0.14879887
v 0.05067005 0.11125724 0.15327151
v 0.06379519 0.12298384 0.14547083
v 0.06997651 0.12724337 0.14289284
v 0.05428287 0.12873057 0.14225101
v 0.05886814 0.14242986 0.13388704
v 0.04473353 0.13540417 0.13865316
v 0.05185037 0.13931863 0.13601610
v 0.04999351 0.14884348 0.12965648
v 0.22236264 0.06845514 -0.06949515
v 0.22741719 0.08715136 -0.07800601
v 0.21750359 0.09141894 -0.08088396
v 0.21530139 0.08388399 -0.07621977
v 0.21869074 0.09835730 -0.08388384
v 0.20975387 0.09278995 -0.08418109
v 0.18113455 -0.07314323 -0.02878010
v 0.18789770 -0.05740381 -0.03240308
v 0.17071415 -0.06397403 -0.05458906
v 0.17779286 -0.06871939 -0.04235546
v 0.18080755 -0.05192340 -0.04350904
v 0.18467690 -0.06529181 -0.03865370
v 0.17787150 -0.03833970 -0.04908445
v 0.17657270 -0.04531285 -0.05597721
v 0.17397189 0.02659565 -0.04017824
v 0.17474438 0.03451393 -0.04066491
v 0.17132935 0.03882112 -0.06449672
v 0.17329571 0.03023905 -0.06459469
v 0.17473564 0.00506747 -0.03748019
v 0.17568001 0.01702850 -0.03967447
v 0.17583147 0.02093774 -0.06321332
v 0.17336470 0.02368762 -0.05192167
v 0.17650050 0.04668503 -0.04122189
v 0.17523250 0.04149972 -0.04055923
v 0.17036435 0.05405914 -0.06206284
v 0.17070003 0.04686699 -0.06352352
v 0.17397070 0.05270298 -0.05169984
v 0.17279942 0.04000148 -0.05237363
v 0.21763867 0.06622608 -0.05996180
v 0.20381987 0.08176915 -0.08143050
v 0.21476340 0.06351981 -0.05805476
v 0.20859155 0.06495918 -0.05703025
v 0.19305600 0.07915705 -0.07778639
v 0.20880666 0.06887950 -0.07155888
v 0.19660003 0.08819641 -0.08887839
v 0.18794896 0.09828119 -0.09224690
v 0.19068247 0.08872954 -0.08580282
v 0.20221801 0.07819612 -0.08146551
v 0.19835751 0.07732464 -0.08035188
v 0.21582493 0.08421739 -0.02237917
v 0.21304229 0.08051132 -0.02642191
v 0.21646231 0.08497888 -0.04391837
v 0.21159263 0.08337153 -0.04707370
v 0.21018894 0.07610223 -0.03797421
v 0.22480020 0.09143849 -0.01926170
v 0.22146672 0.08517364 -0.04244561
v 0.22013584 0.08329505 -0.03238768
v 0.18321094 0.07801940 -0.04696522
v 0.18448372 0.07546069 -0.03393912
v 0.21127905 0.06762620 -0.02617357
v 0.20343797 0.06568801 -0.04160902
v 0.19287485 0.07390104 -0.03915768
v 0.20994475 0.06666265 -0.00900612
v 0.19302583 0.07158300 -0.02329998
v 0.20357977 0.07020125 -0.02577730
v 0.18375790 0.07584174 -0.01948666
v 0.18838134 0.07434793 -0.02134086
v 0.19366643 0.07575235 -0.00727549
v 0.18260413 0.08097879 -0.05979976
v 0.18291600 0.08681154 -0.07087818
v 0.18017296 0.08697952 -0.06788244
v 0.18443140 0.07682370 -0.05009519
v 0.18836769 0.07623504 -0.05207033
v 0.20174578 0.06802036 -0.05638538
v 0.18434842 0.08548028 -0.07232750
v 0.18754819 0.08204021 -0.07482898
v 0.19750047 0.07141798 -0.06821988
v 0.19381890 0.07203366 -0.05436973
v 0.18675350 0.07902531 -0.06383458
v 0.17444728 0.21173967 0.06473453
v 0.17422336 0.22186700 0.06065211
v 0.17031607 0.21107078 0.06933838
v 0.17434137 0.23224500 0.05554963
v 0.16969371 0.22832014 0.06183795
v 0.16074832 0.24350898 0.05680774
v 0.16370384 0.21364479 0.07102323
v 0.15427946 0.21689612 0.07157326
v 0.16564485 0.22254628 0.06721986
v 0.16241609 0.23372048 0.06307049
v 0.15198117 0.23836851 0.05987545
v 0.13532753 0.22048941 0.07144911
v 0.14444508 0.21896231 0.07144280
v 0.14420089 0.22786507 0.06583624
v 0.14286299 0.24602303 0.05414341
v 0.14340062 0.23649116 0.05955564
v 0.13521707 0.23703744 0.05861659
v 0.10556608 0.26308459 0.05198417
v 0.10614022 0.25308275 0.05651563
v 0.12641613 0.23812626 0.05841652
v 0.12606332 0.24763869 0.05333847
v 0.10664735 0.24291718 0.06162637
v 0.12591946 0.22157334 0.07162671
v 0.11540056 0.22372434 0.07339127
v 0.10651597 0.23463476 0.06838442
v 0.12649588 0.23005900 0.06530078
v 0.11604355 0.24014339 0.05968874
v 0.06950025 0.31321833 0.03351149
v 0.07279737 0.31787723 0.02340579
v 0.08211523 0.30254051 0.02995784
v 0.07766666 0.31484750 0.01495797
v 0.08513692 0.30750766 0.01791160
v 0.06359811 0.30925211 0.04148223
v 0.06775762 0.29467297 0.04273802
v 0.07547177 0.29735440 0.03656141
v 0.05677728 0.30523950 0.04671485
v 0.07152556 0.30552566 0.03559289
v 0.06031936 0.29157314 0.04783008
v 0.05310475 0.28821471 0.05091282
v 0.04979973 0.30157718 0.04982604
v 0.05836897 0.29821363 0.04636584
v 0.04541735 0.28495994 0.05320135
v 0.03754503 0.28228045 0.05642143
v 0.04403347 0.29134795 0.05167622
v 0.00628397 0.38007319 -0.04860418
v 0.00170445 0.38304862 -0.05142099
v 0.01726768 0.36531359 -0.03960400
v 0.01473640 0.36130822 -0.04289236
v 0.01196791 0.37615335 -0.04381886
v 0.00740860 0.37261105 -0.04684295
v 0.01353261 0.35473940 -0.04669038
v 0.00569225 0.36622393 -0.04953167
v 0.00995795 0.36409420 -0.04596528
v 0.00234494 0.36768916 -0.05254731
v 0.00546358 0.35797575 -0.05275851
v -0.00230581 0.35807440 -0.05957974
v -0.00096073 0.37614810 -0.05215438
v -0.00171326 0.36795604 -0.05507300
v -0.00776498 0.36531126 -0.05705449
v 0.06388637 0.32889608 0.02983202
v 0.06084533 0.32613820 0.03469266
v 0.05811563 0.32239646 0.03993196
v 0.04250537 0.31122041 0.05364370
v 0.04160903 0.31790960 0.05355113
v 0.29515684 0.10643317 0.02905796
v 0.29043770 0.11281496 0.02774840
v 0.28489089 0.12097123 0.02699818
v 0.29546466 0.11774792 0.02038004
v 0.30554193 0.11669775 0.01087019
v 0.29984200 0.12170283 0.01120089
v 0.29360586 0.12896799 0.01036356
v 0.30255648 0.12478258 0.00199484
v 0.12764722 0.28990296 0.01140152
v 0.15335159 0.28663525 0.00622623
v 0.16283283 0.28282779 0.01016396
v 0.14447956 0.28141269 0.02188382
v 0.12878381 0.29298300 -0.00341312
v 0.13173352 0.29529104 -0.01698001
v 0.14019838 0.29427958 -0.01680481
v 0.14569253 0.29109845 -0.00404143
v 0.13710313 0.28878474 0.01017633
v 0.14505380 0.28776643 0.00989712
v 0.19172284 -0.11354172 0.04411202
v 0.19049516 -0.11191004 0.03120953
v 0.19239143 -0.11530589 0.05875343
v 0.18380256 -0.11843751 0.07087409
v 0.18856581 -0.10540029 0.05357457
v -0.01689385 -0.08099277 0.17760652
v 0.02737339 -0.09224690 0.17770615
v -0.00233018 -0.07765634 0.17740688
v -0.00780653 -0.09012728 0.18256432
v 0.03450075 -0.06213768 0.17186618
v 0.03125580 -0.07594807 0.17625311
v 0.00040984 -0.06530180 0.17099190
v 0.01374709 -0.07722079 0.17610347
v 0.02137868 0.01997930 0.17226544
v 0.01793063 0.00436237 0.17263480
v 0.01410111 -0.00890704 0.17718141
v -0.00039009 0.00175714 0.17163199
v 0.04051605 -0.17327315 0.18150818
v 0.05614910 -0.16921797 0.17718774
v 0.04036237 -0.10704772 0.17213316
v 0.02481562 -0.10805131 0.17607166
v 0.03741495 -0.14137860 0.17260456
v 0.00975386 -0.11252619 0.17951669
v 0.02325403 -0.14483026 0.17429633
v 0.02404180 -0.12473975 0.17825268
v 0.02623026 -0.17504713 0.18258294
v 0.01342862 -0.17717499 0.18432677
v 0.02461228 -0.16178615 0.17629018
v 0.01014230 -0.14938642 0.17442003
v 0.00210556 -0.19668236 0.18647705
v 0.00222579 -0.22631432 0.18152335
v 0.00433062 -0.21181864 0.18454729
v -0.00347256 -0.20552832 0.18548475
v 0.24102047 0.16311504 0.03657121
v 0.23701036 0.18280290 0.02748291
v 0.23266798 0.16272688 0.04253640
v 0.23535311 0.17330039 0.03572901
v 0.22919719 0.18306722 0.03511371
v 0.10542854 -0.14689061 0.14660366
v 0.10822377 -0.16039738 0.15097882
v 0.09616502 -0.16319673 0.15784350
v 0.08333766 -0.16541393 0.16445726
v 0.07017992 -0.16696103 0.17153080
v 0.05256446 -0.15586272 0.16904055
v 0.05252110 -0.13829629 0.17020597
v 0.08030456 -0.15133999 0.16077058
v 0.18991420 0.12621397 0.05423578
v 0.18956938 0.13304691 0.05820842
v 0.18655744 0.12729350 0.05787547
v 0.18869928 0.11736231 0.04868306
v 0.18767814 0.10829861 0.04063409
v 0.18611464 0.11527791 0.04994217
v 0.05074466 0.07528408 0.16904624
v 0.06049154 0.06024400 0.16987446
v 0.05865568 0.04194513 0.17381963
v 0.04162563 0.03826676 0.17369434
v 0.07596606 0.13022399 0.14021002
v 0.08222952 0.13226262 0.13786727
v 0.06753164 0.13583083 0.13713954
v 0.06596690 0.14454821 0.13204761
v 0.06497248 0.15336251 0.12666675
v 0.07320204 0.14622831 0.13035274
v 0.08859511 0.13323481 0.13580093
v 0.08100231 0.13952692 0.13332045
v 0.08035143 0.14760566 0.12875739
v 0.08009721 0.15621784 0.12397014
v 0.08776879 0.14851822 0.12723042
v 0.20870245 0.18132009 -0.08588339
v 0.20220891 0.18398140 -0.08913508
v 0.20120202 0.17803000 -0.09107179
v 0.20353188 0.18945269 -0.08596165
v 0.19579248 0.18690851 -0.09149516
v 0.30784139 0.12024774 -0.00767848
v 0.30728659 0.11792091 -0.02217547
v 0.30293208 0.12397898 -0.02391944
v 0.30076629 0.12183465 -0.03161529
v 0.30340698 0.12597141 -0.00716507
v 0.29694903 0.13233373 -0.00470062
v 0.30361733 0.12590228 -0.01626362
v 0.29613835 0.13096228 -0.02637311
v 0.21239716 0.07026653 -0.01854763
v 0.20937048 0.06371887 -0.03164199
v 0.20886382 0.06856086 -0.03062556
v 0.21100655 0.05791378 -0.03264047
v 0.21320091 0.05907314 -0.02183561
v 0.21602637 0.06007768 -0.00990731
v 0.21718535 0.05526982 -0.01156008
v 0.21616152 0.07545365 -0.00654882
v 0.22039296 0.07548853 0.00525278
v 0.21545602 0.06564966 -0.00830837
v 0.22044380 0.06310169 0.00182403
v 0.21589623 0.04848802 -0.02394261
v 0.20964949 0.05802933 -0.04252975
v 0.20907263 0.05838016 -0.05076829
v 0.21173745 0.05427843 -0.05031066
v 0.21273108 0.05285213 -0.03357331
v 0.21448059 0.04817777 -0.03481979
v 0.21824804 0.04464667 -0.04926031
v 0.21493503 0.04972618 -0.05014101
v 0.21629702 0.04304191 -0.03691161
v 0.21409108 0.04844869 -0.04392907
v 0.24306770 0.04827017 -0.06365467
v 0.22907385 0.06206793 -0.06771229
v 0.23560420 0.05528113 -0.06543374
v 0.23090181 0.07097534 -0.07246029
v 0.24408282 0.05939466 -0.06881568
v 0.24155737 0.09056263 -0.07731548
v 0.23609929 0.07955553 -0.07551245
v 0.25302142 0.06531494 -0.07135170
v 0.24226968 0.06999335 -0.07255165
v 0.26050332 0.05901543 -0.07014721
v 0.26153207 0.07232475 -0.07182512
v 0.29952836 0.11114398 -0.03922993
v 0.27354386 0.07260044 -0.07039744
v 0.28201658 0.09118915 -0.06322300
v 0.26283237 0.08880669 -0.07282441
v 0.26946396 0.08068112 -0.07107805
v 0.28260988 0.10120446 -0.06085993
v 0.27662179 0.08833591 -0.06783861
v 0.29663360 0.11735027 -0.04027969
v 0.29146886 0.12397818 -0.04296523
v 0.29030767 0.11129483 -0.05091671
v 0.28158444 0.11219600 -0.05897515
v 0.25297976 0.07622441 0.03988285
v 0.25205162 0.08712355 0.03860749
v 0.25373808 0.08164968 0.03906113
v 0.24562958 0.07424206 0.03496298
v 0.22602011 0.06218312 0.01079696
v 0.22514778 0.06793375 0.01344487
v 0.23859751 0.06686058 0.02811511
v 0.23810336 0.07370864 0.02902849
v 0.22638759 0.05568783 0.00938733
v 0.23845626 0.05994886 0.02671022
v 0.23208344 0.06109337 0.01896494
v 0.24554512 0.18092394 0.01918971
v 0.23787756 0.19111322 0.01849915
v 0.23095429 0.20124097 0.01704856
v 0.23783088 0.19822577 0.00866596
v 0.19859441 0.13981099 0.05658077
v 0.19959971 0.12506612 0.04982771
v 0.21210268 0.13200502 0.05678898
v 0.20439748 0.13551392 0.05806575
v 0.20038745 0.15178081 0.05911649
v 0.20338970 0.14870051 0.05867324
v 0.19651915 0.15761197 0.05946136
v 0.19739151 0.17601354 0.05831479
v 0.19841689 0.15463257 0.05937729
v 0.19948249 0.16711062 0.05830926
v 0.27272284 0.12640893 0.03181768
v 0.27855989 0.12973714 0.02626192
v 0.28252563 0.13417235 0.01881756
v 0.27217135 0.13959466 0.02542039
v 0.25266606 0.17076129 0.02212334
v 0.25332591 0.17714056 0.01120878
v 0.26505169 0.14938392 0.02474570
v 0.27047527 0.15128341 0.01636595
v 0.24895015 0.15438700 0.03751093
v 0.25197405 0.16294791 0.03135132
v 0.25949153 0.14532760 0.03175718
v 0.25823164 0.15850104 0.02572174
v 0.24907377 0.09252200 0.03845482
v 0.24280815 0.08608221 0.03573008
v 0.23701562 0.10092800 0.03693091
v 0.22399828 0.08981586 0.02071961
v 0.22567570 0.09745072 0.02448695
v 0.23299088 0.09514812 0.03226146
v 0.22930701 0.10284775 0.03526828
v 0.22418758 0.08290152 0.01587181
v 0.22390266 0.07437762 0.01540735
v 0.23641644 0.08008484 0.03032404
v 0.23057044 0.07452267 0.02259326
v 0.23543246 0.08663221 0.03156245
v 0.22903375 0.08885624 0.02597732
v 0.20341779 0.08728354 -0.07066498
v 0.20166811 0.07752086 -0.06544293
v 0.20430559 0.07354272 -0.06378874
v 0.20363402 0.08309494 -0.07491244
v 0.20779046 0.06811357 -0.06258396
v 0.21183966 0.06146415 -0.06174553
v 0.21638288 0.06442277 -0.06578859
v 0.21551530 0.07422386 -0.07162511
v 0.20869167 0.07955965 -0.07268182
v 0.20543505 0.07633870 -0.06785191
v 0.23079786 0.15298136 0.04635253
v 0.22463644 0.16285282 0.04837180
v 0.23562402 0.14433527 0.04735178
v 0.22892910 0.14465657 0.04933418
v 0.18301362 0.12093896 0.05752063
v 0.18449308 0.11716680 0.05303621
v 0.18359363 0.10664784 0.04732163
v 0.18371898 0.07481918 -0.01919578
v 0.18301621 0.07359712 -0.01873326
v 0.18574457 0.07753489 -0.00569799
v 0.18041681 0.06866991 -0.01856240
v 0.18123710 0.07328065 -0.00458035
v 0.14856617 0.08879199 0.11142477
v 0.14962876 0.08029494 0.11218821
v 0.15973713 0.07306108 0.09570529
v 0.15560637 0.07216533 0.10364939
v 0.14774863 0.09719454 0.10986318
v 0.15309055 0.08886863 0.10509034
v 0.17977682 0.05426291 0.00473913
v 0.18328163 0.05056914 0.00512712
v 0.18090247 0.04463433 0.00715162
v 0.18031065 0.03907549 0.00969319
v 0.18126906 0.05273687 0.03108555
v 0.18288743 0.05342214 0.01673346
v 0.15939136 0.10029969 0.09171187
v 0.16198842 0.09284446 0.08850212
v 0.15548791 0.09625162 0.09886145
v 0.16476162 0.08531596 0.08537138
v 0.16357389 0.07438821 0.08818780
v 0.16706137 0.07674936 0.08133505
v 0.15828717 0.08143725 0.09794271
v 0.15674129 0.08913264 0.09898904
v 0.15976132 0.09013425 0.09341982
v 0.13681409 -0.01311420 0.14428158
v 0.13517711 -0.02600122 0.14458016
v 0.12937659 0.00340263 0.15445293
v 0.11597162 0.00528805 0.16179244
v 0.04265981 0.30477577 0.05304652
v 0.04292130 0.29793841 0.05208318
v 0.03592012 0.29513523 0.05510424
v 0.03667943 0.30880901 0.05711220
v 0.23780270 0.11291924 0.04295645
v 0.23938474 0.12939984 0.04325145
v 0.24503468 0.14500614 0.04295607
v 0.25802240 0.13583370 0.03755814
v 0.25348645 0.14583401 0.03841700
v 0.24159612 0.13710782 0.04459237
v 0.24633633 0.12729129 0.04325683
v 0.20227614 0.10341912 -0.08420707
v 0.20026532 0.09619749 -0.07433732
v 0.20476422 0.09369650 -0.07872452
v 0.20296353 0.09900472 -0.08194528
v 0.20292270 0.09057759 -0.07468729
v 0.19775677 0.10483517 -0.08121561
v 0.19270161 0.11026613 -0.08120841
v 0.19708700 0.10464847 -0.07909872
v 0.19969292 0.10061183 -0.07337800
v 0.20061570 0.09910326 -0.07359270
v 0.19745418 0.10325859 -0.07660027
v 0.19000761 0.11530355 -0.08286890
v 0.19439715 0.10902614 -0.08167679
v 0.19512382 0.10682079 -0.07942334
v 0.19304873 0.11027990 -0.07917076
v 0.15290625 0.13454327 -0.11598656
v 0.14051671 0.12097970 -0.11251159
v 0.14604259 0.13385314 -0.11646532
v 0.15383159 0.12431080 -0.11282251
v 0.12060606 0.14105427 -0.11748862
v 0.13032570 0.13118498 -0.11513816
v 0.13820405 0.14319880 -0.11792606
v 0.13873374 0.13278458 -0.11528327
v 0.21363443 0.20651875 -0.06505216
v 0.21760227 0.20917822 -0.05762617
v 0.21202889 0.21431774 -0.06026918
v 0.22394784 0.20285124 -0.05567099
v 0.22171435 0.21128316 -0.04940806
v 0.21923958 0.21898998 -0.04321731
v 0.22582774 0.21189204 -0.04063684
v 0.22992897 0.21236338 -0.00420497
v 0.22577371 0.21844429 -0.02424408
v 0.24540494 0.19288926 -0.00111643
v 0.23693366 0.20262435 -0.00214321
v 0.23522413 0.20584179 -0.01287293
v 0.23267326 0.20333457 -0.03858070
v 0.22959645 0.21076719 -0.03166762
v 0.23285529 0.20906921 -0.02234462
v 0.24066254 0.19963211 -0.02038311
v 0.17967495 -0.24998967 0.05164988
v 0.18349217 -0.25015685 0.04325204
v 0.18637933 -0.25104675 0.03462486
v 0.13311425 -0.19650629 0.12737839
v 0.12308834 -0.20365030 0.13459414
v 0.12135740 -0.21730602 0.13338536
v 0.14193216 -0.18995205 0.11868708
v 0.15093686 -0.18357038 0.10937119
v 0.15601577 -0.18623953 0.10036700
v 0.14086050 -0.20037368 0.11894675
v 0.10187029 -0.27657408 0.13048008
v 0.09323433 -0.28973919 0.13349868
v 0.17457527 -0.24898177 0.06023782
v 0.17085233 -0.25243470 0.06881286
v 0.16353257 -0.24684282 0.07721328
v 0.15120740 -0.12471537 0.10572503
v 0.14236629 -0.12574291 0.11735860
v 0.13152878 -0.12657082 0.12661688
v 0.12000562 -0.12814727 0.13607350
v 0.13663308 -0.11753847 0.12742203
v 0.14910024 -0.05247203 0.12049530
v 0.15530364 -0.05308479 0.10652062
v 0.14879321 -0.10676642 0.11236967
v 0.15908311 -0.08019612 0.11280400
v 0.17731509 -0.09976460 0.07561767
v 0.17000952 -0.07755823 0.10155416
v 0.16313627 -0.09200238 0.09910075
v 0.15729584 -0.05432107 0.08923052
v 0.16469882 -0.06504295 0.09621460
v 0.17561606 -0.07488362 0.08572981
v 0.19016632 -0.09043220 0.03557238
v 0.18964848 -0.06710416 0.02433021
v 0.19089089 -0.07377492 -0.00909808
v 0.19012292 -0.06452115 0.01071187
v 0.19665501 -0.07525780 0.01715104
v 0.18351573 -0.05003370 -0.02335178
v 0.19234714 -0.05980634 -0.01829940
v 0.17877448 -0.06137088 0.00492042
v 0.19100973 -0.06317977 -0.00225028
v 0.18216769 -0.10192323 -0.00401011
v 0.17669038 -0.09946521 -0.01527410
v 0.17743050 -0.08788546 -0.02023744
v 0.18157774 -0.07962537 -0.01311958
v 0.18618749 -0.08341116 -0.00071577
v 0.18847515 -0.10836194 0.01959655
v 0.18643272 -0.10474235 0.00787307
v 0.19098969 -0.10061949 0.02747184
v 0.19584467 -0.08696406 0.02248827
v 0.19269894 -0.08635999 0.01107947
v 0.18544456 -0.09452344 0.00559121
v 0.11482330 -0.02509871 -0.11695845
v 0.10948722 0.03385143 -0.11724720
v 0.12263479 0.00725889 -0.11211676
v 0.13374799 -0.00097011 -0.10541122
v 0.13179268 0.01882007 -0.10426348
v 0.13684230 -0.02058765 -0.10639100
v 0.14357983 -0.00938946 -0.09718534
v 0.23064545 0.09658048 0.01965342
v 0.22797298 0.09257498 -0.00258665
v 0.22765428 0.09344945 0.01141530
v 0.23036177 0.08795837 -0.01299045
v 0.17336366 0.13466910 -0.11021487
v 0.16851798 0.14176175 -0.11178460
v 0.16410920 0.14908394 -0.11411128
v 0.16752900 0.14139797 -0.11120564
v 0.25329649 0.18257007 0.00089991
v 0.26128551 0.17058697 0.00289768
v 0.25158593 0.18592606 -0.00996617
v 0.24872677 0.18948415 -0.01894649
v 0.24462755 0.19251941 -0.02808525
v 0.25744578 0.17861776 -0.01786627
v 0.22482157 0.12478355 0.04468941
v 0.23424914 0.11541317 0.04183825
v 0.23037198 0.13144560 0.04451264
v 0.23804469 0.12135945 0.04336313
v 0.21477430 0.22190307 0.02304479
v 0.22420795 0.20251252 0.02595667
v 0.22492582 0.21090119 0.01582092
v 0.21061537 0.22168894 0.03066340
v 0.21367781 0.21249856 0.03279098
v 0.22295618 0.19270694 0.03475304
v 0.22123694 0.18148877 0.04147987
v 0.21805865 0.20297463 0.03417405
v 0.21206622 0.20126250 0.04094959
v 0.12589154 -0.26197490 0.11904250
v 0.10845763 -0.26640943 0.12711407
v 0.11046594 -0.26896843 0.12845348
v 0.10541569 -0.26771635 0.12506142
v 0.11505707 -0.26873508 0.12137419
v 0.13270383 -0.25650632 0.11399254
v 0.14543353 -0.24655151 0.09955789
v 0.12491546 -0.26988181 0.11713026
v 0.10459265 0.28933051 0.02889437
v 0.10636407 0.29639488 0.01774841
v 0.11767018 0.29270902 0.01436417
v 0.12743121 0.28296620 0.02314788
v 0.18966651 0.10168402 0.03266206
v 0.19334787 0.10306619 0.03153250
v 0.19256189 0.08484999 0.00783426
v 0.18586551 0.08393294 0.00901701
v 0.19784436 0.10221509 0.03130140
v 0.20323092 0.08005069 0.00681730
v 0.19397074 0.08231806 0.00744967
v 0.19475754 0.09152046 0.02025671
v 0.22157700 0.13324271 0.05041875
v 0.21923414 0.13790707 0.05410337
v 0.22281772 0.14689188 0.05205567
v 0.22747518 0.13906913 0.04820016
v 0.22482492 0.13363881 0.04593793
v 0.28426811 0.13098021 -0.04703109
v 0.27317500 0.11634890 -0.06439184
v 0.28186911 0.12349300 -0.05466517
v 0.28652129 0.13637699 -0.03865483
v 0.28669178 0.14026684 -0.02990165
v 0.27620798 0.13820632 -0.05210030
v 0.22749345 0.10970717 0.03494741
v 0.22759172 0.11756828 0.04338966
v 0.22723825 0.10280544 0.03158502
v 0.23057343 0.10975870 0.03841105
v 0.22826910 0.10338307 0.03453839
v 0.22937281 0.11683744 0.04206995
v 0.20217678 0.11183559 0.04208193
v 0.20357151 0.12290321 0.05120471
v 0.20840770 0.12063296 0.05286176
v 0.20425341 0.09990542 0.03196941
v 0.22250819 0.10746334 0.04496110
v 0.21627246 0.11919530 0.05178881
v 0.21278720 0.11977240 0.05344497
v 0.21345374 0.10763945 0.04593011
v 0.22698733 0.03779767 -0.05033338
v 0.23287702 0.03731477 -0.05345155
v 0.24063049 0.03759187 -0.05699183
v 0.25043300 0.04185741 -0.06327181
v 0.23912376 0.03093461 -0.05259153
v 0.24152909 0.03569837 -0.06201215
v 0.22258954 0.03845328 -0.04716929
v 0.21969512 0.03832546 -0.04350255
v 0.22888109 0.03094210 -0.04477321
v 0.21745440 0.03792307 -0.02856150
v 0.21893635 0.03780241 -0.03836020
v 0.22268270 0.03150612 -0.03587478
v 0.24327987 0.06051397 0.03376662
v 0.23899861 0.05285047 0.02567497
v 0.23224080 0.04859671 0.01723180
v 0.23988807 0.04787527 0.02620814
v 0.26109830 0.07955014 0.04302432
v 0.24950115 0.07053193 0.04051807
v 0.24542053 0.06518444 0.04095107
v 0.24402410 0.06278022 0.04242446
v 0.25008792 0.06770144 0.04568062
v 0.25713882 0.07257424 0.04673853
v 0.28037870 0.09212007 0.03896133
v 0.27346343 0.08690747 0.04169112
v 0.27334762 0.08239135 0.04408709
v 0.30558750 0.10895402 0.02064266
v 0.30964962 0.11354947 0.00878300
v 0.31049046 0.11495805 0.00044670
v 0.31098107 0.11518256 -0.00728903
v 0.31208578 0.11117456 0.00758666
v 0.31112018 0.11438220 -0.01456235
v 0.31003547 0.11252400 -0.02151251
v 0.31439018 0.11025850 -0.00758516
v 0.29484501 0.11076774 0.02017532
v 0.28883445 0.09681538 -0.05324129
v 0.30759931 0.11090331 -0.02804873
v 0.29955691 0.10567898 -0.03993052
v 0.31158775 0.10801564 -0.02250531
v 0.29400876 0.09798032 -0.04761122
v 0.29372725 0.09834239 -0.04654349
v 0.28832525 0.08786808 -0.05681421
v 0.29244113 0.09342420 -0.05150084
v 0.28313312 0.08951887 -0.06040499
v 0.27825764 0.07951652 -0.06665487
v 0.28190476 0.08603070 -0.06043288
v 0.28402939 0.08168123 -0.06096545
v 0.27941042 0.07561278 -0.06454362
v 0.28659046 0.09529877 0.03692052
v 0.29211587 0.09853359 0.03457565
v 0.29880843 0.10147363 0.03110348
v 0.28799778 0.09257332 0.03878181
v 0.29993808 0.09897225 0.03270486
v 0.25922260 0.04864973 -0.06750195
v 0.26532406 0.05298231 -0.06928195
v 0.25682369 0.04116930 -0.06615461
v 0.27173713 0.05741375 -0.06970292
v 0.27560255 0.06722450 -0.06979895
v 0.27353078 0.06867001 -0.06893744
v 0.26917940 0.04791904 -0.06927309
v 0.27489471 0.06955758 -0.06711831
v 0.27016914 0.06377324 -0.06937306
v 0.21832281 0.03960203 -0.01388237
v 0.21321127 0.03642275 -0.01738714
v 0.22842035 0.03910044 0.00852078
v 0.21192253 0.03257721 -0.01791401
v 0.21310857 0.03348524 -0.01070190
v 0.21816900 0.05022296 -0.01232154
v 0.22161825 0.05281949 -0.00155487
v 0.21876454 0.04488843 -0.01288709
v 0.22653353 0.05033465 0.00819466
v 0.22681965 0.04482784 0.00815548
v 0.22283767 0.04198298 -0.00089375
v 0.00790336 0.28103131 -0.10295740
v 0.01633646 0.28189096 -0.10034938
v 0.00675799 0.30198672 -0.09759964
v 0.00037325 0.25899231 -0.10971469
v -0.00005366 0.26919717 -0.10734282
v -0.00074653 0.27950370 -0.10495638
v -0.00145890 0.28998125 -0.10281112
v -0.00957038 0.27610800 -0.10654539
v 0.17628664 0.02541891 0.01701341
v 0.17734064 0.03446331 0.01253988
v 0.17547229 0.03013879 0.03266071
v 0.17824802 0.04321275 0.03966872
v 0.18144822 0.04781093 0.03489164
v 0.18052438 0.04228448 0.02286514
v 0.15699744 0.00091711 0.09858212
v 0.15373206 0.01507455 0.11100852
v 0.15672708 0.02932062 0.10564397
v 0.16073215 0.03030293 0.09316790
v 0.16909784 0.01950631 0.05500455
v 0.16879955 0.00425282 0.05355372
v 0.16349138 0.03141883 0.08024883
v 0.16670230 0.03274544 0.06783438
v 0.16382679 0.01646336 0.08400477
v 0.18657528 0.10003749 0.03140115
v 0.18372281 0.09533432 0.03118506
v 0.18465278 0.08210021 0.00862077
v 0.18241440 0.07709990 0.00876322
v 0.18701829 0.09090140 0.02160233
v 0.18229808 0.08943263 0.03047821
v 0.18162279 0.07271769 0.00799817
v 0.18309864 0.08284375 0.02053356
v 0.23524538 0.07427267 0.00833120
v 0.22566003 0.07126254 0.00867195
v 0.22833346 0.09629624 0.03482571
v 0.22427747 0.09487744 0.03738863
v 0.21795510 0.07221493 0.00789368
v 0.20851882 0.07562290 0.00745482
v 0.20803341 0.08654170 0.02191411
v 0.21129109 0.09652975 0.03475222
v 0.21867004 0.09453954 0.03681281
v 0.22504947 0.08421278 0.02340682
v 0.18068878 0.06485476 0.03730039
v 0.18074675 0.06252445 0.02568276
v 0.18216240 0.05806697 0.02777496
v 0.00377144 -0.18142366 0.18696108
v 0.00121563 -0.17050752 0.18179174
v -0.00426573 -0.18684936 0.18820591
v -0.01325492 -0.21820271 0.18226357
v -0.00116936 -0.24197406 0.17935163
v -0.00508184 -0.25780353 0.17577709
v -0.00921718 -0.22962762 0.17968011
v -0.01873791 -0.22640245 0.17935705
v 0.09078474 -0.15647323 -0.10757358
v 0.07226843 -0.15432394 -0.11435230
v 0.07872568 -0.16347209 -0.11564698
v 0.06508430 -0.14218311 -0.10819688
v 0.05231170 -0.15160058 -0.11962626
v 0.03822258 -0.16802756 -0.12090337
v 0.03558738 -0.15806055 -0.12548614
v 0.03110925 -0.14878690 -0.12338773
v 0.01503013 -0.16321045 -0.12325094
v 0.08293980 -0.17335777 -0.11336961
v 0.06157139 -0.17171180 -0.11781210
v 0.04070510 -0.17957295 -0.11031993
v 0.18149474 -0.22031097 -0.01385485
v 0.18461895 -0.21164469 0.02358136
v 0.18262503 -0.20655996 -0.00278889
v 0.18715850 -0.23153944 0.02471534
v 0.18559061 -0.22135496 0.02385293
v 0.18517768 -0.22935572 -0.00000699
v 0.18290913 -0.21798071 -0.00141624
v 0.18404397 -0.21456794 0.01113946
v 0.18241549 -0.19522095 0.02133243
v 0.18275753 -0.20888518 0.03573732
v 0.18360263 -0.20278607 0.02643622
v 0.18076694 -0.19648695 0.03390629
v 0.18206568 -0.19274506 0.00843008
v 0.18108961 -0.18764034 0.01966996
v 0.17837581 -0.19059585 0.04409923
v 0.17897569 -0.19782306 0.04597460
v 0.18108323 -0.21148032 0.04837880
v 0.17662153 -0.21364777 0.06034207
v 0.18003944 -0.20441298 0.04764103
v 0.17516559 -0.20049661 0.05753743
v 0.17087612 -0.19685963 0.06655733
v 0.17191088 -0.20366079 0.06854033
v 0.17226344 -0.21622634 0.07160493
v 0.16606790 -0.22177340 0.08197515
v 0.17207500 -0.20979860 0.07031169
v 0.16716376 -0.20753132 0.07923584
v 0.15488334 -0.23328733 0.10034417
v 0.16050249 -0.22683121 0.09140579
v 0.16021842 -0.22138724 0.09030972
v 0.14693342 -0.23960146 0.10793038
v 0.13919847 -0.24580906 0.11488583
v 0.14789644 -0.23530172 0.10758203
v 0.12777983 -0.25596949 0.11970519
v 0.12636283 -0.25859633 0.11924209
v 0.11137617 -0.27040410 0.12923360
v 0.11899327 -0.26479501 0.12468243
v 0.13041860 -0.25278908 0.12027377
v 0.13215883 -0.24913459 0.12068199
v 0.12045924 -0.26060748 0.12485498
v 0.10360952 -0.27788147 0.13311695
v 0.11101052 -0.26786417 0.12892346
v 0.11248127 -0.26510599 0.12958230
v 0.08481996 -0.29865521 0.13587080
v 0.09504369 -0.28687546 0.13566199
v 0.09526633 -0.28376970 0.13650137
v 0.07542568 -0.30526188 0.13701953
v 0.06577961 -0.30893499 0.13921249
v 0.07647003 -0.30020848 0.13966721
v 0.03002730 -0.31618500 0.14521568
v 0.04969322 -0.31187287 0.14323793
v 0.05328133 -0.31090963 0.14377680
v 0.01539151 -0.32059708 0.14560360
v 0.00503827 -0.32144424 0.14574702
v 0.01924643 -0.31920284 0.14661123
v -0.01241860 -0.32168719 0.14526951
v -0.01239555 -0.31907922 0.14592034
v -0.01740407 -0.32074580 0.14441910
v -0.03381684 -0.31890354 0.14378962
v 0.10516383 0.27236468 0.04517844
v 0.10409253 0.28191182 0.03826991
v 0.12602516 0.25704223 0.04846650
v 0.11540717 0.25954753 0.04972526
v 0.11584012 0.27762854 0.03530182
v 0.05064179 0.32932347 -0.03112315
v 0.04647278 0.33875304 -0.02641507
v 0.07979014 0.31201577 -0.02998627
v 0.07074962 0.31785327 -0.02657373
v 0.06346450 0.31906283 -0.03218009
v 0.08129109 0.30803251 -0.04141212
v 0.05626636 0.32098204 -0.03623582
v 0.05005767 0.32473636 -0.03975717
v 0.06416345 0.31502631 -0.04171012
v 0.09495456 0.25456700 -0.10447331
v 0.10427301 0.25242963 -0.10397394
v 0.10475966 0.25976312 -0.09936381
v 0.08539256 0.25673640 -0.10446616
v 0.06554752 0.26992467 -0.10110554
v 0.06391750 0.27907312 -0.09778838
v 0.07600335 0.25891775 -0.10438882
v 0.08491459 0.26541689 -0.10065024
v 0.06194665 0.28764495 -0.09356708
v 0.08408967 0.27383325 -0.09624309
v 0.07382737 0.27667361 -0.09728020
v 0.10521338 0.26683849 -0.09437321
v 0.10561495 0.27382654 -0.08851860
v 0.09458723 0.27035251 -0.09473903
v 0.08274554 0.28174162 -0.09147992
v 0.03184224 0.34484667 -0.03933692
v 0.03991167 0.33766359 -0.03569650
v 0.02897795 0.35869095 -0.03102492
v 0.03053350 0.35244066 -0.03373898
v 0.03387541 0.34969032 -0.03169619
v 0.04423354 0.32930791 -0.04247646
v 0.04948439 0.32154143 -0.04927815
v 0.03907789 0.33363563 -0.04474162
v 0.02820868 0.34043273 -0.04774028
v 0.03385230 0.33729357 -0.04643781
v 0.03626544 0.32973966 -0.05357048
v 0.02255718 0.34349352 -0.04882953
v 0.01770664 0.34787369 -0.04867075
v 0.01310950 0.34751910 -0.05229461
v 0.02502560 0.33477223 -0.05521800
v 0.15663958 0.28004912 -0.04187386
v 0.14809799 0.28516063 -0.04185386
v 0.16640411 0.27664962 -0.04047290
v 0.16053161 0.27484596 -0.05047138
v 0.15491949 0.27326193 -0.06041667
v 0.16443203 0.27249444 -0.05928249
v 0.13694495 0.26891917 -0.07867306
v 0.14540479 0.27666169 -0.06108813
v 0.14974636 0.27048349 -0.06964014
v 0.11987835 0.23973745 -0.10430475
v 0.12880605 0.24377689 -0.09951475
v 0.12062053 0.24648291 -0.10053102
v 0.13607840 0.24153556 -0.09920520
v 0.13520432 0.23515365 -0.10291120
v 0.13455270 0.22868280 -0.10634328
v 0.14152358 0.22771817 -0.10720856
v 0.11949649 0.23267159 -0.10786408
v 0.11941180 0.22468087 -0.11074659
v 0.12753478 0.23055132 -0.10643936
v 0.13454957 0.22230692 -0.10967908
v 0.20328848 0.25789297 -0.02118454
v 0.21087141 0.24798951 -0.01249151
v 0.20706749 0.25352180 -0.01672279
v 0.20523195 0.25450137 -0.02841507
v 0.20284998 0.25498575 -0.03970978
v 0.20669925 0.24901621 -0.03590136
v 0.19899198 0.26060873 -0.04264786
v 0.20088744 0.25516868 -0.04951925
v 0.13703077 0.24836683 -0.09520414
v 0.13883734 0.25514382 -0.09051380
v 0.14373894 0.24022402 -0.09922679
v 0.08822008 0.15881422 -0.12237557
v 0.10063475 0.15225439 -0.12102646
v 0.11217220 0.15012622 -0.11954296
v 0.12129363 0.15066424 -0.11902730
v 0.10467800 0.15897492 -0.12121523
v 0.13816403 0.15205069 -0.11978511
v 0.13019359 0.15161905 -0.11906269
v 0.12285061 0.15924811 -0.12059744
v 0.16096169 0.15713950 -0.11596195
v 0.15963288 0.15616527 -0.11537253
v 0.16650905 0.14039339 -0.11075897
v 0.16249922 0.14809546 -0.11348636
v 0.15880674 0.15566561 -0.11549180
v 0.15428518 0.16301069 -0.11723853
v 0.15670237 0.15430027 -0.11658152
v 0.16225557 0.15948981 -0.11654791
v 0.15903938 0.16531581 -0.11707867
v 0.17100731 0.15365432 -0.11607625
v 0.16664334 0.15618923 -0.11563226
v 0.16287765 0.16359028 -0.11575608
v 0.20880279 0.23121473 0.02797337
v 0.20635501 0.23943716 0.02568160
v 0.20705692 0.21987601 0.03684805
v 0.19891383 0.19293165 0.05618387
v 0.19964503 0.18734257 0.05664364
v 0.20458192 0.20706035 0.04530539
v 0.20322342 0.21550995 0.04311100
v 0.20163828 0.17424510 0.05572544
v 0.20039709 0.18082708 0.05693864
v 0.20653117 0.19810477 0.04689556
v 0.20932379 0.18916894 0.04813655
v 0.20199348 0.19385076 0.05180804
v 0.18483298 0.14345771 -0.11032972
v 0.17733389 0.14355943 -0.11612561
v 0.17940331 0.13711411 -0.11504337
v 0.18221930 0.14425002 -0.11450042
v 0.18388510 0.13809285 -0.11332493
v 0.17544271 0.14992654 -0.11672502
v 0.17320971 0.15667954 -0.11679415
v 0.18104225 0.15043536 -0.11521588
v 0.17914154 0.14639556 -0.11646494
v 0.12268703 0.29015234 -0.05161143
v 0.12902258 0.29270700 -0.04122005
v 0.13833804 0.28908300 -0.04138551
v 0.14197052 0.28310466 -0.05178238
v 0.13673699 0.27954885 -0.06136018
v 0.20238671 0.24809501 -0.05579426
v 0.19892433 0.25434443 -0.05870801
v 0.19816040 0.24160223 -0.07269745
v 0.19342932 0.24423401 -0.07385249
v 0.19212028 0.23759577 -0.07933916
v 0.19306889 0.25654128 -0.06080496
v 0.19477928 0.25042361 -0.06746144
v 0.18739690 0.24743351 -0.07336515
v 0.19366337 0.23006617 -0.08488405
v 0.18839848 0.22986780 -0.08381818
v 0.19064926 0.21604338 -0.09313596
v 0.18303058 0.20961221 -0.09704891
v 0.18108274 0.23178729 -0.08628026
v 0.18635492 0.22246940 -0.08846304
v 0.18447320 0.21583383 -0.09320758
v 0.17696474 0.21752937 -0.09564260
v 0.18428575 0.15495668 -0.11208401
v 0.18060136 0.15629493 -0.11504643
v 0.17089498 0.16311246 -0.11592284
v 0.17614083 0.15893006 -0.11661978
v 0.18042469 0.16203296 -0.11457691
v 0.21518986 0.22971760 0.01232495
v 0.21492757 0.23590223 0.00170316
v 0.22468795 0.21767765 0.00540637
v 0.22377351 0.22192040 -0.00594608
v 0.21952976 0.22051823 0.01403820
v 0.17149477 0.27767944 -0.02924988
v 0.17577496 0.27788198 -0.01641524
v 0.17497984 0.27606851 -0.03951919
v 0.18486767 0.27290747 -0.02451386
v 0.17857376 0.27600956 -0.00343301
v 0.18768020 0.27346522 -0.01118837
v 0.18243773 0.27483979 -0.01454754
v 0.19343248 0.27166724 -0.00789168
v 0.18937607 0.27207065 0.00277379
v 0.23580149 0.07589184 0.00438690
v 0.23007751 0.09877038 0.02959609
v 0.23263122 0.10147183 0.02428903
v 0.23408677 0.08977206 0.01022700
v 0.23244038 0.08534317 0.02090609
v 0.23235348 0.07005247 -0.03183563
v 0.23643830 0.06894566 -0.01444020
v 0.23343907 0.08510571 -0.02492276
v 0.23450857 0.08750362 -0.00828168
v 0.23863310 0.08298758 -0.00131657
v 0.22442341 0.07001904 -0.04702419
v 0.22081849 0.08322227 -0.05297396
v 0.22000021 0.07334054 -0.06180926
v 0.22676329 0.08398509 -0.03927062
v 0.22900102 0.07557043 -0.03584652
v 0.19235615 0.09856042 -0.09461230
v 0.18982989 0.10865164 -0.09962744
v 0.18697025 0.10752713 -0.09816768
v 0.19053997 0.09774481 -0.09440169
v 0.20385754 0.08765659 -0.07953539
v 0.20339510 0.09394212 -0.07717108
v 0.21356949 0.08810533 -0.06295609
v 0.20743784 0.09235156 -0.07068039
v 0.21241590 0.07856768 -0.07250543
v 0.21774742 0.08113462 -0.06230156
v 0.21368821 0.14203033 0.05462511
v 0.20797370 0.14533184 0.05738310
v 0.20560776 0.15725750 0.05564916
v 0.21738723 0.15321185 0.05419193
v 0.21871606 0.14620417 0.05430244
v 0.21933915 0.17085195 0.04825516
v 0.20541686 0.16735098 0.05376820
v 0.21806261 0.16106465 0.05276833
v 0.21338058 0.17985156 0.04749905
v 0.20645334 0.17767601 0.05098802
v 0.21137287 0.16051374 0.05340597
v 0.18475986 0.27180251 0.01405642
v 0.19025871 0.26780736 0.01580114
v 0.19416879 0.26332071 0.01779853
v 0.19000094 0.26117849 0.02753572
v 0.21418004 0.23972371 -0.00997959
v 0.21964063 0.22680302 -0.02666348
v 0.22208117 0.22497919 -0.01666396
v 0.21219437 0.24159227 -0.02129214
v 0.21849303 0.23089261 -0.00816905
v 0.21350177 0.22648279 -0.04645014
v 0.21663243 0.22700760 -0.03668491
v 0.20936985 0.24133328 -0.03287093
v 0.20659125 0.24114071 -0.04340459
v 0.21402881 0.23375481 -0.02990320
v 0.18165749 0.12957251 -0.08658081
v 0.18584394 0.12641509 -0.08741944
v 0.18066117 0.13201270 -0.09153441
v 0.18483777 0.13568722 -0.10142390
v 0.18186060 0.12773962 -0.08921143
v 0.17996536 0.13652205 -0.09432448
v 0.17983565 0.14171365 -0.09657134
v 0.18509233 0.14765655 -0.10520500
v 0.18472414 0.14147072 -0.10324557
v 0.18187138 0.13692462 -0.09704558
v 0.18050423 0.12833504 -0.11174057
v 0.17914495 0.12788692 -0.11041319
v 0.18477961 0.11498615 -0.10149294
v 0.18609360 0.11567948 -0.10375875
v 0.18211460 0.13001281 -0.11329095
v 0.18849377 0.11788806 -0.10406414
v 0.18609886 0.13220894 -0.11079905
v 0.18326749 0.13352361 -0.11397272
v 0.18759656 0.11662200 -0.10506483
v 0.18547462 0.12310061 -0.10935581
v 0.17715749 0.27275169 -0.04706824
v 0.18743359 0.26908183 -0.03284669
v 0.18160677 0.27238649 -0.03610737
v 0.20367947 0.21684575 -0.07088754
v 0.19873266 0.22938305 -0.07723701
v 0.20714806 0.22084810 -0.06363773
v 0.21032290 0.22400548 -0.05544303
v 0.20418347 0.24032432 -0.05320451
v 0.20223454 0.24022064 -0.06281877
v 0.20041509 0.23483284 -0.07034407
v 0.20842646 0.23280130 -0.05001506
v 0.20216538 0.22684109 -0.06974825
v 0.16812742 0.21905684 -0.09795271
v 0.17064328 0.22707301 -0.09442185
v 0.14774470 0.23331994 -0.10364151
v 0.14962462 0.23989025 -0.09939852
v 0.15770870 0.22979899 -0.09933711
v 0.15221943 0.24669132 -0.09464727
v 0.16031584 0.23635617 -0.09410539
v 0.15517996 0.23932083 -0.09822553
v 0.17630991 0.24190694 -0.08418034
v 0.17308274 0.23479246 -0.08984704
v 0.16640450 0.23533708 -0.09163512
v 0.16307855 0.24344362 -0.08864067
v 0.18832873 0.18481396 -0.09630799
v 0.18979311 0.19150974 -0.09396917
v 0.19142459 0.19803663 -0.09063749
v 0.19413424 0.21541908 -0.09397188
v 0.19190732 0.20952402 -0.09789957
v 0.19456212 0.19906732 -0.09913969
v 0.14643103 0.22676444 -0.10760063
v 0.14606270 0.22033004 -0.11089427
v 0.15122908 0.22548035 -0.10656180
v 0.16611037 0.21186890 -0.10187326
v 0.16127586 0.22070700 -0.10034148
v 0.15527138 0.22287571 -0.10373502
v 0.15374921 0.21606573 -0.10740593
v 0.17987263 0.14730476 -0.09837171
v 0.18570417 0.15352099 -0.10684194
v 0.18695918 0.15902223 -0.10810694
v 0.18179928 0.14819261 -0.10103078
v 0.17260289 0.27822691 0.00973389
v 0.16238654 0.27769029 0.02255135
v 0.17947614 0.27452210 0.01118685
v 0.17933974 0.27028236 0.02409542
v 0.15036200 0.25762782 0.04764172
v 0.14343342 0.27332732 0.03196023
v 0.15171757 0.27435181 0.02985570
v 0.16023804 0.27089444 0.03313491
v 0.16916832 0.24843360 0.04899968
v 0.16018853 0.25391382 0.05019276
v 0.17777073 0.26247397 0.03389472
v 0.17101926 0.26797539 0.03332197
v 0.15993348 0.26300758 0.04231173
v 0.18113214 0.23682082 0.04991306
v 0.17489940 0.24266259 0.04892460
v 0.18377504 0.25726104 0.03525482
v 0.18848915 0.25204271 0.03729548
v 0.17666778 0.25309205 0.04199257
v 0.19068578 0.22249661 0.05320622
v 0.18687725 0.23064709 0.05154308
v 0.19196847 0.24581458 0.03823882
v 0.18738382 0.24150434 0.04470412
v 0.19481726 0.21324621 0.05449522
v 0.19775754 0.20246494 0.05571560
v 0.20114951 0.22342744 0.04136514
v 0.19952741 0.20893478 0.04922505
v 0.19475010 0.22685072 0.04769668
v 0.14287996 0.25529662 0.04849977
v 0.13530877 0.25560829 0.04800726
v 0.13609552 0.27349383 0.03195283
v 0.12699689 0.27474764 0.03322957
v 0.12678136 0.26565778 0.04139490
v 0.14329484 0.26419264 0.04105139
v 0.18686925 0.11810018 -0.08215463
v 0.18420179 0.12228765 -0.08311391
v 0.18979095 0.12362575 -0.08867510
v 0.18646598 0.12264895 -0.08576262
v 0.18758385 0.11911962 -0.08435120
v 0.19549674 0.10921807 -0.08399135
v 0.19150741 0.11306196 -0.08286089
v 0.18917453 0.11601548 -0.08365165
v 0.19219546 0.11629067 -0.08616054
v 0.24490543 0.10474131 -0.07907716
v 0.25418276 0.09698793 -0.07553282
v 0.26407975 0.10607851 -0.07136656
v 0.26499972 0.12199506 -0.06868844
v 0.03127339 0.26150849 0.07144763
v 0.03129188 0.25372773 0.07521793
v 0.03107556 0.24494913 0.07896653
v 0.03093878 0.23544787 0.08319741
v 0.02325140 0.25134727 0.07855214
v 0.26528010 0.11091858 0.03941720
v 0.27007529 0.11770416 0.03703283
v 0.26330978 0.12674516 0.03630575
v 0.25020379 0.11839996 0.04350381
v 0.25413737 0.12670241 0.04062399
v 0.26032653 0.10466125 0.04060124
v 0.25473696 0.09880318 0.03979880
v 0.24576059 0.09876895 0.03890885
v 0.24139309 0.10600685 0.04035569
v 0.24589145 0.11115459 0.04257882
v 0.25532824 0.11125969 0.04177153
v 0.28596148 0.13786073 0.00956831
v 0.29039255 0.13760616 0.00074541
v 0.28783020 0.14261495 -0.00981030
v 0.27766475 0.14642796 0.01075629
v 0.27010891 0.15880308 0.00528170
v 0.26909149 0.16325720 -0.00570179
v 0.28353843 0.14653739 -0.02192228
v 0.26681617 0.16726159 -0.01648109
v 0.26159680 0.17131074 -0.02722747
v 0.27663618 0.15076247 -0.03549935
v 0.27702841 0.15488324 -0.01387760
v 0.05531384 -0.10564318 0.16618496
v 0.07077944 -0.10388827 0.16080503
v 0.05535324 -0.11872131 0.17388621
v 0.08270328 -0.13344562 0.16303682
v 0.06754542 -0.13588266 0.16761671
v 0.16340527 -0.05864579 -0.06619647
v 0.17303146 -0.05339065 -0.06383125
v 0.17050835 -0.03864164 -0.06787929
v 0.15731287 -0.03590044 -0.08836824
v 0.16774377 -0.01896788 -0.07273814
v 0.15101761 0.00104367 -0.08890022
v 0.15238011 -0.01736505 -0.08905398
v 0.16271353 -0.02781602 -0.08039667
v 0.07065886 0.03113483 -0.13271865
v 0.08490974 0.02647210 -0.12846147
v 0.07180716 -0.00735361 -0.13198066
v 0.09791645 0.02092264 -0.12288553
v 0.08784276 -0.01307744 -0.12842426
v 0.10209452 -0.01898136 -0.12396426
v 0.11379921 -0.00624589 -0.12133992
v 0.11115711 0.01413555 -0.11784866
v 0.08558814 0.00683600 -0.12854412
v 0.16642950 -0.06756430 0.06059743
v 0.17704405 -0.06679639 0.03083296
v 0.18537119 -0.06956571 0.03683844
v 0.18546207 -0.09179906 0.04802400
v 0.18327151 -0.09582418 0.06169470
v 0.18181799 -0.08547173 0.07404705
v 0.17528149 -0.07469447 0.06783018
v 0.18665829 -0.08035786 0.04340034
v 0.17802970 -0.07331729 0.05172548
v 0.14034335 -0.05378607 0.13370301
v 0.14852829 -0.06798732 0.12149650
v 0.14717957 -0.08037840 0.12128183
v 0.13971467 -0.10633349 0.12465638
v 0.12828551 -0.10475057 0.13495822
v 0.14127512 -0.09362940 0.11977163
v 0.13472916 -0.08011316 0.13029324
v 0.17047381 -0.12195519 0.08137962
v 0.15949813 -0.12361453 0.09282622
v 0.17499304 -0.11261918 0.07870383
v 0.15554200 -0.11531668 0.10418148
v 0.15741649 -0.10585852 0.09992833
v 0.16719338 -0.10337173 0.08759119
v 0.13280641 -0.09253424 -0.09471685
v 0.11261585 -0.07913448 -0.09717333
v 0.11154107 -0.04203578 -0.10745023
v 0.11070639 -0.05969001 -0.10065807
v 0.12608254 -0.03171585 -0.10802284
v 0.13600697 -0.03702977 -0.09947817
v 0.12420303 -0.06662802 -0.09302934
v 0.15416682 -0.06766708 -0.07063809
v 0.14828356 -0.04603832 -0.09047895
v 0.15750772 -0.05355304 -0.07883154
v 0.13514535 -0.07188676 -0.08397895
v 0.13517123 -0.05558069 -0.09114053
v 0.15783674 -0.09815496 -0.06472579
v 0.14388862 -0.09566073 -0.08519849
v 0.15491183 -0.09831075 -0.07676020
v 0.15465589 -0.08253208 -0.06721311
v 0.13705276 -0.08973768 -0.08143917
v 0.14625609 -0.07817553 -0.07633371
v 0.05591864 -0.02189930 -0.13461415
v 0.05654975 -0.00317523 -0.13515240
v 0.03883443 0.03947236 -0.13846773
v 0.05478870 0.03604098 -0.13590464
v 0.05618212 0.01569748 -0.13657650
v 0.04049709 0.00113857 -0.13928911
v 0.18058534 -0.02163087 0.00427740
v 0.17862350 -0.02334986 0.01973408
v 0.17398331 -0.05035760 0.01362755
v 0.17842376 -0.04672977 -0.00048519
v 0.18041894 -0.01927963 -0.00891224
v 0.17921376 -0.01535139 -0.02181951
v 0.18041785 -0.03519763 -0.02744751
v 0.17985213 -0.04187954 -0.01447298
v 0.17820668 -0.03174823 -0.00506894
v 0.17452031 0.01724344 -0.07353299
v 0.17352247 -0.01203460 -0.06662983
v 0.17834324 0.00926073 -0.06151264
v 0.16686115 -0.00108473 -0.07732780
v 0.16857043 0.02541660 -0.08408853
v 0.16217978 0.03467838 -0.09335966
v 0.15091403 0.01850063 -0.09058151
v 0.16044299 0.00832304 -0.08458684
v 0.16774863 0.01300020 -0.08026312
v 0.11732027 0.07593412 -0.11337333
v 0.13105683 0.06661190 -0.10944111
v 0.10785666 0.05185628 -0.11695673
v 0.10543465 0.06977713 -0.11640838
v 0.12090787 0.04428171 -0.11184303
v 0.15412390 0.04450724 -0.10112817
v 0.14371033 0.05502183 -0.10611507
v 0.13218072 0.03593890 -0.10572220
v 0.14154205 0.02723017 -0.09829971
v 0.15254520 0.03305147 -0.09482070
v 0.13217661 0.05194977 -0.10742739
v 0.13353145 -0.04185163 0.14658155
v 0.10617989 -0.03973413 0.16078594
v 0.12239749 -0.02598185 0.15332267
v 0.12983391 -0.05546851 0.14428242
v 0.09220273 -0.02430862 0.16178599
v 0.08787550 0.00601846 0.17395820
v 0.10262749 0.00612807 0.16853711
v 0.08195341 -0.01084924 0.17010716
v 0.11160766 -0.00988568 0.16058898
v 0.10777953 -0.02513517 0.15835109
v 0.17561831 -0.02392119 0.03588507
v 0.17394459 -0.05227441 0.02647370
v 0.17374708 -0.05394945 0.04061908
v 0.17350784 -0.03718716 0.02308094
v 0.03764590 -0.05024850 0.17043151
v 0.04096505 -0.03753332 0.17102471
v 0.02747386 -0.02419115 0.17712356
v 0.02079599 -0.05161505 0.17063582
v 0.01041956 -0.02371510 0.17655700
v 0.06005551 0.12178456 -0.12526588
v 0.04823329 0.10171363 -0.12961257
v 0.06279749 0.09932080 -0.12785535
v 0.07416008 0.12195513 -0.12411495
v 0.07632349 0.09586295 -0.12526970
v 0.10319998 0.09673248 -0.12021908
v 0.10314568 0.10826164 -0.12148389
v 0.09029813 0.09101610 -0.12210089
v 0.08889330 0.12025962 -0.12297893
v 0.07110681 0.11024956 -0.12498435
v 0.17702574 -0.01010614 -0.03430456
v 0.18139398 -0.02883346 -0.04086126
v 0.17907272 -0.02206668 -0.05394165
v 0.17729396 0.00013163 -0.04815746
v 0.17773856 -0.02297748 -0.03144246
v 0.17720672 -0.00481939 -0.05802467
v 0.03860386 0.19602360 0.09970376
v 0.04823883 0.15815213 0.12293361
v 0.04064691 0.15529254 0.12459549
v 0.03870888 0.17380501 0.11112031
v 0.05622327 0.16055398 0.12156450
v 0.06414189 0.16263199 0.12037633
v 0.04698477 0.17659585 0.10897039
v 0.04717564 0.16723239 0.11590870
v 0.06373884 0.19303751 0.09974483
v 0.05538658 0.20192160 0.09458542
v 0.04702250 0.19904219 0.09653823
v 0.04690747 0.18759076 0.10263791
v 0.05517187 0.17933473 0.10732126
v 0.07169177 0.18375739 0.10497545
v 0.07197979 0.16435459 0.11943709
v 0.07984521 0.16545762 0.11802926
v 0.06346671 0.17196484 0.11321217
v 0.06345903 0.18172786 0.10619111
v 0.08974497 0.18637909 0.10210954
v 0.08036352 0.18520410 0.10352033
v 0.08818404 0.16661911 0.11672957
v 0.07960454 0.17531107 0.11089120
v 0.09938400 0.18732823 0.10086673
v 0.10860348 0.18745537 0.09906056
v 0.09786763 0.17791143 0.10878731
v 0.16113080 0.17161328 0.08179133
v 0.15457153 0.17597136 0.08511090
v 0.13830534 0.18259877 0.09126798
v 0.14671528 0.17960705 0.08828433
v 0.15188885 0.16746466 0.09087414
v 0.18273695 0.14751750 0.06978540
v 0.17833318 0.15413727 0.07283252
v 0.18305254 0.13585980 0.06666140
v 0.17219907 0.16090117 0.07545077
v 0.16680275 0.16676411 0.07854301
v 0.16391172 0.15964735 0.08332415
v 0.17481174 0.14840329 0.07579469
v 0.18189023 0.12485071 0.06197535
v 0.18033695 0.11467311 0.05730641
v 0.17996833 0.12698825 0.06619671
v 0.18011424 0.10435429 0.05167795
v 0.17847736 0.10933537 0.05729110
v 0.18170203 0.06849965 0.02525269
v 0.18090175 0.07313161 0.03422593
v 0.18227865 0.08888952 0.04387007
v 0.18262748 0.09511112 0.03921710
v 0.18166454 0.10011101 0.04576430
v 0.18127264 0.08334161 0.02926479
v 0.18104900 0.09402405 0.04462002
v 0.18392132 0.08382579 0.03591930
v 0.17469297 0.09416834 0.06208720
v 0.17896260 0.07351534 0.04677277
v 0.17645591 0.08226161 0.05597322
v 0.17946571 0.07513588 0.04135817
v 0.17997222 0.09339482 0.05159891
v 0.17868549 0.08328442 0.04262333
v 0.17386469 0.10514583 0.06902500
v 0.17164327 0.11529402 0.07470911
v 0.17685863 0.12540871 0.06961840
v 0.17756341 0.11604299 0.06339699
v 0.17745489 0.10453831 0.05839106
v 0.17736425 0.09942847 0.06018666
v 0.16989481 0.12538175 0.07949492
v 0.17538123 0.13527036 0.07481866
v 0.17155561 0.14270310 0.07902899
v 0.17370093 0.12367316 0.07368904
v 0.04246110 0.10594136 0.15776607
v 0.03941485 0.11977085 0.14959632
v 0.04341258 0.09059458 0.16666533
v 0.03770331 0.07553247 0.17241143
v 0.03327803 0.10246584 0.16174714
v 0.03087475 0.26837525 0.06733718
v 0.03029404 0.27423131 0.06333762
v 0.02305300 0.26648152 0.07037126
v 0.01265529 0.33321631 -0.06782964
v 0.00965440 0.34855095 -0.05523109
v 0.00641514 0.34930658 -0.05844310
v 0.01428838 0.33923054 -0.05838395
v 0.00386971 0.33498925 -0.07442282
v 0.00862138 0.33442271 -0.07110514
v 0.00254622 0.34963691 -0.06191815
v -0.00248655 0.34928983 -0.06549101
v 0.00738565 0.34126964 -0.06452237
v -0.00178333 0.32032797 -0.09192996
v -0.00182893 0.32828909 -0.08506521
v -0.00196931 0.33486718 -0.07785369
v -0.00845767 0.34731251 -0.06860548
v -0.00217785 0.34151453 -0.07126695
v -0.00893967 0.33350685 -0.08147967
v 0.08228440 0.30396229 -0.05270784
v 0.07277004 0.30934951 -0.04721789
v 0.06363052 0.31109837 -0.05209266
v 0.05556060 0.31449348 -0.05604193
v 0.04784200 0.31845871 -0.05936656
v 0.06227727 0.30896723 -0.06248676
v 0.03974936 0.32239932 -0.06078679
v 0.03159676 0.32728630 -0.05955528
v 0.02572881 0.32822281 -0.06201098
v 0.04676142 0.31478789 -0.06746072
v 0.01936277 0.32570091 -0.07270845
v 0.02065349 0.33013108 -0.06311412
v 0.01657029 0.33170211 -0.06502870
v 0.02998021 0.32207054 -0.06969299
v 0.16288124 -0.01279218 0.08386452
v 0.17043751 -0.01097852 0.05226322
v 0.16431497 0.00163300 0.08484735
v 0.16661061 0.00270428 0.06947496
v 0.17461134 -0.02502127 0.05284649
v 0.03220240 0.28237590 -0.09628818
v 0.03007122 0.29228854 -0.09350049
v 0.02466251 0.28215453 -0.09768166
v 0.02117189 0.30213597 -0.09174053
v 0.01440298 0.30243117 -0.09450202
v 0.01545778 0.29235631 -0.09757720
v 0.03407717 0.30093521 -0.08965833
v 0.04139096 0.29978359 -0.08908309
v 0.02495264 0.31048596 -0.08529626
v 0.02228916 0.31894666 -0.07953606
v 0.02803032 0.31729597 -0.07776539
v 0.04964259 0.29830983 -0.08900540
v 0.05915528 0.29586279 -0.08835812
v 0.04178773 0.31329679 -0.07575329
v 0.03453519 0.31549701 -0.07668405
v 0.03835173 0.30797690 -0.08294363
v 0.06945083 0.29268265 -0.08718609
v 0.08086520 0.28884578 -0.08474504
v 0.07004324 0.30304229 -0.06910311
v 0.05776437 0.30776969 -0.07090922
v 0.05001872 0.31001019 -0.07465152
v 0.05522738 0.30336583 -0.08059191
v 0.10407980 0.29233190 -0.05980978
v 0.09300550 0.29778421 -0.05807142
v 0.10677183 0.27984381 -0.08073902
v 0.09359767 0.28457987 -0.08147499
v 0.08249573 0.29956922 -0.06429718
v 0.08072983 0.29472476 -0.07467058
v 0.11649749 0.28804362 -0.06201012
v 0.11803344 0.27577204 -0.07987440
v 0.12819183 0.27314931 -0.07966871
v 0.13213414 0.27760196 -0.07115421
v 0.12704745 0.28309947 -0.06146298
v 0.11049239 0.28505608 -0.07226154
v 0.14165510 0.26116937 -0.08455391
v 0.15526134 0.26515993 -0.07642460
v 0.14519423 0.26618195 -0.07760058
v 0.14809634 0.25381908 -0.08984861
v 0.15558249 0.25325766 -0.08898615
v 0.16316266 0.26396865 -0.07483105
v 0.16145237 0.25278097 -0.08722515
v 0.16615291 0.25015628 -0.08281250
v 0.15913351 0.25886312 -0.08220183
v 0.17259192 0.27011043 -0.05689804
v 0.16785711 0.26808667 -0.06646165
v 0.17761819 0.26854792 -0.05353563
v 0.16843139 0.26225492 -0.07211494
v 0.19099841 0.26055044 -0.05481061
v 0.18726045 0.25740901 -0.06337503
v 0.18479086 0.26359254 -0.05008948
v 0.17987663 0.26357904 -0.05992603
v 0.17977655 0.24803178 -0.07795900
v 0.18364608 0.25330755 -0.07133212
v 0.17382847 0.24904533 -0.08050438
v 0.16980506 0.25669891 -0.07651281
v 0.17472447 0.26098695 -0.06860159
v 0.18259950 0.25770399 -0.06582531
v 0.23461100 0.19649307 -0.04593195
v 0.23976678 0.19477552 -0.03709751
v 0.24691923 0.18601668 -0.03653288
v 0.25442326 0.17666496 -0.03690507
v 0.26148003 0.16728464 -0.03855866
v 0.24685141 0.18090168 -0.04608638
v 0.26805893 0.15168053 -0.04956322
v 0.26644254 0.15919948 -0.04267228
v 0.25669050 0.16533624 -0.05129420
v 0.26602367 0.13531889 -0.06421047
v 0.26768276 0.14451312 -0.05726355
v 0.25673270 0.12767027 -0.07291275
v 0.25856391 0.15003204 -0.06298937
v 0.23713467 0.11174390 -0.08267025
v 0.24753001 0.11922099 -0.07888567
v 0.24845736 0.13293307 -0.07677152
v 0.22653431 0.10698319 -0.08470482
v 0.21656017 0.10488354 -0.08548561
v 0.23100418 0.11796974 -0.08497183
v 0.20751472 0.10474971 -0.08669700
v 0.20102210 0.10738317 -0.08559389
v 0.19901823 0.11084313 -0.08686309
v 0.21317936 0.11081380 -0.08825721
v 0.18724440 0.11978310 -0.08936276
v 0.18713680 0.11923350 -0.08383951
v 0.18367638 0.12474134 -0.08666049
v 0.18395266 0.12743221 -0.09295776
v 0.18557605 0.12172414 -0.08378172
v 0.18854363 0.11938662 -0.10094587
v 0.18784392 0.12009998 -0.09575999
v 0.18637416 0.13195385 -0.10584176
v 0.18534461 0.13017467 -0.09937684
v 0.18763439 0.12588318 -0.10708457
v 0.18617381 0.12507218 -0.09592598
v 0.17840038 0.12780562 -0.10918478
v 0.18407470 0.11426442 -0.09903173
v 0.18409960 0.11485627 -0.10009273
v 0.17787148 0.12720892 -0.10812736
v 0.18274984 0.12145651 -0.10629062
v 0.18365203 0.11363233 -0.09785859
v 0.18231507 0.11298234 -0.09645060
v 0.17698756 0.12616862 -0.10654914
v 0.18162046 0.12008646 -0.10419315
v 0.16304475 0.09128932 -0.09321582
v 0.16607729 0.09321526 -0.08848230
v 0.16733308 0.09992287 -0.08935450
v 0.15945882 0.11592384 -0.10445109
v 0.15586700 0.11290646 -0.10855108
v 0.16882318 0.10327651 -0.08736967
v 0.16314621 0.11614629 -0.09960488
v 0.16436198 0.10854026 -0.09594736
v 0.15821363 0.08247172 -0.10132921
v 0.16176362 0.08709387 -0.09782769
v 0.14888923 0.09278993 -0.10785957
v 0.14400360 0.10769659 -0.11033451
v 0.15009242 0.11074810 -0.10916936
v 0.15866154 0.10051109 -0.10337671
v 0.15541393 -0.15972057 -0.06017209
v 0.15455925 -0.18113467 -0.06722614
v 0.17197232 -0.15990564 -0.03739962
v 0.16405267 -0.15976693 -0.04827823
v 0.16028945 -0.16946113 -0.05250963
v 0.17288132 -0.19874816 -0.02866051
v 0.16309780 -0.18943630 -0.05560688
v 0.16080920 -0.17974228 -0.05548251
v 0.16718616 -0.17924289 -0.04354452
v 0.04245331 -0.12750416 -0.10975938
v 0.07838234 -0.13050109 -0.09933173
v 0.06001728 -0.12906177 -0.10385661
v 0.05852846 -0.11152922 -0.10665098
v 0.17720994 -0.16877019 0.04937110
v 0.17527828 -0.17399105 0.06125029
v 0.17793608 -0.18337911 0.04189426
v 0.17497891 -0.18578789 0.05351760
v 0.17916842 -0.16517635 0.03669920
v 0.18030033 -0.16418363 0.02352331
v 0.17897920 -0.18184011 0.03005033
v 0.17923638 -0.17899597 0.01746706
v 0.17730276 -0.17515701 0.03948753
v 0.18290053 -0.16260645 0.00979019
v 0.18397132 -0.16161798 -0.00342458
v 0.17967553 -0.17914696 0.00462746
v 0.17954044 -0.17153308 0.01393194
v 0.18056376 -0.16097720 -0.01393129
v 0.17721011 -0.16014630 -0.02529969
v 0.17298432 -0.16963029 -0.02970099
v 0.17808464 -0.17039347 -0.01060560
v 0.17080808 -0.17827532 0.07180782
v 0.16404110 -0.18294698 0.08150894
v 0.17122796 -0.18917178 0.06436266
v 0.16665722 -0.19344455 0.07504224
v 0.17278580 -0.18164788 0.06260140
v 0.08900805 -0.24959072 0.15084971
v 0.07679660 -0.25729129 0.15590529
v 0.09994492 -0.24208127 0.14497721
v 0.10994667 -0.23476598 0.13966183
v 0.09983245 -0.25484344 0.14390336
v 0.00741372 -0.28256279 0.16579446
v 0.02270751 -0.27892163 0.16582653
v 0.03695942 -0.27482733 0.16471252
v 0.02362464 -0.29249033 0.16188788
v 0.15907146 -0.18880014 0.09178258
v 0.15322869 -0.19535284 0.10136064
v 0.16237909 -0.19879645 0.08559391
v 0.16234371 -0.19095139 0.08352880
v 0.05074751 -0.26983863 0.16285931
v 0.06383621 -0.26421338 0.15988331
v 0.07744092 -0.27019989 0.15309773
v 0.05192069 -0.28312096 0.15897796
v 0.11921010 -0.22792196 0.13268559
v 0.12887573 -0.22078750 0.12574711
v 0.11928406 -0.23769675 0.13289824
v 0.13896737 -0.21160373 0.11904587
v 0.14683454 -0.20240927 0.11081790
v 0.15244816 -0.20367339 0.10317074
v 0.13619365 -0.22180375 0.11906034
v 0.14990620 -0.14941561 -0.06073236
v 0.14551322 -0.13768102 -0.06137602
v 0.13464206 -0.13614950 -0.07062504
v 0.14493018 -0.15993807 -0.07031401
v 0.12349899 -0.13458085 -0.08032157
v 0.10081854 -0.14500172 -0.09776586
v 0.10705657 -0.15817240 -0.09870966
v 0.12825963 -0.14770877 -0.08099167
v 0.12153315 -0.11969659 -0.08298172
v 0.12098882 -0.10535824 -0.08539456
v 0.09583104 -0.13200296 -0.09542196
v 0.09217471 -0.11572299 -0.09530949
v 0.11065674 -0.13272130 -0.08947786
v 0.04372160 0.16708951 -0.12106282
v 0.03147096 0.16701330 -0.11913373
v 0.05618829 0.16735989 -0.12240641
v 0.06839962 0.16756380 -0.12316535
v 0.05155762 0.17660369 -0.12067924
v 0.07941680 0.16755693 -0.12326805
v 0.08901285 0.16764456 -0.12330537
v 0.07395000 0.17666394 -0.12329438
v 0.10053220 0.19313271 -0.12401623
v 0.11561851 0.16718467 -0.12163956
v 0.12575169 0.16529858 -0.12099491
v 0.10453878 0.18450628 -0.12379177
v 0.11254927 0.18405387 -0.12340026
v 0.09778818 0.16763425 -0.12259524
v 0.10685913 0.16746038 -0.12217449
v 0.09025938 0.17650217 -0.12350514
v 0.09608432 0.18508221 -0.12416403
v 0.10713880 0.17598724 -0.12283374
v 0.13980547 0.19328968 -0.11786669
v 0.15368971 0.17120838 -0.11872446
v 0.15700015 0.17268986 -0.11769089
v 0.14200230 0.18515304 -0.11915246
v 0.14796077 0.18641603 -0.11895225
v 0.14972442 0.16998881 -0.11884291
v 0.14597937 0.16929869 -0.11958890
v 0.13611373 0.18432683 -0.11871766
v 0.14530066 0.17726590 -0.11942337
v 0.15789488 0.17453934 -0.11633372
v 0.15250434 0.18661697 -0.11743639
v 0.15468121 0.17988372 -0.11798050
v 0.16004683 0.17106172 -0.11588398
v 0.16463622 0.16759579 -0.11502313
v 0.16892491 0.16948082 -0.11450568
v 0.15743232 0.17837238 -0.11539832
v 0.17467667 0.17041455 -0.11411425
v 0.16919868 0.17482172 -0.11291328
v 0.18583205 0.16592675 -0.11200717
v 0.18045160 0.16762370 -0.11363926
v 0.18075886 0.17294203 -0.11269911
v 0.18844500 0.20538926 -0.09930138
v 0.18204612 0.20335986 -0.10080253
v 0.19181590 0.19617049 -0.10492327
v 0.19212040 0.20286477 -0.10154968
v 0.17368205 0.20395377 -0.10298061
v 0.16477902 0.20485848 -0.10486964
v 0.18125427 0.19698860 -0.10424581
v 0.12037326 0.21670622 -0.11343215
v 0.12845762 0.21624520 -0.11229517
v 0.13094218 0.20037355 -0.11664300
v 0.13789850 0.20097426 -0.11645991
v 0.11317372 0.21796997 -0.11582758
v 0.10715571 0.21961498 -0.11906102
v 0.12376153 0.20005549 -0.11777229
v 0.12180078 0.20842403 -0.11562015
v 0.03169668 0.22421637 -0.11685781
v 0.02180473 0.22358161 -0.11706596
v 0.01209930 0.22294459 -0.11781921
v 0.02226229 0.21410470 -0.11702797
v 0.18043223 0.05972185 0.00467942
v 0.18102126 0.06342496 0.01531821
v 0.18382567 0.07390073 0.01788500
v 0.18124415 0.07392660 0.02565638
v 0.18421794 0.07853265 0.02772968
v 0.17831376 0.05712313 -0.01884411
v 0.17924768 0.05736560 -0.00661871
v 0.18119368 0.06706299 -0.00549193
v 0.18244462 0.07004022 0.00657738
v 0.18089899 0.06522965 0.00538402
v 0.17758961 0.05888757 -0.03111468
v 0.17762274 0.06274471 -0.04302643
v 0.17969547 0.06823351 -0.03140220
v 0.18024962 0.06691124 -0.01862652
v 0.18009502 0.06220905 -0.01880492
v 0.17734751 0.06804117 -0.05282065
v 0.17749311 0.07538141 -0.05374851
v 0.17880549 0.07122101 -0.04340459
v 0.17718145 0.07496391 -0.06100374
v 0.17823996 0.06679899 -0.04296027
v 0.17694233 0.08095231 -0.06246145
v 0.17781800 0.08780243 -0.06945351
v 0.17522600 0.09002228 -0.07464957
v 0.17611681 0.08234110 -0.06756356
v 0.17781413 0.07866538 -0.06116701
v 0.17795235 0.09442849 -0.07653186
v 0.17749934 0.10143763 -0.08335266
v 0.17355208 0.09768419 -0.08092223
v 0.17126982 0.10534667 -0.08720195
v 0.17694594 0.09268264 -0.07489415
v 0.17623691 0.10898925 -0.08999830
v 0.16437899 0.12089443 -0.09905632
v 0.16819401 0.11295655 -0.09303810
v 0.17348741 0.10751428 -0.08777327
v 0.18092403 0.11167191 -0.09509948
v 0.17873238 0.11045834 -0.09241740
v 0.17874344 0.11862619 -0.10018106
v 0.17399617 0.11666958 -0.09525538
v 0.16190186 0.12866081 -0.10443980
v 0.16768759 0.12285190 -0.09858383
v 0.17111994 0.12395187 -0.09996183
v 0.17145927 0.13293703 -0.10771909
v 0.16539428 0.13932139 -0.11001059
v 0.17560828 0.12571013 -0.10425557
v 0.17377198 0.12501274 -0.10208132
v 0.16754569 0.13088933 -0.10447405
v 0.15151480 0.14337784 -0.11724494
v 0.15723914 0.13561501 -0.11119116
v 0.15913169 0.14532121 -0.11356954
v 0.16175549 0.13486545 -0.10740452
v 0.16344169 0.13804850 -0.10894478
v 0.14416301 0.15157358 -0.11992472
v 0.13605666 0.15962331 -0.12045725
v 0.15386230 0.15272099 -0.11766735
v 0.14708757 0.16050348 -0.11968850
v 0.13093787 0.16746014 -0.12088070
v 0.15183792 0.14976312 -0.11774983
v 0.14080448 0.16793820 -0.12112378
v 0.11975524 0.18383121 -0.12262122
v 0.12464531 0.17552748 -0.12162890
v 0.13505122 0.17548309 -0.12108354
v 0.13573693 0.16745505 -0.12160281
v 0.11538976 0.19242491 -0.12309710
v 0.12640768 0.19179432 -0.11917037
v 0.13012975 0.18342730 -0.12035325
v 0.11756768 0.20051779 -0.12103221
v 0.12494768 0.18348511 -0.12238541
v 0.08317313 0.22201681 -0.11982534
v 0.08874075 0.20291807 -0.12384876
v 0.09702910 0.20225574 -0.12376909
v 0.09931570 0.22054884 -0.12019256
v 0.09119461 0.22141269 -0.12038068
v 0.10470115 0.20180076 -0.12367450
v 0.10934765 0.21040697 -0.12196996
v 0.11198661 0.20139098 -0.12300388
v 0.09397867 0.21167240 -0.12313014
v 0.07262833 0.23228890 -0.11536165
v 0.05508526 0.24287912 -0.11028362
v 0.05711278 0.23388234 -0.11462880
v 0.07511522 0.22268109 -0.11924344
v 0.05832838 0.26118916 -0.10344954
v 0.05067641 0.26188597 -0.10268076
v 0.06829025 0.25062719 -0.10748563
v 0.07017422 0.24146949 -0.11150289
v 0.05282833 0.25187808 -0.10607205
v 0.06245545 0.24216655 -0.11070380
v 0.06927167 0.18582428 -0.12313713
v 0.08012606 0.18318121 -0.12390350
v 0.08366894 0.19450766 -0.12430268
v 0.08774996 0.18540999 -0.12424820
v 0.05903281 0.22431067 -0.11870225
v 0.08019908 0.20378828 -0.12363672
v 0.07751411 0.21310529 -0.12230389
v 0.06702647 0.22354475 -0.11872461
v 0.07174606 0.20445749 -0.12259084
v 0.04339153 0.34859768 -0.02201355
v 0.04178200 0.35835794 -0.01837493
v 0.03803794 0.36511999 -0.02016075
v 0.04089908 0.34334555 -0.02814267
v 0.03686407 0.34717911 -0.02978829
v 0.03371096 0.35586613 -0.02689119
v 0.02159100 0.36615607 -0.03542627
v 0.02616089 0.36360776 -0.03166770
v 0.03126659 0.37241402 -0.02522452
v 0.01832735 0.37804621 -0.03823239
v 0.02426305 0.37871101 -0.03261390
v 0.01785682 0.37190154 -0.03799074
v 0.02966917 0.36196265 -0.02804666
v 0.03241419 0.36399877 -0.02499033
v 0.19883704 0.13367930 -0.09259132
v 0.21758813 0.11891994 -0.08930124
v 0.21027339 0.11638653 -0.08997476
v 0.20878141 0.12834571 -0.09180865
v 0.19562531 0.11896197 -0.08838449
v 0.19764432 0.11502563 -0.08758736
v 0.20311087 0.11499856 -0.08933181
v 0.20342281 0.12463961 -0.09118192
v 0.20675816 0.12107716 -0.09087107
v 0.19539998 0.12945350 -0.09162994
v 0.19277038 0.12614059 -0.09036714
v 0.19397713 0.12237930 -0.08929512
v 0.19966485 0.12752964 -0.09147134
v 0.19855581 0.12253914 -0.09013558
v 0.23282029 0.12933245 -0.08461937
v 0.22539479 0.12344851 -0.08704452
v 0.22023949 0.12839904 -0.08969798
v 0.24905032 0.15457802 -0.06893508
v 0.24854535 0.14509237 -0.07382414
v 0.24004930 0.13711575 -0.08068071
v 0.23133034 0.13907869 -0.08476825
v 0.22898042 0.15438272 -0.08370339
v 0.20958324 0.13689156 -0.09245677
v 0.21523032 0.13340324 -0.09126385
v 0.22268963 0.13797827 -0.08904530
v 0.21851805 0.15036204 -0.08970387
v 0.22600856 0.14634025 -0.08682211
v 0.24733436 0.16989723 -0.05934168
v 0.24897188 0.16254756 -0.06370494
v 0.23053850 0.16172948 -0.07935669
v 0.23950496 0.15873158 -0.07472398
v 0.21506110 0.17320642 -0.08424525
v 0.22220680 0.16453417 -0.08343074
v 0.23097642 0.16865307 -0.07541160
v 0.23970932 0.18331522 -0.05427020
v 0.24404642 0.17654933 -0.05613901
v 0.23854353 0.17297302 -0.06612268
v 0.23034528 0.17486538 -0.07207796
v 0.21538809 0.18391162 -0.07937717
v 0.21529351 0.17885976 -0.08177356
v 0.22256656 0.17671210 -0.07724356
v 0.22871186 0.18044995 -0.06942566
v 0.21551681 0.18824163 -0.07677981
v 0.22041990 0.19469380 -0.06770478
v 0.22084294 0.18658476 -0.07286458
v 0.22472185 0.19615245 -0.06129839
v 0.22952056 0.19686854 -0.05415446
v 0.23482677 0.19008572 -0.05359079
v 0.23282874 0.18503529 -0.06145158
v 0.22655664 0.18593878 -0.06775242
v 0.22404681 0.19058459 -0.06694025
v 0.19744717 0.22700168 -0.08395234
v 0.19594061 0.22174728 -0.08968354
v 0.19819055 0.22103192 -0.08203619
v 0.19660899 0.21317938 -0.09060673
v 0.19921783 0.19877827 -0.08473964
v 0.20500766 0.20773411 -0.07424235
v 0.20010407 0.21312848 -0.07727528
v 0.19348058 0.20423934 -0.08716942
v 0.19551843 0.21081948 -0.08376586
v 0.21038131 0.19108023 -0.07981852
v 0.20498918 0.19459140 -0.08227266
v 0.21577416 0.19857872 -0.06982880
v 0.20996994 0.20346645 -0.07175553
v 0.21598408 0.19277138 -0.07368584
v 0.20552693 0.20063241 -0.07812544
v 0.18826596 0.16429439 -0.10918079
v 0.18397979 0.15978260 -0.10341786
v 0.18966067 0.17001629 -0.10967397
v 0.18632911 0.14990692 -0.09501977
v 0.18064253 0.15339288 -0.09896331
v 0.18197587 0.15956341 -0.09901150
v 0.19219884 0.14574790 -0.09466804
v 0.19629350 0.14024821 -0.09366907
v 0.20327985 0.13920076 -0.09326248
v 0.21117222 0.15294133 -0.09122401
v 0.20975275 0.14534906 -0.09220466
v 0.19517747 0.15255198 -0.09498612
v 0.20713910 0.16958295 -0.09014602
v 0.21295999 0.16010617 -0.08932433
v 0.21433885 0.16691574 -0.08666165
v 0.19732815 0.15944658 -0.09477073
v 0.20397538 0.15613812 -0.09388235
v 0.20017718 0.17210725 -0.09238351
v 0.19328526 0.17451431 -0.09506248
v 0.18344977 0.16589150 -0.09880638
v 0.19031198 0.16243860 -0.09595298
v 0.19895707 0.16597167 -0.09374996
v 0.18684354 0.17850856 -0.09836138
v 0.19189265 0.18503524 -0.10218762
v 0.19035105 0.17581140 -0.10967032
v 0.18806109 0.17197111 -0.10372343
v 0.18511665 0.17216654 -0.09860671
v 0.03649760 0.18557341 -0.11685293
v 0.03311711 0.20482329 -0.11646288
v 0.02269255 0.20447125 -0.11593108
v 0.04774706 0.18567067 -0.11935871
v 0.05880116 0.18599187 -0.12185548
v 0.04354592 0.20488739 -0.11797403
v 0.06329874 0.19524135 -0.12176672
v 0.04225774 0.19525874 -0.11753439
v 0.15019560 0.19327614 -0.11635163
v 0.15491265 0.18580638 -0.11481579
v 0.15612024 0.18410674 -0.11400890
v 0.15884940 0.18367177 -0.11205197
v 0.15501967 0.19009420 -0.11312260
v 0.16545488 0.18029055 -0.11139268
v 0.17302434 0.17888662 -0.11123507
v 0.17190565 0.19072157 -0.10768830
v 0.16233546 0.18634504 -0.11037637
v 0.19151807 0.18900466 -0.10722489
v 0.18025035 0.17834061 -0.11137733
v 0.18700339 0.17758118 -0.11097223
v 0.18736735 0.19257525 -0.10655753
v 0.18030214 0.19034600 -0.10730029
v 0.19104107 0.18209176 -0.10894611
v 0.17805046 0.18403591 -0.10942535
v 0.15338856 0.20942509 -0.10990812
v 0.15806457 0.20660369 -0.10658494
v 0.16417505 0.19807604 -0.10679800
v 0.15753748 0.19380851 -0.11021710
v 0.16368848 0.19174129 -0.10847384
v 0.14648706 0.21368682 -0.11301876
v 0.15069988 0.21186300 -0.11167918
v 0.15239613 0.19849758 -0.11360314
v 0.15432669 0.19630444 -0.11258630
v 0.15368946 0.20280275 -0.11170211
v 0.14151402 0.21481818 -0.11305188
v 0.13514087 0.21551922 -0.11238107
v 0.14352386 0.20078585 -0.11634558
v 0.13632701 0.20842774 -0.11468429
v 0.14852405 0.20014256 -0.11569040
v 0.14738491 0.20704584 -0.11465934
v 0.04142889 0.22463585 -0.11732288
v 0.05061689 0.22467557 -0.11827674
v 0.04255573 0.21451262 -0.11819586
v 0.06334719 0.20478192 -0.12158022
v 0.06111844 0.21448526 -0.12100714
v 0.05379948 0.20491187 -0.12000147
v 0.01283520 0.20388566 -0.11590500
v 0.02100482 0.19447263 -0.11451050
v 0.20316990 0.24580948 0.02330822
v 0.20227270 0.23589125 0.03277187
v 0.19549844 0.24911653 0.03029611
v 0.19569853 0.23943695 0.04004721
v 0.19831787 0.23175044 0.04128195
v 0.20192763 0.25727290 -0.00085652
v 0.20226131 0.25261998 0.01153080
v 0.19607781 0.26313850 0.00677722
v 0.19591174 0.25701272 0.01921458
v 0.19871020 0.25136602 0.02127759
v 0.20064318 0.26021627 -0.01304624
v 0.19938579 0.26140124 -0.02454792
v 0.19571866 0.26943225 -0.01755246
v 0.19660619 0.26748538 -0.00557161
v 0.19798124 0.26138520 -0.00404736
v 0.19784044 0.26316741 -0.03512451
v 0.19485766 0.26326498 -0.04529470
v 0.19270597 0.26917821 -0.02926885
v 0.18884023 0.26629835 -0.04072097
v 0.19010001 0.26347578 -0.04782812
v 0.19651060 0.26614463 -0.02668112
v -0.00187891 0.38756037 -0.05262049
v -0.00057157 0.38275719 -0.05185565
v -0.00579559 0.38199079 -0.05124601
v 0.01421105 0.13796343 -0.12298040
v 0.01257853 0.14797311 -0.12148274
v 0.01081912 0.15783633 -0.11971616
v 0.00074010 0.15019217 -0.12051234
v 0.02152706 0.05927666 -0.14092654
v 0.02078569 0.07528248 -0.13818300
v 0.01989045 0.09051593 -0.13441519
v 0.00748910 0.07990582 -0.13658600
v 0.07358903 -0.08042069 -0.12762147
v 0.09043474 -0.08305371 -0.12021160
v 0.05792058 -0.09816957 -0.11297616
v 0.07550436 -0.09818894 -0.10892393
v 0.05555666 -0.07666232 -0.13518883
v 0.04034103 -0.09727120 -0.11661986
v 0.05861129 -0.08436964 -0.12773518
v 0.05338622 -0.05859109 -0.13167566
v 0.05616092 -0.04150347 -0.13408610
v 0.03856333 -0.03667987 -0.13864157
v 0.03814758 -0.07201751 -0.14254794
v 0.02699361 -0.13768826 -0.11830250
v 0.01043982 -0.14391232 -0.12756588
v 0.02304452 -0.12655012 -0.11189716
v 0.02167548 -0.10912541 -0.11366740
v 0.02221959 -0.09610564 -0.12145906
v 0.00383525 -0.12201542 -0.11356034
v 0.02240610 -0.03283624 -0.14367400
v 0.02112418 -0.05054853 -0.14544699
v 0.02364586 -0.01342483 -0.14315903
v 0.02355686 0.00647689 -0.14230376
v 0.00712486 -0.02618853 -0.14738792
v 0.04481708 0.12673481 -0.12500204
v 0.02947198 0.12751347 -0.12500407
v 0.03298916 0.10333037 -0.13021693
v 0.04644720 0.11474758 -0.12705359
v 0.01872873 0.10435671 -0.13005714
v 0.01992086 0.16708869 -0.11749862
v 0.02836050 0.17631140 -0.11644240
v 0.02556982 0.18529855 -0.11490140
v 0.01516620 0.18495741 -0.11364242
v 0.00882498 0.16715401 -0.11638153
v 0.00192765 0.19339311 -0.11365549
v 0.00318938 0.21307746 -0.11800389
v 0.00358115 0.20321336 -0.11599038
v -0.00492840 0.20005545 -0.11518965
v 0.00242716 0.23125038 -0.11738357
v 0.00287365 0.22208722 -0.11848766
v -0.00588313 0.21926478 -0.11895809
v 0.11475189 0.16749083 0.11129688
v 0.11947135 0.14680816 0.11595686
v 0.09575199 0.15832557 0.12097274
v 0.09681486 0.16791482 0.11570245
v 0.10554628 0.16834828 0.11406383
v 0.11131013 0.14817286 0.11968502
v 0.11263201 0.15797649 0.11594534
v 0.09508132 0.14050131 0.12965284
v 0.09523080 0.14911285 0.12545207
v 0.11093225 0.13878709 0.12364455
v 0.10298677 0.14902385 0.12286228
v 0.15524507 0.15597369 0.09187894
v 0.14859304 0.15905938 0.09586029
v 0.14887887 0.14051422 0.09973752
v 0.14117186 0.16148534 0.09936625
v 0.12965712 0.15451658 0.10772509
v 0.14226939 0.14247184 0.10360949
v 0.14529341 0.15085846 0.09987193
v 0.12553149 0.13659406 0.11626736
v 0.12709010 0.14537726 0.11205439
v 0.13989161 0.13370056 0.10763629
v 0.13473357 0.14379519 0.10768959
v 0.16546080 0.12964413 0.08590928
v 0.16091426 0.15253849 0.08792783
v 0.16644982 0.14828797 0.08362766
v 0.16865759 0.13653328 0.08254905
v 0.15796079 0.14544472 0.09228479
v 0.16235146 0.12240300 0.08880377
v 0.15956089 0.11551424 0.09184399
v 0.15242764 0.12988499 0.09909549
v 0.15503801 0.13791732 0.09593958
v 0.16057530 0.13423221 0.09141455
v 0.11752703 0.11143519 0.13029224
v 0.12421485 0.11002313 0.12675484
v 0.11795974 0.12907459 0.12416506
v 0.11092553 0.13037530 0.12785129
v 0.13681467 0.10753261 0.11814681
v 0.13059454 0.10869814 0.12259148
v 0.12487993 0.12798144 0.12042729
v 0.13149105 0.12642381 0.11608449
v 0.12446473 0.11913607 0.12388903
v 0.11106227 0.11294638 0.13361029
v 0.10489806 0.11313170 0.13670617
v 0.09855564 0.11773256 0.13833433
v 0.09494133 0.12547225 0.13674213
v 0.09554557 0.13277933 0.13372612
v 0.10309425 0.13165499 0.13094087
v 0.11087614 0.12139665 0.13059923
v 0.15735616 0.10883188 0.09471737
v 0.15225475 0.10416251 0.10243140
v 0.15581200 0.10267173 0.09737589
v 0.15048742 0.12170813 0.10221361
v 0.15524352 0.11896177 0.09713788
v 0.14278418 0.10649730 0.11313886
v 0.14797638 0.10538836 0.10780282
v 0.14470075 0.12353668 0.10688503
v 0.13831268 0.12499581 0.11173323
v 0.13755664 0.11662474 0.11553616
v 0.14918163 0.11361036 0.10537738
v 0.03082990 0.31354839 0.06140138
v 0.02988593 0.30653414 0.06163390
v 0.02894971 0.29319465 0.05936307
v 0.02910988 0.29991755 0.06078371
v 0.02266458 0.30529845 0.06707931
v 0.03719581 0.13194019 0.14236405
v 0.03541582 0.14234653 0.13436788
v 0.02973384 0.12937948 0.14613420
v 0.03033278 0.20449224 0.09834652
v 0.03025711 0.19300176 0.10337131
v 0.03065783 0.18134329 0.10763996
v 0.03112836 0.17075214 0.11317949
v 0.02339322 0.19010919 0.10639741
v 0.03095377 0.22535370 0.08739154
v 0.03069977 0.21524248 0.09255475
v 0.02292662 0.23363392 0.08740736
v 0.02276684 0.21313928 0.09732708
v 0.02963780 0.28026766 0.06019472
v 0.02910111 0.28659347 0.05882385
v 0.02196312 0.27855486 0.06406145
v 0.02168291 0.29198614 0.06425960
v 0.01593874 0.25785226 0.07752043
v 0.01608604 0.24972293 0.08160593
v 0.01611550 0.24122708 0.08612190
v 0.01617020 0.23219723 0.09151071
v 0.00942143 0.24723081 0.08508468
v 0.03340407 0.15209065 0.12663269
v 0.03177582 0.16143094 0.11948501
v 0.02676010 0.14948754 0.12949853
v 0.02453677 0.16803779 0.11575256
v 0.02285839 0.11315633 0.15620235
v 0.02362518 0.09906770 0.16477805
v 0.02585091 0.06717071 0.17483339
v 0.02475480 0.08444418 0.17213035
v 0.01214586 0.09367243 0.16822304
v 0.01565835 0.26517001 0.07335198
v 0.01522160 0.27131340 0.06960598
v 0.00868134 0.26277319 0.07703028
v 0.02416893 0.03527544 0.17285840
v 0.00570907 0.03072546 0.17274360
v 0.02599600 0.05041073 0.17391679
v 0.01037331 0.06100474 0.17507312
v 0.18853943 -0.26565117 0.02027272
v 0.18791273 -0.24167304 0.02521373
v 0.18872645 -0.25235993 0.02420244
v 0.18671495 -0.24075152 0.00146208
v 0.18665975 -0.23696263 0.01313151
v 0.18810220 -0.25843659 0.01255894
v 0.18490839 -0.24232650 -0.01043241
v 0.18813862 -0.25832111 0.00191445
v 0.18767275 -0.25112489 0.00220005
v 0.18767555 -0.26590174 -0.00067849
v 0.18643776 -0.25966638 -0.00890913
v 0.10230532 -0.17402543 -0.10656608
v 0.08657867 -0.18325874 -0.10368218
v 0.10556443 -0.21030618 -0.09927213
v 0.10702117 -0.19583379 -0.09716287
v 0.06893020 -0.21119910 -0.11237130
v 0.08908601 -0.21039677 -0.10647158
v 0.06974152 -0.19203447 -0.10883366
v 0.09001634 -0.19262414 -0.10365373
v 0.09558975 -0.20204952 -0.10318974
v 0.17796427 -0.19788533 -0.01641611
v 0.18046170 -0.19580658 -0.00333846
v 0.17985804 -0.18698919 -0.00186923
v 0.17185646 -0.17859972 -0.03108374
v 0.17447554 -0.18759336 -0.03148914
v 0.17911913 -0.17864877 -0.00903121
v 0.17553139 -0.17624114 -0.02030790
v 0.17810705 -0.22102422 -0.02640138
v 0.17597744 -0.20976011 -0.02801801
v 0.16324337 -0.19980638 -0.05240075
v 0.16929111 -0.19969903 -0.04165175
v 0.11555786 -0.22654094 -0.09526342
v 0.11318421 -0.23372579 -0.09724755
v 0.13933477 -0.23407879 -0.07917929
v 0.13639259 -0.23976609 -0.08224617
v 0.14681865 -0.24042079 -0.07169634
v 0.11008750 -0.23994294 -0.09918908
v 0.10779931 -0.24572614 -0.10061327
v 0.12360249 -0.24029268 -0.09089907
v 0.12994713 -0.24573182 -0.08626130
v 0.18171772 -0.25017926 -0.02261692
v 0.18066511 -0.25530005 -0.02529594
v 0.16305274 -0.23954517 -0.05442450
v 0.17988330 -0.23162335 -0.02454957
v 0.18114480 -0.24166936 -0.02299091
v 0.17309979 -0.22028439 -0.03947220
v 0.17485788 -0.23902541 -0.03714095
v 0.11815374 -0.21863507 -0.09361665
v 0.11963741 -0.21087368 -0.09181494
v 0.12912148 -0.22691856 -0.08603692
v 0.14205322 -0.22834656 -0.07657126
v 0.15443027 -0.23103808 -0.06498458
v 0.16560745 -0.23496686 -0.05117429
v 0.16631775 -0.22742887 -0.05092438
v 0.14408861 -0.22140621 -0.07494001
v 0.15602309 -0.19849212 -0.06285688
v 0.16433918 -0.20934363 -0.05181036
v 0.16530363 -0.21887194 -0.05130842
v 0.15616354 -0.21633965 -0.06323513
v 0.17480877 -0.25163180 -0.03485752
v 0.15887026 -0.24196701 -0.05946995
v 0.15199390 -0.24557193 -0.06600091
v 0.16949700 -0.24657288 -0.04400360
v 0.10630348 -0.24974142 -0.10187799
v 0.13272490 -0.25053811 -0.08495191
v 0.11938852 -0.25356436 -0.09429886
v 0.09144469 -0.25055900 -0.10869244
v 0.07577618 -0.25121757 -0.11437543
v 0.06023671 -0.25289586 -0.11917340
v 0.04213019 -0.26589534 -0.12425403
v 0.12104674 -0.19428612 -0.08942935
v 0.12055469 -0.20312521 -0.09046017
v 0.13247235 -0.21199811 -0.08336217
v 0.14473929 -0.21418385 -0.07354965
v 0.14520946 -0.20598459 -0.07259616
v 0.11361332 -0.16672097 -0.09844917
v 0.13949579 -0.16904439 -0.07779326
v 0.13365446 -0.15920624 -0.08054473
v 0.12099936 -0.15885366 -0.08976531
v 0.11908410 -0.17474884 -0.09857235
v 0.14829035 -0.18814084 -0.07014129
v 0.14461173 -0.17717759 -0.07770077
v 0.12414631 -0.18536091 -0.08752974
v 0.14580312 -0.19709995 -0.07170168
v 0.13451929 -0.19501629 -0.08138727
v 0.13295284 -0.17566691 -0.08837972
v 0.12154948 -0.09571034 -0.09722766
v 0.10597670 -0.08573034 -0.11270878
v 0.11937459 -0.08886608 -0.10337684
v 0.09118740 -0.10008719 -0.10057974
v 0.10656279 -0.10267113 -0.09292774
v 0.09183583 -0.08896668 -0.11307840
v 0.15790638 -0.24574693 0.08499609
v 0.15163024 -0.24392661 0.09136555
v 0.14585528 -0.24196322 0.09740931
v 0.17438628 -0.25295144 -0.03130509
v 0.16939589 -0.25267753 -0.04231485
v 0.16292974 -0.24922669 -0.05231943
v 0.14421059 -0.25109652 -0.07438202
v 0.15429890 -0.25183308 -0.06435471
v 0.09516494 -0.27731907 0.13708894
v 0.08607642 -0.28717694 0.14018755
v 0.08762375 -0.27172643 0.14567102
v 0.07566554 -0.28010693 0.14772870
v 0.11522947 -0.26037747 0.13126405
v 0.10467242 -0.26909864 0.13435522
v 0.09892213 -0.26378053 0.14236978
v 0.10952789 -0.25603831 0.13814138
v 0.09652925 -0.27149045 0.13945119
v 0.02240830 -0.31550995 0.14999236
v 0.00517160 -0.31621930 0.14996324
v 0.00659761 -0.30461738 0.15538561
v 0.05364874 -0.30641955 0.14610928
v 0.03884081 -0.31121331 0.14838640
v 0.02231252 -0.30190608 0.15522863
v 0.03726998 -0.29787543 0.15395416
v 0.02323104 -0.31045917 0.15207891
v 0.16211911 -0.20602840 0.08771692
v 0.16126215 -0.21312852 0.08929548
v 0.15447460 -0.22152470 0.09841084
v 0.15772146 -0.20471118 0.09592787
v 0.15056102 -0.21238750 0.10452995
v 0.07628272 -0.29425448 0.14245306
v 0.06594868 -0.30007464 0.14436993
v 0.05117966 -0.29259515 0.15266842
v 0.06358239 -0.28673401 0.15021156
v 0.07566033 -0.28775015 0.14470428
v 0.05278747 -0.30078965 0.14911480
v 0.13421318 -0.24456027 0.12117594
v 0.12536868 -0.25244340 0.12676814
v 0.11891182 -0.24779201 0.13260733
v 0.12747352 -0.23849373 0.12684076
v 0.11781354 -0.25485751 0.13221720
v 0.14752978 -0.22867358 0.10638901
v 0.14158638 -0.23714563 0.11455614
v 0.13459608 -0.22969119 0.11957123
v 0.14278549 -0.22190802 0.11253808
v 0.14852364 -0.22185619 0.10552761
v 0.13452965 -0.23821360 0.12071270
v 0.04384313 -0.23571894 -0.11972351
v 0.04442913 -0.22405767 -0.11855970
v 0.04609656 -0.21235439 -0.11715622
v 0.01829527 -0.18579058 -0.11261379
v 0.04491011 -0.19099493 -0.11152886
v 0.05417116 -0.20140587 -0.11505051
v 0.02319779 -0.21667466 -0.12026553
v -0.01223929 -0.31520233 0.14899355
v -0.03061334 -0.31298095 0.14734755
v -0.01060081 -0.31236568 0.15142378
v 0.01597323 0.31164846 0.07165691
v 0.01481960 0.30473933 0.07145303
v 0.01430779 0.29782891 0.07011438
v 0.01404895 0.29065105 0.06826882
v 0.00560754 0.30270812 0.07380040
v 0.01467944 0.27727157 0.06732666
v 0.01425244 0.28367937 0.06686340
v 0.00750879 0.27532971 0.07029928
v 0.00619507 0.28847516 0.07075769
v 0.02242490 0.04284377 -0.14133343
v 0.02311914 0.02499497 -0.14166558
v 0.00797819 0.04834117 -0.14127906
v 0.00805890 0.01340211 -0.14244905
v -0.01406057 0.38129735 -0.05720340
v -0.00169652 0.31069124 -0.09675821
v -0.00162229 0.30046833 -0.10013364
v -0.01036188 0.29663831 -0.10144980
v -0.00984271 0.31728524 -0.09429900
v 0.10787635 -0.12961575 0.14519340
v 0.08654170 -0.10306068 0.15766042
v 0.09583343 -0.13126972 0.15488410
v 0.11132229 -0.11770050 0.14545314
v 0.08614105 -0.11675840 0.16331451
v 0.09814477 -0.06380749 0.15581910
v 0.10208850 -0.05215625 0.15828267
v 0.12346965 -0.06697546 0.13921224
v 0.12121326 -0.07934211 0.13851367
v 0.11645944 -0.05445046 0.15152574
v 0.08823237 -0.08740209 0.15578133
v 0.09339353 -0.07705447 0.15561041
v 0.11418089 -0.10404506 0.14299369
v 0.11655769 -0.09075031 0.13898148
v 0.09951288 -0.10374382 0.15041873
v 0.10699164 -0.07818486 0.14641438
v 0.16077584 -0.02723999 0.08395983
v 0.15810041 -0.04240640 0.08543163
v 0.16052184 -0.05445490 0.07192245
v 0.16736619 -0.05478127 0.05614191
v 0.17155062 -0.04017083 0.05369049
v 0.17012756 -0.02626062 0.06910327
v 0.00088243 0.24944520 -0.11226000
v 0.00163767 0.24049933 -0.11500095
v -0.00894859 0.25583351 -0.11156509
v -0.00741542 0.23735945 -0.11625441
v 0.12840815 0.18488798 0.09419906
v 0.11804256 0.18647382 0.09667164
v 0.11642523 0.17730428 0.10441146
v 0.13580135 0.17321910 0.09748418
v 0.12404376 0.16578555 0.10757361
v 0.13297321 0.16364141 0.10320152
v 0.04299883 -0.24590981 -0.12117009
v 0.04244675 -0.25539586 -0.12250163
v 0.02544174 -0.25910577 -0.12548621
v 0.02434644 -0.24027355 -0.12262837
v 0.01626680 0.21145214 0.10191743
v 0.01615629 0.22224952 0.09684101
v 0.00997418 0.22929558 0.09601378
v 0.01674430 0.19972500 0.10601949
v 0.01733850 0.18752171 0.10916223
v 0.01050298 0.20799613 0.10630420
v 0.01804780 0.17584389 0.11301430
v 0.01860362 0.16557944 0.11847082
v 0.01149322 0.18347900 0.11231120
v 0.02047341 0.14724270 0.13258231
v 0.01932637 0.15635517 0.12473077
v 0.01247844 0.16216753 0.12200329
v -0.00978500 -0.19606057 0.18730845
v -0.01137463 -0.20742100 0.18502991
v -0.01271487 -0.18241085 0.18810959
v -0.01884601 -0.20951827 0.18378735
v -0.01456831 -0.16999668 0.18430623
v -0.02053806 -0.17678222 0.18674581
v 0.02327713 -0.08408671 -0.13899609
v 0.02125207 -0.06884983 -0.14914857
v 0.00438357 -0.09296568 -0.12735611
v 0.00511207 -0.06222050 -0.15314770
v -0.00638349 -0.27274892 0.17074491
v -0.02071406 -0.26269937 0.17333256
v -0.00790340 -0.28546044 0.16434225
v -0.00372134 -0.14109609 0.17520143
v -0.00334959 -0.15946813 0.17822780
v -0.01058185 -0.16533096 0.17920873
v -0.02015309 -0.16410266 0.17950448
v 0.01582539 0.12773290 -0.12435593
v 0.00328545 0.13012668 -0.12330101
v 0.00578223 0.10768269 -0.12829724
v 0.01737558 0.11667003 -0.12676276
v 0.02222369 0.12661003 0.14929026
v 0.02170214 0.13769481 0.14118837
v 0.01334705 0.12200970 0.15265566
v 0.01355377 0.14401112 0.13670966
v -0.00722388 -0.29809403 0.16035983
v -0.00936334 -0.30601573 0.15439269
v -0.02540944 -0.30661595 0.15206935
v -0.02193480 -0.28832373 0.16164288
v 0.00523262 0.18464787 -0.11301792
v -0.00184350 0.16903356 -0.11544915
v 0.00690579 0.17615157 -0.11390556
v -0.00402946 0.18635418 -0.11252675
v -0.01843292 -0.09893754 0.18397853
v -0.00536277 -0.10383403 0.18300407
v -0.00458337 -0.12263778 0.17844461
v -0.01902642 -0.13297077 0.17409879
v -0.03172406 -0.30501732 0.14918399
v -0.01264602 -0.05533535 0.17222725
v 0.00372005 -0.05318647 0.17120735
v -0.00732720 -0.02518459 0.17511894
v 0.00706139 -0.03661525 0.17362104
v -0.06939553 0.31455538 0.04066654
v -0.07618293 0.32710850 0.03113950
v -0.07488383 0.31375477 0.03649265
v -0.07572341 0.32022560 0.03380300
v -0.07874101 0.32664135 0.02673371
v -0.08156972 0.28139645 0.04951220
v -0.08219413 0.27376044 0.05606986
v -0.09495670 0.27451110 0.05295591
v -0.06934518 0.27147567 0.05784873
v -0.08154333 0.26526120 0.06248444
v -0.09180024 0.25643885 0.06570426
v -0.07989406 0.25623810 0.06781890
v -0.06790363 0.25474301 0.06925139
v -0.07839226 0.24684125 0.07240428
v -0.06832088 0.18876898 0.10635599
v -0.07055921 0.19922037 0.10116246
v -0.05966429 0.19957255 0.10307954
v -0.08192707 0.19806269 0.09882307
v -0.07239497 0.20850796 0.09490929
v -0.09949655 0.09100111 0.14289449
v -0.08841995 0.08649056 0.14947866
v -0.09328305 0.10012852 0.14117944
v -0.09216101 0.09284078 0.14526440
v -0.08437246 0.09375343 0.14733064
v -0.18347272 0.20430799 0.07836007
v -0.18744996 0.19326943 0.07538687
v -0.18984514 0.20644209 0.07288087
v -0.18462914 0.18143849 0.07721978
v -0.19002697 0.18136226 0.07340338
v -0.10178968 0.29228935 0.03388421
v -0.10553194 0.30460876 0.00509287
v -0.08465215 0.31817117 0.02244589
v -0.09748401 0.31143528 0.00539802
v -0.09789319 0.30656594 0.01637072
v -0.09377500 0.31378660 -0.00480729
v -0.08986336 0.31915978 0.00482217
v -0.15733449 0.08932965 0.09176809
v -0.15389669 0.09587055 0.09669796
v -0.15178543 0.09150116 0.10010973
v -0.15638059 0.10072529 0.09393603
v -0.15114388 0.10349019 0.10099223
v -0.15022990 -0.00961334 0.09391163
v -0.14516133 -0.02238791 0.10689535
v -0.14645889 0.00065892 0.11105949
v -0.14446796 -0.00946393 0.10668563
v -0.13754354 -0.01091494 0.11947849
v -0.17441213 0.01436499 -0.00048370
v -0.17626157 0.00654574 -0.00062005
v -0.17689711 0.00645859 -0.01526986
v -0.17655036 0.00486142 0.01249335
v -0.17840353 -0.00176907 -0.00206520
v -0.09110957 0.18693924 0.10241225
v -0.09351612 0.19666472 0.09670091
v -0.11300820 0.18373229 0.09937666
v -0.09569802 0.20612730 0.09092482
v -0.11610827 0.19303130 0.09397655
v -0.10501117 0.19466193 0.09460104
v -0.12618852 0.19173907 0.09434915
v -0.11885278 0.20232645 0.08862098
v -0.28610054 0.10873462 0.05148584
v -0.28530008 0.11093485 0.05057107
v -0.27783704 0.10710853 0.05166711
v -0.29283309 0.11403810 0.04887337
v -0.28279147 0.11418369 0.04959704
v -0.18762931 -0.09145980 0.00236919
v -0.18278971 -0.10046452 0.00357814
v -0.18627867 -0.09647135 -0.00904322
v -0.17797351 -0.10328978 0.01551895
v -0.18268894 -0.11121348 0.00358423
v -0.23516373 0.23324268 0.03153569
v -0.23262350 0.24588180 0.02058261
v -0.24035229 0.23461860 0.02201353
v -0.23713760 0.24103209 0.02127613
v -0.23852773 0.24676335 0.01054330
v -0.17231917 0.14610948 0.08608690
v -0.17921039 0.18106580 0.08245338
v -0.18162087 0.17147273 0.07930700
v -0.17305613 0.16592059 0.08652753
v -0.18277523 0.16111055 0.07776594
v -0.17701928 0.14611971 0.08177166
v -0.17457229 0.15513170 0.08391089
v -0.17800352 0.16309866 0.08103752
v -0.17635044 0.03988432 -0.00102938
v -0.17771882 0.04518575 -0.00002486
v -0.17583416 0.04790437 0.01124511
v -0.17777948 0.04411905 -0.01077468
v -0.18013018 0.04869895 0.00166425
v -0.17106737 0.02496078 0.01348102
v -0.17392059 0.02209212 -0.00072051
v -0.17349048 0.03685494 0.01150912
v -0.17534545 0.02146253 -0.01487417
v -0.17689537 0.03347944 -0.01387863
v -0.17567882 0.03438085 -0.00135842
v -0.17478405 0.02855857 -0.00091383
v -0.16499262 0.16422017 0.09471849
v -0.13269128 0.18130949 0.10062291
v -0.13598740 0.19062550 0.09600680
v -0.15202001 0.17534918 0.10016693
v -0.13867721 0.19975947 0.09107569
v -0.15606700 0.18434058 0.09627301
v -0.14597850 0.18821733 0.09687980
v -0.17509568 0.19060703 0.08550180
v -0.16874994 0.17189404 0.09094987
v -0.17350180 0.17838058 0.08694106
v -0.16366701 0.17871824 0.09382894
v -0.15932357 0.19379699 0.09240464
v -0.09854982 0.07636476 0.14911227
v -0.08985703 0.07883867 0.15267539
v -0.08103806 0.08234223 0.15489049
v -0.09115477 0.07091485 0.15466306
v -0.18225360 -0.11670016 0.03125297
v -0.17846990 -0.12139470 0.05965452
v -0.17769977 -0.10863618 0.05859517
v -0.17026334 -0.11243664 0.07105983
v -0.17847191 -0.09828532 0.02640115
v -0.17808825 -0.10591491 0.02920836
v -0.17886755 -0.10896549 0.04449955
v -0.17293844 -0.10355324 0.05701781
v -0.13371041 0.01256489 0.13770197
v -0.10543163 0.05912853 0.15178722
v -0.11788671 0.03668422 0.15100858
v -0.12812193 0.03517266 0.14422725
v -0.12156703 0.04681526 0.14555536
v -0.14812438 0.01052884 0.11573286
v -0.14194110 0.01088837 0.12758966
v -0.13554785 0.02276288 0.14025377
v -0.13677491 0.03425192 0.13622874
v -0.16565911 -0.12732898 0.08488109
v -0.14877424 -0.13719349 0.10713021
v -0.14516303 -0.12269375 0.10438839
v -0.13659650 -0.12698258 0.11546650
v -0.16163376 -0.11391426 0.08085293
v -0.16336308 -0.10804051 0.08214342
v -0.15300003 -0.11841332 0.09262464
v -0.14522906 -0.11252517 0.10208587
v -0.08840776 0.23728637 0.07570253
v -0.07671546 0.23753706 0.07745588
v -0.08549924 0.21717808 0.08673557
v -0.09748227 0.21576437 0.08502688
v -0.06476970 0.23640394 0.07871735
v -0.06252579 0.21778955 0.09011395
v -0.07380108 0.21773095 0.08832430
v -0.07527310 0.22732773 0.08247151
v -0.12775736 0.08579067 0.12698719
v -0.10673552 0.08951648 0.13986418
v -0.10379717 0.08264387 0.14346437
v -0.10681116 0.07457484 0.14428446
v -0.11889423 0.07966764 0.13460943
v -0.10769644 0.09713435 0.13602971
v -0.12209798 0.09466461 0.12922348
v -0.12150873 0.08696545 0.13172750
v -0.11406213 0.08807281 0.13618180
v -0.18919405 0.15881877 0.07743739
v -0.18492037 0.15065108 0.07796554
v -0.19276589 0.13332970 0.07621479
v -0.19676156 0.18204270 0.07038348
v -0.19392999 0.16908723 0.07527617
v -0.19999959 0.15538107 0.07891212
v -0.19437057 0.12432836 0.07341636
v -0.19777766 0.14040881 0.07656418
v -0.20643759 0.14956462 0.07960176
v -0.18867131 -0.11561640 -0.00706440
v -0.18623957 -0.11943364 0.00589754
v -0.18369058 -0.12369087 0.01921191
v -0.18488978 -0.12401484 0.03304768
v -0.18803097 -0.12866126 0.01043227
v -0.15560740 -0.14573914 0.09630244
v -0.14744774 -0.15097511 0.10651938
v -0.13989915 -0.15541059 0.11820562
v -0.14765909 -0.16416337 0.10690126
v -0.22301476 0.06216776 -0.01815026
v -0.21642499 0.06526115 -0.00086694
v -0.23081091 0.06249288 -0.00438798
v -0.22697638 0.06342527 -0.00172342
v -0.22848441 0.06840219 0.01471339
v -0.05277155 0.11085828 0.14620529
v -0.07483558 0.09322427 0.14976496
v -0.07758466 0.09934803 0.14613411
v -0.05767871 0.10130301 0.14978349
v -0.06260291 0.10636457 0.14613105
v -0.07221312 0.08687311 0.15467864
v -0.07011861 0.07944998 0.15944265
v -0.05291751 0.09535579 0.15475366
v -0.06422567 0.09298568 0.15269543
v -0.13051926 0.05502047 0.13104977
v -0.12951475 0.06879874 0.12667568
v -0.13661420 0.04512561 0.12921700
v -0.14263773 0.03397918 0.12522031
v -0.13602759 0.05461488 0.12338109
v -0.11023325 0.06635123 0.14473484
v -0.11522376 0.05721542 0.14541794
v -0.12375956 0.05577423 0.13883220
v -0.12227619 0.07166323 0.13300292
v -0.11479976 0.07303428 0.13894486
v -0.12574340 0.06362998 0.13223150
v -0.04067720 0.10031701 0.15661605
v -0.04791429 0.08819278 0.16094941
v -0.06858443 0.07017703 0.16243772
v -0.05707204 0.07762002 0.16444948
v -0.04325523 0.07676583 0.16735929
v -0.05189294 0.21797910 0.09238215
v -0.05264917 0.22684214 0.08588405
v -0.04941021 0.19927764 0.10444511
v -0.05081367 0.20889094 0.09876126
v -0.04174635 0.21784256 0.09460063
v -0.05441925 0.24504891 0.07649757
v -0.05335224 0.23601043 0.08082667
v -0.04335295 0.23596133 0.08357912
v -0.03390379 0.23572657 0.08703298
v -0.03499421 0.24462721 0.08265475
v -0.03614137 0.25304669 0.07841504
v -0.02603399 0.25263873 0.08233953
v -0.05657250 0.26218954 0.06679808
v -0.05565713 0.25385490 0.07189635
v -0.04525514 0.25341177 0.07507104
v -0.03727482 0.26105577 0.07374726
v -0.02910523 0.26796362 0.07311967
v -0.03800114 0.26799589 0.06829053
v -0.05709817 0.27629697 0.05469211
v -0.05699471 0.26945919 0.06050457
v -0.04659506 0.26839769 0.06435581
v -0.03880051 0.27399087 0.06288044
v -0.05711092 0.30460209 0.04953808
v -0.05875691 0.31073633 0.04800279
v -0.06496792 0.31502891 0.04359307
v -0.04941070 0.30752322 0.05272210
v -0.17955409 0.13710156 0.08081459
v -0.18232447 0.14365201 0.07931450
v -0.18890992 0.12815861 0.07572922
v -0.18815036 0.13968436 0.07777049
v -0.17636545 0.13113114 0.08219245
v -0.18151803 0.12793329 0.07881910
v -0.17307962 -0.13624589 0.07413017
v -0.16427273 -0.14089650 0.08548415
v -0.16049094 -0.15342386 0.08453044
v -0.11843236 0.23925637 -0.10303745
v -0.12706906 0.23800786 -0.10134864
v -0.12755656 0.22818471 -0.10454906
v -0.12731814 0.24733403 -0.09802967
v -0.13571712 0.23625152 -0.09923735
v -0.11119223 0.30235174 -0.00769001
v -0.11519907 0.29989225 0.00417176
v -0.11948250 0.29376733 0.01636452
v -0.12557901 0.29631755 0.00209521
v -0.19092867 0.13972694 -0.09293620
v -0.19087200 0.12795839 -0.09300270
v -0.19137268 0.13364835 -0.09057345
v -0.19111347 0.13092686 -0.09154068
v -0.19174665 0.12147852 -0.08854592
v -0.21065480 0.09538442 -0.05882997
v -0.20888107 0.10465986 -0.06260502
v -0.20719983 0.09820046 -0.06511226
v -0.20811373 0.10203291 -0.06419109
v -0.20546737 0.10870822 -0.06853672
v -0.18175389 -0.09373617 -0.02140363
v -0.19104461 -0.10219582 -0.02254267
v -0.17840746 -0.08725799 -0.02225025
v -0.17839497 -0.09277052 -0.03379473
v -0.15866423 0.03742230 -0.07501246
v -0.16181970 0.04367638 -0.07172987
v -0.16636112 0.03616930 -0.06205096
v -0.15812860 0.05364180 -0.07937109
v -0.16499962 0.04864319 -0.06748986
v -0.01821564 0.25909787 -0.11010315
v -0.01784785 0.24931552 -0.11268082
v -0.01601248 0.23062325 -0.11699841
v -0.01710428 0.23996845 -0.11488592
v -0.02665976 0.24075994 -0.11315566
v -0.03668429 0.24112067 -0.11104425
v -0.03611599 0.23157048 -0.11407789
v -0.03718989 0.25097460 -0.10823334
v -0.04690839 0.24160904 -0.10927071
v -0.07874586 0.28177705 -0.09069805
v -0.06992628 0.28255948 -0.09070188
v -0.06789999 0.29226559 -0.08649189
v -0.07160214 0.27270424 -0.09511904
v -0.06138148 0.28271210 -0.09105573
v -0.10891517 0.24983802 -0.09991562
v -0.10922393 0.23966223 -0.10325325
v -0.09011222 0.26144877 -0.09812266
v -0.11011498 0.22934762 -0.10724843
v -0.10003307 0.24032469 -0.10434061
v -0.17997347 0.05002676 -0.02003524
v -0.17715509 0.03963340 -0.02344833
v -0.17797123 0.04524692 -0.02147072
v -0.17367247 0.04118141 -0.04654202
v -0.17693205 0.04864008 -0.03159669
v -0.18480885 0.06146388 -0.01599640
v -0.18631653 0.06398718 -0.01664601
v -0.18680583 0.06327377 -0.00438429
v -0.18557206 0.06644658 -0.02770495
v -0.18726516 0.06562336 -0.01783828
v -0.07902823 0.32994384 -0.00414303
v -0.06978395 0.33902398 -0.00875292
v -0.07998474 0.32114828 -0.01230812
v -0.07392787 0.33031532 -0.01050135
v -0.06859249 0.33167341 -0.01478205
v -0.04150910 0.35949889 -0.03573174
v -0.04578555 0.35603583 -0.03340210
v -0.04445763 0.35179630 -0.03826025
v -0.04678791 0.35974559 -0.02981639
v -0.04960760 0.35433429 -0.02975663
v -0.01060249 0.14680696 -0.12073907
v -0.01115199 0.15646046 -0.11944281
v -0.03668969 0.15331213 -0.11748970
v -0.00978418 0.13695005 -0.12186456
v -0.00881409 0.12673226 -0.12290612
v -0.03773611 0.14336039 -0.11715256
v -0.02342666 0.14536688 -0.11921916
v -0.05257288 0.14063878 -0.11664611
v -0.03873165 0.13277446 -0.11711104
v -0.19303513 0.08000140 -0.05225765
v -0.19532207 0.08772089 -0.06005970
v -0.19054399 0.08375233 -0.05840863
v -0.19238730 0.08585031 -0.05880982
v -0.19216731 0.09171298 -0.06578790
v -0.18917884 0.08136857 -0.05760440
v -0.18955687 0.08681772 -0.06490815
v -0.18758327 0.08122393 -0.06352982
v -0.18436503 0.06659959 -0.03647808
v -0.18667774 0.06900594 -0.03774913
v -0.18576911 0.07453240 -0.05438486
v -0.18755396 0.07053102 -0.03960772
v -0.18916593 0.07649031 -0.04968658
v -0.18799703 0.07902178 -0.05643645
v -0.18683980 0.07640113 -0.05548117
v -0.18646292 0.07246245 -0.04712778
v -0.16710776 0.06084977 -0.07082011
v -0.17101766 0.04696748 -0.05522914
v -0.16934796 0.05351327 -0.06373585
v -0.17623529 0.05363855 -0.04077327
v -0.17433080 0.04744534 -0.04337318
v -0.17163473 0.05857331 -0.05971576
v -0.17872894 0.05715184 -0.03880023
v -0.17407748 0.06268414 -0.05700305
v -0.17519298 0.05809640 -0.04902815
v -0.17258015 0.06754661 -0.06539740
v -0.17698544 0.06559299 -0.05583937
v -0.00596365 0.05896086 -0.13720067
v -0.00635071 0.04226427 -0.13881536
v -0.03869714 0.05123626 -0.12978260
v -0.03831374 0.06799727 -0.12677462
v -0.05311774 0.06287616 -0.12354986
v -0.00587815 0.07478532 -0.13489459
v -0.00622497 0.08973631 -0.13129120
v -0.02195369 0.07192273 -0.13053218
v -0.03774310 0.08339547 -0.12373272
v -0.23318213 0.11853226 0.06840876
v -0.23737136 0.11522131 0.06488003
v -0.23743056 0.12600568 0.06990009
v -0.23908919 0.10667215 0.05573826
v -0.24033846 0.11198378 0.06113076
v -0.21331649 0.12761159 -0.07621621
v -0.21480802 0.13214424 -0.07814968
v -0.21855882 0.12822405 -0.07768362
v -0.21038714 0.13592593 -0.07850999
v -0.21718083 0.13799399 -0.08006482
v -0.24567559 0.10085374 0.04384694
v -0.24796139 0.08848882 0.02713167
v -0.24798739 0.08313876 0.02379172
v -0.24825558 0.08969630 0.03475150
v -0.24519306 0.07834975 0.00953045
v -0.24539256 0.07913068 0.01845037
v -0.12630786 0.29683349 -0.02242478
v -0.13127562 0.29586637 -0.01140391
v -0.13598303 0.29416448 0.00103682
v -0.13607877 0.29354703 -0.02361394
v -0.10635354 0.30405101 -0.01769438
v -0.11632504 0.30002174 -0.02059087
v -0.12013800 0.29856119 -0.03290155
v -0.22849624 0.08442336 -0.03255166
v -0.22665423 0.08439323 -0.04072597
v -0.21637633 0.09493549 -0.05276159
v -0.22427425 0.08659616 -0.04079288
v -0.22449738 0.08602621 -0.04091684
v -0.22199324 0.08985902 -0.04692543
v -0.30301863 0.11381043 0.04660220
v -0.29973501 0.11733815 0.04572495
v -0.29492924 0.12238174 0.04482830
v -0.30455267 0.12268326 0.04142270
v -0.23884743 0.06573437 -0.02534700
v -0.23055372 0.07854392 -0.03423357
v -0.22859384 0.08132245 -0.04061171
v -0.23623791 0.07027771 -0.02610403
v -0.23481455 0.07136316 -0.03270593
v -0.23923817 0.07405046 -0.00601429
v -0.23349670 0.07699589 -0.02610235
v -0.23879823 0.06973597 -0.01785444
v -0.23451668 0.07418090 -0.02648852
v -0.15380047 0.03986016 -0.08863700
v -0.15991734 0.03106091 -0.07888813
v -0.16532826 0.02346980 -0.06758673
v -0.16235247 0.02413485 -0.08084708
v -0.18428703 -0.09739361 -0.05036940
v -0.17524230 -0.09093275 -0.04790560
v -0.17081334 -0.10134614 -0.07485281
v -0.17313734 -0.08192808 -0.05091605
v -0.16559857 -0.09050968 -0.07494585
v -0.17062496 -0.09072815 -0.06098983
v -0.15754554 -0.08984943 -0.08700369
v -0.16550466 -0.07784408 -0.07783300
v -0.19258901 -0.11181280 -0.02070971
v -0.19517846 -0.12248092 -0.01760674
v -0.19351941 -0.10990090 -0.03507471
v -0.15886675 -0.11643055 -0.07804740
v -0.16904646 -0.11479352 -0.06885127
v -0.18602951 -0.11049227 -0.04756431
v -0.17751127 -0.11272956 -0.05885766
v -0.18983744 -0.12220825 -0.04442210
v -0.16564836 -0.12301233 -0.05976905
v -0.06213485 0.34999403 -0.00762126
v -0.05657365 0.36342952 -0.00860036
v -0.18615171 -0.21919900 -0.00969605
v -0.18830152 -0.21249902 0.00260289
v -0.18758270 -0.21874712 -0.00094253
v -0.18938990 -0.20698889 0.00818696
v -0.18999876 -0.20966367 0.01448696
v -0.05260408 0.37718487 -0.01580390
v -0.04263802 0.38038754 -0.03160641
v -0.04003615 0.38351908 -0.03595632
v -0.04328747 0.38058764 -0.03247369
v -0.03689560 0.38512588 -0.03956315
v -0.18867604 -0.20317100 0.00609434
v -0.18965346 -0.20195574 0.01786536
v -0.18599239 -0.20429099 -0.00742604
v -0.18727663 -0.19763693 0.00524993
v -0.07274167 0.34469706 -0.00364094
v -0.06729271 0.34726995 -0.00633118
v -0.06487893 0.35481241 -0.00327413
v -0.07998671 0.33867148 0.01775182
v -0.07452235 0.35274974 0.00018640
v -0.07773393 0.33839101 0.02228790
v -0.07867713 0.34136206 0.01748991
v -0.07366126 0.33035645 0.03194920
v -0.07588205 0.33454663 0.02713946
v -0.18774715 -0.22053015 0.02362628
v -0.18889536 -0.21280462 0.02449748
v -0.18894668 -0.20754769 0.02708156
v -0.18752494 -0.21672972 0.03515482
v -0.18994561 -0.13283166 -0.01316535
v -0.19028005 -0.13128616 -0.02676590
v -0.19090527 -0.13447435 0.00029691
v -0.19266437 -0.13387635 0.01241477
v -0.18819487 -0.14207190 -0.00898717
v 0.00515548 -0.23510770 -0.12301707
v 0.00659544 -0.24474394 -0.12418600
v -0.02839088 -0.23667948 -0.12228087
v -0.04709577 -0.22611818 -0.11989573
v 0.00335676 -0.22381537 -0.12245318
v -0.00023655 -0.21257630 -0.12079977
v -0.01374656 -0.23137981 -0.12255990
v -0.03121689 -0.22831313 -0.12160787
v -0.03505909 -0.21870448 -0.12034991
v -0.15378207 -0.13354348 -0.06554105
v -0.16559979 -0.13196816 -0.05797628
v -0.18776973 -0.13214262 -0.04015411
v -0.17709373 -0.13157025 -0.04932074
v -0.18013304 -0.13966557 -0.03535149
v -0.16739883 -0.13875902 -0.05839344
v -0.19198695 -0.13827491 0.02576799
v -0.19213097 -0.14362808 0.01561674
v -0.12727498 -0.17640981 0.12462375
v -0.13823444 -0.18654348 0.11654681
v -0.12915584 -0.19388683 0.12566283
v -0.11957143 -0.20125380 0.13437900
v -0.13071653 -0.20848811 0.12577794
v -0.03680282 -0.23724858 0.17533344
v -0.06201239 -0.22106485 0.16773775
v -0.06149998 -0.23998451 0.16747615
v -0.07356882 -0.23278749 0.16197397
v -0.03465935 -0.25425211 0.17234246
v -0.03482460 -0.26950017 0.16758665
v -0.04849004 -0.24705328 0.17068620
v -0.06137082 -0.25564325 0.16320625
v -0.04498477 -0.30513903 0.14649981
v -0.05486431 -0.31392705 0.14079842
v -0.05930480 -0.31421775 0.14018072
v -0.07300137 -0.30854529 0.13879646
v -0.18490385 -0.21923642 0.04476923
v -0.18489493 -0.21411198 0.04715752
v -0.17765079 -0.22113815 0.06723042
v -0.17671803 -0.21916944 0.06933421
v -0.17220008 -0.22583602 0.07947453
v -0.18408588 -0.20952711 0.04975116
v -0.18073477 -0.21381266 0.05971112
v -0.17554015 -0.21601938 0.07081562
v -0.14779027 -0.11695965 -0.08712033
v -0.14267388 -0.12347998 -0.07549469
v -0.14358240 -0.13520667 -0.07397750
v -0.14839768 -0.14260934 -0.07724516
v -0.13226363 -0.13722241 -0.08125269
v -0.11953735 -0.12341306 -0.09244026
v -0.15035591 -0.10303480 -0.09564442
v -0.15148200 -0.09212345 -0.09786133
v -0.13613689 -0.11720656 -0.09541710
v -0.12681825 -0.11692165 -0.10409524
v -0.11470266 -0.11336748 -0.11142955
v -0.12835680 -0.10147935 -0.10744788
v -0.14857353 0.05122340 -0.09900178
v -0.14955202 0.04180596 -0.10207918
v -0.12828696 0.06186624 -0.11677761
v -0.14721309 0.06101514 -0.09785356
v -0.12975708 0.07253750 -0.11499019
v -0.14099333 0.06169212 -0.10877299
v -0.11687395 0.08350215 -0.11875218
v -0.13022682 0.08363526 -0.11361079
v -0.05648848 0.23223333 -0.11171573
v -0.05634181 0.24233133 -0.10786825
v -0.05579448 0.25246388 -0.10412189
v -0.06371225 0.26287401 -0.09919013
v -0.06527401 0.24267046 -0.10668846
v -0.15993948 -0.25214571 0.10176850
v -0.05160517 -0.20932476 0.17375931
v -0.06281731 -0.20033123 0.16994248
v -0.07379673 -0.19273967 0.16435978
v -0.06414700 -0.18257731 0.17273499
v -0.10693116 -0.19060282 0.14038008
v -0.10890114 -0.20911871 0.14214133
v -0.08479939 -0.20529458 0.15542692
v -0.08527978 -0.18569233 0.15823501
v -0.10815288 -0.17297919 0.14431146
v -0.08821528 -0.16775455 0.16254680
v -0.09650223 -0.17898889 0.15135151
v -0.12910764 -0.14646930 0.12705208
v -0.13138565 -0.16035572 0.12918849
v -0.12010376 -0.16706170 0.13705984
v -0.11068906 -0.15534300 0.14756307
v -0.08510246 -0.04972033 0.16134673
v -0.08551443 -0.06396662 0.16126873
v -0.09822562 -0.06134038 0.15529458
v -0.07101814 -0.06697843 0.16410033
v -0.08284210 -0.08094963 0.15795110
v -0.06966309 -0.03941399 0.16494602
v -0.08260888 -0.03856723 0.15936966
v -0.09480444 -0.03768954 0.15278290
v -0.08091063 -0.02362994 0.15698451
v -0.05676521 0.05059822 0.17082657
v -0.09406631 0.06180531 0.15691960
v -0.08159469 0.06547193 0.16023093
v -0.09906054 0.05108479 0.15835984
v -0.06979217 0.05872806 0.16604032
v -0.07395551 0.04396231 0.16795695
v -0.11298661 0.02650134 0.15243946
v -0.10530502 0.03861208 0.15710071
v -0.08178920 0.03022786 0.16028742
v -0.09054756 0.04094386 0.16286765
v -0.03298585 0.22680719 0.09223396
v -0.03195820 0.21782590 0.09772446
v -0.02359876 0.23518071 0.09037188
v -0.03088049 0.20802379 0.10327786
v -0.02194753 0.21704571 0.10104016
v -0.18443862 -0.22360176 0.04132803
v -0.18180655 -0.21986574 0.05513849
v -0.17770088 -0.22217454 0.06390079
v -0.18869191 -0.20304477 0.02924564
v -0.18794416 -0.19862209 0.03014578
v -0.18672836 -0.20562741 0.03994712
v -0.18288405 -0.20528965 0.05162228
v -0.18153666 -0.12874603 0.04772827
v -0.17777896 -0.13114405 0.06055000
v -0.18783212 -0.13387440 0.03660210
v -0.17640992 -0.14279372 0.06198683
v -0.18482408 -0.14322190 0.03731225
v -0.17122515 -0.15501626 0.06221530
v -0.18023786 -0.15251820 0.03921648
v -0.17767079 -0.14875175 0.04965694
v -0.16925953 0.02207886 0.03538048
v -0.17484142 0.00973795 0.02887388
v -0.17857963 -0.00177258 0.02222824
v -0.17064893 0.01509119 0.04861421
v -0.06429496 0.11744898 0.13880984
v -0.07954794 0.10540786 0.14292738
v -0.06700947 0.11048294 0.14270833
v -0.07147984 0.10420170 0.14533094
v -0.07212437 0.11394616 0.13944104
v -0.16748935 -0.07056846 -0.06555449
v -0.16810761 -0.07242430 -0.07801804
v -0.16182435 -0.07042301 -0.08976504
v -0.16851732 -0.06518131 -0.07797486
v -0.16537453 0.03854044 0.06903072
v -0.15745217 0.05744299 0.08967639
v -0.14629234 0.04477022 0.10954597
v -0.15309079 0.05552718 0.09833492
v -0.15705566 0.04616496 0.08989681
v -0.13494657 0.07017394 0.12118384
v -0.13571462 0.06272147 0.12082200
v -0.14153947 0.05426767 0.11575692
v -0.14798695 0.06332342 0.10673021
v -0.14749058 0.05459390 0.10715754
v -0.16638471 0.04284251 0.05934022
v -0.16414624 0.05166254 0.07175645
v -0.15752457 0.07859739 0.09027014
v -0.15658736 0.06729791 0.09168541
v -0.16093378 0.06024532 0.08194619
v -0.16376789 0.06371854 0.07548746
v -0.16279110 0.08633170 0.08200997
v -0.16032052 0.08228707 0.08585849
v -0.16612071 0.06757949 0.06993066
v -0.16248585 0.07397083 0.07976785
v -0.16816375 0.05993592 0.05934051
v -0.16830696 0.07120647 0.06570392
v -0.19027710 0.11061301 0.06815916
v -0.19485593 0.11368026 0.06898183
v -0.19943473 0.11536828 0.06929762
v -0.19568677 0.10244749 0.06310385
v -0.06581084 -0.01026061 0.15972851
v -0.08074270 -0.00819188 0.15780409
v -0.06203683 0.01620330 0.16281824
v -0.01582155 0.00792407 0.16773884
v -0.01872547 -0.00611650 0.16949366
v -0.05133176 -0.01288711 0.16255109
v -0.04947117 0.00062602 0.16370603
v -0.01278008 0.02366893 0.17034750
v -0.00987207 0.03620293 0.17334330
v -0.04438549 0.02902024 0.17006485
v -0.04711661 0.01457903 0.16490643
v -0.03161551 0.01184328 0.16623701
v -0.10887164 -0.22547665 0.14061001
v -0.08557273 -0.22506766 0.15562631
v -0.08537190 -0.24177358 0.15396775
v -0.09688180 -0.21697322 0.14897555
v -0.13502713 -0.27724451 0.11727176
v -0.09067749 -0.28903136 0.14045145
v -0.10570779 -0.29768884 0.13126218
v -0.12062895 -0.29134518 0.12438435
v -0.06718604 0.03978009 -0.12250347
v -0.06723420 0.05669792 -0.12138551
v -0.06754479 0.07243384 -0.12092978
v -0.10048088 0.07047012 -0.12176381
v -0.08151165 0.04967624 -0.11975716
v -0.04635259 0.26207420 -0.10232003
v -0.05418015 0.27254528 -0.09623045
v -0.05495735 0.26274011 -0.10037730
v -0.01837906 0.26934233 -0.10725132
v -0.01853974 0.27955696 -0.10436039
v -0.02747316 0.26045147 -0.10781077
v -0.03710103 0.26131237 -0.10504013
v -0.03636117 0.27164441 -0.10128564
v -0.04888735 0.30287260 -0.08431522
v -0.03635406 0.32253975 -0.07775994
v -0.01626691 0.32920039 -0.08407373
v -0.01516487 0.33634573 -0.07768060
v -0.03000932 0.32265410 -0.08193474
v -0.02787397 0.33106530 -0.07593265
v -0.01720233 0.32041401 -0.09037313
v -0.01800780 0.31002262 -0.09492854
v -0.03208136 0.31248480 -0.08644259
v -0.02370165 0.32179707 -0.08610810
v -0.01747903 0.38390237 -0.05437759
v -0.02615784 0.39057231 -0.04731901
v -0.03220006 0.39070264 -0.03956285
v -0.25968000 0.04596727 -0.03470254
v -0.25405249 0.05180187 -0.03609729
v -0.25779915 0.05365077 -0.04219315
v -0.24218257 0.06205043 -0.03128376
v -0.25142288 0.05137071 -0.02995113
v -0.24876931 0.05716045 -0.03673234
v -0.06538466 0.14901298 -0.11935487
v -0.06920212 0.13733715 -0.11887448
v -0.07623678 0.12332398 -0.11947138
v -0.10431609 0.10745270 -0.11956024
v -0.08615594 0.13127533 -0.11941141
v -0.08027558 0.33410296 0.01846463
v -0.08193985 0.32661688 0.01986982
v -0.08554841 0.32399008 0.01323196
v -0.08304041 0.32796842 0.00391113
v -0.07770677 0.33791903 0.00080907
v -0.07648916 0.34588802 0.00093019
v -0.07952434 0.34377342 0.00774551
v -0.17771289 0.27914864 0.00556323
v -0.17004171 0.28395712 0.00328570
v -0.17017445 0.27986467 0.01638768
v -0.15098993 0.29077977 -0.01230234
v -0.16765486 0.28603894 -0.00920966
v -0.16376580 0.28729576 0.00092933
v -0.15492940 0.26020914 -0.07624318
v -0.14656486 0.26391876 -0.07836597
v -0.14826852 0.27016175 -0.07203380
v -0.13633874 0.25290382 -0.09130517
v -0.14530976 0.25714985 -0.08397402
v -0.13773938 0.26764220 -0.08068278
v 0.00908798 -0.25444072 -0.12572613
v 0.00762186 -0.25152224 -0.12498070
v -0.00944011 -0.24678597 -0.12397901
v -0.02629177 -0.24309434 -0.12296864
v -0.04162871 -0.24150370 -0.12222622
v -0.02413625 -0.24853446 -0.12379402
v -0.07320479 -0.06661575 -0.13519606
v -0.06937240 -0.04782152 -0.13240783
v -0.08340905 -0.05254179 -0.12610093
v -0.05525181 -0.04380670 -0.13903400
v -0.06629535 -0.03262929 -0.12753604
v -0.11686525 0.10986315 -0.11722423
v -0.09774251 0.13507177 -0.11935727
v -0.10259876 0.12177667 -0.11919921
v -0.13733566 0.08579481 -0.10664399
v -0.12819706 0.09758557 -0.11333713
v -0.12591849 0.11249756 -0.11353438
v -0.03526312 0.11282576 0.15029268
v -0.02703809 0.10811656 0.15563716
v -0.02020449 0.13417478 0.14196110
v -0.02682358 0.14693546 0.13234365
v -0.04230519 0.11707899 0.14556175
v -0.04910879 0.12021412 0.14100014
v -0.03157608 0.12506591 0.14408556
v -0.02853497 0.13635236 0.13807465
v -0.03676730 0.13813803 0.13442332
v -0.24613214 0.09842889 -0.06846734
v -0.24561384 0.09113024 -0.06493000
v -0.23657595 0.09353598 -0.06521945
v -0.25065309 0.06817695 -0.05113554
v -0.25455788 0.08613074 -0.06376617
v -0.24390249 0.08279551 -0.05919559
v -0.17523897 -0.02306275 -0.05579193
v -0.17318138 -0.05862198 -0.06425532
v -0.16282836 -0.05545289 -0.07187711
v -0.17699595 -0.03773085 -0.05462064
v -0.16966058 -0.03481090 -0.06629337
v -0.17858285 -0.05972517 -0.05442640
v -0.18135481 -0.04116566 -0.04166845
v -0.18010134 -0.04871990 -0.05450946
v -0.17539842 0.01575472 -0.03003723
v -0.17684141 0.02224762 -0.02893806
v -0.17156236 0.02321901 -0.05479368
v -0.16856399 0.01792134 -0.05609906
v -0.17573133 0.00825804 -0.03041460
v -0.17699608 0.00078776 -0.03079435
v -0.16879801 0.01031177 -0.05698602
v -0.17304215 0.01186774 -0.04397307
v -0.17741208 0.03434799 -0.02599053
v -0.17716594 0.02859729 -0.02738715
v -0.17181650 0.03019702 -0.05252993
v -0.17206278 0.03567956 -0.04948152
v -0.17560109 0.03680100 -0.03671996
v -0.17544907 0.02526915 -0.04136048
v -0.20776275 0.08722346 -0.05901922
v -0.20071636 0.08415978 -0.05544093
v -0.19950147 0.09023999 -0.06234240
v -0.21896672 0.06476788 -0.03276264
v -0.21348125 0.06534514 -0.03032816
v -0.20243695 0.07770748 -0.04793807
v -0.20830092 0.07896695 -0.05001265
v -0.22239739 0.06719533 -0.03442563
v -0.21232523 0.08324982 -0.05203640
v -0.21052864 0.07931440 -0.05158476
v -0.21401381 0.07109389 -0.04359251
v -0.24220517 0.08391438 0.00254446
v -0.23304874 0.08364089 -0.02119590
v -0.24099064 0.08125983 -0.00089782
v -0.24130353 0.07692488 -0.00424509
v -0.23243535 0.08118626 -0.02229664
v -0.23305367 0.08061699 -0.02436546
v -0.23651484 0.07650118 -0.01538935
v -0.23561810 0.08214603 -0.01026390
v -0.18990615 0.06600748 -0.00734673
v -0.18860756 0.06652655 -0.02020856
v -0.19050643 0.06805789 0.00649549
v -0.19362596 0.06866419 0.00465327
v -0.21069181 0.07189664 0.01476845
v -0.19729172 0.07001705 0.00294276
v -0.19766144 0.07270739 0.01774816
v -0.20723596 0.06459320 -0.01433428
v -0.20804511 0.06708898 0.00030856
v -0.19374497 0.06763049 -0.01100160
v -0.20142362 0.06955595 0.00137020
v -0.20558700 0.06663387 -0.02786892
v -0.19257939 0.07428194 -0.04450841
v -0.19616172 0.07554773 -0.04474025
v -0.20281520 0.07190606 -0.03820841
v -0.19914159 0.06678187 -0.02537289
v -0.18842183 0.06855243 -0.03168732
v -0.19102010 0.07349214 -0.04245418
v -0.18898587 0.07199682 -0.04108518
v -0.19020732 0.06705843 -0.02179689
v -0.19326188 0.06668614 -0.02387952
v -0.19296259 0.06962420 -0.03486594
v -0.17687684 0.20179600 0.08294183
v -0.17784026 0.21304275 0.08001674
v -0.17034450 0.20095432 0.08594122
v -0.15012485 0.20700096 0.08761860
v -0.16169436 0.20383051 0.08818860
v -0.16526803 0.21291310 0.08337629
v -0.15071605 0.22913240 0.07553091
v -0.17742470 0.22424959 0.07540829
v -0.17069297 0.21976687 0.07919903
v -0.16103898 0.22450770 0.07849628
v -0.16032118 0.23416680 0.07317606
v -0.13164097 0.21055891 0.08422242
v -0.14047553 0.20900624 0.08586892
v -0.14157514 0.21849945 0.08031034
v -0.10038920 0.23613703 0.07413206
v -0.10942279 0.21380320 0.08363398
v -0.12123548 0.21212287 0.08347896
v -0.09916789 0.22577828 0.07928610
v -0.12280513 0.22207125 0.07813151
v -0.10399626 0.25556791 0.06380217
v -0.10189437 0.24594179 0.06892519
v -0.12368980 0.23242263 0.07343967
v -0.11212995 0.23446573 0.07342398
v -0.14269277 0.22828099 0.07535741
v -0.14360473 0.23796859 0.07008195
v -0.13405049 0.23018810 0.07411580
v -0.12437011 0.24241818 0.06856143
v -0.07433507 0.30677426 0.03950077
v -0.08071835 0.31230000 0.03169627
v -0.08799534 0.29472807 0.03844581
v -0.09464408 0.30110288 0.02800249
v -0.08835533 0.30970097 0.02511631
v -0.06554715 0.30139345 0.04568774
v -0.06745358 0.28555340 0.04828037
v -0.07868698 0.28932086 0.04464228
v -0.05665924 0.29745394 0.05000833
v -0.07543222 0.29783905 0.04198910
v -0.05702772 0.28270161 0.05138796
v -0.04788558 0.28069642 0.05473604
v -0.04889560 0.29446030 0.05309309
v -0.05684218 0.28966582 0.05012758
v -0.03164023 0.27987266 0.06388013
v -0.03987255 0.27992246 0.05880612
v -0.04098248 0.28604490 0.05689696
v -0.01398841 0.37766954 -0.04924176
v -0.01692151 0.38543320 -0.04798933
v -0.03050538 0.38405478 -0.03964376
v -0.02718630 0.38763344 -0.04367085
v -0.01396472 0.35897923 -0.05823336
v -0.01363117 0.36843520 -0.05285925
v -0.01991244 0.36917767 -0.04768239
v -0.03588217 0.35727894 -0.04240390
v -0.02626588 0.36888188 -0.04347066
v -0.02531736 0.35975379 -0.04855691
v -0.04037593 0.36632448 -0.03392954
v -0.03731664 0.36352003 -0.03775167
v -0.03597895 0.37853768 -0.03589134
v -0.02983594 0.37604433 -0.03960716
v -0.03211485 0.36671528 -0.04036669
v -0.07064860 0.32439527 0.03575098
v -0.06636923 0.32033455 0.03984174
v -0.06217832 0.31590554 0.04357168
v -0.04402529 0.30544180 0.05574593
v -0.04372995 0.31233203 0.05480849
v -0.31502381 0.12062199 0.03816377
v -0.31068197 0.12554029 0.03597497
v -0.30531427 0.13172552 0.03437475
v -0.31552848 0.13000789 0.02894681
v -0.31998703 0.13350898 0.01866284
v -0.31414962 0.13996148 0.01775572
v -0.32557917 0.12897769 0.01817072
v -0.32356542 0.13560149 0.00834106
v -0.13656454 0.28437200 0.02763717
v -0.14026830 0.28908825 0.01383579
v -0.14593318 0.29211378 0.00022948
v -0.15938599 0.28493059 0.01282931
v -0.15540543 0.28929421 -0.00006459
v -0.14664949 0.28265336 0.02678302
v -0.16881227 0.27415124 0.02872401
v -0.16367754 0.27920794 0.02360948
v -0.15346694 0.27281821 0.03722994
v -0.15638906 0.28018764 0.02585152
v -0.18478741 -0.08831687 0.02645135
v -0.17564256 -0.08967712 0.03844392
v -0.19126201 -0.08496629 0.01346070
v -0.18614101 -0.08267628 0.00111305
v -0.18852851 -0.07707462 0.02567231
v -0.02902224 -0.06335938 0.17235965
v -0.02771448 -0.04646543 0.17306566
v -0.05811591 -0.05381528 0.17058763
v -0.05691587 -0.07129414 0.16738760
v -0.02991059 -0.07791367 0.17297031
v -0.02737205 -0.08801937 0.17977819
v -0.03175784 -0.10313409 0.18028490
v -0.05645801 -0.08642580 0.16779058
v -0.04356116 -0.07485074 0.16922404
v -0.07579209 -0.15415333 0.16751640
v -0.08676764 -0.14771479 0.16034426
v -0.03851058 -0.15302782 0.17769009
v -0.05319458 -0.16968080 0.17757465
v -0.06375908 -0.16128521 0.17306982
v -0.06255789 -0.14735049 0.17067730
v -0.03490054 -0.13911639 0.17328921
v -0.03282344 -0.11771997 0.16992539
v -0.04432089 -0.10566233 0.17239480
v -0.06280238 -0.13407755 0.16968308
v -0.05037080 -0.14305341 0.17285733
v -0.06811230 -0.09436062 0.16173215
v -0.05588748 -0.09808386 0.16708291
v -0.07538980 -0.12826319 0.16927758
v -0.05948023 -0.11573967 0.16981214
v -0.03061816 -0.19365886 0.18555836
v -0.04223120 -0.19180438 0.18247639
v -0.02403452 -0.21651608 0.18113422
v -0.02866120 -0.22708115 0.17741081
v -0.02707311 -0.20464599 0.18343459
v -0.04032912 -0.22011340 0.17627650
v -0.04293413 -0.20367765 0.17845580
v -0.03555586 -0.20035233 0.18218458
v -0.25309274 0.16838382 0.04797849
v -0.25128496 0.18783283 0.04276646
v -0.26322126 0.16835444 0.04133338
v -0.25695142 0.17842406 0.04222962
v -0.25985619 0.18745446 0.03374274
v -0.09785108 -0.14213778 0.15447426
v -0.10744390 -0.13883045 0.14542979
v -0.08712833 -0.13747631 0.16194835
v -0.08591293 -0.12375247 0.16136949
v -0.12682980 -0.13061325 0.12586850
v -0.12675543 -0.12115803 0.12401788
v -0.11654493 -0.13466069 0.13486432
v -0.10716182 -0.12905213 0.14354216
v -0.18628362 0.11636305 0.07200985
v -0.18544419 0.12335403 0.07543650
v -0.18231244 0.11872449 0.07554340
v -0.18653065 0.10727752 0.06755678
v -0.18763064 0.09790161 0.06155796
v -0.18352294 0.10680338 0.06781521
v -0.00386029 0.06774469 0.17446022
v -0.00702691 0.05129109 0.17418316
v -0.02898379 0.07409162 0.17140162
v -0.04058673 0.06128516 0.16978286
v -0.04188423 0.04471469 0.17296971
v -0.02587583 0.04017172 0.17398199
v -0.05554846 0.12244133 0.13682555
v -0.06241230 0.12416741 0.13415734
v -0.04502640 0.13857134 0.13053399
v -0.04674309 0.12938690 0.13543968
v -0.04442611 0.14800440 0.12627731
v -0.05313554 0.13874838 0.12759513
v -0.06214281 0.14753284 0.12178954
v -0.06979747 0.12497557 0.13254717
v -0.06176959 0.13120326 0.12949003
v -0.06174525 0.13901219 0.12569803
v -0.07047767 0.13924143 0.12424038
v -0.23105624 0.18824498 -0.07433235
v -0.22977582 0.18312812 -0.07668707
v -0.22379819 0.18566038 -0.07929627
v -0.23565847 0.18089548 -0.07354698
v -0.22865753 0.17741233 -0.07820801
v -0.33017588 0.12981410 -0.00317070
v -0.31866610 0.14097141 -0.00050618
v -0.32538769 0.13494867 -0.00282063
v -0.32571560 0.13338819 -0.01222011
v -0.32509968 0.12976001 -0.02075872
v -0.31861758 0.13594565 -0.02267404
v -0.32987350 0.12406169 -0.01949538
v -0.32353517 0.12638244 -0.02888335
v -0.24271159 0.07191029 0.00440477
v -0.24247971 0.06565857 -0.00742504
v -0.24098276 0.07010069 -0.00746266
v -0.24949253 0.08096609 0.02791629
v -0.24656253 0.07509241 0.01583831
v -0.24661568 0.07191756 0.01507064
v -0.24874561 0.06755888 0.01478580
v -0.25141010 0.07313875 0.02544446
v -0.24460179 0.06222518 -0.00759796
v -0.24640843 0.06388612 0.00344131
v -0.25074291 0.06395752 0.01468044
v -0.25209409 0.05474115 0.00291631
v -0.25486350 0.04546107 -0.02381718
v -0.25025952 0.05115306 -0.02451343
v -0.25450373 0.04652333 -0.00989791
v -0.24316287 0.06190292 -0.01729021
v -0.24215923 0.06167100 -0.02506742
v -0.24611521 0.05647124 -0.02448522
v -0.24784128 0.05754309 -0.00761685
v -0.25116616 0.05244098 -0.00832572
v -0.25026056 0.05167925 -0.01747296
v -0.26916105 0.05054469 -0.04688009
v -0.28240037 0.06021897 -0.05630286
v -0.26765972 0.08989291 -0.06523188
v -0.26235041 0.07908311 -0.06177486
v -0.27609137 0.06645962 -0.05778248
v -0.28445774 0.07367473 -0.06032618
v -0.26265913 0.05644885 -0.04837452
v -0.25657600 0.06235441 -0.04968552
v -0.25758275 0.07125109 -0.05646230
v -0.26860708 0.06080160 -0.05357630
v -0.26722777 0.07065134 -0.05834560
v -0.32419473 0.11532298 -0.03618463
v -0.31527543 0.12715521 -0.03914386
v -0.32040852 0.12110945 -0.03726044
v -0.31537011 0.11387175 -0.04642089
v -0.29303348 0.08167377 -0.06125668
v -0.28693950 0.08935347 -0.06258042
v -0.30796924 0.10242489 -0.05512645
v -0.30634305 0.11381673 -0.05307991
v -0.29715008 0.07331529 -0.06042765
v -0.30816245 0.09155467 -0.05721660
v -0.30125606 0.08838284 -0.05990982
v -0.27101722 0.09970158 0.05164145
v -0.25746882 0.07277927 0.03381313
v -0.26485205 0.08449017 0.04559338
v -0.25458181 0.08073533 0.03442641
v -0.25587079 0.07639678 0.03408782
v -0.26278216 0.08839332 0.04517446
v -0.26007533 0.08032551 0.04025521
v -0.27103001 0.10240571 0.05111225
v -0.27012956 0.10536671 0.05078260
v -0.26601985 0.09590377 0.04927196
v -0.26105765 0.09222628 0.04511960
v -0.25614604 0.20444711 0.02366716
v -0.26170200 0.19508177 0.02439214
v -0.26828423 0.18459986 0.02532650
v -0.26309475 0.20096171 0.01297964
v -0.20662598 0.13077943 0.07511463
v -0.20537680 0.11646181 0.07070697
v -0.20936804 0.16377530 0.07597834
v -0.21016359 0.14684388 0.07955407
v -0.21390814 0.14660077 0.07970965
v -0.21748024 0.14677605 0.07944259
v -0.21527502 0.15993819 0.07500163
v -0.22560690 0.13274844 0.07449512
v -0.21689652 0.13307859 0.07659350
v -0.22091347 0.14649731 0.07751413
v -0.29259956 0.13557903 0.03943071
v -0.26825577 0.15920538 0.04314265
v -0.27111590 0.16647889 0.03667037
v -0.28115016 0.15103802 0.03840929
v -0.27407369 0.17347620 0.02748453
v -0.27521318 0.17998622 0.01671025
v -0.28708291 0.15489905 0.03121099
v -0.27912876 0.16246048 0.03224935
v -0.29896522 0.13872267 0.03321325
v -0.30364603 0.14363785 0.02602070
v -0.29262581 0.14691983 0.03225554
v -0.29228109 0.15809751 0.02327647
v -0.26789436 0.10935990 0.04989962
v -0.26296970 0.10360434 0.04874045
v -0.25163895 0.08807063 0.04007307
v -0.25234360 0.08475038 0.03642210
v -0.25639197 0.08907297 0.04079210
v -0.25893739 0.09644401 0.04578385
v -0.25794467 0.10106701 0.04617724
v -0.24857745 0.09639963 0.04743210
v -0.25096306 0.09267156 0.04267978
v -0.25555661 0.10592283 0.04742874
v -0.25382569 0.09845630 0.04517119
v -0.25756410 0.11325379 0.04879496
v -0.25177136 0.11234903 0.04975161
v -0.23909274 0.06688746 -0.03777789
v -0.24634950 0.06466408 -0.04392755
v -0.24356265 0.06258181 -0.03725908
v -0.23822545 0.07728407 -0.05288550
v -0.24458340 0.07320149 -0.05206630
v -0.22735985 0.08404098 -0.04619784
v -0.23455381 0.07219388 -0.03857026
v -0.23113653 0.07854649 -0.03944086
v -0.23195237 0.08361109 -0.05221409
v -0.23553284 0.07380223 -0.04497620
v -0.24958439 0.15835248 0.05215632
v -0.24549432 0.16768254 0.05270304
v -0.25531003 0.15032762 0.05291003
v -0.24598810 0.14909211 0.05538837
v -0.17889287 0.11378429 0.07557973
v -0.18139644 0.10959367 0.07088304
v -0.18119808 0.10047023 0.06475940
v -0.18623279 0.05948296 0.00805256
v -0.18697247 0.06302139 0.00805013
v -0.18836673 0.06554522 0.00755181
v -0.19014819 0.07054894 0.02068695
v -0.18583722 0.06485696 0.02122318
v -0.13300480 0.08491006 0.12208907
v -0.13364339 0.07739105 0.12220602
v -0.14646283 0.07106680 0.10848508
v -0.14103104 0.07018404 0.11518069
v -0.13313572 0.09238361 0.12112023
v -0.13801466 0.08453775 0.11701232
v -0.17269346 0.04625625 0.02271933
v -0.17184965 0.04084058 0.02403003
v -0.17038092 0.05693461 0.04461959
v -0.17468303 0.05145587 0.02203273
v -0.17816523 0.05497861 0.02278730
v -0.17337471 0.05576597 0.03259278
v -0.15180936 0.08189989 0.09990106
v -0.15095869 0.07283900 0.10183534
v -0.15457255 0.07532857 0.09573975
v -0.14401135 0.07814831 0.11057093
v -0.14273776 0.08478402 0.11217429
v -0.14953686 0.08788002 0.10370000
v -0.14673764 0.09395263 0.10662480
v -0.14230210 0.09079113 0.11271089
v -0.14655526 0.08550800 0.10759582
v -0.12927778 -0.01158127 0.12953915
v -0.13142751 0.00115064 0.13322273
v -0.12288986 0.01448846 0.14490242
v -0.10962836 0.01628415 0.14921483
v -0.04262400 0.29959756 0.05642615
v -0.04158154 0.29282898 0.05653693
v -0.03389062 0.29227647 0.06095349
v -0.03707559 0.30429143 0.06040966
v -0.26468164 0.15150703 0.04822576
v -0.27812180 0.14327849 0.04382941
v -0.27167600 0.15079971 0.04332469
v -0.26084921 0.14346461 0.05294036
v -0.25792804 0.12471021 0.05184503
v -0.25687939 0.13639767 0.05410991
v -0.26557902 0.13762484 0.05051878
v -0.22846505 0.10150292 -0.06837005
v -0.20890132 0.11046517 -0.06547245
v -0.21767496 0.10737769 -0.06597152
v -0.21347155 0.10027911 -0.05743464
v -0.21100034 0.10540099 -0.06185334
v -0.22029960 0.09416090 -0.05222257
v -0.21845226 0.09524750 -0.05268716
v -0.21383917 0.10502867 -0.06167245
v -0.22347635 0.09144243 -0.05215900
v -0.22849026 0.09631898 -0.06431703
v -0.22931316 0.09033650 -0.05882725
v -0.22705670 0.08711460 -0.05228848
v -0.22191104 0.10246146 -0.06432340
v -0.21753427 0.10376109 -0.06228201
v -0.21886250 0.09881626 -0.05734657
v -0.12658703 0.12464765 -0.11386006
v -0.13423763 0.11346751 -0.10849069
v -0.14383781 0.12412106 -0.10547751
v -0.14100555 0.10202870 -0.10190549
v -0.14990304 0.11361670 -0.09948239
v -0.14178579 0.11359423 -0.10358837
v -0.15762125 0.11314417 -0.09558576
v -0.15591241 0.10270145 -0.09334278
v -0.24980569 0.20140651 -0.04856713
v -0.24481998 0.20694584 -0.05036329
v -0.24872595 0.20931913 -0.04334606
v -0.24099274 0.20385391 -0.05668842
v -0.23976682 0.21268250 -0.05262499
v -0.25269461 0.21091901 -0.03553890
v -0.24728167 0.21776374 -0.03707463
v -0.25847247 0.20347527 -0.03418986
v -0.25646245 0.21163800 -0.02715805
v -0.26349002 0.20543063 0.00203859
v -0.27015683 0.19604532 0.00303672
v -0.26596999 0.20104711 -0.01711404
v -0.25757712 0.21456574 0.00119906
v -0.25402105 0.21911964 -0.01909847
v -0.25955036 0.21004610 -0.01801602
v -0.26206338 0.20825806 -0.00847358
v -0.18607120 -0.22717613 -0.01364670
v -0.18706407 -0.22733265 -0.00370811
v -0.18864115 -0.22670832 0.00544725
v -0.16135617 -0.16652086 0.08613733
v -0.16609107 -0.16058931 0.07423049
v -0.17167707 -0.16518830 0.06488142
v -0.15614827 -0.17242293 0.09797752
v -0.14786243 -0.17969254 0.10786723
v -0.14757077 -0.19269189 0.10757275
v -0.16408646 -0.17772365 0.08908770
v -0.14164186 -0.26652342 0.11275258
v -0.13433726 -0.27620548 0.11751728
v -0.18758042 -0.22715323 0.01564211
v -0.18723559 -0.23111981 0.02684971
v -0.18410942 -0.22752205 0.03788900
v -0.13676137 -0.10383864 0.11123434
v -0.14662497 -0.10245252 0.10118046
v -0.16364187 -0.09733803 0.08122651
v -0.15570977 -0.10092717 0.09192268
v -0.14959057 -0.09044746 0.10267613
v -0.15411875 -0.03351820 0.09317563
v -0.14516638 -0.03563880 0.10478765
v -0.15848672 -0.03117689 0.07840610
v -0.16345634 -0.04411342 0.07980994
v -0.17935455 -0.07539316 0.05419651
v -0.16887504 -0.05611074 0.08216236
v -0.17631172 -0.05111242 0.06869092
v -0.15976503 -0.07897595 0.09300676
v -0.15969874 -0.06084505 0.09505595
v -0.16799107 -0.06995488 0.08243953
v -0.18037893 -0.03291401 -0.02904041
v -0.18393546 -0.04147783 -0.02990966
v -0.17775789 -0.03502988 -0.00609890
v -0.18394570 -0.04883727 -0.03149525
v -0.18250136 -0.04220694 -0.00406575
v -0.18340780 -0.03974971 -0.01811013
v -0.18441704 -0.06630474 0.01170228
v -0.18247712 -0.04387602 0.00979465
v -0.18423077 -0.05276318 -0.00281118
v -0.18027020 -0.08020122 -0.01060234
v -0.17770672 -0.07661422 -0.02447392
v -0.18252501 -0.07303769 -0.00016615
v -0.17964792 -0.06111510 -0.01518419
v -0.18198732 -0.06339866 -0.00211456
v -0.17386533 -0.07534637 -0.03850468
v -0.17178400 -0.07273826 -0.05309399
v -0.17342016 -0.06330407 -0.05581420
v -0.17736506 -0.05651799 -0.04317099
v -0.18004127 -0.05878127 -0.02993329
v -0.17786664 -0.06704547 -0.02750277
v -0.09056674 -0.02621277 -0.11521573
v -0.11550522 -0.01969140 -0.10169183
v -0.11715609 -0.00355423 -0.10434932
v -0.12982105 -0.01040484 -0.09779609
v -0.09488193 0.02526911 -0.11721855
v -0.10662761 0.00090154 -0.11214048
v -0.12343988 0.01055725 -0.11053653
v -0.24416023 0.09554844 0.03803803
v -0.24577251 0.08756775 0.01738093
v -0.24499062 0.09253798 0.03332060
v -0.23963052 0.08322043 0.00881955
v -0.18795055 0.13425267 -0.09706481
v -0.18998477 0.12425879 -0.09462197
v -0.19146521 0.11487969 -0.09089287
v -0.18748458 0.12046596 -0.09535631
v -0.26915020 0.19450255 -0.02513643
v -0.27292636 0.19186038 -0.01598587
v -0.27596265 0.18555734 0.00507951
v -0.28432775 0.17588751 0.00792615
v -0.27550033 0.18922600 -0.00580751
v -0.28066310 0.18120763 -0.01465546
v -0.24388322 0.12886946 0.06136894
v -0.25204071 0.12511542 0.05305387
v -0.24916115 0.13584806 0.05636551
v -0.25389212 0.13024969 0.05415875
v -0.24035260 0.21811901 0.03161163
v -0.24923739 0.20563816 0.03386591
v -0.25121841 0.21259512 0.02257219
v -0.24359889 0.18595183 0.05059249
v -0.24667558 0.19637306 0.04332429
v -0.24172047 0.20294832 0.04301049
v -0.23409843 0.21490687 0.03957488
v -0.23786145 0.20884176 0.04164835
v -0.23516533 0.19872762 0.05177135
v -0.16895187 -0.23698415 0.08392453
v -0.15592740 -0.25710323 0.10131761
v -0.15242690 -0.25655395 0.10382506
v -0.17467465 -0.22750847 0.07174502
v -0.17749502 -0.22306350 0.06025650
v -0.17172584 -0.23852947 0.07827794
v -0.16375510 -0.25359860 0.09342299
v -0.16918744 -0.25386959 0.08441442
v -0.17218117 -0.24208456 0.07491611
v -0.11073679 0.28247523 0.04215869
v -0.11490331 0.28915787 0.03005574
v -0.12634875 0.28620374 0.02843268
v -0.13372533 0.27735063 0.03957068
v -0.19199626 0.09108193 0.05483263
v -0.19614100 0.09274602 0.05497233
v -0.19302970 0.07557224 0.03306302
v -0.19004495 0.07448775 0.03384414
v -0.20078202 0.09326179 0.05509800
v -0.19723719 0.07663970 0.03217401
v -0.20264363 0.07766723 0.03119945
v -0.19675711 0.08405005 0.04482834
v -0.23605968 0.13846329 0.06755535
v -0.24093293 0.13334373 0.06539119
v -0.23809150 0.14847745 0.05821751
v -0.24352261 0.14172411 0.05694148
v -0.24259111 0.13597967 0.05888157
v -0.30821943 0.13383241 -0.04199275
v -0.30639189 0.12522240 -0.04900363
v -0.29784083 0.11734793 -0.05689787
v -0.30979586 0.14376590 -0.02581573
v -0.30984595 0.13964264 -0.03398293
v -0.29977974 0.14051688 -0.04554849
v -0.24462411 0.11903372 0.06193452
v -0.24345174 0.10834156 0.05538618
v -0.24718876 0.10237744 0.05066028
v -0.25048789 0.10855097 0.05200622
v -0.25060147 0.11863324 0.05254795
v -0.24736390 0.12392823 0.05695676
v -0.20643444 0.10485039 0.06455436
v -0.21191405 0.11800208 0.07208405
v -0.21706040 0.11903337 0.07287301
v -0.20712273 0.09447387 0.05569877
v -0.23059531 0.10790040 0.06423873
v -0.22785741 0.12020580 0.07114188
v -0.22205976 0.11998305 0.07304739
v -0.21967074 0.10604787 0.06723713
v -0.27027035 0.04141583 -0.03966416
v -0.27557468 0.04417386 -0.04539664
v -0.26218766 0.03906815 -0.02762219
v -0.26556933 0.03949074 -0.03357974
v -0.27195132 0.03348971 -0.03371114
v -0.25980037 0.03896888 -0.02257353
v -0.25861686 0.03970313 -0.01762827
v -0.26560932 0.03216984 -0.02168655
v -0.25706959 0.04322287 -0.00160557
v -0.25876713 0.04038911 -0.01184022
v -0.26237476 0.03414637 -0.01002757
v -0.26451740 0.07275333 0.04152027
v -0.26965556 0.08895656 0.05030207
v -0.26823732 0.08049686 0.04631624
v -0.27213866 0.07661518 0.04740084
v -0.27623394 0.10300472 0.05369222
v -0.27081114 0.09756211 0.05267556
v -0.27111903 0.09612828 0.05414794
v -0.29634973 0.10987232 0.05073255
v -0.28493822 0.10693383 0.05263487
v -0.28308633 0.10555892 0.05418021
v -0.28394663 0.10389317 0.05515984
v -0.29267436 0.10672081 0.05358477
v -0.27232346 0.09573732 0.05561573
v -0.27781588 0.10010335 0.05614614
v -0.32553136 0.12291907 0.03007986
v -0.33087203 0.12694107 0.01573602
v -0.33300593 0.12710766 0.00590920
v -0.33488217 0.12492470 -0.00301347
v -0.33464345 0.12550198 0.01324821
v -0.33522147 0.12252459 -0.01096703
v -0.33391583 0.11875261 -0.01905698
v -0.33894333 0.12145902 -0.00417665
v -0.31593171 0.12771179 0.02936106
v -0.32022324 0.10356002 -0.04362012
v -0.31713587 0.09790017 -0.04552504
v -0.33086529 0.11547403 -0.02699371
v -0.32740778 0.11092431 -0.03439231
v -0.33688852 0.11412457 -0.02014789
v -0.33009636 0.10635749 -0.03375757
v -0.31087369 0.09299006 -0.05407719
v -0.30537549 0.07784376 -0.05928349
v -0.31026858 0.09320310 -0.05198244
v -0.31193140 0.09069050 -0.05127834
v -0.30652994 0.08296185 -0.05558462
v -0.30569959 0.11206441 0.04739706
v -0.31183618 0.11458961 0.04458825
v -0.31832552 0.11656773 0.04127123
v -0.30677718 0.11041257 0.04925513
v -0.32007754 0.11567897 0.04270762
v -0.30116618 0.07507626 -0.05797136
v -0.29411209 0.05987381 -0.05755929
v -0.30072314 0.06602546 -0.05966880
v -0.30463839 0.06221022 -0.05930540
v -0.28150135 0.04843292 -0.05044634
v -0.28769219 0.05372036 -0.05462062
v -0.28197455 0.03883852 -0.04508479
v -0.29361975 0.04829187 -0.05410741
v -0.25706187 0.04875228 0.01343246
v -0.25385088 0.04373384 0.00963107
v -0.26584753 0.05895763 0.03490087
v -0.25283214 0.03992237 0.00886423
v -0.25360924 0.04467886 0.01602551
v -0.25504112 0.06555977 0.02520290
v -0.25309882 0.05943795 0.01465402
v -0.25569993 0.05442994 0.01446581
v -0.25918865 0.06921194 0.03386045
v -0.26190400 0.06476308 0.03446138
v -0.26052600 0.05614734 0.02645672
v -0.01865472 0.28952727 -0.10138015
v -0.01849624 0.29963103 -0.09842923
v -0.03568563 0.28160429 -0.09761496
v -0.02695130 0.28084260 -0.10123121
v -0.02606833 0.30070749 -0.09451008
v -0.16876356 0.02948235 0.02849475
v -0.17063075 0.03549204 0.02584422
v -0.16703466 0.03537674 0.04433168
v -0.16790760 0.04799261 0.05263224
v -0.16911213 0.05265703 0.04786204
v -0.17032599 0.04611291 0.03622405
v -0.15014933 0.01170957 0.10095502
v -0.14745660 0.02261331 0.11618325
v -0.14622870 0.03437100 0.11297169
v -0.15074734 0.03403617 0.10187405
v -0.16639577 0.02453019 0.06679548
v -0.16559665 0.01229847 0.06151640
v -0.16195352 0.03558714 0.08052346
v -0.15628034 0.03418654 0.09147033
v -0.15482505 0.02300132 0.09085914
v -0.18175088 0.08347220 0.05046315
v -0.18469884 0.06631450 0.03165051
v -0.18875162 0.08928066 0.05389856
v -0.18593200 0.08683117 0.05270092
v -0.18625413 0.06942497 0.03295170
v -0.18792865 0.07232192 0.03352528
v -0.18969768 0.08122276 0.04519586
v -0.18400151 0.07616650 0.04283001
v -0.22002567 0.07632477 0.03118961
v -0.21036528 0.07817630 0.03065379
v -0.20976573 0.08551721 0.04489282
v -0.21492527 0.09435368 0.05711718
v -0.22258547 0.09452970 0.05830023
v -0.22883074 0.07558265 0.03141759
v -0.23554364 0.07557604 0.03060413
v -0.23360303 0.09618475 0.05429973
v -0.22936490 0.09475474 0.05804492
v -0.22669643 0.08472756 0.04583721
v -0.17236850 0.06692858 0.05241358
v -0.17253962 0.06077110 0.04252297
v -0.17590015 0.06402479 0.04211111
v -0.02857845 -0.18029246 0.18625864
v -0.02576874 -0.16830662 0.18303531
v -0.02978717 -0.16158164 0.17843094
v -0.04463398 -0.17709064 0.18160029
v -0.04118760 -0.16236165 0.17854276
v -0.03697151 -0.18365887 0.18481724
v -0.00819601 -0.14558294 -0.13359141
v -0.01088975 -0.13850579 -0.12461685
v -0.04473113 -0.14262544 -0.12998371
v -0.00601133 -0.16603030 -0.11632197
v -0.00688583 -0.15760013 -0.12839536
v -0.04467617 -0.15161452 -0.13598903
v -0.02729452 -0.14758754 -0.13671975
v -0.06155131 -0.15420897 -0.13270006
v -0.04408108 -0.16020066 -0.11983450
v -0.00538890 -0.17755751 -0.11265600
v -0.00556388 -0.19033161 -0.11597832
v -0.02568383 -0.16858549 -0.11260124
v -0.04407927 -0.17046770 -0.11090973
v -0.18211639 -0.21153663 -0.02067968
v -0.18072803 -0.20189297 -0.02120147
v -0.16809054 -0.21343800 -0.04771812
v -0.17991692 -0.19217125 -0.02253774
v -0.17422295 -0.19613093 -0.03497553
v -0.15792702 -0.20595643 -0.06021760
v -0.16701014 -0.20105053 -0.04799204
v -0.16635285 -0.18928754 -0.04645501
v -0.17904624 -0.17626712 -0.02503292
v -0.17329410 -0.17497116 -0.03678352
v -0.17870958 -0.16815259 -0.02720359
v -0.18381116 -0.18908535 -0.00991112
v -0.18040831 -0.18324181 -0.01891663
v -0.18197535 -0.17627552 -0.01200675
v -0.18756236 -0.19243711 0.01691597
v -0.18656723 -0.19135009 0.00362629
v -0.18548420 -0.18429679 0.00277472
v -0.18247150 -0.17088106 -0.00084692
v -0.18404037 -0.17749459 0.00127628
v -0.18497851 -0.17952277 0.01479748
v -0.18729618 -0.19407634 0.02948370
v -0.18595721 -0.19683307 0.04154779
v -0.18607312 -0.18847322 0.02858056
v -0.18516272 -0.18241811 0.02745381
v -0.18385111 -0.17639793 0.02563209
v -0.18342334 -0.18613905 0.03962976
v -0.17895921 -0.20630312 0.06258720
v -0.18281275 -0.20123723 0.05243856
v -0.18200955 -0.19627933 0.05218634
v -0.16961993 -0.21984796 0.08141540
v -0.17453147 -0.21248990 0.07191522
v -0.17398857 -0.20843816 0.07215825
v -0.16643938 -0.23463532 0.08805585
v -0.16464299 -0.23210114 0.08982655
v -0.15077162 -0.25350627 0.10538843
v -0.16040482 -0.24539037 0.09573720
v -0.14115959 -0.26073575 0.11285855
v -0.14934868 -0.24974301 0.10622634
v -0.16375989 -0.22881000 0.09022799
v -0.16297188 -0.22456972 0.09032644
v -0.15713957 -0.23881465 0.09889262
v -0.14910072 -0.24539727 0.10635262
v -0.11910241 -0.28765890 0.12455145
v -0.11225317 -0.28955320 0.12813738
v -0.12564075 -0.28233168 0.12168458
v -0.13311362 -0.27159876 0.11814985
v -0.13169396 -0.26671711 0.11882269
v -0.11617348 -0.28332925 0.12573306
v -0.04911130 -0.31139225 0.14307438
v -0.04499401 -0.30924207 0.14581636
v -0.06394639 -0.30942768 0.13985135
v -0.07254684 -0.30616030 0.13836722
v -0.08846782 -0.30121729 0.13428998
v -0.10383762 -0.29455334 0.13087220
v -0.09979750 -0.29262155 0.13230142
v -0.07352179 -0.30369011 0.13944940
v -0.10753301 0.27353704 0.05085587
v -0.10598870 0.26513726 0.05844380
v -0.11519830 0.25414601 0.06341741
v -0.12587918 0.25223172 0.06360925
v -0.11994044 0.27125710 0.04999517
v -0.06402985 0.33559939 -0.01807704
v -0.06936142 0.32604924 -0.02193217
v -0.07595811 0.31884584 -0.02563883
v -0.07055043 0.32358995 -0.03022993
v -0.09671873 0.30845568 -0.01541776
v -0.08791413 0.31417835 -0.01375197
v -0.08160398 0.31533697 -0.02033598
v -0.09929626 0.30522630 -0.02633545
v -0.08343326 0.31313488 -0.02933676
v -0.11854634 0.25826389 -0.09556819
v -0.12779990 0.25597456 -0.09387137
v -0.12814938 0.26404071 -0.08875626
v -0.12892050 0.27804706 -0.07554855
v -0.12850416 0.27138466 -0.08293725
v -0.11874162 0.27445471 -0.08473676
v -0.08627130 0.28932220 -0.08455166
v -0.10860702 0.27682236 -0.08657612
v -0.10710932 0.28445494 -0.08006779
v -0.10893892 0.25955263 -0.09651664
v -0.08942901 0.27116376 -0.09434214
v -0.08813714 0.28047687 -0.08971200
v -0.09943557 0.26055485 -0.09727209
v -0.10905481 0.26850227 -0.09219219
v -0.09827358 0.27879286 -0.08819401
v -0.05399305 0.34319273 -0.03343069
v -0.06059333 0.33568677 -0.02882936
v -0.05307364 0.34952891 -0.02845779
v -0.05181706 0.35533932 -0.02561006
v -0.05544275 0.34629244 -0.02627775
v -0.06515272 0.32798886 -0.03380588
v -0.07061127 0.32153812 -0.03920123
v -0.06020271 0.33204994 -0.03660055
v -0.04053256 0.34954113 -0.04412431
v -0.04571105 0.34435147 -0.04343336
v -0.03513972 0.34970066 -0.04844432
v -0.05058675 0.34040353 -0.04134274
v -0.05532262 0.33634129 -0.03911953
v -0.05763372 0.32983983 -0.04512241
v -0.04769402 0.33628830 -0.04889664
v -0.17354567 0.28140509 -0.01910936
v -0.16473109 0.28682372 -0.02129325
v -0.15874918 0.27117285 -0.06166022
v -0.16551107 0.27834108 -0.04175942
v -0.17192483 0.27398166 -0.03964770
v -0.16841067 0.27157238 -0.05047897
v -0.18047597 0.27569425 -0.01715950
v -0.17612699 0.27485839 -0.02837755
v -0.17820941 0.27016655 -0.03733846
v -0.14416984 0.24207976 -0.09340215
v -0.15244272 0.24650142 -0.08682910
v -0.14446232 0.24968639 -0.08881371
v -0.14419067 0.22574715 -0.10025493
v -0.14411198 0.23414007 -0.09725004
v -0.15148948 0.23170131 -0.09493784
v -0.15786965 0.22907284 -0.09288891
v -0.15796870 0.22175525 -0.09560756
v -0.15884167 0.24349506 -0.08533795
v -0.15812348 0.23639669 -0.08966517
v -0.16333199 0.22654462 -0.09100047
v -0.23184933 0.25196519 -0.00257040
v -0.22599125 0.25348401 -0.02465362
v -0.23214778 0.25062296 -0.02311809
v -0.22888862 0.25006080 -0.03389395
v -0.23770982 0.24901855 -0.00170598
v -0.24184088 0.24486183 -0.00027134
v -0.23562917 0.25059977 -0.01246312
v -0.23806252 0.24760464 -0.02204226
v -0.15994288 0.25056106 -0.08042312
v -0.16125961 0.25700489 -0.07446967
v -0.16438873 0.24060272 -0.08316719
v -0.09476934 0.14586557 -0.12007964
v -0.10739015 0.13821821 -0.11903973
v -0.11937284 0.13526846 -0.11656422
v -0.12917948 0.13473348 -0.11339027
v -0.11345052 0.14513344 -0.11806543
v -0.14600189 0.13341661 -0.10541821
v -0.13808888 0.13408402 -0.10995325
v -0.13290763 0.14339584 -0.11294854
v -0.18529938 0.14447984 -0.09870230
v -0.18211240 0.14087343 -0.09904671
v -0.17825198 0.13775739 -0.09919278
v -0.17444146 0.14821596 -0.10020500
v -0.18138140 0.12717831 -0.09763856
v -0.18380731 0.11719643 -0.09482234
v -0.17342326 0.13511883 -0.09857345
v -0.18782702 0.14954792 -0.09824097
v -0.18261665 0.15451141 -0.10005559
v -0.19112471 0.14730786 -0.09357541
v -0.19052950 0.14780912 -0.09547497
v -0.18938360 0.15705045 -0.09718288
v -0.21529475 0.17201973 0.06931227
v -0.21966973 0.16881964 0.06829858
v -0.23088641 0.18668766 0.05884709
v -0.22519605 0.19182758 0.05792126
v -0.20870021 0.17900410 0.06803986
v -0.21211754 0.17544755 0.06876571
v -0.22198318 0.19675572 0.05549242
v -0.21786362 0.18437727 0.06320770
v -0.23165807 0.22253621 0.04012366
v -0.22795297 0.23028184 0.04136007
v -0.22722654 0.20970425 0.04739552
v -0.21863042 0.20279953 0.05416937
v -0.19116172 0.14458895 -0.09293077
v -0.19062451 0.15228084 -0.09436747
v -0.19093424 0.14390518 -0.09100778
v -0.19162621 0.13702571 -0.09115005
v -0.19224656 0.12886325 -0.08900342
v -0.19239712 0.13720450 -0.08909280
v -0.19154745 0.14051722 -0.09192936
v -0.19459218 0.13580739 -0.08403394
v -0.19405951 0.13061115 -0.08658215
v -0.14117450 0.28988013 -0.03514537
v -0.14645526 0.29058227 -0.02414839
v -0.15577053 0.28834605 -0.02358217
v -0.16079699 0.28569859 -0.03289827
v -0.15694606 0.28273776 -0.04450843
v -0.22532173 0.24815184 -0.04343054
v -0.23146947 0.24404570 -0.04286768
v -0.21873038 0.25204220 -0.04380612
v -0.22001727 0.24539283 -0.05131289
v -0.21754348 0.23951498 -0.05842093
v -0.21095659 0.24381436 -0.05670614
v -0.22287999 0.23643085 -0.05911138
v -0.21441999 0.23266946 -0.06444537
v -0.20807609 0.22674392 -0.07025125
v -0.21505034 0.22400022 -0.06991138
v -0.19985619 0.22841698 -0.07099620
v -0.20377716 0.21941993 -0.07557938
v -0.19251414 0.21608262 -0.08241720
v -0.20670667 0.21090554 -0.07960982
v -0.19998090 0.21344700 -0.08080503
v -0.19648916 0.20780332 -0.08445212
v -0.19268781 0.14827009 -0.08796169
v -0.18969545 0.15048915 -0.09271003
v -0.19016042 0.16028355 -0.09538350
v -0.18977642 0.15513401 -0.09493176
v -0.18883425 0.15729848 -0.09401212
v -0.24307148 0.22690573 0.02189082
v -0.24440068 0.23305506 0.01096426
v -0.25246847 0.21883962 0.01137478
v -0.25291842 0.22333555 0.00097501
v -0.24560302 0.21887371 0.02178054
v -0.20515500 0.26102051 0.01436176
v -0.18298821 0.26848775 0.01973110
v -0.19717965 0.26378763 0.01145358
v -0.19680288 0.26133993 0.02438982
v -0.18298481 0.27475104 -0.00491965
v -0.18406886 0.27207944 0.00728556
v -0.18635200 0.26989329 -0.01505774
v -0.19597593 0.26615676 -0.00035567
v -0.19010279 0.26695997 0.00939478
v -0.23176496 0.06762376 -0.00825993
v -0.23646525 0.07222480 0.00818290
v -0.23723538 0.08043365 -0.00196938
v -0.24168351 0.08247872 0.01396966
v -0.23861276 0.07793051 0.02591043
v -0.23757985 0.09782542 0.04968204
v -0.24060400 0.09742208 0.04468739
v -0.24278304 0.08925749 0.02953941
v -0.23778737 0.08659460 0.04135003
v -0.24007346 0.08065348 0.01958312
v -0.22848473 0.06839173 -0.02351322
v -0.22871420 0.07949188 -0.02919819
v -0.22387193 0.07261162 -0.03681633
v -0.23349991 0.07929531 -0.01755287
v -0.23251097 0.07249285 -0.01247224
v -0.20550306 0.09432459 -0.06563449
v -0.20262660 0.10152081 -0.07129785
v -0.19763026 0.09636794 -0.06855992
v -0.20329222 0.09154660 -0.06484115
v -0.21446960 0.08800929 -0.05311662
v -0.21550059 0.09229603 -0.05265672
v -0.22445153 0.08366707 -0.04000971
v -0.22027272 0.08957416 -0.04729452
v -0.21899648 0.08051458 -0.04594130
v -0.22457445 0.07824652 -0.03843470
v -0.23032920 0.14267039 0.07040469
v -0.22339445 0.15609156 0.06993203
v -0.22533605 0.14525867 0.07443525
v -0.23312983 0.15503398 0.05985285
v -0.23315254 0.14754784 0.06277817
v -0.23895304 0.17539845 0.05402555
v -0.22459503 0.16533636 0.06592786
v -0.23589833 0.16501123 0.05732518
v -0.23481692 0.18128395 0.05694978
v -0.22602785 0.17503728 0.06361864
v -0.22861156 0.16113584 0.06286079
v -0.20474564 0.25242397 0.03824762
v -0.19614060 0.25663644 0.03630038
v -0.18726332 0.25984737 0.03326194
v -0.19533904 0.25040320 0.04685798
v -0.24444589 0.23731945 -0.00011175
v -0.24912287 0.22652337 -0.02028664
v -0.25139442 0.22582038 -0.01015552
v -0.24295340 0.24021395 -0.01119282
v -0.24790397 0.22976227 0.00013599
v -0.24223420 0.22439045 -0.03894239
v -0.24585648 0.22656581 -0.02993666
v -0.23739834 0.24163124 -0.03186975
v -0.24051720 0.24138623 -0.02156260
v -0.24428482 0.23364428 -0.02133931
v -0.20484166 0.13432693 -0.07647564
v -0.20580323 0.13950481 -0.07886915
v -0.19782314 0.14029498 -0.08092031
v -0.19806495 0.13471471 -0.07870504
v -0.20454095 0.12928620 -0.07461499
v -0.19873242 0.12924281 -0.07678080
v -0.20125589 0.13252737 -0.07586345
v -0.20880130 0.12648346 -0.07445291
v -0.21278614 0.12385248 -0.07459055
v -0.20487571 0.12482597 -0.07288271
v -0.19253200 0.11264362 -0.08454592
v -0.19282985 0.11581068 -0.08430660
v -0.19384864 0.10051297 -0.07299899
v -0.19634838 0.10313079 -0.07473979
v -0.19356214 0.11991732 -0.08547606
v -0.19983926 0.10945714 -0.07652500
v -0.19404671 0.12521489 -0.08689554
v -0.19592646 0.12370235 -0.08358389
v -0.19848399 0.10629773 -0.07662885
v -0.19520679 0.11116228 -0.08056796
v -0.19013396 0.26790634 -0.02406992
v -0.20091036 0.26613083 -0.00971379
v -0.19313574 0.26738673 -0.01242485
v -0.23847473 0.22178537 -0.04749460
v -0.23480780 0.21827006 -0.05527654
v -0.23380035 0.23893438 -0.04195274
v -0.22936042 0.23743485 -0.05147081
v -0.22574534 0.23089452 -0.05878629
v -0.23705232 0.23143198 -0.04052310
v -0.23109129 0.21398088 -0.06199959
v -0.22275825 0.22373840 -0.06448657
v -0.22840725 0.22309013 -0.05936972
v -0.18936390 0.22502533 -0.07960484
v -0.18694216 0.21912257 -0.08502141
v -0.19561480 0.23796310 -0.06668263
v -0.19240655 0.23139617 -0.07352366
v -0.18734998 0.23490043 -0.07708296
v -0.17308839 0.24653438 -0.07724223
v -0.18556850 0.23736188 -0.08036554
v -0.18708397 0.24388576 -0.07390030
v -0.17052069 0.23240569 -0.08607636
v -0.17160675 0.23952453 -0.08191019
v -0.18401727 0.23061465 -0.08593484
v -0.17870110 0.23924854 -0.08267765
v -0.21954301 0.19381288 -0.07851394
v -0.21186879 0.20681673 -0.07746337
v -0.20699552 0.20187682 -0.08121871
v -0.21782278 0.18819726 -0.08156780
v -0.21653675 0.18227731 -0.08379202
v -0.21135014 0.19047150 -0.08151729
v -0.16928616 0.21781102 -0.09207862
v -0.16960530 0.22506864 -0.08923055
v -0.17602777 0.22435805 -0.08979305
v -0.18611658 0.21300504 -0.08916909
v -0.18675399 0.22170828 -0.08713821
v -0.18252794 0.22331622 -0.08976375
v -0.18166728 0.21600658 -0.09288695
v -0.20711550 0.14517689 -0.08115035
v -0.19798493 0.14613217 -0.08321062
v -0.19821635 0.15220958 -0.08547775
v -0.20229322 0.14316109 -0.08013922
v -0.17534499 0.26987603 0.03040191
v -0.16652663 0.26758820 0.03998246
v -0.18102571 0.26467085 0.03136083
v -0.17946306 0.25908935 0.04228210
v -0.16086617 0.24312469 0.06631497
v -0.16883536 0.23965123 0.06686934
v -0.17752290 0.25167987 0.05136264
v -0.17127152 0.25623778 0.05009213
v -0.15333062 0.24759185 0.06282648
v -0.15030323 0.26464233 0.04726651
v -0.15836619 0.26461250 0.04533602
v -0.16364077 0.25967920 0.04942980
v -0.16157469 0.25156215 0.05849774
v -0.19133560 0.21992409 0.06861953
v -0.19621004 0.20933795 0.06635568
v -0.20139375 0.23570496 0.05609619
v -0.18419507 0.22810297 0.06913772
v -0.17652461 0.23477490 0.06854416
v -0.19401374 0.24200600 0.05528845
v -0.18508659 0.24674121 0.05329230
v -0.17642650 0.24372077 0.06014318
v -0.19264722 0.23174387 0.06245364
v -0.19914578 0.19755207 0.06481382
v -0.20290250 0.18600065 0.06570477
v -0.20997615 0.19429488 0.05988163
v -0.21483362 0.21041039 0.05418316
v -0.20383680 0.21340050 0.06046448
v -0.14537562 0.24727950 0.06391634
v -0.13605744 0.24960929 0.06367653
v -0.14062586 0.26712880 0.04849417
v -0.13084508 0.26941058 0.04962353
v -0.12799704 0.26109010 0.05777012
v -0.14739165 0.25632891 0.05641412
v -0.21044309 0.11470288 -0.06886595
v -0.20923561 0.11915878 -0.07157096
v -0.22074223 0.10922079 -0.06922237
v -0.21527636 0.11165006 -0.06815825
v -0.21398023 0.11473545 -0.07012604
v -0.21700758 0.12215897 -0.07530654
v -0.21293293 0.12050294 -0.07328128
v -0.21333948 0.11748782 -0.07178984
v -0.21832475 0.11595639 -0.07266144
v -0.27069595 0.10440873 -0.06831373
v -0.27905986 0.09681605 -0.06499630
v -0.28899360 0.10654549 -0.06224100
v -0.28960404 0.12331463 -0.06034959
v 0.00208111 0.25767311 0.08119242
v 0.00115767 0.26471218 0.07724121
v -0.01534558 0.25152326 0.08446694
v -0.01680676 0.25966999 0.08089644
v 0.00259570 0.24980608 0.08530474
v 0.00307717 0.24131769 0.08997159
v -0.01425912 0.24303201 0.08819095
v -0.01355193 0.23448217 0.09299727
v -0.00551200 0.25053743 0.08526716
v -0.27322391 0.11422779 0.04969868
v -0.27875799 0.11887367 0.04922608
v -0.26477966 0.11377346 0.04942523
v -0.26153967 0.11893980 0.04996975
v -0.26559234 0.12419875 0.05098382
v -0.28419372 0.12367786 0.04784315
v -0.28917667 0.12872663 0.04448481
v -0.28326976 0.13580714 0.04404346
v -0.27449360 0.13711978 0.04781197
v -0.27031830 0.13050766 0.05067619
v -0.27445877 0.12423821 0.04983083
v -0.30735216 0.14759524 0.01628526
v -0.31206590 0.14720523 0.00631278
v -0.31023350 0.14890200 -0.00636994
v -0.29255921 0.16503946 0.01109032
v -0.29951385 0.15464929 0.01704205
v -0.29209059 0.16820197 -0.00122048
v -0.30641329 0.15007885 -0.01854145
v -0.28430390 0.17331009 -0.02371638
v -0.28952971 0.17012601 -0.01318443
v -0.29921183 0.15313521 -0.03070961
v -0.29970226 0.15904328 -0.01024616
v -0.09514478 -0.08925307 0.15227452
v -0.08188050 -0.09196038 0.15793866
v -0.08260968 -0.10657620 0.15794256
v -0.09744083 -0.11906458 0.15313487
v -0.10796744 -0.11475557 0.14338572
v -0.15227894 -0.05182622 -0.08004360
v -0.16199079 -0.03023711 -0.07693952
v -0.16286303 -0.04176815 -0.07501994
v -0.14064269 -0.03168166 -0.08877140
v -0.16585305 -0.01512951 -0.08095458
v -0.14103389 -0.01707673 -0.09186462
v -0.14500643 -0.00127108 -0.09670334
v -0.15180795 -0.02445858 -0.08488518
v -0.05374175 0.02778214 -0.12749785
v -0.06708615 0.02169365 -0.12344857
v -0.05275305 -0.01125715 -0.12980740
v -0.08006685 0.01500058 -0.11953021
v -0.07928868 -0.02161854 -0.12361480
v -0.06611759 -0.01594989 -0.12841117
v -0.09291244 -0.00935621 -0.11902461
v -0.09343320 0.00789279 -0.11746005
v -0.06704960 0.00264337 -0.12626092
v -0.18712948 -0.07105075 0.04077097
v -0.18687916 -0.06890608 0.02599989
v -0.18013172 -0.04918734 0.05433642
v -0.18357529 -0.06151078 0.05501817
v -0.18681216 -0.05632407 0.02539472
v -0.17228988 -0.04177983 0.05320765
v -0.17257607 -0.03948501 0.02205044
v -0.18402457 -0.04532210 0.02446339
v -0.18353474 -0.04762115 0.04038121
v -0.14493944 -0.07981791 0.11660970
v -0.15451780 -0.07898527 0.10573751
v -0.15420821 -0.07080037 0.10634419
v -0.13592935 -0.03800548 0.11504444
v -0.14572968 -0.05020232 0.10401472
v -0.15176594 -0.06073648 0.10682113
v -0.14621736 -0.05932400 0.11897658
v -0.16678166 -0.09636582 0.06778631
v -0.16971122 -0.09310047 0.05244554
v -0.17034766 -0.08214320 0.05054181
v -0.16077732 -0.08545555 0.07779542
v -0.16908568 -0.07761415 0.06533366
v -0.16360556 -0.07889915 0.07892561
v -0.11577824 -0.08748201 -0.11333936
v -0.10303668 -0.07159857 -0.12793086
v -0.15210618 -0.07723229 -0.09926146
v -0.14192680 -0.09081015 -0.10748770
v -0.12925458 -0.09090745 -0.10929668
v -0.15169552 -0.06826582 -0.09887456
v -0.13018405 -0.07394740 -0.11610317
v -0.14430623 -0.06142149 -0.09156581
v -0.12777467 -0.04203688 -0.09260015
v -0.14040051 -0.04745896 -0.08672301
v -0.12593728 -0.06330866 -0.11202204
v -0.13902543 -0.06615086 -0.10529797
v -0.09788591 -0.05720327 -0.12168346
v -0.09100500 -0.04265877 -0.11221803
v -0.10214695 -0.03144798 -0.10635753
v -0.11506075 -0.03633927 -0.10000172
v -0.11204733 -0.06038238 -0.11631741
v -0.11787672 -0.05296304 -0.10119123
v -0.00674873 0.00589879 -0.14002956
v -0.00670784 0.02436059 -0.14020257
v -0.02267178 0.03802479 -0.13509890
v -0.03897743 0.03319759 -0.13148764
v -0.03875940 0.01410133 -0.13378102
v -0.00869862 -0.03316158 -0.14815323
v -0.00848794 -0.01262125 -0.14289542
v -0.03860744 -0.02300926 -0.13496135
v -0.03815314 -0.00554232 -0.13346057
v -0.02252871 0.00011328 -0.13688758
v -0.17967767 -0.01099966 0.01017477
v -0.17688932 -0.00947147 0.02400348
v -0.17416419 -0.02606581 0.00739402
v -0.17758879 -0.02669861 -0.00474489
v -0.17711912 -0.00882555 -0.01636649
v -0.17936401 -0.01004650 -0.00321062
v -0.17736658 -0.02373165 -0.03005710
v -0.17792122 -0.02605809 -0.01637277
v -0.17883092 -0.01921194 -0.00379472
v -0.16523330 0.00948532 -0.06978264
v -0.17152779 -0.00883458 -0.07051170
v -0.16872402 0.00170821 -0.05743726
v -0.16544597 -0.00253711 -0.08178228
v -0.15927920 0.02395347 -0.09281000
v -0.16185915 0.01816579 -0.08130056
v -0.14627424 0.01195338 -0.09987338
v -0.15649195 0.00448471 -0.09162131
v -0.16286485 0.00859677 -0.08127441
v -0.15142632 0.03205909 -0.10440043
v -0.14047866 0.04111852 -0.11218011
v -0.13799633 0.01739137 -0.10812178
v -0.12622744 0.02534379 -0.11442329
v -0.15025598 0.02147091 -0.10252801
v -0.11521998 0.06083670 -0.12080520
v -0.12846452 0.05096565 -0.11767855
v -0.09673770 0.04203713 -0.11825728
v -0.09900931 0.05668300 -0.12115190
v -0.11190748 0.03390965 -0.11612165
v -0.12801684 0.03887195 -0.11662906
v -0.12790734 -0.02486065 0.12711054
v -0.10987976 -0.02281535 0.14879426
v -0.11930078 -0.01203045 0.13846613
v -0.12823418 -0.03772664 0.12593997
v -0.09494232 -0.00889333 0.15580326
v -0.07811392 0.01692847 0.15698436
v -0.09424499 0.01732269 0.15238091
v -0.07888120 0.00338669 0.15964223
v -0.10822028 0.00268998 0.14788829
v -0.10853983 -0.01037089 0.14830300
v -0.17158423 -0.00702247 0.03773425
v -0.17064239 -0.02857669 0.02203999
v -0.16656430 -0.02952839 0.03612264
v -0.17473322 -0.01710030 0.02199559
v -0.02157834 -0.01929213 0.17096193
v -0.02541425 -0.03208534 0.17356402
v -0.05646081 -0.04047029 0.16963512
v -0.05305509 -0.02682873 0.16435909
v -0.03638782 -0.01631197 0.16564746
v -0.04257642 -0.04220629 0.17280576
v -0.07011239 0.11227866 -0.11916098
v -0.06736083 0.08697370 -0.12013140
v -0.10135283 0.08316216 -0.12123375
v -0.10311412 0.09486956 -0.12067924
v -0.08406486 0.07945437 -0.12153244
v -0.08844063 0.10821335 -0.12038119
v -0.05334546 0.11444844 -0.11709325
v -0.05222475 0.09279686 -0.11932307
v -0.03736138 0.09719319 -0.12075499
v -0.06374619 0.10157260 -0.11864140
v -0.17525791 -0.00700392 -0.03054745
v -0.17613646 -0.02023861 -0.04461134
v -0.17453103 -0.01437804 -0.05784038
v -0.17251292 -0.00369160 -0.04467064
v -0.17534691 -0.01519397 -0.03028008
v -0.17002225 -0.00666706 -0.05778890
v -0.01961567 0.19564962 0.11138582
v -0.04785232 0.18892798 0.10991891
v -0.03960323 0.19847766 0.10605787
v -0.02947751 0.19746500 0.10885587
v -0.02824911 0.18679309 0.11391507
v -0.03568539 0.15780294 0.12571892
v -0.04457571 0.15768023 0.12265325
v -0.02748315 0.17665829 0.11878240
v -0.03709450 0.17782804 0.11682869
v -0.01757905 0.15466587 0.13021772
v -0.02625852 0.15652411 0.12815084
v -0.01797064 0.17452300 0.12055255
v -0.02670126 0.16657652 0.12382806
v -0.05605596 0.17851755 0.11326394
v -0.05343489 0.15721878 0.12024787
v -0.06303295 0.15680766 0.11840227
v -0.04621753 0.17836714 0.11495595
v -0.04512807 0.16797751 0.11896770
v -0.07717953 0.17728911 0.10959000
v -0.06631637 0.17808208 0.11148304
v -0.07298992 0.15641823 0.11710755
v -0.06452542 0.16715968 0.11533355
v -0.08823667 0.17638248 0.10747448
v -0.09921748 0.17539188 0.10546936
v -0.08528920 0.16574858 0.11245771
v -0.15562724 0.16227280 0.10118692
v -0.14747150 0.16666414 0.10334439
v -0.12895851 0.17223850 0.10483994
v -0.13850380 0.16999733 0.10456882
v -0.14327677 0.15861408 0.10595356
v -0.17160822 0.13547736 0.08554263
v -0.16783583 0.14249590 0.09006073
v -0.17255279 0.12529477 0.08347787
v -0.16454808 0.15031561 0.09437297
v -0.16096778 0.15694581 0.09817314
v -0.15699257 0.15012406 0.10134251
v -0.16403745 0.13728036 0.09362136
v -0.17424101 0.11688308 0.07996937
v -0.17560560 0.10889143 0.07546931
v -0.16933356 0.11793722 0.08382620
v -0.17578721 0.10043043 0.06919160
v -0.17222151 0.10382711 0.07563220
v -0.18001185 0.09036881 0.05682711
v -0.17824095 0.09597917 0.06277832
v -0.17929597 0.07970128 0.04802173
v -0.17590199 0.09151897 0.06150053
v -0.17865291 0.06784308 0.04242239
v -0.17666616 0.07268120 0.05123149
v -0.17384136 0.08647652 0.06104957
v -0.17607500 0.08140574 0.05314512
v -0.16467322 0.09035401 0.07872191
v -0.16786432 0.08138636 0.07214361
v -0.17116016 0.07418494 0.06251040
v -0.17406623 0.07554717 0.05813561
v -0.17049947 0.09067927 0.06879840
v -0.17403741 0.08220261 0.06030573
v -0.16107725 0.09836373 0.08556431
v -0.15894526 0.10606246 0.09175983
v -0.16541693 0.11577907 0.08702964
v -0.16825078 0.10850404 0.08157763
v -0.16913307 0.09922759 0.07639765
v -0.16619010 0.09480071 0.07698750
v -0.15702595 0.11458781 0.09656651
v -0.16304594 0.12429265 0.09209250
v -0.16018897 0.13163948 0.09658334
v -0.16163185 0.11328012 0.09103978
v 0.00141577 0.09819245 0.16531393
v -0.00064934 0.08359037 0.17286122
v -0.01936546 0.08841850 0.16853257
v -0.01484569 0.07471146 0.17338380
v 0.00306148 0.11237103 0.15729010
v 0.00447998 0.12593159 0.15047628
v -0.01813548 0.10379267 0.16013651
v -0.01484532 0.11811382 0.15247360
v -0.00851015 0.10071476 0.16331421
v 0.00000146 0.27096206 0.07352798
v -0.00107855 0.27730078 0.07135497
v -0.01845486 0.26705059 0.07670882
v -0.02027775 0.27344692 0.07235688
v -0.00786709 0.26577282 0.07761902
v -0.01431096 0.35072017 -0.06491129
v -0.01427809 0.34325624 -0.07110693
v -0.02600276 0.33798993 -0.06908176
v -0.02061238 0.33770561 -0.07379444
v -0.01988536 0.35161304 -0.06026005
v -0.03156891 0.33680767 -0.06458277
v -0.02515654 0.35141373 -0.05538810
v -0.03005763 0.35064864 -0.05140007
v -0.03550243 0.34203058 -0.05470302
v -0.02505073 0.34435460 -0.06199848
v -0.07734681 0.31641930 -0.04504989
v -0.06933387 0.31995243 -0.04913263
v -0.10241528 0.30351156 -0.03770200
v -0.08480009 0.31239685 -0.03974865
v -0.09225313 0.30820668 -0.03342267
v -0.08462971 0.31172159 -0.05066736
v -0.06151837 0.32405728 -0.05196116
v -0.04847264 0.33088583 -0.05580994
v -0.05367097 0.32908869 -0.05196899
v -0.06914588 0.31764549 -0.05777767
v -0.04013130 0.32900459 -0.06837630
v -0.04301456 0.33331329 -0.05849798
v -0.03739396 0.33511305 -0.06135163
v -0.05281228 0.32494020 -0.06318896
v -0.15272480 0.00106409 0.08291291
v -0.16458264 0.00246646 0.05518582
v -0.15300740 0.01291376 0.08663784
v -0.15855119 0.01249113 0.07430345
v -0.16232936 -0.00823128 0.05112559
v -0.05130637 0.29252487 -0.08806352
v -0.05310024 0.28234145 -0.09201536
v -0.04460087 0.28190899 -0.09410261
v -0.04152885 0.30230698 -0.08649199
v -0.03397082 0.30167654 -0.09036087
v -0.03505232 0.29132873 -0.09392281
v -0.06528560 0.30158043 -0.08183534
v -0.05689091 0.30248311 -0.08280161
v -0.04614698 0.31269145 -0.08010086
v -0.04314958 0.32180354 -0.07486463
v -0.05041330 0.32022452 -0.07217672
v -0.07387675 0.30011356 -0.08073721
v -0.08332683 0.29804093 -0.07885382
v -0.06491780 0.31626746 -0.06755858
v -0.05765028 0.31851333 -0.06996430
v -0.06183832 0.31047451 -0.07619999
v -0.10475840 0.29169795 -0.07256616
v -0.09361187 0.29530850 -0.07647671
v -0.08077648 0.31121382 -0.05997177
v -0.09274364 0.30541515 -0.05652035
v -0.07314195 0.31331646 -0.06502530
v -0.07892874 0.30626106 -0.07209212
v -0.12395427 0.29301333 -0.04514466
v -0.11328492 0.29879707 -0.04227816
v -0.12904787 0.28358480 -0.06681082
v -0.11720788 0.28772581 -0.06856453
v -0.10407522 0.30155289 -0.05031605
v -0.10375264 0.29771587 -0.06231154
v -0.13561317 0.28722212 -0.04597463
v -0.15035747 0.27543914 -0.06423965
v -0.14023447 0.27928346 -0.06591859
v -0.15354899 0.27912748 -0.05456439
v -0.14660880 0.28538859 -0.04577236
v -0.13128737 0.28636146 -0.05646160
v -0.16320454 0.26250121 -0.06758209
v -0.16559176 0.26782775 -0.05992924
v -0.17151928 0.26581317 -0.05820036
v -0.16690737 0.25385612 -0.07215171
v -0.17490709 0.25305885 -0.07149275
v -0.17962232 0.26340824 -0.05550442
v -0.18802857 0.24907014 -0.06608869
v -0.18332991 0.25195754 -0.07005399
v -0.17733578 0.25895661 -0.06439123
v -0.20564403 0.25044879 -0.05231491
v -0.20046555 0.24469352 -0.05940033
v -0.19318570 0.24697106 -0.06243911
v -0.19028929 0.25375354 -0.05762864
v -0.21496905 0.25696808 -0.03565722
v -0.21060996 0.25479102 -0.04443238
v -0.20227106 0.26424545 -0.02946679
v -0.20199294 0.25747630 -0.04643895
v -0.18306997 0.26561520 -0.04546899
v -0.18682118 0.26711184 -0.03510358
v -0.19368298 0.26491135 -0.03204174
v -0.18713284 0.25991902 -0.05192862
v -0.19328645 0.25814858 -0.04861749
v -0.19768512 0.26195633 -0.03930183
v -0.25969043 0.19635759 -0.04075326
v -0.26454514 0.19542561 -0.03314871
v -0.27080938 0.18691766 -0.03261301
v -0.27731675 0.17770188 -0.03250555
v -0.28372493 0.16829112 -0.03340338
v -0.27031055 0.18188149 -0.04055623
v -0.29058442 0.15365887 -0.04303646
v -0.28878036 0.16110612 -0.03696064
v -0.27868977 0.16609088 -0.04418181
v -0.28983569 0.13718140 -0.05599942
v -0.29058397 0.14661846 -0.04969700
v -0.28116179 0.12911415 -0.06324982
v -0.28105035 0.15170850 -0.05378925
v -0.26322883 0.11220883 -0.07038985
v -0.27263686 0.12006456 -0.06876658
v -0.27283382 0.13493451 -0.06739326
v -0.25364387 0.10726874 -0.07100540
v -0.24408419 0.10569163 -0.07191290
v -0.25722417 0.11922599 -0.07266174
v -0.23562245 0.10552753 -0.07199465
v -0.22765948 0.10637271 -0.07102843
v -0.22613969 0.11060014 -0.07282379
v -0.24129209 0.11208849 -0.07439974
v -0.20500587 0.11536834 -0.06955557
v -0.20738520 0.11504205 -0.06855072
v -0.20269422 0.12321028 -0.07263114
v -0.20566438 0.12114301 -0.07155985
v -0.20714873 0.11786209 -0.07022458
v -0.20306113 0.11502361 -0.07164431
v -0.20146812 0.11254086 -0.07450100
v -0.19783708 0.12425523 -0.07925351
v -0.20006236 0.12437273 -0.07506760
v -0.19836389 0.11742678 -0.07958634
v -0.20209692 0.12016610 -0.07289442
v -0.19238152 0.10987458 -0.08516529
v -0.19260021 0.09799327 -0.07255550
v -0.19148158 0.09558202 -0.07230214
v -0.19167414 0.10658877 -0.08570409
v -0.19281401 0.10490507 -0.07877256
v -0.19052425 0.09291240 -0.07194010
v -0.18952207 0.08976343 -0.07161330
v -0.18970735 0.10323622 -0.08567831
v -0.19140366 0.09926012 -0.07893334
v -0.17410611 0.07659561 -0.07192811
v -0.16862009 0.09054217 -0.08283946
v -0.16107494 0.06810506 -0.07996047
v -0.16710576 0.06892365 -0.07421442
v -0.17003962 0.07424991 -0.07370409
v -0.15472595 0.09119293 -0.09028443
v -0.16157515 0.09184124 -0.08662636
v -0.16771360 0.08292808 -0.07948884
v -0.15052298 0.06279873 -0.08963887
v -0.15565941 0.06595284 -0.08456753
v -0.14406671 0.07428238 -0.09853142
v -0.14151961 0.08896372 -0.10034183
v -0.14756849 0.09040131 -0.09496079
v -0.15474178 0.07869619 -0.08805574
v -0.14735998 -0.18582197 -0.06910797
v -0.12707658 -0.18161121 -0.08656015
v -0.15329075 -0.14655092 -0.07990186
v -0.14272168 -0.14973456 -0.08945020
v -0.13972582 -0.16728261 -0.07851551
v -0.13089651 -0.15271080 -0.09918661
v -0.11734331 -0.17558227 -0.09328233
v -0.12817985 -0.17035860 -0.08754140
v -0.13185075 -0.16136363 -0.08724909
v -0.05984572 -0.13279246 -0.12241603
v -0.04550970 -0.13335405 -0.11963093
v -0.01298173 -0.12797642 -0.11462843
v -0.01357975 -0.11570366 -0.11665769
v -0.02965447 -0.13150428 -0.11641352
v -0.04556484 -0.12074734 -0.11434285
v -0.18048812 -0.14947605 -0.01826261
v -0.18565521 -0.14810710 -0.00661707
v -0.18205942 -0.16174266 -0.01644927
v -0.18162084 -0.15926276 -0.02947143
v -0.18849134 -0.15025057 0.00542085
v -0.18549678 -0.15274240 0.01748495
v -0.18207055 -0.16394193 -0.00306765
v -0.18187612 -0.16682938 0.01018544
v -0.18548766 -0.15666266 -0.00522279
v -0.16280180 -0.14685160 -0.06913591
v -0.16716485 -0.14863408 -0.05681139
v -0.15683514 -0.15470833 -0.07376406
v -0.17633913 -0.14922762 -0.03126150
v -0.17142220 -0.14964502 -0.04396378
v -0.17686549 -0.15915588 -0.04172063
v -0.17981051 -0.15353274 -0.03052279
v -0.16848892 -0.15442738 -0.05510666
v -0.18139434 -0.15739366 0.02950280
v -0.17879540 -0.16327323 0.04252756
v -0.18241014 -0.16986960 0.02313926
v -0.18215205 -0.17347896 0.03586612
v -0.18191908 -0.16243157 0.02015856
v -0.14037919 -0.21343294 0.11638249
v -0.13111436 -0.22183859 0.12450877
v -0.11988294 -0.23055863 0.13171349
v -0.10821174 -0.23938775 0.13861147
v -0.12988800 -0.23358923 0.12246914
v -0.07379547 -0.26286033 0.15461129
v -0.06164175 -0.26970306 0.15690359
v -0.03518040 -0.28229341 0.16077936
v -0.03619199 -0.29371551 0.15648334
v -0.04865479 -0.27644619 0.15899327
v -0.06262890 -0.28129089 0.15130897
v -0.17651828 -0.16855457 0.05522480
v -0.17398889 -0.17464724 0.06703114
v -0.18083604 -0.17818756 0.04768638
v -0.17964824 -0.17112207 0.04538184
v -0.08534825 -0.25577313 0.15038456
v -0.09670465 -0.24796958 0.14484464
v -0.10819831 -0.25226465 0.13586006
v -0.08599944 -0.26805374 0.14510073
v -0.16928928 -0.18104738 0.07885774
v -0.16114447 -0.18797426 0.08826042
v -0.17354959 -0.18287654 0.06890956
v -0.14813147 -0.20497611 0.10774320
v -0.15436436 -0.19630599 0.09814685
v -0.14880806 -0.21570504 0.10742610
v -0.16081735 -0.19800518 0.08908393
v -0.10029815 -0.12257742 -0.11248873
v -0.10177924 -0.11034037 -0.11350052
v -0.07297250 -0.13185443 -0.12257411
v -0.07395247 -0.11948241 -0.11921971
v -0.09664439 -0.13725746 -0.10536299
v -0.07437201 -0.14453404 -0.12579599
v -0.07821705 -0.15641135 -0.12835976
v -0.08520216 -0.13470250 -0.11493520
v -0.12029005 -0.13827159 -0.08918744
v -0.12496190 -0.14647572 -0.09415841
v -0.10771293 -0.13879716 -0.09657297
v -0.11845522 -0.15522549 -0.10784853
v -0.10094948 -0.14707552 -0.11030483
v -0.04821679 0.16092123 -0.11679265
v -0.03549679 0.16263805 -0.11629146
v -0.06199659 0.15909694 -0.11899605
v -0.07501149 0.15734364 -0.11886408
v -0.05891673 0.16917345 -0.11740190
v -0.08702531 0.15604931 -0.11950541
v -0.09794322 0.15538728 -0.11988498
v -0.08293048 0.16628428 -0.11871503
v -0.10842631 0.15493865 -0.11830371
v -0.11805183 0.15422866 -0.11563847
v -0.10179204 0.16514125 -0.11863646
v -0.11048588 0.17483614 -0.11534031
v -0.12792140 0.15293607 -0.11402523
v -0.13777035 0.14938484 -0.11050129
v -0.12012475 0.17402682 -0.11423152
v -0.12115580 0.16363077 -0.11458370
v -0.11738482 0.18421704 -0.11361712
v -0.12921123 0.17364196 -0.11310993
v -0.17046884 0.15884727 -0.10089888
v -0.16513957 0.15640913 -0.10111409
v -0.15816998 0.17761004 -0.10175217
v -0.17519376 0.16142537 -0.10069370
v -0.17967807 0.16433373 -0.10048652
v -0.16406904 0.17896479 -0.10030475
v -0.16675684 0.16938287 -0.10084006
v -0.16205257 0.18803041 -0.09940992
v -0.16954596 0.18012518 -0.09927487
v -0.18318838 0.16818100 -0.09959493
v -0.17714855 0.17316817 -0.10005203
v -0.17507589 0.18098858 -0.09904804
v -0.18748885 0.16606104 -0.09799893
v -0.19017023 0.16448225 -0.09593739
v -0.18975079 0.16822171 -0.09622233
v -0.18461525 0.17419291 -0.09887064
v -0.18901291 0.16913643 -0.09680665
v -0.18937767 0.17502496 -0.09653763
v -0.19247054 0.16097410 -0.09077416
v -0.18797290 0.16380256 -0.09480958
v -0.18774319 0.17014705 -0.09499849
v -0.19321693 0.20205267 -0.08741677
v -0.20046489 0.20079064 -0.08500904
v -0.20541111 0.19480276 -0.08293419
v -0.20339920 0.18861403 -0.08498089
v -0.18707937 0.20413077 -0.08913755
v -0.18676752 0.20658664 -0.09218776
v -0.19064516 0.19594564 -0.08983275
v -0.14464980 0.21648987 -0.10199250
v -0.15189739 0.21540557 -0.09967241
v -0.15419316 0.19687636 -0.10053828
v -0.16041610 0.19689970 -0.09865394
v -0.12869799 0.21758248 -0.10734164
v -0.13649276 0.21692231 -0.10416246
v -0.14704201 0.19655725 -0.10320471
v -0.14562513 0.20673846 -0.10280444
v -0.03546829 0.22135970 -0.11615611
v -0.04612844 0.22125892 -0.11541555
v -0.01456556 0.21186425 -0.11795775
v -0.01512181 0.22123104 -0.11837438
v -0.02499603 0.22134985 -0.11726612
v -0.03493531 0.21110758 -0.11626624
v -0.18256535 0.05812187 0.02467228
v -0.18063681 0.06280583 0.03385492
v -0.18145168 0.06907337 0.03860233
v -0.17816103 0.07559240 0.04585823
v -0.17912427 0.07249778 0.04351187
v -0.18382610 0.05427128 0.01456367
v -0.18427883 0.05148687 0.00357687
v -0.18621229 0.05874097 0.01922919
v -0.18436611 0.06317566 0.02977251
v -0.18462625 0.06154001 0.02690140
v -0.18384145 0.05125827 -0.00789578
v -0.18311279 0.05316748 -0.01865158
v -0.18499127 0.05639673 -0.00464857
v -0.18593432 0.05634954 0.00727392
v -0.18721065 0.05495693 0.00564830
v -0.18205133 0.05565779 -0.02829424
v -0.18284386 0.06033403 -0.02618239
v -0.18355565 0.05788482 -0.01583039
v -0.18147527 0.05930385 -0.03764705
v -0.18392821 0.05621730 -0.01671207
v -0.18314287 0.06375504 -0.03637244
v -0.18325470 0.06769849 -0.04520332
v -0.18068209 0.06311826 -0.04642972
v -0.18003984 0.06768909 -0.05492875
v -0.18260829 0.06170013 -0.03630405
v -0.18418740 0.07724894 -0.06211047
v -0.18399894 0.07244320 -0.05381948
v -0.17907436 0.07257348 -0.06311079
v -0.17739345 0.07844965 -0.07068904
v -0.18207563 0.07029543 -0.05369850
v -0.18810622 0.08674279 -0.07124329
v -0.18597925 0.08440928 -0.07068940
v -0.18814400 0.09313930 -0.07878511
v -0.18356024 0.08247424 -0.07037660
v -0.17213124 0.09392181 -0.08393402
v -0.17492338 0.08555371 -0.07776168
v -0.18040796 0.08057516 -0.07029798
v -0.18196201 0.08882266 -0.07779218
v -0.18564126 0.10832115 -0.09092444
v -0.17952210 0.11482456 -0.09354226
v -0.18713155 0.10026617 -0.08542725
v -0.18363351 0.09774847 -0.08463689
v -0.16997294 0.10268958 -0.08810882
v -0.17998251 0.09592939 -0.08361060
v -0.17603405 0.09497217 -0.08333429
v -0.17772500 0.10392026 -0.08829296
v -0.15936242 0.12222183 -0.09697995
v -0.16452093 0.11209897 -0.09253741
v -0.17129935 0.12241852 -0.09519906
v -0.17499700 0.11275566 -0.09226587
v -0.17115715 0.10930998 -0.09062118
v -0.15361556 0.13232708 -0.10060505
v -0.14647473 0.14197488 -0.10503739
v -0.16300543 0.14385183 -0.09939449
v -0.16724205 0.13286081 -0.09756614
v -0.14358060 0.15166694 -0.10557697
v -0.16191083 0.12900805 -0.09706347
v -0.15879044 0.15443465 -0.10131510
v -0.13957843 0.16261163 -0.10716920
v -0.13629323 0.17369443 -0.10853567
v -0.15482703 0.16544914 -0.10301425
v -0.15082787 0.15263134 -0.10207663
v -0.13372025 0.18443796 -0.10891090
v -0.14901552 0.18629310 -0.10348873
v -0.15154837 0.17608653 -0.10362017
v -0.13906069 0.19576903 -0.10577670
v -0.14357936 0.17446989 -0.10535295
v -0.12068584 0.21820788 -0.11030190
v -0.11178821 0.21829140 -0.11120219
v -0.12441517 0.19556770 -0.11369681
v -0.13019083 0.20659211 -0.10892440
v -0.13181637 0.19555376 -0.10942234
v -0.10300162 0.21879201 -0.11242273
v -0.10650624 0.19544227 -0.11463217
v -0.11556113 0.19533169 -0.11411412
v -0.11385292 0.20664337 -0.11357974
v -0.09271790 0.23082915 -0.10961028
v -0.07546543 0.23205976 -0.11018711
v -0.07426389 0.24248597 -0.10603667
v -0.09468915 0.21960139 -0.11373154
v -0.08134520 0.26229954 -0.09894700
v -0.07265650 0.26282963 -0.09910023
v -0.09051434 0.25136521 -0.10160427
v -0.09127231 0.24106441 -0.10531931
v -0.07329559 0.25276032 -0.10257686
v -0.08296845 0.24200067 -0.10610408
v -0.07664724 0.22077344 -0.11439671
v -0.09743191 0.19590852 -0.11604825
v -0.09643233 0.20739600 -0.11588941
v -0.08593445 0.22025928 -0.11459376
v -0.07958837 0.17690602 -0.11747594
v -0.09111090 0.17334567 -0.11862269
v -0.09856170 0.18537115 -0.11564859
v -0.10089542 0.17541799 -0.11727710
v -0.08739416 0.19658178 -0.11700734
v -0.06008438 0.34534031 -0.01419847
v -0.05410772 0.36183938 -0.01371956
v -0.05756657 0.35503799 -0.01049776
v -0.05969243 0.34060538 -0.02142356
v -0.05695235 0.34399495 -0.02402684
v -0.05457138 0.35187939 -0.02139084
v -0.04491279 0.36522508 -0.02948804
v -0.04917907 0.36111349 -0.02588738
v -0.05210636 0.36972970 -0.01730940
v -0.04231673 0.37708521 -0.03047066
v -0.04879710 0.37670809 -0.02262277
v -0.04164146 0.37207600 -0.03127512
v -0.05199541 0.35822585 -0.02233943
v -0.05259083 0.36045659 -0.01902590
v -0.22664711 0.13320531 -0.07990149
v -0.22053453 0.12427602 -0.07722040
v -0.22354221 0.12794641 -0.07867736
v -0.22150250 0.12101130 -0.07650060
v -0.22738086 0.12667766 -0.07886872
v -0.22427623 0.11446216 -0.07425709
v -0.22269422 0.11794595 -0.07566138
v -0.23123457 0.11503744 -0.07554706
v -0.23067614 0.12444554 -0.07821701
v -0.22615151 0.12162692 -0.07753687
v -0.24504158 0.12048458 -0.07577563
v -0.23811139 0.11725223 -0.07604016
v -0.23578185 0.12896131 -0.07854726
v -0.23440279 0.12134093 -0.07736401
v -0.25817955 0.13107845 -0.07244644
v -0.25173548 0.12495789 -0.07465303
v -0.24683654 0.12997447 -0.07675338
v -0.23573712 0.13758852 -0.07961727
v -0.24133287 0.13439278 -0.07805258
v -0.24811645 0.13927357 -0.07599964
v -0.24379030 0.15161057 -0.07605249
v -0.27203822 0.15715176 -0.05949206
v -0.27196676 0.14746109 -0.06376451
v -0.26454848 0.13912086 -0.06891621
v -0.25632825 0.14114752 -0.07259696
v -0.25309053 0.15575057 -0.06999339
v -0.25064710 0.14778870 -0.07359789
v -0.26999888 0.17111859 -0.05159118
v -0.27148840 0.16443717 -0.05483100
v -0.25447518 0.16315356 -0.06659212
v -0.26273564 0.16026963 -0.06239672
v -0.24099204 0.17400418 -0.07271045
v -0.24690992 0.16600212 -0.07115967
v -0.25471443 0.16961986 -0.06380241
v -0.26354930 0.18424635 -0.04778209
v -0.26720259 0.17754464 -0.04914297
v -0.26178095 0.17362195 -0.05639423
v -0.25404698 0.17559557 -0.06137582
v -0.24177957 0.18357567 -0.06804180
v -0.24158052 0.17909661 -0.07027926
v -0.24750015 0.17726521 -0.06599544
v -0.25300002 0.18074463 -0.05924523
v -0.25014102 0.19451512 -0.05317410
v -0.25467160 0.19590829 -0.04747517
v -0.25935081 0.19019513 -0.04720982
v -0.25707000 0.18458964 -0.05287507
v -0.25143141 0.18525591 -0.05790466
v -0.24204870 0.18746385 -0.06597283
v -0.24629572 0.19296253 -0.05824729
v -0.24660060 0.18598996 -0.06246540
v -0.24937977 0.18921840 -0.05742548
v -0.21857081 0.21939535 -0.06931107
v -0.21546316 0.21296373 -0.07330056
v -0.22250044 0.21454905 -0.06902394
v -0.21703225 0.20430924 -0.07521486
v -0.22712356 0.19601053 -0.07384518
v -0.23264706 0.20531724 -0.06533403
v -0.22771031 0.20985878 -0.06771658
v -0.22166553 0.19944784 -0.07567436
v -0.22331226 0.20574875 -0.07234621
v -0.23742653 0.18987615 -0.06881965
v -0.23244500 0.19282509 -0.07149372
v -0.24214202 0.19668177 -0.06022811
v -0.23758213 0.20079982 -0.06268953
v -0.24246791 0.19156122 -0.06347742
v -0.23335110 0.19798607 -0.06836429
v -0.19852234 0.15832807 -0.08705615
v -0.20419374 0.15506634 -0.08425581
v -0.19906652 0.16416574 -0.08817190
v -0.21435902 0.14824021 -0.08202778
v -0.20852265 0.15153264 -0.08302630
v -0.21007714 0.15788713 -0.08409674
v -0.22437723 0.13985452 -0.08053479
v -0.22000456 0.14480950 -0.08150933
v -0.23034200 0.13980341 -0.08043953
v -0.23713885 0.15445490 -0.07920186
v -0.23581868 0.14646383 -0.07985062
v -0.22244574 0.15219814 -0.08199135
v -0.23358300 0.16995144 -0.07761284
v -0.23872280 0.16190243 -0.07746142
v -0.23998669 0.16843876 -0.07524706
v -0.22423333 0.15928937 -0.08167884
v -0.23056181 0.15686595 -0.08039068
v -0.22107643 0.17369117 -0.08167844
v -0.22735482 0.17169513 -0.07981006
v -0.21174523 0.16412741 -0.08458424
v -0.21787170 0.16155796 -0.08256638
v -0.22571981 0.16587003 -0.08096650
v -0.21532327 0.17609809 -0.08487700
v -0.20860100 0.17821543 -0.08650620
v -0.19994992 0.16979216 -0.08891183
v -0.20640346 0.16671564 -0.08652075
v -0.21376279 0.17026854 -0.08492140
v -0.04540629 0.18084587 -0.11317168
v -0.04528706 0.20052384 -0.11437655
v -0.03450105 0.20103897 -0.11451846
v -0.05673952 0.17977092 -0.11545642
v -0.06822682 0.17851570 -0.11691453
v -0.05585300 0.19983567 -0.11557259
v -0.07482860 0.18752387 -0.11522157
v -0.05313220 0.19004679 -0.11354867
v -0.17323418 0.18872383 -0.09814183
v -0.17991461 0.18135218 -0.09909655
v -0.18436491 0.18154053 -0.09856698
v -0.18801117 0.18339881 -0.09766037
v -0.18316272 0.18845525 -0.09856890
v -0.18937616 0.18126018 -0.09627832
v -0.18847314 0.17952666 -0.09697179
v -0.18723974 0.19189490 -0.09561552
v -0.18924890 0.18779710 -0.09642712
v -0.20205599 0.18210487 -0.08730418
v -0.18740301 0.17634602 -0.09484963
v -0.19330725 0.17301130 -0.09225526
v -0.19566526 0.18831530 -0.08915023
v -0.18890409 0.18940961 -0.09198298
v -0.20107524 0.17557892 -0.08900843
v -0.18684678 0.18351166 -0.09451656
v -0.18155992 0.20859776 -0.09495521
v -0.18660392 0.20796677 -0.09406045
v -0.18791337 0.20023021 -0.09403077
v -0.18714595 0.19434415 -0.09734648
v -0.18851933 0.19377434 -0.09571201
v -0.16957642 0.21049258 -0.09409221
v -0.17566739 0.20938841 -0.09465532
v -0.17703168 0.19546568 -0.09784168
v -0.18214491 0.19482806 -0.09785621
v -0.18161708 0.20150164 -0.09669096
v -0.15831603 0.21389642 -0.09716277
v -0.16377617 0.21205051 -0.09514173
v -0.16602714 0.19670090 -0.09740498
v -0.15912187 0.20559067 -0.09816308
v -0.17158970 0.19622454 -0.09699420
v -0.17041618 0.20339870 -0.09565575
v -0.05661775 0.22137091 -0.11535620
v -0.06679443 0.22133401 -0.11504765
v -0.05629667 0.21026586 -0.11655030
v -0.07727984 0.20875865 -0.11654638
v -0.07722403 0.19760276 -0.11642368
v -0.06662066 0.19899002 -0.11662769
v -0.01099822 0.19257341 -0.11319529
v -0.01391289 0.20202729 -0.11574587
v -0.01279746 0.18352483 -0.11248934
v -0.02372778 0.20149413 -0.11512440
v -0.03136602 0.19130370 -0.11242382
v -0.22423404 0.23609313 0.04023951
v -0.22037803 0.22519419 0.04899597
v -0.21001735 0.23982538 0.04926133
v -0.20749126 0.22785410 0.05572836
v -0.21198498 0.21901429 0.05474734
v -0.22562401 0.24406548 0.03004479
v -0.22635396 0.24923706 0.01865488
v -0.21362416 0.25311038 0.02831985
v -0.21209672 0.24741879 0.03936808
v -0.21804281 0.24256025 0.04015047
v -0.22756922 0.25273374 0.00751755
v -0.22601983 0.25442687 -0.00430334
v -0.21246146 0.25964251 0.00410452
v -0.21384142 0.25705621 0.01620105
v -0.22130343 0.25248158 0.01710758
v -0.22277027 0.25497121 -0.01582350
v -0.21893519 0.25659445 -0.02593924
v -0.20990284 0.26256371 -0.00741170
v -0.20693147 0.26440999 -0.01892344
v -0.21144804 0.26141122 -0.02729160
v -0.21804988 0.25745893 -0.00600337
v -0.00863857 -0.05011971 -0.15276939
v -0.01047892 -0.06890658 -0.14970264
v -0.04147034 -0.05868737 -0.14327097
v -0.03994801 -0.03969898 -0.14461510
v -0.02406416 -0.03610247 -0.14694314
v -0.01270587 -0.09804436 -0.12034432
v -0.01252284 -0.08308134 -0.13683476
v -0.04391421 -0.07378620 -0.13455695
v -0.02906268 -0.10180812 -0.11600915
v -0.02748080 -0.07104400 -0.14044893
v -0.05912577 -0.07641952 -0.12972525
v -0.07363970 -0.07962243 -0.12628199
v -0.05887475 -0.10741241 -0.11016437
v -0.04439785 -0.10477287 -0.11268993
v -0.04470394 -0.08526719 -0.12364886
v -0.00696238 0.10333335 -0.12779284
v -0.00786638 0.11561233 -0.12474240
v -0.02308751 0.12477343 -0.12022556
v -0.03880157 0.12167594 -0.11714713
v -0.02200899 0.10074558 -0.12434050
v -0.03789658 0.10982424 -0.11837899
v -0.01167172 0.16561091 -0.11672830
v -0.01244591 0.17463100 -0.11377083
v -0.02300437 0.16414157 -0.11674669
v -0.03466551 0.17197506 -0.11444142
v -0.03431736 0.18166292 -0.11255828
v -0.02292950 0.18246445 -0.11269931
v -0.07908040 0.13927361 0.12315121
v -0.07816301 0.13157327 0.12708123
v -0.09494347 0.13017753 0.12471346
v -0.08056573 0.14724793 0.11941719
v -0.08263063 0.15593015 0.11608484
v -0.09219888 0.15521038 0.11489164
v -0.09630447 0.13794938 0.12103684
v -0.08769105 0.13890949 0.12222502
v -0.10177456 0.15447059 0.11337994
v -0.10470359 0.13673165 0.11943863
v -0.09854031 0.14582968 0.11719130
v -0.11093110 0.12762998 0.12119714
v -0.11309432 0.13537118 0.11792509
v -0.12654160 0.12477604 0.11680683
v -0.13018942 0.15183209 0.11046669
v -0.11656550 0.14369366 0.11474468
v -0.12979484 0.13237518 0.11408270
v -0.12169231 0.13405037 0.11614139
v -0.14652547 0.14657219 0.10653807
v -0.13887247 0.14957286 0.10872342
v -0.13710900 0.13019529 0.11184207
v -0.13424650 0.14055300 0.11155133
v -0.14670835 0.10713710 0.10641214
v -0.14979169 0.11292773 0.10386941
v -0.13950656 0.12038427 0.11147736
v -0.14330529 0.12713651 0.10908039
v -0.15297952 0.11874498 0.10159876
v -0.15240932 0.14266086 0.10382997
v -0.15670340 0.13767053 0.10039894
v -0.15677045 0.12538689 0.09919271
v -0.14800151 0.13476551 0.10653444
v -0.14860769 0.12332040 0.10551403
v -0.12243868 0.10228967 0.12642249
v -0.11574449 0.10343403 0.12973888
v -0.10962769 0.11986744 0.12485097
v -0.11723042 0.11859235 0.12251714
v -0.10121174 0.10602387 0.13513240
v -0.10841836 0.10466755 0.13249226
v -0.10204354 0.12118137 0.12703083
v -0.09418914 0.12232894 0.12867455
v -0.10895418 0.11222886 0.12854593
v -0.09376957 0.10746191 0.13741770
v -0.08663982 0.10766208 0.13959718
v -0.07637058 0.11832184 0.13571841
v -0.07954539 0.11164419 0.13934804
v -0.07777687 0.12425825 0.13146016
v -0.08604637 0.12338740 0.13008705
v -0.09393465 0.11481606 0.13290896
v -0.14411159 0.10157583 0.10884892
v -0.13805324 0.09802103 0.11522855
v -0.14238928 0.09636396 0.11131819
v -0.13640554 0.11351365 0.11412255
v -0.14172280 0.11066277 0.11037801
v -0.12827653 0.10107645 0.12302861
v -0.13323279 0.09956294 0.11904362
v -0.13069987 0.11573447 0.11727165
v -0.12433016 0.11726689 0.11994848
v -0.12302275 0.10978672 0.12299860
v -0.13429165 0.10660629 0.11660777
v -0.00509495 0.30374098 0.07379163
v -0.00419557 0.29730356 0.07316012
v -0.02459578 0.29218885 0.06671146
v -0.02619508 0.29814038 0.06666201
v -0.00635215 0.30992571 0.07390590
v -0.02983095 0.31009322 0.06558385
v -0.02809803 0.30383623 0.06645588
v -0.01693577 0.30339244 0.07130060
v 0.00553086 0.14725283 0.13455123
v 0.00541388 0.13759515 0.14290003
v -0.01227898 0.13114448 0.14548273
v -0.01080266 0.14237826 0.13793433
v -0.00400058 0.12847987 0.14847946
v 0.00453808 0.18826276 0.11322848
v 0.00487327 0.17621201 0.11612460
v -0.01061971 0.18241961 0.11689378
v -0.01012589 0.17149170 0.12112015
v 0.00382571 0.21251535 0.10729917
v 0.00416506 0.20050339 0.11067351
v -0.01161418 0.20509079 0.10995758
v -0.01107411 0.19372538 0.11370719
v -0.00314481 0.19111048 0.11404765
v 0.00344770 0.23236348 0.09560572
v 0.00361833 0.22310062 0.10214519
v -0.01303348 0.22556245 0.09886088
v -0.01222092 0.21594927 0.10489975
v -0.00418727 0.23359649 0.09505501
v -0.00345061 0.21462290 0.10738613
v -0.00331544 0.29056624 0.07208304
v -0.00230901 0.28398409 0.07099243
v -0.02176945 0.27969509 0.06901675
v -0.02331314 0.28591275 0.06734975
v -0.01096135 0.27854532 0.07100837
v -0.01394060 0.29156500 0.07033776
v 0.00530241 0.16570763 0.12136737
v 0.00538925 0.15636256 0.12731826
v -0.01008362 0.15196437 0.13136342
v -0.00984880 0.16135365 0.12603390
v -0.00225044 0.14936419 0.13292563
v -0.00242994 0.16826122 0.12104008
v -0.18324710 -0.24303629 -0.02622134
v -0.16759118 -0.22993754 -0.05421334
v -0.18265511 -0.22111616 -0.02080347
v -0.18312335 -0.23111767 -0.02246747
v -0.16941412 -0.22555195 -0.04727533
v -0.17616625 -0.21916051 -0.03380963
v -0.17816089 -0.24051890 -0.03418527
v -0.15942837 -0.22976977 -0.06061733
v -0.16890951 -0.24441464 -0.05154329
v -0.17011674 -0.23661888 -0.04788466
v -0.16117156 -0.24689794 -0.06508536
v -0.15609361 -0.24662288 -0.06796978
v -0.06192852 -0.17118852 -0.11005536
v -0.04524771 -0.18257909 -0.11172929
v -0.01085327 -0.20150703 -0.11970092
v -0.04084706 -0.20954883 -0.11816296
v -0.02243311 -0.21085510 -0.12009442
v -0.02819026 -0.19199862 -0.11621052
v -0.04695106 -0.19340031 -0.11507885
v -0.05655817 -0.20883596 -0.11561809
v -0.06200694 -0.19614480 -0.11340171
v -0.04972594 -0.20148140 -0.11595416
v -0.16542259 -0.17830414 -0.04592452
v -0.15651825 -0.18230283 -0.05687019
v -0.16992842 -0.16902575 -0.04674261
v -0.14805311 -0.17403755 -0.06748283
v -0.15110441 -0.16519691 -0.07033490
v -0.16241488 -0.15976255 -0.06399969
v -0.17034951 -0.16049823 -0.05355605
v -0.14854619 -0.20888904 -0.07207292
v -0.14861944 -0.19698438 -0.07157835
v -0.12743436 -0.19167824 -0.08854873
v -0.13753152 -0.18939084 -0.07946292
v -0.05827033 -0.23286375 -0.11878578
v -0.06204091 -0.22415832 -0.11699936
v -0.05556534 -0.24100436 -0.12095112
v -0.05380716 -0.24818560 -0.12237558
v -0.06907856 -0.23947681 -0.11870795
v -0.08267773 -0.23636600 -0.11487879
v -0.07649295 -0.24568975 -0.11865883
v -0.08645789 -0.22867477 -0.11108133
v -0.09596124 -0.23370831 -0.11000221
v -0.14893460 -0.22004725 -0.07278565
v -0.14823650 -0.23038289 -0.07371374
v -0.13708371 -0.21058330 -0.08199596
v -0.14657891 -0.23804365 -0.07638218
v -0.14284080 -0.24108714 -0.08077583
v -0.11585090 -0.22876325 -0.09769667
v -0.13499665 -0.22835805 -0.08474041
v -0.06620530 -0.21602365 -0.11464320
v -0.07066201 -0.20858648 -0.11227296
v -0.07667118 -0.22275031 -0.11377056
v -0.09125504 -0.22190648 -0.10838669
v -0.10585710 -0.22259365 -0.10252267
v -0.12331070 -0.21866381 -0.09258875
v -0.12071142 -0.22497806 -0.09438087
v -0.09487358 -0.21572340 -0.10579658
v -0.11655478 -0.19271216 -0.09580129
v -0.12652804 -0.20122091 -0.09041518
v -0.12494817 -0.21035899 -0.09109756
v -0.11166021 -0.21006051 -0.09834700
v -0.13335022 -0.23685423 -0.08931597
v -0.10223183 -0.23854518 -0.10914040
v -0.11026944 -0.23196468 -0.10288110
v -0.12630548 -0.23357852 -0.09407330
v -0.02198198 -0.25443488 -0.12567326
v -0.03703427 -0.25319675 -0.12518001
v -0.05206326 -0.25276104 -0.12426933
v -0.06607834 -0.25470191 -0.12269627
v -0.07940657 -0.24906957 -0.11936830
v 0.01004185 -0.25503260 -0.12706642
v -0.00581355 -0.25510335 -0.12630033
v -0.07711114 -0.19361524 -0.11053504
v -0.07394662 -0.20137919 -0.11128842
v -0.08443704 -0.20870790 -0.10868238
v -0.09795597 -0.20914912 -0.10381464
v -0.10147554 -0.20128387 -0.10366140
v -0.10970158 -0.18377712 -0.09872155
v -0.10641658 -0.17304420 -0.09925129
v -0.08336847 -0.18360578 -0.10792679
v -0.10523711 -0.19247694 -0.10229341
v -0.09180130 -0.19301182 -0.10672958
v -0.07679449 -0.16107067 -0.11106078
v -0.10414480 -0.16301531 -0.10114001
v -0.09312031 -0.15674092 -0.12246859
v -0.10632792 -0.15607464 -0.11593630
v -0.07865832 -0.17172223 -0.10786729
v -0.09347018 -0.17240769 -0.10409583
v -0.10201124 -0.09675439 -0.10916953
v -0.08773768 -0.08254462 -0.12172552
v -0.10191110 -0.08472049 -0.11760509
v -0.07331407 -0.10930549 -0.10957853
v -0.08815471 -0.11019076 -0.11147881
v -0.07349196 -0.09031256 -0.11580437
v -0.18140788 -0.22830382 0.04837805
v -0.17764519 -0.22857283 0.05720270
v -0.17417225 -0.22882387 0.06569107
v -0.13606000 -0.23726618 -0.08907390
v -0.12631547 -0.23971987 -0.09650528
v -0.11536968 -0.23811114 -0.10354157
v -0.09229253 -0.24695320 -0.11524906
v -0.10413393 -0.24388872 -0.11004302
v -0.13992630 -0.25053093 0.11302111
v -0.14847198 -0.23997933 0.10614020
v -0.13929759 -0.23442322 0.11387723
v -0.12944725 -0.24415275 0.12060095
v -0.13089651 -0.26088384 0.11934231
v -0.12167192 -0.27060279 0.12418085
v -0.11907013 -0.25412688 0.12718554
v -0.10849361 -0.26304251 0.13248572
v -0.12971279 -0.25343958 0.11980750
v -0.09513788 -0.29015067 0.13429850
v -0.08423793 -0.29554805 0.13756876
v -0.07683708 -0.28508219 0.14453055
v -0.06499106 -0.29150620 0.14765863
v -0.04184848 -0.30644351 0.14801867
v -0.03858397 -0.30193761 0.15225065
v -0.05815231 -0.30572659 0.14355506
v -0.07154943 -0.30122462 0.14085293
v -0.05217892 -0.29713875 0.15016666
v -0.06833769 -0.29755199 0.14373389
v -0.18042395 -0.19108184 0.05103049
v -0.18020460 -0.18497212 0.04968056
v -0.17732304 -0.19685310 0.06206769
v -0.17701356 -0.18390447 0.05934744
v -0.17095013 -0.19085222 0.06944740
v -0.10444366 -0.28457889 0.13103572
v -0.11311656 -0.27845693 0.12780215
v -0.08797646 -0.27781108 0.14079611
v -0.09839639 -0.27066034 0.13680065
v -0.11045805 -0.27174377 0.12987511
v -0.09088986 -0.28565493 0.13762972
v -0.17344075 -0.20389059 0.07203642
v -0.16883674 -0.21111602 0.08142345
v -0.16694286 -0.19836681 0.08016624
v -0.16218515 -0.20665582 0.08974194
v -0.17216748 -0.19803554 0.07085891
v -0.16296411 -0.21966478 0.09012901
v -0.15606733 -0.22946012 0.09859237
v -0.14862013 -0.22510608 0.10697819
v -0.15590364 -0.21581247 0.09874387
v -0.14829203 -0.23308016 0.10620822
v -0.16267586 -0.21403410 0.09004462
v -0.12745355 -0.10718492 0.12233776
v -0.10886984 -0.08662894 0.14641391
v -0.11797432 -0.11065729 0.13269702
v -0.13086757 -0.09576344 0.12422847
v -0.10735492 -0.10133450 0.14351600
v -0.10839280 -0.04961137 0.14495617
v -0.10836738 -0.03710745 0.14538467
v -0.13530482 -0.06017667 0.12939425
v -0.13181725 -0.04861671 0.12685822
v -0.12053350 -0.03630571 0.13723636
v -0.11162496 -0.06060239 0.14812261
v -0.11023032 -0.07439052 0.14680538
v -0.13328019 -0.08207198 0.12767611
v -0.13498318 -0.07072674 0.12789844
v -0.12060029 -0.08456771 0.13739973
v -0.12332098 -0.06056217 0.13856626
v -0.15496148 -0.00991837 0.08134943
v -0.15565351 -0.01989205 0.07955001
v -0.16248898 -0.03027345 0.06593401
v -0.16610001 -0.02927030 0.05173120
v -0.16179790 -0.02022045 0.05053186
v -0.15693954 -0.00970819 0.06606628
v -0.11919688 0.17348130 0.10426803
v -0.10946807 0.17459051 0.10451919
v -0.10550489 0.16424803 0.10871194
v -0.12473208 0.16303705 0.10777856
v -0.11115783 0.15390879 0.11219224
v -0.12074848 0.15317640 0.11158649
f 1925 2 1928
f 1928 4 1927
f 1927 1 1925
f 1925 1928 1927
f 1928 2 1926
f 1926 3 1929
f 1929 4 1928
f 1928 1926 1929
f 1932 7 1931
f 1931 5 1930
f 1930 6 1932
f 1932 1931 1930
f 1931 7 1934
f 1934 8 1933
f 1933 5 1931
f 1931 1934 1933
f 1932 6 1935
f 1935 9 1936
f 1936 7 1932
f 1932 1935 1936
f 1935 6 1937
f 1937 10 1938
f 1938 9 1935
f 1935 1937 1938
f 1941 13 1940
f 1940 11 1939
f 1939 12 1941
f 1941 1940 1939
f 1940 13 1943
f 1943 14 1942
f 1942 11 1940
f 1940 1943 1942
f 1944 16 1947
f 1947 18 1946
f 1946 15 1944
f 1944 1947 1946
f 1947 16 1945
f 1945 17 1948
f 1948 18 1947
f 1947 1945 1948
f 1951 21 1950
f 1950 19 1949
f 1949 20 1951
f 1951 1950 1949
f 1950 21 1953
f 1953 22 1952
f 1952 19 1950
f 1950 1953 1952
f 1957 25 1956
f 1956 23 1954
f 1954 24 1957
f 1957 1956 1954
f 1956 25 1960
f 1960 26 1959
f 1959 23 1956
f 1956 1960 1959
f 1963 29 1962
f 1962 27 1961
f 1961 28 1963
f 1963 1962 1961
f 1962 29 1965
f 1965 30 1964
f 1964 27 1962
f 1962 1965 1964
f 1966 32 1969
f 1969 34 1968
f 1968 31 1966
f 1966 1969 1968
f 1969 32 1967
f 1967 33 1970
f 1970 34 1969
f 1969 1967 1970
f 1973 37 1972
f 1972 35 1971
f 1971 36 1973
f 1973 1972 1971
f 1972 37 1975
f 1975 38 1974
f 1974 35 1972
f 1972 1975 1974
f 1979 41 1978
f 1978 39 1976
f 1976 40 1979
f 1979 1978 1976
f 1978 41 1983
f 1983 42 1982
f 1982 39 1978
f 1978 1983 1982
f 1986 45 1985
f 1985 43 1984
f 1984 44 1986
f 1986 1985 1984
f 1985 45 1988
f 1988 46 1987
f 1987 43 1985
f 1985 1988 1987
f 1991 49 1990
f 1990 47 1989
f 1989 48 1991
f 1991 1990 1989
f 1990 49 1993
f 1993 50 1992
f 1992 47 1990
f 1990 1993 1992
f 1994 52 1997
f 1997 54 1996
f 1996 51 1994
f 1994 1997 1996
f 1997 52 1995
f 1995 53 1998
f 1998 54 1997
f 1997 1995 1998
f 2000 56 2005
f 2005 58 2004
f 2004 55 2000
f 2000 2005 2004
f 2005 56 2003
f 2003 57 2006
f 2006 58 2005
f 2005 2003 2006
f 2009 61 2008
f 2008 59 2007
f 2007 60 2009
f 2009 2008 2007
f 2008 61 2011
f 2011 62 2010
f 2010 59 2008
f 2008 2011 2010
f 1974 38 2013
f 2013 63 2012
f 2012 35 1974
f 1974 2013 2012
f 2013 38 2015
f 2015 64 2018
f 2018 63 2013
f 2013 2015 2018
f 2026 67 2025
f 2025 65 2023
f 2023 66 2026
f 2026 2025 2023
f 2025 67 2030
f 2030 68 2029
f 2029 65 2025
f 2025 2030 2029
f 2031 69 2032
f 2032 18 1948
f 1948 17 2031
f 2031 2032 1948
f 2032 69 2034
f 2034 70 2033
f 2033 18 2032
f 2032 2034 2033
f 2040 73 2039
f 2039 71 2038
f 2038 72 2040
f 2040 2039 2038
f 2039 73 2042
f 2042 74 2041
f 2041 71 2039
f 2039 2042 2041
f 2048 77 2047
f 2047 75 2046
f 2046 76 2048
f 2048 2047 2046
f 2047 77 2051
f 2051 78 2050
f 2050 75 2047
f 2047 2051 2050
f 2057 81 2056
f 2056 79 2055
f 2055 80 2057
f 2057 2056 2055
f 2056 81 2059
f 2059 82 2058
f 2058 79 2056
f 2056 2059 2058
f 1938 10 2061
f 2061 83 2060
f 2060 9 1938
f 1938 2061 2060
f 2061 10 2064
f 2064 84 2067
f 2067 83 2061
f 2061 2064 2067
f 2069 86 2075
f 2075 88 2074
f 2074 85 2069
f 2069 2075 2074
f 2075 86 2073
f 2073 87 2076
f 2076 88 2075
f 2075 2073 2076
f 2077 90 2084
f 2084 92 2083
f 2083 89 2077
f 2077 2084 2083
f 2084 90 2080
f 2080 91 2085
f 2085 92 2084
f 2084 2080 2085
f 1991 48 2086
f 2086 93 2087
f 2087 49 1991
f 1991 2086 2087
f 2086 48 2088
f 2088 94 2090
f 2090 93 2086
f 2086 2088 2090
f 2058 82 2092
f 2092 95 2091
f 2091 79 2058
f 2058 2092 2091
f 2092 82 2093
f 2093 96 2094
f 2094 95 2092
f 2092 2093 2094
f 2095 98 2098
f 2098 100 2097
f 2097 97 2095
f 2095 2098 2097
f 2098 98 2096
f 2096 99 2099
f 2099 100 2098
f 2098 2096 2099
f 2106 103 2105
f 2105 101 2102
f 2102 102 2106
f 2106 2105 2102
f 2105 103 2108
f 2108 104 2107
f 2107 101 2105
f 2105 2108 2107
f 2112 77 2109
f 2109 105 2116
f 2116 106 2112
f 2112 2109 2116
f 2109 77 2118
f 2118 107 2119
f 2119 105 2109
f 2109 2118 2119
f 2123 102 2121
f 2121 108 2124
f 2124 109 2123
f 2123 2121 2124
f 2121 102 2102
f 2102 101 2120
f 2120 108 2121
f 2121 2102 2120
f 2127 13 2125
f 2125 110 2129
f 2129 111 2127
f 2127 2125 2129
f 2125 13 2066
f 2066 84 2126
f 2126 110 2125
f 2125 2066 2126
f 2130 112 2131
f 2131 84 2064
f 2064 10 2130
f 2130 2131 2064
f 2131 112 2132
f 2132 110 2126
f 2126 84 2131
f 2131 2132 2126
f 2137 114 2136
f 2136 112 2135
f 2135 113 2137
f 2137 2136 2135
f 2136 114 2140
f 2140 115 2139
f 2139 112 2136
f 2136 2140 2139
f 2146 117 2144
f 2144 113 2143
f 2143 116 2146
f 2146 2144 2143
f 2144 117 2145
f 2145 114 2137
f 2137 113 2144
f 2144 2145 2137
f 2147 1 2148
f 2148 119 2150
f 2150 118 2147
f 2147 2148 2150
f 2148 1 1927
f 1927 4 2149
f 2149 119 2148
f 2148 1927 2149
f 2114 106 2115
f 2115 88 2076
f 2076 87 2114
f 2114 2115 2076
f 2115 106 2116
f 2116 105 2110
f 2110 88 2115
f 2115 2116 2110
f 2000 55 2151
f 2151 120 2152
f 2152 56 2000
f 2000 2151 2152
f 2151 55 2155
f 2155 121 2156
f 2156 120 2151
f 2151 2155 2156
f 2159 122 2158
f 2158 79 2091
f 2091 95 2159
f 2159 2158 2091
f 2158 122 2157
f 2157 74 2052
f 2052 79 2158
f 2158 2157 2052
f 2162 125 2161
f 2161 123 2160
f 2160 124 2162
f 2162 2161 2160
f 2161 125 2164
f 2164 126 2163
f 2163 123 2161
f 2161 2164 2163
f 2168 128 2167
f 2167 26 2165
f 2165 127 2168
f 2168 2167 2165
f 2167 128 2166
f 2166 23 1959
f 1959 26 2167
f 2167 2166 1959
f 2169 130 2172
f 2172 132 2171
f 2171 129 2169
f 2169 2172 2171
f 2172 130 2170
f 2170 131 2173
f 2173 132 2172
f 2172 2170 2173
f 2174 134 2177
f 2177 136 2176
f 2176 133 2174
f 2174 2177 2176
f 2177 134 2175
f 2175 135 2178
f 2178 136 2177
f 2177 2175 2178
f 2181 50 2180
f 2180 137 2182
f 2182 138 2181
f 2181 2180 2182
f 2180 50 1993
f 1993 49 2179
f 2179 137 2180
f 2180 1993 2179
f 2185 141 2184
f 2184 139 2183
f 2183 140 2185
f 2185 2184 2183
f 2184 141 2187
f 2187 142 2186
f 2186 139 2184
f 2184 2187 2186
f 2190 145 2189
f 2189 143 2188
f 2188 144 2190
f 2190 2189 2188
f 2189 145 2192
f 2192 146 2191
f 2191 143 2189
f 2189 2192 2191
f 2195 149 2194
f 2194 147 2193
f 2193 148 2195
f 2195 2194 2193
f 2194 149 2197
f 2197 150 2196
f 2196 147 2194
f 2194 2197 2196
f 2163 126 2199
f 2199 151 2198
f 2198 123 2163
f 2163 2199 2198
f 2199 126 2201
f 2201 152 2202
f 2202 151 2199
f 2199 2201 2202
f 2203 153 2204
f 2204 60 2007
f 2007 59 2203
f 2203 2204 2007
f 2204 153 2207
f 2207 154 2206
f 2206 60 2204
f 2204 2207 2206
f 2210 157 2209
f 2209 155 2208
f 2208 156 2210
f 2210 2209 2208
f 2209 157 2212
f 2212 158 2211
f 2211 155 2209
f 2209 2212 2211
f 2214 160 2215
f 2215 159 2213
f 2213 24 2214
f 2214 2215 2213
f 2215 160 2217
f 2217 161 2216
f 2216 159 2215
f 2215 2217 2216
f 2220 164 2219
f 2219 162 2218
f 2218 163 2220
f 2220 2219 2218
f 2219 164 2222
f 2222 165 2221
f 2221 162 2219
f 2219 2222 2221
f 2225 168 2224
f 2224 166 2223
f 2223 167 2225
f 2225 2224 2223
f 2224 168 2227
f 2227 169 2226
f 2226 166 2224
f 2224 2227 2226
f 2228 171 2231
f 2231 173 2230
f 2230 170 2228
f 2228 2231 2230
f 2231 171 2229
f 2229 172 2232
f 2232 173 2231
f 2231 2229 2232
f 2237 175 2242
f 2242 177 2241
f 2241 174 2237
f 2237 2242 2241
f 2242 175 2240
f 2240 176 2243
f 2243 177 2242
f 2242 2240 2243
f 2248 180 2247
f 2247 178 2245
f 2245 179 2248
f 2248 2247 2245
f 2247 180 2254
f 2254 181 2253
f 2253 178 2247
f 2247 2254 2253
f 2257 184 2256
f 2256 182 2255
f 2255 183 2257
f 2257 2256 2255
f 2256 184 2259
f 2259 185 2258
f 2258 182 2256
f 2256 2259 2258
f 2262 188 2261
f 2261 186 2260
f 2260 187 2262
f 2262 2261 2260
f 2261 188 2264
f 2264 189 2263
f 2263 186 2261
f 2261 2264 2263
f 2267 192 2266
f 2266 190 2265
f 2265 191 2267
f 2267 2266 2265
f 2266 192 2269
f 2269 193 2268
f 2268 190 2266
f 2266 2269 2268
f 2272 196 2271
f 2271 194 2270
f 2270 195 2272
f 2272 2271 2270
f 2271 196 2275
f 2275 197 2274
f 2274 194 2271
f 2271 2275 2274
f 2278 128 2276
f 2276 198 2279
f 2279 199 2278
f 2278 2276 2279
f 2276 128 2281
f 2281 200 2282
f 2282 198 2276
f 2276 2281 2282
f 2284 202 2287
f 2287 204 2286
f 2286 201 2284
f 2284 2287 2286
f 2287 202 2285
f 2285 203 2288
f 2288 204 2287
f 2287 2285 2288
f 2291 44 2290
f 2290 205 2292
f 2292 206 2291
f 2291 2290 2292
f 2290 44 1984
f 1984 43 2289
f 2289 205 2290
f 2290 1984 2289
f 2299 209 2298
f 2298 207 2295
f 2295 208 2299
f 2299 2298 2295
f 2298 209 2301
f 2301 210 2300
f 2300 207 2298
f 2298 2301 2300
f 2305 212 2304
f 2304 142 2302
f 2302 211 2305
f 2305 2304 2302
f 2304 212 2303
f 2303 139 2186
f 2186 142 2304
f 2304 2303 2186
f 2309 215 2308
f 2308 213 2306
f 2306 214 2309
f 2309 2308 2306
f 2308 215 2313
f 2313 216 2312
f 2312 213 2308
f 2308 2313 2312
f 2179 49 2314
f 2314 217 2316
f 2316 137 2179
f 2179 2314 2316
f 2314 49 2087
f 2087 93 2315
f 2315 217 2314
f 2314 2087 2315
f 2312 216 2318
f 2318 218 2317
f 2317 213 2312
f 2312 2318 2317
f 2318 216 2320
f 2320 219 2322
f 2322 218 2318
f 2318 2320 2322
f 2328 224 2327
f 2327 222 2326
f 2326 223 2328
f 2328 2327 2326
f 2327 224 2330
f 2330 225 2329
f 2329 222 2327
f 2327 2330 2329
f 2332 226 2331
f 2334 226 2332
f 2326 222 2336
f 2336 229 2337
f 2337 223 2326
f 2326 2336 2337
f 2336 222 2335
f 2335 228 2338
f 2338 229 2336
f 2336 2335 2338
f 2342 3 2343
f 2345 3 2342
f 2347 232 2348
f 2348 224 2328
f 2328 223 2347
f 2347 2348 2328
f 2348 232 2350
f 2350 233 2349
f 2349 224 2348
f 2348 2350 2349
f 2325 221 2333
f 2355 235 2353
f 2353 93 2351
f 2351 234 2355
f 2355 2353 2351
f 2353 235 2354
f 2354 217 2315
f 2315 93 2353
f 2353 2354 2315
f 2356 237 2359
f 2359 239 2358
f 2358 236 2356
f 2356 2359 2358
f 2359 237 2357
f 2357 238 2360
f 2360 239 2359
f 2359 2357 2360
f 2366 241 2365
f 2365 219 2362
f 2362 240 2366
f 2366 2365 2362
f 2365 241 2364
f 2364 218 2322
f 2322 219 2365
f 2365 2364 2322
f 2368 234 2352
f 2352 94 2367
f 2367 242 2368
f 2368 2352 2367
f 2352 234 2351
f 2351 93 2090
f 2090 94 2352
f 2352 2351 2090
f 2373 245 2372
f 2372 243 2370
f 2370 244 2373
f 2373 2372 2370
f 2372 245 2371
f 2371 96 2369
f 2369 243 2372
f 2372 2371 2369
f 2376 248 2375
f 2375 246 2374
f 2374 247 2376
f 2376 2375 2374
f 2375 248 2378
f 2378 249 2377
f 2377 246 2375
f 2375 2378 2377
f 2386 254 2385
f 2385 252 2384
f 2384 253 2386
f 2386 2385 2384
f 2385 254 2388
f 2388 255 2387
f 2387 252 2385
f 2385 2388 2387
f 2390 256 2389
f 2389 218 2364
f 2364 241 2390
f 2390 2389 2364
f 2389 256 2393
f 2393 257 2392
f 2392 218 2389
f 2389 2393 2392
f 2400 260 2399
f 2399 258 2395
f 2395 259 2400
f 2400 2399 2395
f 2399 260 2398
f 2398 257 2394
f 2394 258 2399
f 2399 2398 2394
f 2404 263 2403
f 2403 261 2401
f 2401 262 2404
f 2404 2403 2401
f 2403 263 2408
f 2408 264 2407
f 2407 261 2403
f 2403 2408 2407
f 2413 266 2411
f 2411 144 2409
f 2409 265 2413
f 2413 2411 2409
f 2411 266 2412
f 2412 145 2190
f 2190 144 2411
f 2411 2412 2190
f 2417 269 2416
f 2416 249 2414
f 2414 268 2417
f 2417 2416 2414
f 2416 269 2415
f 2415 246 2377
f 2377 249 2416
f 2416 2415 2377
f 2423 271 2421
f 2421 243 2420
f 2420 270 2423
f 2423 2421 2420
f 2421 271 2428
f 2428 272 2424
f 2424 243 2421
f 2421 2428 2424
f 2431 275 2430
f 2430 273 2429
f 2429 274 2431
f 2431 2430 2429
f 2430 275 2433
f 2433 276 2432
f 2432 273 2430
f 2430 2433 2432
f 2437 278 2436
f 2436 276 2434
f 2434 277 2437
f 2437 2436 2434
f 2436 278 2435
f 2435 273 2432
f 2432 276 2436
f 2436 2435 2432
f 2447 281 2446
f 2446 279 2441
f 2441 280 2447
f 2447 2446 2441
f 2446 281 2445
f 2445 109 2438
f 2438 279 2446
f 2446 2445 2438
f 2451 111 2449
f 2449 282 2452
f 2452 283 2451
f 2451 2449 2452
f 2449 111 2129
f 2129 110 2448
f 2448 282 2449
f 2449 2129 2448
f 2381 252 2382
f 2382 233 2350
f 2350 232 2381
f 2381 2382 2350
f 2382 252 2454
f 2454 284 2453
f 2453 233 2382
f 2382 2454 2453
f 2459 253 2383
f 2383 232 2458
f 2458 285 2459
f 2459 2383 2458
f 2383 253 2384
f 2384 252 2381
f 2381 232 2383
f 2383 2384 2381
f 2466 242 2464
f 2464 286 2467
f 2467 287 2466
f 2466 2464 2467
f 2464 242 2367
f 2367 94 2462
f 2462 286 2464
f 2464 2367 2462
f 2035 71 2089
f 2089 94 2088
f 2088 48 2035
f 2035 2089 2088
f 2089 71 2460
f 2460 286 2462
f 2462 94 2089
f 2089 2460 2462
f 2471 289 2469
f 2469 35 2468
f 2468 288 2471
f 2471 2469 2468
f 2469 289 2470
f 2470 36 1971
f 1971 35 2469
f 2469 2470 1971
f 2473 290 2474
f 2474 104 2108
f 2108 103 2473
f 2473 2474 2108
f 2474 290 2476
f 2476 291 2475
f 2475 104 2474
f 2474 2476 2475
f 2480 293 2478
f 2478 214 2477
f 2477 292 2480
f 2480 2478 2477
f 2478 293 2479
f 2479 215 2309
f 2309 214 2478
f 2478 2479 2309
f 2487 296 2486
f 2486 294 2484
f 2484 295 2487
f 2487 2486 2484
f 2486 296 2490
f 2490 297 2489
f 2489 294 2486
f 2486 2490 2489
f 2496 299 2495
f 2495 297 2492
f 2492 298 2496
f 2496 2495 2492
f 2495 299 2494
f 2494 294 2489
f 2489 297 2495
f 2495 2494 2489
f 2496 298 2500
f 2500 301 2501
f 2501 299 2496
f 2496 2500 2501
f 2500 298 2497
f 2497 300 2502
f 2502 301 2500
f 2500 2497 2502
f 2505 90 2504
f 2504 302 2506
f 2506 303 2505
f 2505 2504 2506
f 2504 90 2077
f 2077 89 2503
f 2503 302 2504
f 2504 2077 2503
f 2507 304 2513
f 2513 306 2512
f 2512 279 2507
f 2507 2513 2512
f 2513 304 2509
f 2509 305 2514
f 2514 306 2513
f 2513 2509 2514
f 2516 307 2517
f 2517 249 2378
f 2378 248 2516
f 2516 2517 2378
f 2517 307 2518
f 2518 272 2426
f 2426 249 2517
f 2517 2518 2426
f 2524 185 2526
f 2526 311 2528
f 2528 310 2524
f 2524 2526 2528
f 2526 185 2259
f 2259 184 2525
f 2525 311 2526
f 2526 2259 2525
f 2529 312 2530
f 2530 144 2188
f 2188 143 2529
f 2529 2530 2188
f 2530 312 2534
f 2534 313 2531
f 2531 144 2530
f 2530 2534 2531
f 2538 316 2537
f 2537 314 2536
f 2536 315 2538
f 2538 2537 2536
f 2537 316 2540
f 2540 317 2539
f 2539 314 2537
f 2537 2540 2539
f 2331 226 2541
f 2545 321 2544
f 2544 319 2543
f 2543 320 2545
f 2545 2544 2543
f 2544 321 2547
f 2547 322 2546
f 2546 319 2544
f 2544 2547 2546
f 2550 167 2549
f 2549 323 2552
f 2552 324 2550
f 2550 2549 2552
f 2549 167 2223
f 2223 166 2548
f 2548 323 2549
f 2549 2223 2548
f 2339 230 2558
f 2558 325 2557
f 2557 159 2339
f 2339 2558 2557
f 2558 230 2344
f 2344 231 2559
f 2559 325 2558
f 2558 2344 2559
f 2563 328 2562
f 2562 326 2561
f 2561 327 2563
f 2563 2562 2561
f 2562 328 2565
f 2565 329 2564
f 2564 326 2562
f 2562 2565 2564
f 2569 332 2568
f 2568 330 2567
f 2567 331 2569
f 2569 2568 2567
f 2568 332 2571
f 2571 333 2570
f 2570 330 2568
f 2568 2571 2570
f 2573 334 2572
f 2572 236 2358
f 2358 239 2573
f 2573 2572 2358
f 2572 334 2575
f 2575 335 2574
f 2574 236 2572
f 2572 2575 2574
f 2578 338 2577
f 2577 336 2576
f 2576 337 2578
f 2578 2577 2576
f 2577 338 2580
f 2580 339 2579
f 2579 336 2577
f 2577 2580 2579
f 2584 262 2581
f 2581 340 2586
f 2586 341 2584
f 2584 2581 2586
f 2581 262 2551
f 2551 324 2583
f 2583 340 2581
f 2581 2551 2583
f 2591 343 2594
f 2594 345 2593
f 2593 342 2591
f 2591 2594 2593
f 2594 343 2592
f 2592 344 2595
f 2595 345 2594
f 2594 2592 2595
f 2599 348 2598
f 2598 346 2597
f 2597 347 2599
f 2599 2598 2597
f 2598 348 2601
f 2601 349 2600
f 2600 346 2598
f 2598 2601 2600
f 2363 240 2361
f 2361 217 2354
f 2354 235 2363
f 2363 2361 2354
f 2361 240 2362
f 2362 219 2321
f 2321 217 2361
f 2361 2362 2321
f 2310 137 2319
f 2319 219 2320
f 2320 216 2310
f 2310 2319 2320
f 2319 137 2316
f 2316 217 2321
f 2321 219 2319
f 2319 2316 2321
f 2310 216 2311
f 2311 138 2182
f 2182 137 2310
f 2310 2311 2182
f 2311 216 2313
f 2313 215 2307
f 2307 138 2311
f 2311 2313 2307
f 2607 352 2606
f 2606 350 2603
f 2603 351 2607
f 2607 2606 2603
f 2606 352 2609
f 2609 353 2608
f 2608 350 2606
f 2606 2609 2608
f 2616 211 2613
f 2613 354 2617
f 2617 355 2616
f 2616 2613 2617
f 2613 211 2302
f 2302 142 2612
f 2612 354 2613
f 2613 2302 2612
f 2620 356 2621
f 2621 142 2187
f 2187 141 2620
f 2620 2621 2187
f 2621 356 2623
f 2623 354 2612
f 2612 142 2621
f 2621 2623 2612
f 2251 181 2252
f 2252 154 2207
f 2207 153 2251
f 2251 2252 2207
f 2252 181 2254
f 2254 180 2246
f 2246 154 2252
f 2252 2254 2246
f 2235 156 2239
f 2239 176 2240
f 2240 175 2235
f 2235 2239 2240
f 2239 156 2208
f 2208 155 2238
f 2238 176 2239
f 2239 2208 2238
f 2625 357 2633
f 2633 359 2630
f 2630 133 2625
f 2625 2633 2630
f 2633 357 2629
f 2629 358 2634
f 2634 359 2633
f 2633 2629 2634
f 2638 360 2637
f 2637 201 2286
f 2286 204 2638
f 2638 2637 2286
f 2637 360 2642
f 2642 361 2641
f 2641 201 2637
f 2637 2642 2641
f 2650 364 2649
f 2649 362 2647
f 2647 363 2650
f 2650 2649 2647
f 2649 364 2653
f 2653 365 2652
f 2652 362 2649
f 2649 2653 2652
f 2657 366 2658
f 2658 363 2647
f 2647 362 2657
f 2657 2658 2647
f 2658 366 2664
f 2664 367 2663
f 2663 363 2658
f 2658 2664 2663
f 2661 367 2660
f 2660 170 2230
f 2230 173 2661
f 2661 2660 2230
f 2660 367 2664
f 2664 366 2655
f 2655 170 2660
f 2660 2664 2655
f 1951 20 2078
f 2078 91 2079
f 2079 21 1951
f 1951 2078 2079
f 2078 20 2081
f 2081 92 2085
f 2085 91 2078
f 2078 2081 2085
f 2669 369 2674
f 2674 371 2673
f 2673 368 2669
f 2669 2674 2673
f 2674 369 2670
f 2670 370 2675
f 2675 371 2674
f 2674 2670 2675
f 2685 374 2684
f 2684 372 2681
f 2681 373 2685
f 2685 2684 2681
f 2684 374 2691
f 2691 375 2690
f 2690 372 2684
f 2684 2691 2690
f 2139 115 2138
f 2138 110 2132
f 2132 112 2139
f 2139 2138 2132
f 2138 115 2450
f 2450 282 2448
f 2448 110 2138
f 2138 2450 2448
f 2701 377 2699
f 2699 8 2694
f 2694 376 2701
f 2701 2699 2694
f 2699 377 2698
f 2698 5 1933
f 1933 8 2699
f 2699 2698 1933
f 2705 378 2702
f 2702 5 2698
f 2698 377 2705
f 2705 2702 2698
f 2702 378 2703
f 2703 116 2141
f 2141 5 2702
f 2702 2703 2141
f 2708 379 2706
f 2706 116 2703
f 2703 378 2708
f 2708 2706 2703
f 2706 379 2707
f 2707 117 2146
f 2146 116 2706
f 2706 2707 2146
f 2216 161 2340
f 2340 230 2339
f 2339 159 2216
f 2216 2340 2339
f 2340 161 2323
f 2323 220 2341
f 2341 230 2340
f 2340 2323 2341
f 2717 382 2716
f 2716 380 2714
f 2714 381 2717
f 2717 2716 2714
f 2716 382 2719
f 2719 383 2718
f 2718 380 2716
f 2716 2719 2718
f 2723 385 2722
f 2722 383 2720
f 2720 384 2723
f 2723 2722 2720
f 2722 385 2721
f 2721 380 2718
f 2718 383 2722
f 2722 2721 2718
f 2695 376 2696
f 2696 26 1960
f 1960 25 2695
f 2695 2696 1960
f 2696 376 2694
f 2694 8 1958
f 1958 26 2696
f 2696 2694 1958
f 2346 4 1929
f 1929 3 2345
f 2345 2346 1929
f 2724 4 2346
f 2149 4 2725
f 2726 119 2149
f 2149 2725 2726
f 2725 4 2724
f 2732 388 2730
f 2730 205 2729
f 2729 387 2732
f 2732 2730 2729
f 2730 388 2731
f 2731 206 2292
f 2292 205 2730
f 2730 2731 2292
f 2736 390 2734
f 2734 387 2733
f 2733 389 2736
f 2736 2734 2733
f 2734 390 2735
f 2735 388 2732
f 2732 387 2734
f 2734 2735 2732
f 2740 392 2746
f 2746 393 2745
f 2745 391 2740
f 2740 2746 2745
f 2746 392 2738
f 2738 328 2744
f 2744 393 2746
f 2746 2738 2744
f 2751 395 2749
f 2749 47 2747
f 2747 394 2751
f 2751 2749 2747
f 2749 395 2750
f 2750 72 2036
f 2036 47 2749
f 2749 2750 2036
f 2755 398 2754
f 2754 396 2752
f 2752 397 2755
f 2755 2754 2752
f 2754 398 2759
f 2759 399 2758
f 2758 396 2754
f 2754 2759 2758
f 2762 305 2761
f 2761 400 2763
f 2763 401 2762
f 2762 2761 2763
f 2761 305 2509
f 2509 304 2760
f 2760 400 2761
f 2761 2509 2760
f 2771 404 2770
f 2770 402 2768
f 2768 403 2771
f 2771 2770 2768
f 2770 404 2775
f 2775 405 2774
f 2774 402 2770
f 2770 2775 2774
f 2779 407 2778
f 2778 269 2776
f 2776 406 2779
f 2779 2778 2776
f 2778 407 2777
f 2777 246 2415
f 2415 269 2778
f 2778 2777 2415
f 2780 409 2783
f 2783 411 2782
f 2782 408 2780
f 2780 2783 2782
f 2783 409 2781
f 2781 410 2784
f 2784 411 2783
f 2783 2781 2784
f 2792 413 2788
f 2788 270 2787
f 2787 412 2792
f 2792 2788 2787
f 2788 413 2789
f 2789 271 2423
f 2423 270 2788
f 2788 2789 2423
f 2798 415 2796
f 2796 89 2793
f 2793 414 2798
f 2798 2796 2793
f 2796 415 2797
f 2797 302 2503
f 2503 89 2796
f 2796 2797 2503
f 2800 416 2801
f 2801 279 2438
f 2438 109 2800
f 2800 2801 2438
f 2801 416 2802
f 2802 304 2507
f 2507 279 2801
f 2801 2802 2507
f 2807 344 2806
f 2806 417 2808
f 2808 418 2807
f 2807 2806 2808
f 2806 344 2592
f 2592 343 2805
f 2805 417 2806
f 2806 2592 2805
f 2810 419 2811
f 2811 418 2808
f 2808 417 2810
f 2810 2811 2808
f 2811 419 2813
f 2813 420 2812
f 2812 418 2811
f 2811 2813 2812
f 2442 281 2443
f 2443 70 2034
f 2034 69 2442
f 2442 2443 2034
f 2443 281 2444
f 2444 78 2049
f 2049 70 2443
f 2443 2444 2049
f 2816 423 2815
f 2815 421 2814
f 2814 422 2816
f 2816 2815 2814
f 2815 423 2818
f 2818 424 2817
f 2817 421 2815
f 2815 2818 2817
f 2822 427 2821
f 2821 425 2820
f 2820 426 2822
f 2822 2821 2820
f 2821 427 2826
f 2826 428 2825
f 2825 425 2821
f 2821 2826 2825
f 2833 431 2832
f 2832 429 2831
f 2831 430 2833
f 2833 2832 2831
f 2832 431 2837
f 2837 432 2836
f 2836 429 2832
f 2832 2837 2836
f 2842 434 2843
f 2843 433 2838
f 2838 430 2842
f 2842 2843 2838
f 2843 434 2847
f 2847 435 2846
f 2846 433 2843
f 2843 2847 2846
f 2841 320 2845
f 2845 435 2847
f 2847 434 2841
f 2841 2845 2847
f 2845 320 2543
f 2543 319 2844
f 2844 435 2845
f 2845 2543 2844
f 2856 438 2855
f 2855 436 2852
f 2852 437 2856
f 2856 2855 2852
f 2855 438 2858
f 2858 439 2857
f 2857 436 2855
f 2855 2858 2857
f 2865 442 2864
f 2864 440 2861
f 2861 441 2865
f 2865 2864 2861
f 2864 442 2869
f 2869 443 2868
f 2868 440 2864
f 2864 2869 2868
f 2877 446 2876
f 2876 444 2873
f 2873 445 2877
f 2877 2876 2873
f 2876 446 2880
f 2880 447 2879
f 2879 444 2876
f 2876 2880 2879
f 2871 445 2872
f 2872 46 1988
f 1988 45 2871
f 2871 2872 1988
f 2872 445 2873
f 2873 444 2870
f 2870 46 2872
f 2872 2873 2870
f 2881 448 2882
f 2882 410 2781
f 2781 409 2881
f 2881 2882 2781
f 2882 448 2884
f 2884 449 2883
f 2883 410 2882
f 2882 2884 2883
f 2890 452 2889
f 2889 450 2888
f 2888 451 2890
f 2890 2889 2888
f 2889 452 2894
f 2894 453 2893
f 2893 450 2889
f 2889 2894 2893
f 2902 456 2901
f 2901 454 2898
f 2898 455 2902
f 2902 2901 2898
f 2901 456 2906
f 2906 457 2905
f 2905 454 2901
f 2901 2906 2905
f 2913 460 2912
f 2912 458 2909
f 2909 459 2913
f 2913 2912 2909
f 2912 460 2919
f 2919 461 2918
f 2918 458 2912
f 2912 2919 2918
f 2921 462 2922
f 2922 210 2301
f 2301 209 2921
f 2921 2922 2301
f 2922 462 2929
f 2929 463 2924
f 2924 210 2922
f 2922 2929 2924
f 2932 408 2930
f 2930 464 2933
f 2933 465 2932
f 2932 2930 2933
f 2930 408 2782
f 2782 411 2931
f 2931 464 2930
f 2930 2782 2931
f 2156 121 2795
f 2795 414 2794
f 2794 120 2156
f 2156 2795 2794
f 2795 121 2934
f 2934 466 2935
f 2935 414 2795
f 2795 2934 2935
f 2937 467 2938
f 2938 158 2212
f 2212 157 2937
f 2937 2938 2212
f 2938 467 2941
f 2941 468 2940
f 2940 158 2938
f 2938 2941 2940
f 2946 85 2942
f 2942 469 2947
f 2947 470 2946
f 2946 2942 2947
f 2942 85 2074
f 2074 88 2943
f 2943 469 2942
f 2942 2074 2943
f 2948 471 2949
f 2949 62 2011
f 2011 61 2948
f 2948 2949 2011
f 2949 471 2953
f 2953 472 2950
f 2950 62 2949
f 2949 2953 2950
f 2501 301 2499
f 2499 30 2493
f 2493 299 2501
f 2501 2499 2493
f 2499 301 2498
f 2498 27 1964
f 1964 30 2499
f 2499 2498 1964
f 2954 473 2955
f 2955 30 1965
f 1965 29 2954
f 2954 2955 1965
f 2955 473 2962
f 2962 474 2957
f 2957 30 2955
f 2955 2962 2957
f 2963 32 2043
f 2043 75 2965
f 2965 475 2963
f 2963 2043 2965
f 2043 32 2045
f 2045 76 2046
f 2046 75 2043
f 2043 2045 2046
f 2957 474 2959
f 2959 299 2493
f 2493 30 2957
f 2957 2959 2493
f 2959 474 2958
f 2958 294 2494
f 2494 299 2959
f 2959 2958 2494
f 2130 10 2134
f 2134 113 2135
f 2135 112 2130
f 2130 2134 2135
f 2134 10 1937
f 1937 6 2133
f 2133 113 2134
f 2134 1937 2133
f 2133 6 2142
f 2142 116 2143
f 2143 113 2133
f 2133 2142 2143
f 2142 6 1930
f 1930 5 2141
f 2141 116 2142
f 2142 1930 2141
f 2728 386 2727
f 2727 118 2150
f 2150 119 2728
f 2728 2727 2150
f 2727 386 2970
f 2970 476 2967
f 2967 118 2727
f 2727 2970 2967
f 2943 88 2481
f 2481 295 2945
f 2945 469 2943
f 2943 2481 2945
f 2481 88 2110
f 2110 105 2482
f 2482 295 2481
f 2481 2110 2482
f 2619 64 2611
f 2611 354 2623
f 2623 356 2619
f 2619 2611 2623
f 2611 64 2015
f 2015 38 2610
f 2610 354 2611
f 2611 2015 2610
f 2614 355 2615
f 2615 38 1975
f 1975 37 2614
f 2614 2615 1975
f 2615 355 2617
f 2617 354 2610
f 2610 38 2615
f 2615 2617 2610
f 2977 478 2976
f 2976 465 2972
f 2972 477 2977
f 2977 2976 2972
f 2976 478 2973
f 2973 408 2932
f 2932 465 2976
f 2976 2973 2932
f 2983 480 2991
f 2991 482 2990
f 2990 479 2983
f 2983 2991 2990
f 2991 480 2988
f 2988 481 2992
f 2992 482 2991
f 2991 2988 2992
f 2996 485 2995
f 2995 483 2993
f 2993 484 2996
f 2996 2995 2993
f 2995 485 3000
f 3000 486 2999
f 2999 483 2995
f 2995 3000 2999
f 3003 489 3002
f 3002 487 3001
f 3001 488 3003
f 3003 3002 3001
f 3002 489 3005
f 3005 490 3004
f 3004 487 3002
f 3002 3005 3004
f 3009 492 3015
f 3015 494 3014
f 3014 491 3009
f 3009 3015 3014
f 3015 492 3012
f 3012 493 3016
f 3016 494 3015
f 3015 3012 3016
f 2347 223 2456
f 2456 285 2458
f 2458 232 2347
f 2347 2456 2458
f 2456 223 2337
f 2337 229 2457
f 2457 285 2456
f 2456 2337 2457
f 3018 225 2330
f 2330 224 3017
f 3017 3018 2330
f 3019 225 3018
f 3026 496 3023
f 3023 95 3020
f 3020 495 3026
f 3026 3023 3020
f 3023 496 3024
f 3024 122 2159
f 2159 95 3023
f 3023 3024 2159
f 2519 267 3027
f 3027 497 3028
f 3028 308 2519
f 2519 3027 3028
f 3008 449 3011
f 3011 493 3012
f 3012 492 3008
f 3008 3011 3012
f 3011 449 2884
f 2884 448 3010
f 3010 493 3011
f 3011 2884 3010
f 3029 224 2349
f 2349 233 3030
f 3030 3029 2349
f 3017 224 3029
f 2036 72 2037
f 2037 48 1989
f 1989 47 2036
f 2036 2037 1989
f 2037 72 2038
f 2038 71 2035
f 2035 48 2037
f 2037 2038 2035
f 3036 499 3034
f 3034 80 3033
f 3033 498 3036
f 3036 3034 3033
f 3034 499 3035
f 3035 81 2057
f 2057 80 3034
f 3034 3035 2057
f 3043 502 3042
f 3042 500 3040
f 3040 501 3043
f 3043 3042 3040
f 3042 502 3046
f 3046 503 3045
f 3045 500 3042
f 3042 3046 3045
f 3051 506 3050
f 3050 504 3048
f 3048 505 3051
f 3051 3050 3048
f 3050 506 3055
f 3055 507 3054
f 3054 504 3050
f 3050 3055 3054
f 3066 509 3062
f 3062 138 3056
f 3056 508 3066
f 3066 3062 3056
f 3062 509 3061
f 3061 50 2181
f 2181 138 3062
f 3062 3061 2181
f 3071 512 3070
f 3070 510 3069
f 3069 511 3071
f 3071 3070 3069
f 3070 512 3073
f 3073 513 3072
f 3072 510 3070
f 3070 3073 3072
f 3077 361 2640
f 2640 194 3075
f 3075 514 3077
f 3077 2640 3075
f 2640 361 2642
f 2642 360 2635
f 2635 194 2640
f 2640 2642 2635
f 2173 131 3079
f 3079 516 3080
f 3080 132 2173
f 2173 3079 3080
f 3079 131 3078
f 3078 515 3081
f 3081 516 3079
f 3079 3078 3081
f 3016 493 3085
f 3085 518 3086
f 3086 494 3016
f 3016 3085 3086
f 3085 493 3084
f 3084 517 3087
f 3087 518 3085
f 3085 3084 3087
f 2293 208 2829
f 2829 429 2827
f 2827 195 2293
f 2293 2829 2827
f 2829 208 2295
f 2295 207 2828
f 2828 429 2829
f 2829 2295 2828
f 2975 457 2903
f 2903 408 2973
f 2973 478 2975
f 2975 2903 2973
f 2903 457 2904
f 2904 409 2780
f 2780 408 2903
f 2903 2904 2780
f 2971 477 3091
f 3091 519 3089
f 3089 459 2971
f 2971 3091 3089
f 3091 477 2972
f 2972 465 3090
f 3090 519 3091
f 3091 2972 3090
f 3095 521 3096
f 3096 520 3092
f 3092 51 3095
f 3095 3096 3092
f 3096 521 3100
f 3100 522 3099
f 3099 520 3096
f 3096 3100 3099
f 2825 428 2823
f 2823 389 2819
f 2819 425 2825
f 2825 2823 2819
f 2823 428 2824
f 2824 390 2736
f 2736 389 2823
f 2823 2824 2736
f 3010 448 3082
f 3082 517 3084
f 3084 493 3010
f 3010 3082 3084
f 3082 448 2900
f 2900 456 3083
f 3083 517 3082
f 3082 2900 3083
f 2417 268 2772
f 2772 405 2773
f 2773 269 2417
f 2417 2772 2773
f 2772 268 2764
f 2764 402 2774
f 2774 405 2772
f 2772 2764 2774
f 3108 523 3105
f 3108 524 3106
f 3106 255 3101
f 3101 523 3108
f 3108 3106 3101
f 2343 3 2554
f 2554 325 2559
f 2559 231 2343
f 2343 2554 2559
f 2554 3 1926
f 1926 2 2553
f 2553 325 2554
f 2554 1926 2553
f 2741 127 2737
f 2737 391 2745
f 2745 393 2741
f 2741 2737 2745
f 2737 127 3111
f 3111 525 3112
f 3112 391 2737
f 2737 3111 3112
f 3117 303 3114
f 3114 526 3120
f 3120 527 3117
f 3117 3114 3120
f 3114 303 2506
f 2506 302 3113
f 3113 526 3114
f 3114 2506 3113
f 3090 465 3124
f 3124 528 3125
f 3125 519 3090
f 3090 3124 3125
f 3124 465 2933
f 2933 464 3123
f 3123 528 3124
f 3124 2933 3123
f 3129 427 3126
f 3126 529 3131
f 3131 530 3129
f 3129 3126 3131
f 3126 427 2867
f 2867 443 3128
f 3128 529 3126
f 3126 2867 3128
f 3121 188 3088
f 3088 519 3125
f 3125 528 3121
f 3121 3088 3125
f 3088 188 3133
f 3133 531 3137
f 3137 519 3088
f 3088 3133 3137
f 3144 451 3140
f 3140 532 3145
f 3145 533 3144
f 3144 3140 3145
f 3140 451 2888
f 2888 450 3139
f 3139 532 3140
f 3140 2888 3139
f 3167 540 3166
f 3170 540 3167
f 3150 534 3147
f 3147 322 3148
f 3148 535 3150
f 3150 3147 3148
f 3147 534 3146
f 3146 319 2546
f 2546 322 3147
f 3147 3146 2546
f 2879 447 3159
f 3159 538 3158
f 3158 444 2879
f 2879 3159 3158
f 3159 447 3160
f 3160 539 3161
f 3161 538 3159
f 3159 3160 3161
f 1987 46 3169
f 3169 541 3168
f 3168 43 1987
f 1987 3169 3168
f 3169 46 3162
f 3162 540 3170
f 3170 541 3169
f 3169 3162 3170
f 3173 389 3172
f 3172 542 3175
f 3175 543 3173
f 3173 3172 3175
f 3172 389 2733
f 2733 387 3171
f 3171 542 3172
f 3172 2733 3171
f 3176 425 3174
f 3174 543 3178
f 3178 544 3176
f 3176 3174 3178
f 3174 425 2819
f 2819 389 3173
f 3173 543 3174
f 3174 2819 3173
f 3157 537 3156
f 3156 435 3153
f 3153 536 3157
f 3157 3156 3153
f 3156 537 3155
f 3155 433 2846
f 2846 435 3156
f 3156 3155 2846
f 3184 546 3187
f 3186 545 3184
f 3184 3187 3186
f 3187 546 3185
f 3190 545 3191
f 3192 547 3190
f 3190 3191 3192
f 3191 545 3186
f 3179 542 3197
f 2861 440 3188
f 3188 547 3189
f 3189 441 2861
f 2861 3188 3189
f 3188 440 3180
f 3180 545 3190
f 3190 547 3188
f 3188 3180 3190
f 3171 387 3195
f 3195 548 3197
f 3197 542 3171
f 3171 3195 3197
f 3195 387 2729
f 2729 205 3194
f 3194 548 3195
f 3195 2729 3194
f 3181 546 3182
f 3182 440 2859
f 2859 426 3181
f 3181 3182 2859
f 3182 546 3184
f 3184 545 3180
f 3180 440 3182
f 3182 3184 3180
f 2857 439 3199
f 3199 549 3198
f 3198 436 2857
f 2857 3199 3198
f 3199 439 3201
f 3201 550 3204
f 3204 549 3199
f 3199 3201 3204
f 3215 552 3216
f 3216 539 3160
f 3160 447 3215
f 3215 3216 3160
f 3216 552 3217
f 3217 551 3209
f 3209 539 3216
f 3216 3217 3209
f 3208 551 3207
f 3207 433 3155
f 3155 537 3208
f 3208 3207 3155
f 3207 551 3217
f 3217 552 3214
f 3214 433 3207
f 3207 3217 3214
f 2844 319 3152
f 3152 536 3153
f 3153 435 2844
f 2844 3152 3153
f 3152 319 3146
f 3146 534 3154
f 3154 536 3152
f 3152 3146 3154
f 3176 544 3177
f 3177 426 2820
f 2820 425 3176
f 3176 3177 2820
f 3177 544 3183
f 3183 546 3181
f 3181 426 3177
f 3177 3183 3181
f 2289 43 3193
f 3193 548 3194
f 3194 205 2289
f 2289 3193 3194
f 3193 43 3168
f 3168 541 3196
f 3196 548 3193
f 3193 3168 3196
f 3164 540 3163
f 3163 444 3158
f 3158 538 3164
f 3164 3163 3158
f 3163 540 3162
f 3162 46 2870
f 2870 444 3163
f 3163 3162 2870
f 3164 538 3165
f 3166 540 3164
f 3164 3165 3166
f 3218 312 3223
f 3223 555 3224
f 3224 553 3218
f 3218 3223 3224
f 3223 312 3222
f 3222 554 3225
f 3225 555 3223
f 3223 3222 3225
f 3227 556 3226
f 3226 35 2012
f 2012 63 3227
f 3227 3226 2012
f 3226 556 3228
f 3228 288 2468
f 2468 35 3226
f 3226 3228 2468
f 3238 296 3235
f 3235 557 3240
f 3240 558 3238
f 3238 3235 3240
f 3235 296 2485
f 2485 107 3234
f 3234 557 3235
f 3235 2485 3234
f 3243 559 3244
f 3244 468 2941
f 2941 467 3243
f 3243 3244 2941
f 3244 559 3248
f 3248 560 3247
f 3247 468 3244
f 3244 3248 3247
f 3249 561 3250
f 3250 99 2096
f 2096 98 3249
f 3249 3250 2096
f 3250 561 3258
f 3258 562 3253
f 3253 99 3250
f 3250 3258 3253
f 2910 196 2914
f 2914 461 2919
f 2919 460 2910
f 2910 2914 2919
f 2914 196 2835
f 2835 432 2915
f 2915 461 2914
f 2914 2835 2915
f 2874 446 2875
f 2875 432 2837
f 2837 431 2874
f 2874 2875 2837
f 2875 446 2917
f 2917 461 2915
f 2915 432 2875
f 2875 2917 2915
f 2952 472 3261
f 3261 563 3259
f 3259 300 2952
f 2952 3261 3259
f 3261 472 2953
f 2953 471 3260
f 3260 563 3261
f 3261 2953 3260
f 3115 365 3119
f 3119 527 3120
f 3120 526 3115
f 3115 3119 3120
f 3119 365 2653
f 2653 364 3118
f 3118 527 3119
f 3119 2653 3118
f 3208 537 3210
f 3211 551 3208
f 3208 3210 3211
f 3229 298 2491
f 2491 288 3228
f 3228 556 3229
f 3229 2491 3228
f 2491 298 2492
f 2492 297 2488
f 2488 288 2491
f 2491 2492 2488
f 2776 269 3262
f 3262 564 3264
f 3264 406 2776
f 2776 3262 3264
f 3262 269 2773
f 2773 405 3263
f 3263 564 3262
f 3262 2773 3263
f 3269 566 3268
f 3268 407 3265
f 3265 565 3269
f 3269 3268 3265
f 3268 566 3266
f 3266 246 2777
f 2777 407 3268
f 3268 3266 2777
f 3272 569 3271
f 3271 567 3270
f 3270 568 3272
f 3272 3271 3270
f 3271 569 3274
f 3274 570 3273
f 3273 567 3271
f 3271 3274 3273
f 3276 569 3275
f 3275 571 3278
f 3278 572 3276
f 3276 3275 3278
f 3275 569 3280
f 3280 573 3281
f 3281 571 3275
f 3275 3280 3281
f 3282 575 3288
f 3288 577 3287
f 3287 574 3282
f 3282 3288 3287
f 3288 575 3284
f 3284 576 3289
f 3289 577 3288
f 3288 3284 3289
f 3292 576 3290
f 3290 578 3293
f 3293 579 3292
f 3292 3290 3293
f 3290 576 3294
f 3294 580 3295
f 3295 578 3290
f 3290 3294 3295
f 3296 581 3297
f 3297 579 3293
f 3293 578 3296
f 3296 3297 3293
f 3297 581 3301
f 3301 582 3300
f 3300 579 3297
f 3297 3301 3300
f 3302 583 3303
f 3303 582 3301
f 3301 581 3302
f 3302 3303 3301
f 3303 583 3307
f 3307 584 3306
f 3306 582 3303
f 3303 3307 3306
f 3310 585 3309
f 3309 285 3305
f 3305 584 3310
f 3310 3309 3305
f 3309 585 3308
f 3308 253 2459
f 2459 285 3309
f 3309 3308 2459
f 3313 586 3311
f 3311 253 3308
f 3308 585 3313
f 3313 3311 3308
f 3311 586 3312
f 3312 254 2386
f 2386 253 3311
f 3311 3312 2386
f 3323 589 3322
f 3322 587 3320
f 3320 588 3323
f 3323 3322 3320
f 3322 589 3321
f 3321 497 3316
f 3316 587 3322
f 3322 3321 3316
f 3329 591 3327
f 3327 308 3324
f 3324 590 3329
f 3329 3327 3324
f 3327 591 3328
f 3328 309 2521
f 2521 308 3327
f 3327 3328 2521
f 3335 593 3333
f 3333 250 3330
f 3330 592 3335
f 3335 3333 3330
f 3333 593 3334
f 3334 251 2379
f 2379 250 3333
f 3333 3334 2379
f 3337 594 3336
f 3336 251 3334
f 3334 593 3337
f 3337 3336 3334
f 3336 594 3339
f 3339 595 3338
f 3338 251 3336
f 3336 3339 3338
f 3109 8 3341
f 3341 596 3344
f 3344 525 3109
f 3109 3341 3344
f 3341 8 1934
f 1934 7 3340
f 3340 596 3341
f 3341 1934 3340
f 3345 160 3351
f 3351 599 3352
f 3352 597 3345
f 3345 3351 3352
f 3351 160 3349
f 3349 598 3353
f 3353 599 3351
f 3351 3349 3353
f 3364 602 3363
f 3363 600 3361
f 3361 601 3364
f 3364 3363 3361
f 3363 602 3368
f 3368 603 3367
f 3367 600 3363
f 3363 3368 3367
f 3369 164 3372
f 3372 605 3373
f 3373 604 3369
f 3369 3372 3373
f 3372 164 2220
f 2220 163 3371
f 3371 605 3372
f 3372 2220 3371
f 3375 606 3374
f 3374 597 3352
f 3352 599 3375
f 3375 3374 3352
f 3374 606 3376
f 3376 604 3370
f 3370 597 3374
f 3374 3376 3370
f 3383 608 3380
f 3380 164 3377
f 3377 607 3383
f 3383 3380 3377
f 3380 608 3381
f 3381 165 2222
f 2222 164 3380
f 3380 3381 2222
f 3389 611 3388
f 3388 609 3387
f 3387 610 3389
f 3389 3388 3387
f 3388 611 3392
f 3392 612 3391
f 3391 609 3388
f 3388 3392 3391
f 3399 615 3398
f 3398 613 3397
f 3397 614 3399
f 3399 3398 3397
f 3398 615 3403
f 3403 616 3402
f 3402 613 3398
f 3398 3403 3402
f 3409 619 3408
f 3408 617 3407
f 3407 618 3409
f 3409 3408 3407
f 3408 619 3411
f 3411 620 3410
f 3410 617 3408
f 3408 3411 3410
f 3414 614 3396
f 3396 330 3412
f 3412 621 3414
f 3414 3396 3412
f 3396 614 3397
f 3397 613 3394
f 3394 330 3396
f 3396 3397 3394
f 3416 340 2582
f 2582 323 3415
f 3415 622 3416
f 3416 2582 3415
f 2582 340 2583
f 2583 324 2552
f 2552 323 2582
f 2582 2583 2552
f 3422 624 3421
f 3421 486 3418
f 3418 623 3422
f 3422 3421 3418
f 3421 624 3420
f 3420 483 2999
f 2999 486 3421
f 3421 3420 2999
f 3424 516 3427
f 3427 627 3428
f 3428 625 3424
f 3424 3427 3428
f 3427 516 3426
f 3426 626 3429
f 3429 627 3427
f 3427 3426 3429
f 3434 629 3433
f 3433 132 3430
f 3430 628 3434
f 3434 3433 3430
f 3433 629 3432
f 3432 129 2171
f 2171 132 3433
f 3433 3432 2171
f 3441 631 3440
f 3440 521 3437
f 3437 630 3441
f 3441 3440 3437
f 3440 631 3446
f 3446 632 3444
f 3444 521 3440
f 3440 3446 3444
f 3451 635 3450
f 3450 633 3447
f 3447 634 3451
f 3451 3450 3447
f 3450 635 3455
f 3455 636 3454
f 3454 633 3450
f 3450 3455 3454
f 3458 327 3385
f 3385 609 3459
f 3459 637 3458
f 3458 3385 3459
f 3385 327 2561
f 2561 326 3384
f 3384 609 3385
f 3385 2561 3384
f 3405 618 3406
f 3406 53 1995
f 1995 52 3405
f 3405 3406 1995
f 3406 618 3407
f 3407 617 3404
f 3404 53 3406
f 3406 3407 3404
f 3465 640 3464
f 3464 638 3463
f 3463 639 3465
f 3465 3464 3463
f 3464 640 3468
f 3468 641 3467
f 3467 638 3464
f 3464 3468 3467
f 3471 643 3475
f 3475 645 3474
f 3474 642 3471
f 3471 3475 3474
f 3475 643 3472
f 3472 644 3476
f 3476 645 3475
f 3475 3472 3476
f 3454 636 3478
f 3478 646 3477
f 3477 633 3454
f 3454 3478 3477
f 3478 636 3480
f 3480 647 3481
f 3481 646 3478
f 3478 3480 3481
f 2883 449 3094
f 3094 520 3093
f 3093 410 2883
f 2883 3094 3093
f 3094 449 3484
f 3484 648 3486
f 3486 520 3094
f 3094 3484 3486
f 3486 648 3482
f 3482 51 3092
f 3092 520 3486
f 3486 3482 3092
f 3482 648 3483
f 3483 52 1994
f 1994 51 3482
f 3482 3483 1994
f 3493 651 3492
f 3492 649 3490
f 3490 650 3493
f 3493 3492 3490
f 3492 651 3495
f 3495 652 3494
f 3494 649 3492
f 3492 3495 3494
f 3077 514 3504
f 3504 654 3503
f 3503 361 3077
f 3077 3504 3503
f 3504 514 3499
f 3499 653 3505
f 3505 654 3504
f 3504 3499 3505
f 3510 654 3501
f 3501 97 3506
f 3506 655 3510
f 3510 3501 3506
f 3501 654 3502
f 3502 98 2095
f 2095 97 3501
f 3501 3502 2095
f 2650 363 2645
f 2645 99 2648
f 2648 364 2650
f 2650 2645 2648
f 2645 363 2646
f 2646 100 2099
f 2099 99 2645
f 2645 2646 2099
f 2232 172 2631
f 2631 359 2632
f 2632 173 2232
f 2232 2631 2632
f 2631 172 3513
f 3513 656 3514
f 3514 359 2631
f 2631 3513 3514
f 3514 656 3511
f 3511 133 2630
f 2630 359 3514
f 3514 3511 2630
f 3511 656 3512
f 3512 134 2174
f 2174 133 3511
f 3511 3512 2174
f 2992 481 2984
f 2984 135 2989
f 2989 482 2992
f 2992 2984 2989
f 2984 481 2985
f 2985 136 2178
f 2178 135 2984
f 2984 2985 2178
f 3117 527 3141
f 3141 532 3138
f 3138 303 3117
f 3117 3141 3138
f 3141 527 3255
f 3255 562 3256
f 3256 532 3141
f 3141 3255 3256
f 2663 367 2659
f 2659 100 2646
f 2646 363 2663
f 2663 2659 2646
f 2659 367 2662
f 2662 358 2627
f 2627 100 2659
f 2659 2662 2627
f 2627 358 2626
f 2626 97 2097
f 2097 100 2627
f 2627 2626 2097
f 2626 358 2629
f 2629 357 2624
f 2624 97 2626
f 2626 2629 2624
f 2641 361 3509
f 3509 655 3507
f 3507 201 2641
f 2641 3509 3507
f 3509 361 3503
f 3503 654 3510
f 3510 655 3509
f 3509 3503 3510
f 2284 201 3517
f 3517 657 3518
f 3518 202 2284
f 2284 3517 3518
f 3517 201 3507
f 3507 655 3520
f 3520 657 3517
f 3517 3507 3520
f 2661 173 2628
f 2628 358 2662
f 2662 367 2661
f 2661 2628 2662
f 2628 173 2632
f 2632 359 2634
f 2634 358 2628
f 2628 2632 2634
f 3123 464 3524
f 3524 658 3525
f 3525 528 3123
f 3123 3524 3525
f 3524 464 3528
f 3528 659 3531
f 3531 658 3524
f 3524 3528 3531
f 3521 658 3522
f 3522 451 2887
f 2887 189 3521
f 3521 3522 2887
f 3522 658 3523
f 3523 452 2890
f 2890 451 3522
f 3522 3523 2890
f 2080 90 2891
f 2891 453 2892
f 2892 91 2080
f 2080 2891 2892
f 2891 90 2885
f 2885 450 2893
f 2893 453 2891
f 2891 2885 2893
f 3532 660 3533
f 3533 652 3495
f 3495 651 3532
f 3532 3533 3495
f 3533 660 3535
f 3535 661 3534
f 3534 652 3533
f 3533 3535 3534
f 3436 630 3435
f 3435 51 1996
f 1996 54 3436
f 3436 3435 1996
f 3435 630 3437
f 3437 521 3095
f 3095 51 3435
f 3435 3437 3095
f 2784 410 3097
f 3097 522 3098
f 3098 411 2784
f 2784 3097 3098
f 3097 410 3093
f 3093 520 3099
f 3099 522 3097
f 3097 3093 3099
f 3121 528 3122
f 3122 189 2264
f 2264 188 3121
f 3121 3122 2264
f 3122 528 3525
f 3525 658 3521
f 3521 189 3122
f 3122 3525 3521
f 2505 303 2886
f 2886 450 2885
f 2885 90 2505
f 2505 2886 2885
f 2886 303 3138
f 3138 532 3139
f 3139 450 2886
f 2886 3138 3139
f 3118 364 3254
f 3254 562 3255
f 3255 527 3118
f 3118 3254 3255
f 3254 364 2648
f 2648 99 3253
f 3253 562 3254
f 3254 2648 3253
f 3009 491 3537
f 3537 662 3538
f 3538 492 3009
f 3009 3537 3538
f 3537 491 3542
f 3542 663 3545
f 3545 662 3537
f 3537 3542 3545
f 3545 663 3543
f 3543 618 3539
f 3539 662 3545
f 3545 3543 3539
f 3543 663 3544
f 3544 619 3409
f 3409 618 3543
f 3543 3544 3409
f 2931 411 3526
f 3526 659 3528
f 3528 464 2931
f 2931 3526 3528
f 3526 411 3098
f 3098 522 3529
f 3529 659 3526
f 3526 3098 3529
f 3550 665 3548
f 3548 190 3546
f 3546 664 3550
f 3550 3548 3546
f 3548 665 3555
f 3555 666 3551
f 3551 190 3548
f 3548 3555 3551
f 3549 634 3554
f 3554 666 3555
f 3555 665 3549
f 3549 3554 3555
f 3554 634 3447
f 3447 633 3553
f 3553 666 3554
f 3554 3447 3553
f 3556 130 3560
f 3560 668 3565
f 3565 667 3556
f 3556 3560 3565
f 3560 130 3449
f 3449 635 3563
f 3563 668 3560
f 3560 3449 3563
f 3008 492 3485
f 3485 648 3484
f 3484 449 3008
f 3008 3485 3484
f 3485 492 3538
f 3538 662 3540
f 3540 648 3485
f 3485 3538 3540
f 3540 662 3536
f 3536 52 3483
f 3483 648 3540
f 3540 3536 3483
f 3536 662 3539
f 3539 618 3405
f 3405 52 3536
f 3536 3539 3405
f 3489 650 3568
f 3568 669 3566
f 3566 610 3489
f 3489 3568 3566
f 3568 650 3490
f 3490 649 3567
f 3567 669 3568
f 3568 3490 3567
f 3003 488 3571
f 3571 671 3572
f 3572 489 3003
f 3003 3571 3572
f 3571 488 3569
f 3569 670 3577
f 3577 671 3571
f 3571 3569 3577
f 3570 639 3575
f 3575 671 3577
f 3577 670 3570
f 3570 3575 3577
f 3575 639 3463
f 3463 638 3574
f 3574 671 3575
f 3575 3463 3574
f 3585 674 3584
f 3584 672 3582
f 3582 673 3585
f 3585 3584 3582
f 3584 674 3589
f 3589 675 3588
f 3588 672 3584
f 3584 3589 3588
f 3590 676 3591
f 3591 424 2818
f 2818 423 3590
f 3590 3591 2818
f 3591 676 3595
f 3595 677 3592
f 3592 424 3591
f 3591 3595 3592
f 3598 673 3601
f 3601 679 3602
f 3602 678 3598
f 3598 3601 3602
f 3601 673 3582
f 3582 672 3600
f 3600 679 3601
f 3601 3582 3600
f 3551 666 3552
f 3552 191 2265
f 2265 190 3551
f 3551 3552 2265
f 3552 666 3606
f 3606 680 3603
f 3603 191 3552
f 3552 3606 3603
f 3605 680 3604
f 3604 633 3477
f 3477 646 3605
f 3605 3604 3477
f 3604 680 3606
f 3606 666 3553
f 3553 633 3604
f 3604 3606 3553
f 3432 629 3453
f 3453 636 3452
f 3452 129 3432
f 3432 3453 3452
f 3453 629 3479
f 3479 647 3480
f 3480 636 3453
f 3453 3479 3480
f 3613 682 3614
f 3614 681 3608
f 3608 392 3613
f 3613 3614 3608
f 3614 682 3619
f 3619 683 3618
f 3618 681 3614
f 3614 3619 3618
f 3622 684 3623
f 3623 661 3535
f 3535 660 3622
f 3622 3623 3535
f 3623 684 3628
f 3628 685 3627
f 3627 661 3623
f 3623 3628 3627
f 3625 21 3629
f 3629 686 3633
f 3633 685 3625
f 3625 3629 3633
f 3629 21 2079
f 2079 91 3630
f 3630 686 3629
f 3629 2079 3630
f 3439 631 3438
f 3438 91 2892
f 2892 453 3439
f 3439 3438 2892
f 3438 631 3632
f 3632 686 3630
f 3630 91 3438
f 3438 3632 3630
f 3442 632 3443
f 3443 453 2894
f 2894 452 3442
f 3442 3443 2894
f 3443 632 3446
f 3446 631 3439
f 3439 453 3443
f 3443 3446 3439
f 2683 374 2682
f 2682 7 1936
f 1936 9 2683
f 2683 2682 1936
f 2682 374 3343
f 3343 596 3340
f 3340 7 2682
f 2682 3343 3340
f 2679 370 3634
f 3634 687 3635
f 3635 373 2679
f 2679 3634 3635
f 3634 370 3611
f 3611 682 3639
f 3639 687 3634
f 3634 3611 3639
f 3620 684 3621
f 3621 369 2668
f 2668 22 3620
f 3620 3621 2668
f 3621 684 3624
f 3624 683 3615
f 3615 369 3621
f 3621 3624 3615
f 3444 632 3445
f 3445 522 3100
f 3100 521 3444
f 3444 3445 3100
f 3445 632 3530
f 3530 659 3529
f 3529 522 3445
f 3445 3530 3529
f 3531 659 3527
f 3527 452 3523
f 3523 658 3531
f 3531 3527 3523
f 3527 659 3530
f 3530 632 3442
f 3442 452 3527
f 3527 3530 3442
f 3497 186 3251
f 3251 561 3500
f 3500 653 3497
f 3497 3251 3500
f 3251 186 3142
f 3142 533 3252
f 3252 561 3251
f 3251 3142 3252
f 3249 98 3496
f 3496 653 3500
f 3500 561 3249
f 3249 3496 3500
f 3496 98 3502
f 3502 654 3505
f 3505 653 3496
f 3496 3502 3505
f 3520 655 3508
f 3508 357 3519
f 3519 657 3520
f 3520 3508 3519
f 3508 655 3506
f 3506 97 2624
f 2624 357 3508
f 3508 3506 2624
f 2625 133 3515
f 3515 657 3519
f 3519 357 2625
f 2625 3515 3519
f 3515 133 2176
f 2176 136 3516
f 3516 657 3515
f 3515 2176 3516
f 3516 136 2283
f 2283 202 3518
f 3518 657 3516
f 3516 2283 3518
f 2283 136 2985
f 2985 481 2986
f 2986 202 2283
f 2283 2985 2986
f 2986 481 2987
f 2987 203 2285
f 2285 202 2986
f 2986 2987 2285
f 2987 481 2988
f 2988 480 2979
f 2979 203 2987
f 2987 2988 2979
f 2923 462 2982
f 2982 480 2980
f 2980 348 2923
f 2923 2982 2980
f 2982 462 2920
f 2920 203 2979
f 2979 480 2982
f 2982 2920 2979
f 2849 321 2596
f 2596 347 2851
f 2851 437 2849
f 2849 2596 2851
f 2596 321 2926
f 2926 463 2927
f 2927 347 2596
f 2596 2926 2927
f 3200 535 3149
f 3149 436 3198
f 3198 549 3200
f 3200 3149 3198
f 3149 535 3148
f 3148 322 2848
f 2848 436 3149
f 3149 3148 2848
f 3151 535 3200
f 3643 689 3644
f 3644 688 3641
f 3641 664 3643
f 3643 3644 3641
f 3644 689 3648
f 3648 690 3647
f 3647 688 3644
f 3644 3648 3647
f 3649 691 3650
f 3650 438 2853
f 2853 346 3649
f 3649 3650 2853
f 3650 691 3651
f 3651 442 2862
f 2862 438 3650
f 3650 3651 2862
f 3203 550 3202
f 3202 441 3189
f 3189 547 3203
f 3203 3202 3189
f 3202 550 3201
f 3201 439 2860
f 2860 441 3202
f 3202 3201 2860
f 3205 547 3192
f 3206 550 3203
f 3203 547 3205
f 3205 3206 3203
f 3655 115 3654
f 3654 692 3657
f 3657 693 3655
f 3655 3654 3657
f 3654 115 2140
f 2140 114 3653
f 3653 692 3654
f 3654 2140 3653
f 3668 695 3663
f 3663 44 3658
f 3658 694 3668
f 3668 3663 3658
f 3663 695 3664
f 3664 45 1986
f 1986 44 3663
f 3663 3664 1986
f 3660 694 3659
f 3659 206 2895
f 2895 454 3660
f 3660 3659 2895
f 3659 694 3658
f 3658 44 2291
f 2291 206 3659
f 3659 3658 2291
f 2924 463 2925
f 2925 320 2542
f 2542 210 2924
f 2924 2925 2542
f 2925 463 2926
f 2926 321 2545
f 2545 320 2925
f 2925 2926 2545
f 2895 206 2896
f 2896 455 2898
f 2898 454 2895
f 2895 2896 2898
f 2896 206 2731
f 2731 388 2897
f 2897 455 2896
f 2896 2731 2897
f 2897 388 3669
f 3669 696 3672
f 3672 455 2897
f 2897 3669 3672
f 3669 388 2735
f 2735 390 3670
f 3670 696 3669
f 3669 2735 3670
f 3675 428 3130
f 3130 530 3678
f 3678 697 3675
f 3675 3130 3678
f 3130 428 2826
f 2826 427 3129
f 3129 530 3130
f 3130 2826 3129
f 3214 552 3212
f 3212 430 2838
f 2838 433 3214
f 3214 3212 2838
f 3212 552 3213
f 3213 431 2833
f 2833 430 3212
f 3212 3213 2833
f 2828 207 2830
f 2830 430 2831
f 2831 429 2828
f 2828 2830 2831
f 2830 207 2839
f 2839 434 2842
f 2842 430 2830
f 2830 2839 2842
f 2300 210 2840
f 2840 434 2839
f 2839 207 2300
f 2300 2840 2839
f 2840 210 2542
f 2542 320 2841
f 2841 434 2840
f 2840 2542 2841
f 2853 438 2854
f 2854 347 2597
f 2597 346 2853
f 2853 2854 2597
f 2854 438 2856
f 2856 437 2851
f 2851 347 2854
f 2854 2856 2851
f 3652 529 3127
f 3127 442 3651
f 3651 691 3652
f 3652 3127 3651
f 3127 529 3128
f 3128 443 2869
f 2869 442 3127
f 3127 3128 2869
f 2918 461 2916
f 2916 445 2908
f 2908 458 2918
f 2918 2916 2908
f 2916 461 2917
f 2917 446 2877
f 2877 445 2916
f 2916 2917 2877
f 3665 458 2907
f 2907 45 3664
f 3664 695 3665
f 3665 2907 3664
f 2907 458 2908
f 2908 445 2871
f 2871 45 2907
f 2907 2908 2871
f 3679 696 3671
f 3671 428 3675
f 3675 697 3679
f 3679 3671 3675
f 3671 696 3670
f 3670 390 2824
f 2824 428 3671
f 3671 3670 2824
f 2868 443 2866
f 2866 426 2859
f 2859 440 2868
f 2868 2866 2859
f 2866 443 2867
f 2867 427 2822
f 2822 426 2866
f 2866 2867 2822
f 3215 447 2878
f 2878 431 3213
f 3213 552 3215
f 3215 2878 3213
f 2878 447 2880
f 2880 446 2874
f 2874 431 2878
f 2878 2880 2874
f 2848 322 2850
f 2850 437 2852
f 2852 436 2848
f 2848 2850 2852
f 2850 322 2547
f 2547 321 2849
f 2849 437 2850
f 2850 2547 2849
f 2860 439 2863
f 2863 442 2865
f 2865 441 2860
f 2860 2863 2865
f 2863 439 2858
f 2858 438 2862
f 2862 442 2863
f 2863 2858 2862
f 2836 432 2834
f 2834 195 2827
f 2827 429 2836
f 2836 2834 2827
f 2834 432 2835
f 2835 196 2272
f 2272 195 2834
f 2834 2835 2272
f 2638 204 2294
f 2294 208 2639
f 2639 360 2638
f 2638 2294 2639
f 2294 204 2297
f 2297 209 2299
f 2299 208 2294
f 2294 2297 2299
f 2978 349 2981
f 2981 480 2983
f 2983 479 2978
f 2978 2981 2983
f 2981 349 2601
f 2601 348 2980
f 2980 480 2981
f 2981 2601 2980
f 2881 409 2899
f 2899 456 2900
f 2900 448 2881
f 2881 2899 2900
f 2899 409 2904
f 2904 457 2906
f 2906 456 2899
f 2899 2904 2906
f 3137 531 3135
f 3135 459 3089
f 3089 519 3137
f 3137 3135 3089
f 3135 531 3136
f 3136 460 2913
f 2913 459 3135
f 3135 3136 2913
f 2288 203 2296
f 2296 209 2297
f 2297 204 2288
f 2288 2296 2297
f 2296 203 2920
f 2920 462 2921
f 2921 209 2296
f 2296 2920 2921
f 3668 694 3661
f 3661 477 3667
f 3667 695 3668
f 3668 3661 3667
f 3661 694 3662
f 3662 478 2977
f 2977 477 3661
f 3661 3662 2977
f 3679 697 3676
f 3676 517 3674
f 3674 696 3679
f 3679 3676 3674
f 3676 697 3677
f 3677 518 3087
f 3087 517 3676
f 3676 3677 3087
f 2635 360 2636
f 2636 195 2270
f 2270 194 2635
f 2635 2636 2270
f 2636 360 2639
f 2639 208 2293
f 2293 195 2636
f 2636 2639 2293
f 3660 454 2974
f 2974 478 3662
f 3662 694 3660
f 3660 2974 3662
f 2974 454 2905
f 2905 457 2975
f 2975 478 2974
f 2974 2905 2975
f 3665 695 3666
f 3666 459 2909
f 2909 458 3665
f 3665 3666 2909
f 3666 695 3667
f 3667 477 2971
f 2971 459 3666
f 3666 3667 2971
f 3672 696 3673
f 3673 456 2902
f 2902 455 3672
f 3672 3673 2902
f 3673 696 3674
f 3674 517 3083
f 3083 456 3673
f 3673 3674 3083
f 3134 197 2911
f 2911 460 3136
f 3136 531 3134
f 3134 2911 3136
f 2911 197 2275
f 2275 196 2910
f 2910 460 2911
f 2911 2275 2910
f 2927 463 2928
f 2928 348 2599
f 2599 347 2927
f 2927 2928 2599
f 2928 463 2929
f 2929 462 2923
f 2923 348 2928
f 2928 2929 2923
f 3682 698 3680
f 3680 274 2766
f 2766 403 3682
f 3682 3680 2766
f 3680 698 3681
f 3681 275 2431
f 2431 274 3680
f 3680 3681 2431
f 3689 353 3687
f 3687 699 3692
f 3692 700 3689
f 3689 3687 3692
f 3687 353 2609
f 2609 352 3686
f 3686 699 3687
f 3687 2609 3686
f 2524 310 3694
f 3694 701 3693
f 3693 185 2524
f 2524 3694 3693
f 3694 310 3696
f 3696 702 3701
f 3701 701 3694
f 3694 3696 3701
f 3058 293 2602
f 2602 351 3059
f 3059 508 3058
f 3058 2602 3059
f 2602 293 2605
f 2605 352 2607
f 2607 351 2602
f 2602 2605 2607
f 3703 703 3704
f 3704 505 3048
f 3048 504 3703
f 3703 3704 3048
f 3704 703 3710
f 3710 704 3709
f 3709 505 3704
f 3704 3710 3709
f 2756 399 2757
f 2757 274 2429
f 2429 273 2756
f 2756 2757 2429
f 2757 399 2759
f 2759 398 2753
f 2753 274 2757
f 2757 2759 2753
f 3712 705 3713
f 3713 501 3040
f 3040 500 3712
f 3712 3713 3040
f 3713 705 3717
f 3717 706 3716
f 3716 501 3713
f 3713 3717 3716
f 3721 707 3722
f 3722 501 3039
f 3039 498 3721
f 3721 3722 3039
f 3722 707 3723
f 3723 502 3043
f 3043 501 3722
f 3722 3723 3043
f 3063 509 3064
f 3064 505 3047
f 3047 394 3063
f 3063 3064 3047
f 3064 509 3065
f 3065 506 3051
f 3051 505 3064
f 3064 3065 3051
f 3052 507 3053
f 3053 351 2603
f 2603 350 3052
f 3052 3053 2603
f 3053 507 3055
f 3055 506 3049
f 3049 351 3053
f 3053 3055 3049
f 3735 710 3734
f 3734 708 3730
f 3730 709 3735
f 3735 3734 3730
f 3734 710 3741
f 3741 711 3740
f 3740 708 3734
f 3734 3741 3740
f 3742 712 3743
f 3743 701 3695
f 3695 337 3742
f 3742 3743 3695
f 3743 712 3747
f 3747 713 3746
f 3746 701 3743
f 3743 3747 3746
f 3054 507 3751
f 3751 714 3750
f 3750 504 3054
f 3054 3751 3750
f 3751 507 3755
f 3755 715 3756
f 3756 714 3751
f 3751 3755 3756
f 3689 700 3760
f 3760 716 3758
f 3758 353 3689
f 3689 3760 3758
f 3760 700 3764
f 3764 717 3765
f 3765 716 3760
f 3760 3764 3765
f 3776 719 3773
f 3773 511 3770
f 3770 718 3776
f 3776 3773 3770
f 3773 719 3774
f 3774 512 3071
f 3071 511 3773
f 3773 3774 3071
f 3785 721 3786
f 3786 720 3779
f 3779 475 3785
f 3785 3786 3779
f 3786 721 3781
f 3781 277 3778
f 3778 720 3786
f 3786 3781 3778
f 3703 504 3788
f 3788 722 3789
f 3789 703 3703
f 3703 3788 3789
f 3788 504 3750
f 3750 714 3790
f 3790 722 3788
f 3788 3750 3790
f 2756 273 3791
f 3791 723 3794
f 3794 399 2756
f 2756 3791 3794
f 3791 273 2435
f 2435 278 3792
f 3792 723 3791
f 3791 2435 3792
f 3805 725 3800
f 3800 184 3798
f 3798 724 3805
f 3805 3800 3798
f 3800 725 3803
f 3803 311 2525
f 2525 184 3800
f 3800 3803 2525
f 2608 353 3808
f 3808 726 3807
f 3807 350 2608
f 2608 3808 3807
f 3808 353 3758
f 3758 716 3811
f 3811 726 3808
f 3808 3758 3811
f 3052 350 3754
f 3754 715 3755
f 3755 507 3052
f 3052 3754 3755
f 3754 350 3807
f 3807 726 3810
f 3810 715 3754
f 3754 3807 3810
f 3819 729 3818
f 3818 727 3815
f 3815 728 3819
f 3819 3818 3815
f 3818 729 3824
f 3824 730 3823
f 3823 727 3818
f 3818 3824 3823
f 3828 731 3829
f 3829 730 3824
f 3824 729 3828
f 3828 3829 3824
f 3829 731 3825
f 3825 14 3820
f 3820 730 3829
f 3829 3825 3820
f 3833 732 3831
f 3831 14 3825
f 3825 731 3833
f 3833 3831 3825
f 3831 732 3830
f 3830 11 1942
f 1942 14 3831
f 3831 3830 1942
f 3836 733 3834
f 3834 11 3830
f 3830 732 3836
f 3836 3834 3830
f 3834 733 3835
f 3835 42 1980
f 1980 11 3834
f 3834 3835 1980
f 2029 68 3838
f 3838 734 3837
f 3837 65 2029
f 2029 3838 3837
f 3838 68 3840
f 3840 735 3841
f 3841 734 3838
f 3838 3840 3841
f 2004 58 3843
f 3843 736 3842
f 3842 55 2004
f 2004 3843 3842
f 3843 58 3845
f 3845 737 3848
f 3848 736 3843
f 3843 3845 3848
f 3849 121 3844
f 3844 736 3851
f 3851 738 3849
f 3849 3844 3851
f 3844 121 2155
f 2155 55 3842
f 3842 736 3844
f 3844 2155 3842
f 3852 466 3850
f 3850 738 3853
f 3853 739 3852
f 3852 3850 3853
f 3850 466 2934
f 2934 121 3849
f 3849 738 3850
f 3850 2934 3849
f 3861 741 3860
f 3860 739 3856
f 3856 740 3861
f 3861 3860 3856
f 3860 741 3858
f 3858 466 3852
f 3852 739 3860
f 3860 3858 3852
f 3242 415 3246
f 3246 560 3248
f 3248 559 3242
f 3242 3246 3248
f 3246 415 3857
f 3857 741 3859
f 3859 560 3246
f 3246 3857 3859
f 3865 742 3863
f 3863 300 3259
f 3259 563 3865
f 3865 3863 3259
f 3863 742 3864
f 3864 301 2502
f 2502 300 3863
f 3863 3864 2502
f 3868 27 3862
f 3862 742 3873
f 3873 743 3868
f 3868 3862 3873
f 3862 27 2498
f 2498 301 3864
f 3864 742 3862
f 3862 2498 3864
f 3874 28 3869
f 3869 743 3877
f 3877 744 3874
f 3874 3869 3877
f 3869 28 1961
f 1961 27 3868
f 3868 743 3869
f 3869 1961 3868
f 2810 417 2804
f 2804 291 2809
f 2809 419 2810
f 2810 2804 2809
f 2804 417 2803
f 2803 104 2475
f 2475 291 2804
f 2804 2803 2475
f 2805 343 2590
f 2590 104 2803
f 2803 417 2805
f 2805 2590 2803
f 2590 343 2589
f 2589 101 2107
f 2107 104 2590
f 2590 2589 2107
f 2591 342 2587
f 2587 101 2589
f 2589 343 2591
f 2591 2587 2589
f 2587 342 2588
f 2588 108 2120
f 2120 101 2587
f 2587 2588 2120
f 3879 745 3878
f 3878 108 2588
f 2588 342 3879
f 3879 3878 2588
f 3878 745 3882
f 3882 746 3880
f 3880 108 3878
f 3878 3882 3880
f 3884 747 3883
f 3883 114 2145
f 2145 117 3884
f 3884 3883 2145
f 3883 747 3885
f 3885 692 3653
f 3653 114 3883
f 3883 3885 3653
f 3881 416 2799
f 2799 108 3880
f 3880 746 3881
f 3881 2799 3880
f 2799 416 2800
f 2800 109 2124
f 2124 108 2799
f 2799 2800 2124
f 2557 325 2555
f 2555 24 2213
f 2213 159 2557
f 2557 2555 2213
f 2555 325 2556
f 2556 25 1957
f 1957 24 2555
f 2555 2556 1957
f 3347 598 3348
f 3348 24 1954
f 1954 23 3347
f 3347 3348 1954
f 3348 598 3349
f 3349 160 2214
f 2214 24 3348
f 3348 3349 2214
f 3887 748 3888
f 3888 383 2719
f 2719 382 3887
f 3887 3888 2719
f 3888 748 3894
f 3894 749 3892
f 3892 383 3888
f 3888 3894 3892
f 1925 1 2692
f 2692 376 2693
f 2693 2 1925
f 1925 2692 2693
f 2692 1 2697
f 2697 377 2701
f 2701 376 2692
f 2692 2697 2701
f 2147 118 2700
f 2700 377 2697
f 2697 1 2147
f 2147 2700 2697
f 2700 118 2704
f 2704 378 2705
f 2705 377 2700
f 2700 2704 2705
f 2967 476 2968
f 2968 378 2704
f 2704 118 2967
f 2967 2968 2704
f 2968 476 2969
f 2969 379 2708
f 2708 378 2968
f 2968 2969 2708
f 2553 2 1955
f 1955 25 2556
f 2556 325 2553
f 2553 1955 2556
f 1955 2 2693
f 2693 376 2695
f 2695 25 1955
f 1955 2693 2695
f 3900 751 3897
f 3897 316 3896
f 3896 750 3900
f 3900 3897 3896
f 3897 751 3899
f 3899 749 3890
f 3890 316 3897
f 3897 3899 3890
f 3906 753 3904
f 3904 599 3903
f 3903 752 3906
f 3906 3904 3903
f 3904 753 3905
f 3905 606 3375
f 3375 599 3904
f 3904 3905 3375
f 3912 608 3909
f 3909 754 3914
f 3914 755 3912
f 3912 3909 3914
f 3909 608 3383
f 3383 607 3908
f 3908 754 3909
f 3909 3383 3908
f 3756 715 3752
f 3752 36 3748
f 3748 714 3756
f 3756 3752 3748
f 3752 715 3753
f 3753 37 1973
f 1973 36 3752
f 3752 3753 1973
f 3765 717 3761
f 3761 211 3757
f 3757 716 3765
f 3765 3761 3757
f 3761 717 3762
f 3762 212 2305
f 2305 211 3761
f 3761 3762 2305
f 2407 264 3767
f 3767 718 3766
f 3766 261 2407
f 2407 3767 3766
f 3767 264 3772
f 3772 719 3776
f 3776 718 3767
f 3767 3772 3776
f 3790 714 3749
f 3749 289 3787
f 3787 722 3790
f 3790 3749 3787
f 3749 714 3748
f 3748 36 2470
f 2470 289 3749
f 3749 3748 2470
f 3792 278 2508
f 2508 305 3793
f 3793 723 3792
f 3792 2508 3793
f 2508 278 2511
f 2511 306 2514
f 2514 305 2508
f 2508 2511 2514
f 3811 716 3759
f 3759 355 3809
f 3809 726 3811
f 3811 3759 3809
f 3759 716 3757
f 3757 211 2616
f 2616 355 3759
f 3759 3757 2616
f 3810 726 3806
f 3806 37 3753
f 3753 715 3810
f 3810 3806 3753
f 3806 726 3809
f 3809 355 2614
f 2614 37 3806
f 3806 3809 2614
f 3236 558 3237
f 3237 289 2471
f 2471 288 3236
f 3236 3237 2471
f 3237 558 3918
f 3918 756 3916
f 3916 289 3237
f 3237 3918 3916
f 2439 280 2966
f 2966 475 2965
f 2965 75 2439
f 2439 2966 2965
f 2966 280 3783
f 3783 721 3785
f 3785 475 2966
f 2966 3783 3785
f 3804 725 3799
f 3799 167 2550
f 2550 324 3804
f 3804 3799 2550
f 3799 725 3805
f 3805 724 3796
f 3796 167 3799
f 3799 3805 3796
f 3923 757 3924
f 3924 315 2536
f 2536 314 3923
f 3923 3924 2536
f 3924 757 3925
f 3925 553 3220
f 3220 315 3924
f 3924 3925 3220
f 3931 150 3927
f 3927 758 3935
f 3935 759 3931
f 3931 3927 3935
f 3927 150 2197
f 2197 149 3926
f 3926 758 3927
f 3927 2197 3926
f 3945 603 3937
f 3937 760 3947
f 3947 761 3945
f 3945 3937 3947
f 3937 603 3368
f 3368 602 3936
f 3936 760 3937
f 3937 3368 3936
f 3949 332 3944
f 3944 761 3953
f 3953 762 3949
f 3949 3944 3953
f 3944 332 3366
f 3366 603 3945
f 3945 761 3944
f 3944 3366 3945
f 3955 763 3956
f 3956 612 3392
f 3392 611 3955
f 3955 3956 3392
f 3956 763 3954
f 3954 333 3390
f 3390 612 3956
f 3956 3954 3390
f 3966 765 3975
f 3975 767 3974
f 3974 764 3966
f 3966 3975 3974
f 3975 765 3970
f 3970 766 3976
f 3976 767 3975
f 3975 3970 3976
f 3466 620 3462
f 3462 638 3467
f 3467 641 3466
f 3466 3462 3467
f 3462 620 3411
f 3411 619 3461
f 3461 638 3462
f 3462 3411 3461
f 3461 619 3573
f 3573 671 3574
f 3574 638 3461
f 3461 3573 3574
f 3573 619 3544
f 3544 663 3576
f 3576 671 3573
f 3573 3544 3576
f 3576 663 3541
f 3541 489 3572
f 3572 671 3576
f 3576 3541 3572
f 3541 663 3542
f 3542 491 3006
f 3006 489 3541
f 3541 3542 3006
f 3006 491 3007
f 3007 490 3005
f 3005 489 3006
f 3006 3007 3005
f 3007 491 3014
f 3014 494 3013
f 3013 490 3007
f 3007 3014 3013
f 3013 494 3978
f 3978 768 3977
f 3977 490 3013
f 3013 3978 3977
f 3978 494 3086
f 3086 518 3979
f 3979 768 3978
f 3978 3086 3979
f 3981 697 3984
f 3984 770 3985
f 3985 769 3981
f 3981 3984 3985
f 3984 697 3678
f 3678 530 3983
f 3983 770 3984
f 3984 3678 3983
f 3986 771 3987
f 3987 530 3131
f 3131 529 3986
f 3986 3987 3131
f 3987 771 3989
f 3989 770 3983
f 3983 530 3987
f 3987 3989 3983
f 3652 691 3988
f 3988 771 3986
f 3986 529 3652
f 3652 3988 3986
f 3988 691 3991
f 3991 772 3992
f 3992 771 3988
f 3988 3991 3992
f 3649 346 3990
f 3990 772 3991
f 3991 691 3649
f 3649 3990 3991
f 3990 346 3993
f 3993 773 3995
f 3995 772 3990
f 3990 3993 3995
f 2978 479 3997
f 3997 774 3996
f 3996 349 2978
f 2978 3997 3996
f 3997 479 3645
f 3645 690 3998
f 3998 774 3997
f 3997 3645 3998
f 2990 482 3646
f 3646 690 3645
f 3645 479 2990
f 2990 3646 3645
f 3646 482 3640
f 3640 688 3647
f 3647 690 3646
f 3646 3640 3647
f 3640 482 4001
f 4001 775 4004
f 4004 688 3640
f 3640 4001 4004
f 4001 482 2989
f 2989 135 4000
f 4000 775 4001
f 4001 2989 4000
f 4000 135 4006
f 4006 776 4010
f 4010 775 4000
f 4000 4006 4010
f 4006 135 2175
f 2175 134 4005
f 4005 776 4006
f 4006 2175 4005
f 3564 668 3561
f 3561 134 3512
f 3512 656 3564
f 3564 3561 3512
f 3561 668 4009
f 4009 776 4005
f 4005 134 3561
f 3561 4009 4005
f 3564 656 3559
f 3559 667 3565
f 3565 668 3564
f 3564 3559 3565
f 3559 656 3513
f 3513 172 3558
f 3558 667 3559
f 3559 3513 3558
f 3558 172 4013
f 4013 777 4015
f 4015 667 3558
f 3558 4013 4015
f 4013 172 2229
f 2229 171 4012
f 4012 777 4013
f 4013 2229 4012
f 4012 171 4016
f 4016 778 4019
f 4019 777 4012
f 4012 4016 4019
f 4016 171 2234
f 2234 174 4017
f 4017 778 4016
f 4016 2234 4017
f 4021 779 4022
f 4022 179 2245
f 2245 178 4021
f 4021 4022 2245
f 4022 779 4027
f 4027 780 4025
f 4025 179 4022
f 4022 4027 4025
f 2183 139 4028
f 4028 781 4029
f 4029 140 2183
f 2183 4028 4029
f 4028 139 2402
f 2402 263 4030
f 4030 781 4028
f 4028 2402 4030
f 2406 264 2405
f 2405 139 2303
f 2303 212 2406
f 2406 2405 2303
f 2405 264 2408
f 2408 263 2402
f 2402 139 2405
f 2405 2408 2402
f 3775 719 3771
f 3771 212 3762
f 3762 717 3775
f 3775 3771 3762
f 3771 719 3772
f 3772 264 2406
f 2406 212 3771
f 3771 3772 2406
f 3690 512 3763
f 3763 717 3764
f 3764 700 3690
f 3690 3763 3764
f 3763 512 3774
f 3774 719 3775
f 3775 717 3763
f 3763 3774 3775
f 3688 513 3691
f 3691 700 3692
f 3692 699 3688
f 3688 3691 3692
f 3691 513 3073
f 3073 512 3690
f 3690 700 3691
f 3691 3073 3690
f 3731 710 3733
f 3733 699 3685
f 3685 292 3731
f 3731 3733 3685
f 3733 710 3732
f 3732 513 3688
f 3688 699 3733
f 3733 3732 3688
f 2396 260 2397
f 2397 214 2306
f 2306 213 2396
f 2396 2397 2306
f 2397 260 3738
f 3738 711 3736
f 3736 214 2397
f 2397 3738 3736
f 2392 257 2391
f 2391 213 2317
f 2317 218 2392
f 2392 2391 2317
f 2391 257 2398
f 2398 260 2396
f 2396 213 2391
f 2391 2398 2396
f 4035 783 4041
f 4041 785 4040
f 4040 782 4035
f 4035 4041 4040
f 4041 783 4038
f 4038 784 4042
f 4042 785 4041
f 4041 4038 4042
f 3273 570 4045
f 4045 787 4044
f 4044 567 3273
f 3273 4045 4044
f 4045 570 4043
f 4043 786 4046
f 4046 787 4045
f 4045 4043 4046
f 4055 789 4051
f 4051 234 4047
f 4047 788 4055
f 4055 4051 4047
f 4051 789 4052
f 4052 235 2355
f 2355 234 4051
f 4051 4052 2355
f 4063 791 4060
f 4060 240 4057
f 4057 790 4063
f 4063 4060 4057
f 4060 791 4061
f 4061 241 2366
f 2366 240 4060
f 4060 4061 2366
f 4068 788 4048
f 4048 242 4064
f 4064 792 4068
f 4068 4048 4064
f 4048 788 4047
f 4047 234 2368
f 2368 242 4048
f 4048 4047 2368
f 4073 794 4071
f 4071 244 4069
f 4069 793 4073
f 4073 4071 4069
f 4071 794 4072
f 4072 245 2373
f 2373 244 4071
f 4071 4072 2373
f 4077 796 4075
f 4075 247 4074
f 4074 795 4077
f 4077 4075 4074
f 4075 796 4076
f 4076 248 2376
f 2376 247 4075
f 4075 4076 2376
f 4062 784 4036
f 4036 241 4061
f 4061 791 4062
f 4062 4036 4061
f 4036 784 4037
f 4037 256 2390
f 2390 241 4036
f 4036 4037 2390
f 4081 792 4065
f 4065 287 4078
f 4078 797 4081
f 4081 4065 4078
f 4065 792 4064
f 4064 242 2466
f 2466 287 4065
f 4065 4064 2466
f 4085 798 4082
f 4082 248 4076
f 4076 796 4085
f 4085 4082 4076
f 4082 798 4083
f 4083 307 2516
f 2516 248 4082
f 4082 4083 2516
f 4059 790 4056
f 4056 235 4052
f 4052 789 4059
f 4059 4056 4052
f 4056 790 4057
f 4057 240 2363
f 2363 235 4056
f 4056 4057 2363
f 4092 800 4089
f 4089 495 4087
f 4087 799 4092
f 4092 4089 4087
f 4089 800 4090
f 4090 496 3026
f 3026 495 4089
f 4089 4090 3026
f 4100 802 4097
f 4097 258 4095
f 4095 801 4100
f 4100 4097 4095
f 4097 802 4105
f 4105 803 4101
f 4101 258 4097
f 4097 4105 4101
f 3979 518 3980
f 3980 769 3982
f 3982 768 3979
f 3979 3980 3982
f 3980 518 3677
f 3677 697 3981
f 3981 769 3980
f 3980 3677 3981
f 3999 773 3994
f 3994 349 3996
f 3996 774 3999
f 3999 3994 3996
f 3994 773 3993
f 3993 346 2600
f 2600 349 3994
f 3994 3993 2600
f 4110 805 4108
f 4108 166 4106
f 4106 804 4110
f 4110 4108 4106
f 4108 805 4109
f 4109 323 2548
f 2548 166 4108
f 4108 4109 2548
f 4113 806 4111
f 4111 323 4109
f 4109 805 4113
f 4113 4111 4109
f 4111 806 4112
f 4112 622 3415
f 3415 323 4111
f 4111 4112 3415
f 4118 809 4117
f 4117 807 4114
f 4114 808 4118
f 4118 4117 4114
f 4117 809 4123
f 4123 810 4122
f 4122 807 4117
f 4117 4123 4122
f 4128 813 4127
f 4127 811 4124
f 4124 812 4128
f 4128 4127 4124
f 4127 813 4132
f 4132 814 4131
f 4131 811 4127
f 4127 4132 4131
f 4139 816 4136
f 4136 628 4133
f 4133 815 4139
f 4139 4136 4133
f 4136 816 4137
f 4137 629 3434
f 3434 628 4136
f 4136 4137 3434
f 4140 647 4138
f 4138 816 4141
f 4141 817 4140
f 4140 4138 4141
f 4138 647 3479
f 3479 629 4137
f 4137 816 4138
f 4138 3479 4137
f 4144 818 4143
f 4143 647 4140
f 4140 817 4144
f 4144 4143 4140
f 4143 818 4142
f 4142 646 3481
f 3481 647 4143
f 4143 4142 3481
f 4147 819 4148
f 4148 677 3595
f 3595 676 4147
f 4147 4148 3595
f 4148 819 4145
f 4145 643 3594
f 3594 677 4148
f 4148 4145 3594
f 4145 819 4146
f 4146 644 3472
f 3472 643 4145
f 4145 4146 3472
f 4146 819 4151
f 4151 820 4149
f 4149 644 4146
f 4146 4151 4149
f 4156 125 4152
f 4152 821 4159
f 4159 822 4156
f 4156 4152 4159
f 4152 125 3401
f 3401 616 4153
f 4153 821 4152
f 4152 3401 4153
f 4162 146 4161
f 4161 823 4163
f 4163 824 4162
f 4162 4161 4163
f 4161 146 2192
f 2192 145 4160
f 4160 823 4161
f 4161 2192 4160
f 4167 825 4168
f 4168 741 3861
f 3861 740 4167
f 4167 4168 3861
f 4168 825 4166
f 4166 560 3859
f 3859 741 4168
f 4168 4166 3859
f 4173 826 4172
f 4172 560 4166
f 4166 825 4173
f 4173 4172 4166
f 4172 826 4171
f 4171 468 3247
f 3247 560 4172
f 4172 4171 3247
f 4178 827 4177
f 4177 468 4171
f 4171 826 4178
f 4178 4177 4171
f 4177 827 4176
f 4176 158 2940
f 2940 468 4177
f 4177 4176 2940
f 4183 828 4181
f 4181 158 4176
f 4176 827 4183
f 4183 4181 4176
f 4181 828 4180
f 4180 155 2211
f 2211 158 4181
f 4181 4180 2211
f 4188 829 4184
f 4184 155 4180
f 4180 828 4188
f 4188 4184 4180
f 4184 829 4185
f 4185 176 2238
f 2238 155 4184
f 4184 4185 2238
f 4193 830 4189
f 4189 176 4185
f 4185 829 4193
f 4193 4189 4185
f 4189 830 4190
f 4190 177 2243
f 2243 176 4189
f 4189 4190 2243
f 4197 831 4194
f 4194 177 4190
f 4190 830 4197
f 4197 4194 4190
f 4194 831 4201
f 4201 832 4199
f 4199 177 4194
f 4194 4201 4199
f 4203 833 4204
f 4204 832 4201
f 4201 831 4203
f 4203 4204 4201
f 4204 833 4209
f 4209 834 4208
f 4208 832 4204
f 4204 4209 4208
f 4220 836 4217
f 4217 626 4212
f 4212 835 4220
f 4220 4217 4212
f 4217 836 4218
f 4218 627 3429
f 3429 626 4217
f 4217 4218 3429
f 4225 837 4221
f 4221 627 4218
f 4218 836 4225
f 4225 4221 4218
f 4221 837 4224
f 4224 814 4130
f 4130 627 4221
f 4221 4224 4130
f 4229 822 4158
f 4158 811 4227
f 4227 838 4229
f 4229 4158 4227
f 4158 822 4159
f 4159 821 4154
f 4154 811 4158
f 4158 4159 4154
f 4232 839 4233
f 4233 808 4114
f 4114 807 4232
f 4232 4233 4114
f 4233 839 4239
f 4239 840 4236
f 4236 808 4233
f 4233 4239 4236
f 4249 842 4247
f 4247 152 4240
f 4240 841 4249
f 4249 4247 4240
f 4247 842 4246
f 4246 151 2202
f 2202 152 4247
f 4247 4246 2202
f 3931 759 3932
f 3932 602 3362
f 3362 150 3931
f 3931 3932 3362
f 3932 759 3941
f 3941 760 3936
f 3936 602 3932
f 3932 3941 3936
f 3933 754 3940
f 3940 760 3941
f 3941 759 3933
f 3933 3940 3941
f 3940 754 3910
f 3910 753 3939
f 3939 760 3940
f 3940 3910 3939
f 3379 607 3378
f 3378 604 3376
f 3376 606 3379
f 3379 3378 3376
f 3378 607 3377
f 3377 164 3369
f 3369 604 3378
f 3378 3377 3369
f 3229 556 3230
f 3230 300 2497
f 2497 298 3229
f 3229 3230 2497
f 3230 556 3231
f 3231 472 2952
f 2952 300 3230
f 3230 3231 2952
f 3227 63 2951
f 2951 472 3231
f 3231 556 3227
f 3227 2951 3231
f 2951 63 2014
f 2014 62 2950
f 2950 472 2951
f 2951 2014 2950
f 2018 64 2017
f 2017 62 2014
f 2014 63 2018
f 2018 2017 2014
f 2017 64 2016
f 2016 59 2010
f 2010 62 2017
f 2017 2016 2010
f 2619 356 2618
f 2618 59 2016
f 2016 64 2619
f 2619 2618 2016
f 2618 356 2622
f 2622 153 2203
f 2203 59 2618
f 2618 2622 2203
f 2620 141 2205
f 2205 153 2622
f 2622 356 2620
f 2620 2205 2622
f 2205 141 2250
f 2250 181 2251
f 2251 153 2205
f 2205 2250 2251
f 2185 140 2249
f 2249 181 2250
f 2250 141 2185
f 2185 2249 2250
f 2249 140 2244
f 2244 178 2253
f 2253 181 2249
f 2249 2244 2253
f 2244 140 4020
f 4020 779 4021
f 4021 178 2244
f 2244 4020 4021
f 4020 140 4029
f 4029 781 4033
f 4033 779 4020
f 4020 4029 4033
f 2994 485 4032
f 4032 781 4031
f 4031 341 2994
f 2994 4032 4031
f 4032 485 4024
f 4024 779 4033
f 4033 781 4032
f 4032 4024 4033
f 2997 340 3417
f 3417 623 3418
f 3418 486 2997
f 2997 3417 3418
f 3417 340 3416
f 3416 622 3419
f 3419 623 3417
f 3417 3416 3419
f 3419 622 4119
f 4119 810 4120
f 4120 623 3419
f 3419 4119 4120
f 4119 622 4112
f 4112 806 4121
f 4121 810 4119
f 4119 4112 4121
f 4258 844 4255
f 4255 807 4252
f 4252 843 4258
f 4258 4255 4252
f 4255 844 4256
f 4256 839 4232
f 4232 807 4255
f 4255 4256 4232
f 2413 265 4241
f 4241 841 4242
f 4242 266 2413
f 2413 4241 4242
f 4241 265 4248
f 4248 842 4249
f 4249 841 4241
f 4241 4248 4249
f 3364 601 3359
f 3359 150 3362
f 3362 602 3364
f 3364 3359 3362
f 3359 601 3358
f 3358 147 2196
f 2196 150 3359
f 3359 3358 2196
f 2531 313 2533
f 2533 265 2409
f 2409 144 2531
f 2531 2533 2409
f 2533 313 2532
f 2532 148 2410
f 2410 265 2533
f 2533 2532 2410
f 3923 314 2535
f 2535 149 3921
f 3921 757 3923
f 3923 2535 3921
f 2535 314 3928
f 3928 758 3926
f 3926 149 2535
f 2535 3928 3926
f 2539 317 3929
f 3929 758 3928
f 3928 314 2539
f 2539 3929 3928
f 3929 317 3911
f 3911 755 3930
f 3930 758 3929
f 3929 3911 3930
f 3887 382 3382
f 3382 608 3889
f 3889 748 3887
f 3887 3382 3889
f 3382 382 2715
f 2715 165 3381
f 3381 608 3382
f 3382 2715 3381
f 2717 381 2712
f 2712 165 2715
f 2715 382 2717
f 2717 2712 2715
f 2712 381 2711
f 2711 162 2221
f 2221 165 2712
f 2712 2711 2221
f 4264 845 4263
f 4263 604 3373
f 3373 605 4264
f 4264 4263 3373
f 4263 845 4262
f 4262 597 3370
f 3370 604 4263
f 4263 4262 3370
f 4266 846 4271
f 4271 605 3371
f 3371 163 4266
f 4266 4271 3371
f 4271 846 4272
f 4272 845 4264
f 4264 605 4271
f 4271 4272 4264
f 2218 162 4265
f 4265 846 4266
f 4266 163 2218
f 2218 4265 4266
f 4265 162 2711
f 2711 381 4270
f 4270 846 4265
f 4265 2711 4270
f 4281 849 4280
f 4280 847 4276
f 4276 848 4281
f 4281 4280 4276
f 4280 849 4286
f 4286 850 4285
f 4285 847 4280
f 4280 4286 4285
f 4289 851 4288
f 4288 773 4274
f 4274 848 4289
f 4289 4288 4274
f 4288 851 4287
f 4287 772 3995
f 3995 773 4288
f 4288 4287 3995
f 4294 853 4299
f 4299 854 4298
f 4298 852 4294
f 4294 4299 4298
f 4299 853 4293
f 4293 851 4297
f 4297 854 4299
f 4299 4293 4297
f 4294 852 4302
f 4302 855 4303
f 4303 853 4294
f 4294 4302 4303
f 4302 852 4305
f 4305 856 4306
f 4306 855 4302
f 4302 4305 4306
f 4308 769 4300
f 4300 855 4309
f 4309 857 4308
f 4308 4300 4309
f 4300 769 3985
f 3985 770 4301
f 4301 855 4300
f 4300 3985 4301
f 4323 860 4322
f 4322 858 4317
f 4317 859 4323
f 4323 4322 4317
f 4322 860 4321
f 4321 857 4314
f 4314 858 4322
f 4322 4321 4314
f 4320 860 4319
f 4319 490 3977
f 3977 768 4320
f 4320 4319 3977
f 4319 860 4318
f 4318 487 3004
f 3004 490 4319
f 4319 4318 3004
f 4277 849 4278
f 4278 690 3648
f 3648 689 4277
f 4277 4278 3648
f 4278 849 4279
f 4279 774 3998
f 3998 690 4278
f 4278 4279 3998
f 3471 642 3593
f 3593 677 3594
f 3594 643 3471
f 3471 3593 3594
f 3593 642 4325
f 4325 861 4327
f 4327 677 3593
f 3593 4325 4327
f 4332 862 4331
f 4331 677 4327
f 4327 861 4332
f 4332 4331 4327
f 4331 862 4328
f 4328 424 3592
f 3592 677 4331
f 4331 4328 3592
f 4338 863 4334
f 4334 424 4328
f 4328 862 4338
f 4338 4334 4328
f 4334 863 4333
f 4333 421 2817
f 2817 424 4334
f 4334 4333 2817
f 4341 864 4339
f 4339 646 4142
f 4142 818 4341
f 4341 4339 4142
f 4339 864 4340
f 4340 680 3605
f 3605 646 4339
f 4339 4340 3605
f 4344 865 4343
f 4343 680 4340
f 4340 864 4344
f 4344 4343 4340
f 4343 865 4342
f 4342 191 3603
f 3603 680 4343
f 4343 4342 3603
f 4350 866 4345
f 4345 191 4342
f 4342 865 4350
f 4350 4345 4342
f 4345 866 4346
f 4346 192 2267
f 2267 191 4345
f 4345 4346 2267
f 4311 421 4315
f 4315 859 4317
f 4317 858 4311
f 4311 4315 4317
f 4315 421 4333
f 4333 863 4337
f 4337 859 4315
f 4315 4333 4337
f 4285 850 4282
f 4282 192 4273
f 4273 847 4285
f 4285 4282 4273
f 4282 850 4283
f 4283 193 2269
f 2269 192 4282
f 4282 4283 2269
f 4349 866 4348
f 4348 852 4298
f 4298 854 4349
f 4349 4348 4298
f 4348 866 4355
f 4355 867 4352
f 4352 852 4348
f 4348 4355 4352
f 4304 856 4353
f 4353 867 4351
f 4351 422 4304
f 4304 4353 4351
f 4353 856 4305
f 4305 852 4352
f 4352 867 4353
f 4353 4305 4352
f 4360 868 4356
f 4356 422 4351
f 4351 867 4360
f 4360 4356 4351
f 4356 868 4357
f 4357 423 2816
f 2816 422 4356
f 4356 4357 2816
f 4365 869 4361
f 4361 423 4357
f 4357 868 4365
f 4365 4361 4357
f 4361 869 4362
f 4362 676 3590
f 3590 423 4361
f 4361 4362 3590
f 4373 871 4369
f 4369 804 4366
f 4366 870 4373
f 4373 4369 4366
f 4369 871 4370
f 4370 805 4110
f 4110 804 4369
f 4369 4370 4110
f 4372 843 4250
f 4250 805 4370
f 4370 871 4372
f 4372 4250 4370
f 4250 843 4251
f 4251 806 4113
f 4113 805 4250
f 4250 4251 4113
f 3422 623 4115
f 4115 809 4116
f 4116 624 3422
f 3422 4115 4116
f 4115 623 4120
f 4120 810 4123
f 4123 809 4115
f 4115 4120 4123
f 4133 628 4126
f 4126 813 4135
f 4135 815 4133
f 4133 4126 4135
f 4126 628 3431
f 3431 625 4125
f 4125 813 4126
f 4126 3431 4125
f 4377 816 4376
f 4376 872 4378
f 4378 873 4377
f 4377 4376 4378
f 4376 816 4139
f 4139 815 4375
f 4375 872 4376
f 4376 4139 4375
f 4382 874 4379
f 4379 816 4377
f 4377 873 4382
f 4382 4379 4377
f 4379 874 4380
f 4380 817 4141
f 4141 816 4379
f 4379 4380 4141
f 4389 875 4384
f 4384 817 4380
f 4380 874 4389
f 4389 4384 4380
f 4384 875 4385
f 4385 818 4144
f 4144 817 4384
f 4384 4385 4144
f 4388 875 4383
f 4383 676 4362
f 4362 869 4388
f 4388 4383 4362
f 4383 875 4386
f 4386 819 4147
f 4147 676 4383
f 4383 4386 4147
f 4386 875 4387
f 4387 820 4151
f 4151 819 4386
f 4386 4387 4151
f 4387 875 4389
f 4389 874 4381
f 4381 820 4387
f 4387 4389 4381
f 4393 876 4394
f 4394 874 4382
f 4382 873 4393
f 4393 4394 4382
f 4394 876 4392
f 4392 820 4381
f 4381 874 4394
f 4394 4392 4381
f 4397 877 4398
f 4398 873 4378
f 4378 872 4397
f 4397 4398 4378
f 4398 877 4399
f 4399 876 4393
f 4393 873 4398
f 4398 4399 4393
f 4402 878 4404
f 4404 872 4374
f 4374 812 4402
f 4402 4404 4374
f 4404 878 4405
f 4405 877 4397
f 4397 872 4404
f 4404 4405 4397
f 4411 879 4409
f 4409 843 4372
f 4372 871 4411
f 4411 4409 4372
f 4409 879 4410
f 4410 844 4258
f 4258 843 4409
f 4409 4410 4258
f 4367 823 4371
f 4371 871 4373
f 4373 870 4367
f 4367 4371 4373
f 4371 823 4408
f 4408 879 4411
f 4411 871 4371
f 4371 4408 4411
f 4412 824 4368
f 4368 870 4413
f 4413 880 4412
f 4412 4368 4413
f 4368 824 4163
f 4163 823 4367
f 4367 870 4368
f 4368 4163 4367
f 4230 837 4222
f 4222 808 4226
f 4226 838 4230
f 4230 4222 4226
f 4222 837 4223
f 4223 809 4118
f 4118 808 4222
f 4222 4223 4118
f 4122 810 4253
f 4253 843 4252
f 4252 807 4122
f 4122 4253 4252
f 4253 810 4121
f 4121 806 4251
f 4251 843 4253
f 4253 4121 4251
f 4388 869 4363
f 4363 818 4385
f 4385 875 4388
f 4388 4363 4385
f 4363 869 4364
f 4364 864 4341
f 4341 818 4363
f 4363 4364 4341
f 4365 868 4358
f 4358 864 4364
f 4364 869 4365
f 4365 4358 4364
f 4358 868 4359
f 4359 865 4344
f 4344 864 4358
f 4358 4359 4344
f 4360 867 4354
f 4354 865 4359
f 4359 868 4360
f 4360 4354 4359
f 4354 867 4355
f 4355 866 4350
f 4350 865 4354
f 4354 4355 4350
f 4311 858 4312
f 4312 422 2814
f 2814 421 4311
f 4311 4312 2814
f 4312 858 4313
f 4313 856 4304
f 4304 422 4312
f 4312 4313 4304
f 4295 847 4347
f 4347 866 4349
f 4349 854 4295
f 4295 4347 4349
f 4347 847 4273
f 4273 192 4346
f 4346 866 4347
f 4347 4273 4346
f 3441 630 3631
f 3631 686 3632
f 3632 631 3441
f 3441 3631 3632
f 3631 630 4415
f 4415 881 4418
f 4418 686 3631
f 3631 4415 4418
f 3436 54 4414
f 4414 881 4415
f 4415 630 3436
f 3436 4414 4415
f 4414 54 4420
f 4420 882 4423
f 4423 881 4414
f 4414 4420 4423
f 1998 53 4419
f 4419 882 4420
f 4420 54 1998
f 1998 4419 4420
f 4419 53 4424
f 4424 883 4428
f 4428 882 4419
f 4419 4424 4428
f 3404 617 4425
f 4425 883 4424
f 4424 53 3404
f 3404 4425 4424
f 4425 617 4429
f 4429 884 4434
f 4434 883 4425
f 4425 4429 4434
f 3410 620 4430
f 4430 884 4429
f 4429 617 3410
f 3410 4430 4429
f 4430 620 3967
f 3967 766 4433
f 4433 884 4430
f 4430 3967 4433
f 3466 641 3968
f 3968 766 3967
f 3967 620 3466
f 3466 3968 3967
f 3968 641 3972
f 3972 767 3976
f 3976 766 3968
f 3968 3972 3976
f 3468 640 3971
f 3971 767 3972
f 3972 641 3468
f 3468 3971 3972
f 3971 640 3586
f 3586 675 3973
f 3973 767 3971
f 3971 3586 3973
f 3476 644 3578
f 3578 672 3579
f 3579 645 3476
f 3476 3578 3579
f 3578 644 3599
f 3599 679 3600
f 3600 672 3578
f 3578 3599 3600
f 4418 881 4417
f 4417 685 3633
f 3633 686 4418
f 4418 4417 3633
f 4417 881 4416
f 4416 661 3627
f 3627 685 4417
f 4417 4416 3627
f 4423 882 4422
f 4422 661 4416
f 4416 881 4423
f 4423 4422 4416
f 4422 882 4421
f 4421 652 3534
f 3534 661 4422
f 4422 4421 3534
f 4428 883 4427
f 4427 652 4421
f 4421 882 4428
f 4428 4427 4421
f 4427 883 4426
f 4426 649 3494
f 3494 652 4427
f 4427 4426 3494
f 4434 884 4431
f 4431 649 4426
f 4426 883 4434
f 4434 4431 4426
f 4431 884 4432
f 4432 669 3567
f 3567 649 4431
f 4431 4432 3567
f 4433 766 3969
f 3969 669 4432
f 4432 884 4433
f 4433 3969 4432
f 3969 766 3970
f 3970 765 3965
f 3965 669 3969
f 3969 3970 3965
f 3952 762 3948
f 3948 198 3456
f 3456 637 3952
f 3952 3948 3456
f 3948 762 3953
f 3953 761 3942
f 3942 198 3948
f 3948 3953 3942
f 3901 752 3902
f 3902 598 3350
f 3350 199 3901
f 3901 3902 3350
f 3902 752 3903
f 3903 599 3353
f 3353 598 3902
f 3902 3903 3353
f 3345 597 3346
f 3346 161 2217
f 2217 160 3345
f 3345 3346 2217
f 3346 597 4262
f 4262 845 4259
f 4259 161 3346
f 3346 4262 4259
f 4259 845 4260
f 4260 220 2323
f 2323 161 4259
f 4259 4260 2323
f 4260 845 4261
f 4261 221 2324
f 2324 220 4260
f 4260 4261 2324
f 4272 846 4267
f 4267 221 4261
f 4261 845 4272
f 4272 4267 4261
f 4267 846 4269
f 4269 227 2333
f 2333 221 4267
f 4267 4269 2333
f 2713 226 4268
f 4268 846 4270
f 4270 381 2713
f 2713 4268 4270
f 4268 226 2334
f 2334 227 4269
f 4269 846 4268
f 4268 2334 4269
f 2714 380 2709
f 2709 226 2713
f 2713 381 2714
f 2714 2709 2713
f 2709 380 2710
f 2710 318 2541
f 2541 226 2709
f 2709 2710 2541
f 4437 885 4436
f 4436 380 2721
f 2721 385 4437
f 4437 4436 2721
f 4436 885 4435
f 4435 318 2710
f 2710 380 4436
f 4436 4435 2710
f 4149 820 4150
f 4150 679 3599
f 3599 644 4149
f 4149 4150 3599
f 4150 820 4392
f 4392 876 4391
f 4391 679 4150
f 4150 4392 4391
f 4391 876 4390
f 4390 678 3602
f 3602 679 4391
f 4391 4390 3602
f 4390 876 4399
f 4399 877 4396
f 4396 678 4390
f 4390 4399 4396
f 4400 878 4401
f 4401 616 3403
f 3403 615 4400
f 4400 4401 3403
f 4401 878 4403
f 4403 821 4153
f 4153 616 4401
f 4401 4403 4153
f 4231 152 4235
f 4235 840 4239
f 4239 839 4231
f 4231 4235 4239
f 4235 152 2201
f 2201 126 4234
f 4234 840 4235
f 4235 2201 4234
f 4257 841 4243
f 4243 839 4256
f 4256 844 4257
f 4257 4243 4256
f 4243 841 4240
f 4240 152 4231
f 4231 839 4243
f 4243 4240 4231
f 4257 844 4254
f 4254 266 4242
f 4242 841 4257
f 4257 4254 4242
f 4254 844 4410
f 4410 879 4407
f 4407 266 4254
f 4254 4410 4407
f 4407 879 4406
f 4406 145 2412
f 2412 266 4407
f 4407 4406 2412
f 4406 879 4408
f 4408 823 4160
f 4160 145 4406
f 4406 4408 4160
f 4440 169 4439
f 4439 886 4441
f 4441 887 4440
f 4440 4439 4441
f 4439 169 2227
f 2227 168 4438
f 4438 886 4439
f 4439 2227 4438
f 4444 183 4443
f 4443 888 4445
f 4445 889 4444
f 4444 4443 4445
f 4443 183 2255
f 2255 182 4442
f 4442 888 4443
f 4443 2255 4442
f 4452 891 4450
f 4450 336 4446
f 4446 890 4452
f 4452 4450 4446
f 4450 891 4456
f 4456 892 4453
f 4453 336 4450
f 4450 4456 4453
f 4046 786 4448
f 4448 890 4449
f 4449 787 4046
f 4046 4448 4449
f 4448 786 4451
f 4451 891 4452
f 4452 890 4448
f 4448 4451 4452
f 4460 786 4459
f 4459 893 4462
f 4462 894 4460
f 4460 4459 4462
f 4459 786 4043
f 4043 570 4457
f 4457 893 4459
f 4459 4043 4457
f 3746 713 3745
f 3745 185 3693
f 3693 701 3746
f 3746 3745 3693
f 3745 713 3744
f 3744 182 2258
f 2258 185 3745
f 3745 3744 2258
f 4465 712 4463
f 4463 895 4467
f 4467 896 4465
f 4465 4463 4467
f 4463 712 4455
f 4455 892 4464
f 4464 895 4463
f 4463 4455 4464
f 2257 183 3797
f 3797 724 3798
f 3798 184 2257
f 2257 3797 3798
f 3797 183 4470
f 4470 897 4471
f 4471 724 3797
f 3797 4470 4471
f 4471 897 4468
f 4468 167 3796
f 3796 724 4471
f 4471 4468 3796
f 4468 897 4469
f 4469 168 2225
f 2225 167 4468
f 4468 4469 2225
f 2226 169 4107
f 4107 804 4106
f 4106 166 2226
f 2226 4107 4106
f 4107 169 4473
f 4473 898 4474
f 4474 804 4107
f 4107 4473 4474
f 4413 870 4475
f 4475 898 4476
f 4476 880 4413
f 4413 4475 4476
f 4475 870 4366
f 4366 804 4474
f 4474 898 4475
f 4475 4366 4474
f 4481 900 4480
f 4480 880 4478
f 4478 899 4481
f 4481 4480 4478
f 4480 900 4479
f 4479 824 4412
f 4412 880 4480
f 4480 4479 4412
f 4484 901 4483
f 4483 824 4479
f 4479 900 4484
f 4484 4483 4479
f 4483 901 4482
f 4482 146 4162
f 4162 824 4483
f 4483 4482 4162
f 4491 904 4490
f 4490 902 4486
f 4486 903 4491
f 4491 4490 4486
f 4490 904 4495
f 4495 905 4494
f 4494 902 4490
f 4490 4495 4494
f 4502 908 4501
f 4501 906 4498
f 4498 907 4502
f 4502 4501 4498
f 4501 908 4506
f 4506 909 4505
f 4505 906 4501
f 4501 4506 4505
f 4510 910 4507
f 4507 28 3874
f 3874 744 4510
f 4510 4507 3874
f 4507 910 4516
f 4516 911 4512
f 4512 28 4507
f 4507 4516 4512
f 4525 913 4523
f 4523 902 4519
f 4519 912 4525
f 4525 4523 4519
f 4523 913 4524
f 4524 909 4503
f 4503 902 4523
f 4523 4524 4503
f 4492 419 4530
f 4530 914 4531
f 4531 905 4492
f 4492 4530 4531
f 4530 419 2809
f 2809 291 4529
f 4529 914 4530
f 4530 2809 4529
f 4512 911 4513
f 4513 29 1963
f 1963 28 4512
f 4512 4513 1963
f 4513 911 4537
f 4537 915 4533
f 4533 29 4513
f 4513 4537 4533
f 4533 915 4535
f 4535 473 2954
f 2954 29 4533
f 4533 4535 2954
f 4535 915 4534
f 4534 470 2956
f 2956 473 4535
f 4535 4534 2956
f 4542 913 4521
f 4521 85 4538
f 4538 916 4542
f 4542 4521 4538
f 4521 913 4522
f 4522 86 2069
f 2069 85 4521
f 4521 4522 2069
f 4532 914 4526
f 4526 15 4517
f 4517 912 4532
f 4532 4526 4517
f 4526 914 4527
f 4527 16 1944
f 1944 15 4526
f 4526 4527 1944
f 2262 187 3132
f 3132 531 3133
f 3133 188 2262
f 2262 3132 3133
f 3132 187 2273
f 2273 197 3134
f 3134 531 3132
f 3132 2273 3134
f 3074 187 3498
f 3498 653 3499
f 3499 514 3074
f 3074 3498 3499
f 3498 187 2260
f 2260 186 3497
f 3497 653 3498
f 3498 2260 3497
f 3074 514 3076
f 3076 197 2273
f 2273 187 3074
f 3074 3076 2273
f 3076 514 3075
f 3075 194 2274
f 2274 197 3076
f 3076 3075 2274
f 4544 917 4545
f 4545 476 2970
f 2970 386 4544
f 4544 4545 2970
f 4545 917 4548
f 4548 918 4547
f 4547 476 4545
f 4545 4548 4547
f 4550 919 4549
f 4549 342 2593
f 2593 345 4550
f 4550 4549 2593
f 4549 919 4551
f 4551 745 3879
f 3879 342 4549
f 4549 4551 3879
f 4552 920 4553
f 4553 727 3812
f 3812 283 4552
f 4552 4553 3812
f 4553 920 4556
f 4556 921 4554
f 4554 727 4553
f 4553 4556 4554
f 3655 693 3656
f 3656 282 2450
f 2450 115 3655
f 3655 3656 2450
f 3656 693 4559
f 4559 922 4557
f 4557 282 3656
f 3656 4559 4557
f 4562 379 4546
f 4546 918 4564
f 4564 923 4562
f 4562 4546 4564
f 4546 379 2969
f 2969 476 4547
f 4547 918 4546
f 4546 2969 4547
f 4567 693 4566
f 4566 924 4569
f 4569 925 4567
f 4567 4566 4569
f 4566 693 3657
f 3657 692 4565
f 4565 924 4566
f 4566 3657 4565
f 4571 926 4570
f 4570 345 3814
f 3814 728 4571
f 4571 4570 3814
f 4570 926 4572
f 4572 919 4550
f 4550 345 4570
f 4570 4572 4550
f 4574 927 4575
f 4575 746 3882
f 3882 745 4574
f 4574 4575 3882
f 4575 927 4578
f 4578 928 4577
f 4577 746 4575
f 4575 4578 4577
f 4565 692 4579
f 4579 929 4581
f 4581 924 4565
f 4565 4579 4581
f 4579 692 3885
f 3885 747 4580
f 4580 929 4579
f 4579 3885 4580
f 4577 928 4576
f 4576 416 3881
f 3881 746 4577
f 4577 4576 3881
f 4576 928 4585
f 4585 930 4584
f 4584 416 4576
f 4576 4585 4584
f 3884 117 4561
f 4561 923 4563
f 4563 747 3884
f 3884 4561 4563
f 4561 117 2707
f 2707 379 4562
f 4562 923 4561
f 4561 2707 4562
f 2760 304 4582
f 4582 930 4583
f 4583 400 2760
f 2760 4582 4583
f 4582 304 2802
f 2802 416 4584
f 4584 930 4582
f 4582 2802 4584
f 4586 225 3019
f 2329 225 4588
f 4588 932 4587
f 4587 222 2329
f 2329 4588 4587
f 4588 225 4586
f 4586 931 4591
f 4591 932 4588
f 4588 4586 4591
f 4590 577 3285
f 3285 222 4587
f 4587 932 4590
f 4590 3285 4587
f 3285 577 3286
f 3286 228 2335
f 2335 222 3285
f 3285 3286 2335
f 4590 932 4589
f 4589 574 3287
f 3287 577 4590
f 4590 4589 3287
f 4589 932 4594
f 4594 933 4592
f 4592 574 4589
f 4589 4594 4592
f 4596 933 4593
f 4593 931 4595
f 4595 934 4596
f 4596 4593 4595
f 4593 933 4594
f 4594 932 4591
f 4591 931 4593
f 4593 4594 4591
f 4605 937 4604
f 4604 935 4600
f 4600 936 4605
f 4605 4604 4600
f 4604 937 4603
f 4603 573 4598
f 4598 935 4604
f 4604 4603 4598
f 4606 575 4039
f 4039 785 4610
f 4610 938 4606
f 4606 4039 4610
f 4039 575 4614
f 4614 939 4616
f 4616 785 4039
f 4039 4614 4616
f 4621 942 4620
f 4620 940 4619
f 4619 941 4621
f 4621 4620 4619
f 4620 942 4625
f 4625 943 4624
f 4624 940 4620
f 4620 4625 4624
f 4632 945 4630
f 4630 933 4626
f 4626 944 4632
f 4632 4630 4626
f 4630 945 4629
f 4629 574 4592
f 4592 933 4630
f 4630 4629 4592
f 4637 941 4636
f 4636 946 4640
f 4640 947 4637
f 4637 4636 4640
f 4636 941 4619
f 4619 940 4635
f 4635 946 4636
f 4636 4619 4635
f 4644 948 4643
f 4643 945 4639
f 4639 947 4644
f 4644 4643 4639
f 4643 948 4642
f 4642 939 4631
f 4631 945 4643
f 4643 4642 4631
f 4596 934 4627
f 4627 944 4626
f 4626 933 4596
f 4596 4627 4626
f 4627 934 4645
f 4645 949 4648
f 4648 944 4627
f 4627 4645 4648
f 4649 334 4623
f 4623 943 4651
f 4651 4649 4623
f 4652 334 4649
f 4653 335 2575
f 2575 334 4652
f 4652 4653 2575
f 4654 335 4653
f 4655 335 4654
f 2573 239 4622
f 4622 943 4623
f 4623 334 2573
f 2573 4622 4623
f 4622 239 4618
f 4618 940 4624
f 4624 943 4622
f 4622 4618 4624
f 2360 238 4617
f 4617 940 4618
f 4618 239 2360
f 2360 4617 4618
f 4617 238 4633
f 4633 946 4635
f 4635 940 4617
f 4617 4633 4635
f 4599 936 4634
f 4634 946 4633
f 4633 238 4599
f 4599 4634 4633
f 4634 936 4657
f 4657 951 4658
f 4658 946 4634
f 4634 4657 4658
f 4661 952 4665
f 4665 935 4597
f 4597 568 4661
f 4661 4665 4597
f 4665 952 4671
f 4671 953 4668
f 4668 935 4665
f 4665 4671 4668
f 4104 803 4103
f 4103 567 4044
f 4044 787 4104
f 4104 4103 4044
f 4103 803 4105
f 4105 802 4098
f 4098 567 4103
f 4103 4105 4098
f 4677 954 4675
f 4675 787 4449
f 4449 890 4677
f 4677 4675 4449
f 4675 954 4676
f 4676 803 4104
f 4104 787 4675
f 4675 4676 4104
f 4672 954 4674
f 4674 708 3724
f 3724 259 4672
f 4672 4674 3724
f 4674 954 4673
f 4673 339 3725
f 3725 708 4674
f 4674 4673 3725
f 4677 890 4447
f 4447 339 4673
f 4673 954 4677
f 4677 4447 4673
f 4447 890 4446
f 4446 336 2579
f 2579 339 4447
f 4447 4446 2579
f 2453 284 3031
f 3030 233 2453
f 2453 3031 3030
f 3031 284 4678
f 3107 524 4679
f 4678 284 3107
f 3107 4679 4678
f 4679 524 4680
f 4683 949 4682
f 4682 949 4645
f 4645 934 4681
f 4682 4645 4681
f 4625 942 4650
f 4651 943 4625
f 4625 4650 4651
f 4650 942 4684
f 4598 573 3279
f 3279 568 4597
f 4597 935 4598
f 4598 3279 4597
f 3279 573 3280
f 3280 569 3272
f 3272 568 3279
f 3279 3280 3272
f 4100 801 4663
f 4663 952 4664
f 4664 802 4100
f 4100 4663 4664
f 4663 801 4096
f 4096 783 4662
f 4662 952 4663
f 4663 4096 4662
f 3296 578 4049
f 4049 788 4050
f 4050 581 3296
f 3296 4049 4050
f 4049 578 4053
f 4053 789 4055
f 4055 788 4049
f 4049 4053 4055
f 4608 938 4611
f 4611 790 4058
f 4058 580 4608
f 4608 4611 4058
f 4611 938 4612
f 4612 791 4063
f 4063 790 4611
f 4611 4612 4063
f 3302 581 4066
f 4066 792 4067
f 4067 583 3302
f 3302 4066 4067
f 4066 581 4050
f 4050 788 4068
f 4068 792 4066
f 4066 4050 4068
f 4694 956 4692
f 4692 793 4688
f 4688 955 4694
f 4694 4692 4688
f 4692 956 4693
f 4693 794 4073
f 4073 793 4692
f 4692 4693 4073
f 4702 958 4700
f 4700 795 4697
f 4697 957 4702
f 4702 4700 4697
f 4700 958 4701
f 4701 796 4077
f 4077 795 4700
f 4700 4701 4077
f 4612 938 4609
f 4609 784 4062
f 4062 791 4612
f 4612 4609 4062
f 4609 938 4610
f 4610 785 4042
f 4042 784 4609
f 4609 4610 4042
f 4703 583 4080
f 4080 797 4706
f 4706 959 4703
f 4703 4080 4706
f 4080 583 4067
f 4067 792 4081
f 4081 797 4080
f 4080 4067 4081
f 4713 960 4710
f 4710 796 4701
f 4701 958 4713
f 4713 4710 4701
f 4710 960 4711
f 4711 798 4085
f 4085 796 4710
f 4710 4711 4085
f 3295 580 4054
f 4054 789 4053
f 4053 578 3295
f 3295 4054 4053
f 4054 580 4058
f 4058 790 4059
f 4059 789 4054
f 4054 4058 4059
f 4724 962 4721
f 4721 799 4717
f 4717 961 4724
f 4724 4721 4717
f 4721 962 4722
f 4722 800 4092
f 4092 799 4721
f 4721 4722 4092
f 4098 802 4099
f 4099 568 3270
f 3270 567 4098
f 4098 4099 3270
f 4099 802 4664
f 4664 952 4661
f 4661 568 4099
f 4099 4664 4661
f 3686 352 2604
f 2604 292 3685
f 3685 699 3686
f 3686 2604 3685
f 2604 352 2605
f 2605 293 2480
f 2480 292 2604
f 2604 2605 2480
f 3701 702 3697
f 3697 337 3695
f 3695 701 3701
f 3701 3697 3695
f 3697 702 3698
f 3698 338 2578
f 2578 337 3697
f 3697 3698 2578
f 3709 704 3705
f 3705 394 3047
f 3047 505 3709
f 3709 3705 3047
f 3705 704 3706
f 3706 395 2751
f 2751 394 3705
f 3705 3706 2751
f 2753 398 2767
f 2767 403 2766
f 2766 274 2753
f 2753 2767 2766
f 2767 398 2769
f 2769 404 2771
f 2771 403 2767
f 2767 2769 2771
f 3716 706 3714
f 3714 498 3039
f 3039 501 3716
f 3716 3714 3039
f 3714 706 3715
f 3715 499 3036
f 3036 498 3714
f 3714 3715 3036
f 3049 506 3060
f 3060 508 3059
f 3059 351 3049
f 3049 3060 3059
f 3060 506 3065
f 3065 509 3066
f 3066 508 3060
f 3060 3065 3066
f 2790 413 2791
f 2791 403 2768
f 2768 402 2790
f 2790 2791 2768
f 2791 413 3684
f 3684 698 3682
f 3682 403 2791
f 2791 3684 3682
f 2307 215 3057
f 3057 508 3056
f 3056 138 2307
f 2307 3057 3056
f 3057 215 2479
f 2479 293 3058
f 3058 508 3057
f 3057 2479 3058
f 2053 73 3032
f 3032 498 3033
f 3033 80 2053
f 2053 3032 3033
f 3032 73 3719
f 3719 707 3721
f 3721 498 3032
f 3032 3719 3721
f 1992 50 2748
f 2748 394 2747
f 2747 47 1992
f 1992 2748 2747
f 2748 50 3061
f 3061 509 3063
f 3063 394 2748
f 2748 3061 3063
f 3699 510 3067
f 3067 338 3698
f 3698 702 3699
f 3699 3067 3698
f 3067 510 3728
f 3728 709 3726
f 3726 338 3067
f 3067 3728 3726
f 4453 892 4454
f 4454 337 2576
f 2576 336 4453
f 4453 4454 2576
f 4454 892 4455
f 4455 712 3742
f 3742 337 4454
f 4454 4455 3742
f 3736 711 3739
f 3739 292 2477
f 2477 214 3736
f 3736 3739 2477
f 3739 711 3741
f 3741 710 3731
f 3731 292 3739
f 3739 3741 3731
f 4601 237 4727
f 4727 964 4730
f 4730 937 4601
f 4601 4727 4730
f 4727 237 4726
f 4726 963 4731
f 4731 964 4727
f 4727 4726 4731
f 4606 938 4607
f 4607 576 3284
f 3284 575 4606
f 4606 4607 3284
f 4607 938 4608
f 4608 580 3294
f 3294 576 4607
f 4607 4608 3294
f 3291 228 3283
f 3283 576 3292
f 3292 579 3291
f 3291 3283 3292
f 3283 228 3286
f 3286 577 3289
f 3289 576 3283
f 3283 3286 3289
f 2338 228 3298
f 3298 582 3299
f 3299 229 2338
f 2338 3298 3299
f 3298 228 3291
f 3291 579 3300
f 3300 582 3298
f 3298 3291 3300
f 2457 229 3304
f 3304 584 3305
f 3305 285 2457
f 2457 3304 3305
f 3304 229 3299
f 3299 582 3306
f 3306 584 3304
f 3304 3299 3306
f 4703 959 4704
f 4704 584 3307
f 3307 583 4703
f 4703 4704 3307
f 4704 959 4705
f 4705 585 3310
f 3310 584 4704
f 4704 4705 3310
f 4723 962 4719
f 4719 585 4705
f 4705 959 4723
f 4723 4719 4705
f 4719 962 4720
f 4720 586 3313
f 3313 585 4719
f 4719 4720 3313
f 4718 956 4690
f 4690 588 4715
f 4715 961 4718
f 4718 4690 4715
f 4690 956 4691
f 4691 589 3323
f 3323 588 4690
f 4690 4691 3323
f 4712 960 4708
f 4708 590 4687
f 4687 955 4712
f 4712 4708 4687
f 4708 960 4709
f 4709 591 3329
f 3329 590 4708
f 4708 4709 3329
f 4702 957 4695
f 4695 592 4699
f 4699 958 4702
f 4702 4695 4699
f 4695 957 4696
f 4696 593 3335
f 3335 592 4695
f 4695 4696 3335
f 4734 965 4732
f 4732 593 4696
f 4696 957 4734
f 4734 4732 4696
f 4732 965 4733
f 4733 594 3337
f 3337 593 4732
f 4732 4733 3337
f 4599 238 4602
f 4602 937 4605
f 4605 936 4599
f 4599 4602 4605
f 4602 238 2357
f 2357 237 4601
f 4601 937 4602
f 4602 2357 4601
f 3282 574 4613
f 4613 939 4614
f 4614 575 3282
f 3282 4613 4614
f 4613 574 4629
f 4629 945 4631
f 4631 939 4613
f 4613 4629 4631
f 4641 948 4669
f 4669 953 4666
f 4666 782 4641
f 4641 4669 4666
f 4669 948 4660
f 4660 951 4670
f 4670 953 4669
f 4669 4660 4670
f 4600 935 4656
f 4656 951 4657
f 4657 936 4600
f 4600 4656 4657
f 4656 935 4668
f 4668 953 4670
f 4670 951 4656
f 4656 4668 4670
f 4735 966 4736
f 4736 918 4548
f 4548 917 4735
f 4735 4736 4548
f 4736 966 4739
f 4739 967 4737
f 4737 918 4736
f 4736 4739 4737
f 4737 967 4738
f 4738 923 4564
f 4564 918 4737
f 4737 4738 4564
f 4738 967 4743
f 4743 968 4741
f 4741 923 4738
f 4738 4743 4741
f 4580 747 4740
f 4740 968 4742
f 4742 929 4580
f 4580 4740 4742
f 4740 747 4563
f 4563 923 4741
f 4741 968 4740
f 4740 4563 4741
f 4465 896 4466
f 4466 713 3747
f 3747 712 4465
f 4465 4466 3747
f 4466 896 4747
f 4747 969 4745
f 4745 713 4466
f 4466 4747 4745
f 3256 562 3257
f 3257 533 3145
f 3145 532 3256
f 3256 3257 3145
f 3257 562 3258
f 3258 561 3252
f 3252 533 3257
f 3257 3258 3252
f 3144 533 3143
f 3143 189 2887
f 2887 451 3144
f 3144 3143 2887
f 3143 533 3142
f 3142 186 2263
f 2263 189 3143
f 3143 3142 2263
f 3892 749 3893
f 3893 384 2720
f 2720 383 3892
f 3892 3893 2720
f 3893 749 3899
f 3899 751 3898
f 3898 384 3893
f 3893 3899 3898
f 3220 553 4750
f 4750 970 4749
f 4749 315 3220
f 3220 4750 4749
f 4750 553 3224
f 3224 555 4751
f 4751 970 4750
f 4750 3224 4751
f 2418 82 2786
f 2786 412 2787
f 2787 270 2418
f 2418 2786 2787
f 2786 82 2059
f 2059 81 2785
f 2785 412 2786
f 2786 2059 2785
f 2369 96 2419
f 2419 270 2420
f 2420 243 2369
f 2369 2419 2420
f 2419 96 2093
f 2093 82 2418
f 2418 270 2419
f 2419 2093 2418
f 2094 96 3021
f 3021 495 3020
f 3020 95 2094
f 2094 3021 3020
f 3021 96 2371
f 2371 245 3022
f 3022 495 3021
f 3021 2371 3022
f 3102 267 3104
f 3105 523 3102
f 3102 3104 3105
f 3316 497 3103
f 3103 523 3317
f 3317 587 3316
f 3316 3103 3317
f 3103 497 3027
f 3027 267 3102
f 3102 523 3103
f 3103 3027 3102
f 2785 81 4753
f 4753 971 4755
f 4755 412 2785
f 2785 4753 4755
f 4753 81 3035
f 3035 499 4756
f 4756 971 4753
f 4753 3035 4756
f 3028 497 3325
f 3325 590 3324
f 3324 308 3028
f 3028 3325 3324
f 3325 497 3321
f 3321 589 3326
f 3326 590 3325
f 3325 3321 3326
f 4766 706 4761
f 4761 972 4768
f 4768 973 4766
f 4766 4761 4768
f 4761 706 3717
f 3717 705 4760
f 4760 972 4761
f 4761 3717 4760
f 3022 245 4086
f 4086 799 4087
f 4087 495 3022
f 3022 4086 4087
f 4086 245 4072
f 4072 794 4088
f 4088 799 4086
f 4086 4072 4088
f 4088 794 4716
f 4716 961 4717
f 4717 799 4088
f 4088 4716 4717
f 4716 794 4693
f 4693 956 4718
f 4718 961 4716
f 4716 4693 4718
f 4756 499 4765
f 4765 973 4767
f 4767 971 4756
f 4756 4765 4767
f 4765 499 3715
f 3715 706 4766
f 4766 973 4765
f 4765 3715 4766
f 3326 589 4686
f 4686 955 4687
f 4687 590 3326
f 3326 4686 4687
f 4686 589 4691
f 4691 956 4694
f 4694 955 4686
f 4686 4691 4694
f 2052 74 2054
f 2054 80 2055
f 2055 79 2052
f 2052 2054 2055
f 2054 74 2042
f 2042 73 2053
f 2053 80 2054
f 2054 2042 2053
f 2041 74 2461
f 2461 286 2460
f 2460 71 2041
f 2041 2461 2460
f 2461 74 2157
f 2157 122 2463
f 2463 286 2461
f 2461 2157 2463
f 3101 255 3315
f 3315 587 3317
f 3317 523 3101
f 3101 3315 3317
f 3315 255 2388
f 2388 254 3314
f 3314 587 3315
f 3315 2388 3314
f 2463 122 2465
f 2465 287 2467
f 2467 286 2463
f 2463 2465 2467
f 2465 122 3024
f 3024 496 3025
f 3025 287 2465
f 2465 3024 3025
f 3702 503 3708
f 3708 704 3710
f 3710 703 3702
f 3702 3708 3710
f 3708 503 3046
f 3046 502 3707
f 3707 704 3708
f 3708 3046 3707
f 2387 255 2455
f 2455 284 2454
f 2454 252 2387
f 2387 2455 2454
f 2455 255 3106
f 3106 524 3107
f 3107 284 2455
f 2455 3106 3107
f 3314 254 3318
f 3318 588 3320
f 3320 587 3314
f 3314 3318 3320
f 3318 254 3312
f 3312 586 3319
f 3319 588 3318
f 3318 3312 3319
f 3707 502 3041
f 3041 395 3706
f 3706 704 3707
f 3707 3041 3706
f 3041 502 3723
f 3723 707 3720
f 3720 395 3041
f 3041 3723 3720
f 3025 496 4079
f 4079 797 4078
f 4078 287 3025
f 3025 4079 4078
f 4079 496 4090
f 4090 800 4091
f 4091 797 4079
f 4079 4090 4091
f 4091 800 4707
f 4707 959 4706
f 4706 797 4091
f 4091 4707 4706
f 4707 800 4722
f 4722 962 4723
f 4723 959 4707
f 4707 4722 4723
f 3720 707 3718
f 3718 72 2750
f 2750 395 3720
f 3720 3718 2750
f 3718 707 3719
f 3719 73 2040
f 2040 72 3718
f 3718 3719 2040
f 3319 586 4714
f 4714 961 4715
f 4715 588 3319
f 3319 4714 4715
f 4714 586 4720
f 4720 962 4724
f 4724 961 4714
f 4714 4720 4724
f 3915 31 4769
f 4769 974 4774
f 4774 756 3915
f 3915 4769 4774
f 4769 31 1968
f 1968 34 4770
f 4770 974 4769
f 4769 1968 4770
f 4760 705 3780
f 3780 720 4762
f 4762 972 4760
f 4760 3780 4762
f 3780 705 3711
f 3711 33 3777
f 3777 720 3780
f 3780 3711 3777
f 3712 500 3037
f 3037 33 3711
f 3711 705 3712
f 3712 3037 3711
f 3037 500 3038
f 3038 34 1970
f 1970 33 3037
f 3037 3038 1970
f 3045 503 3044
f 3044 34 3038
f 3038 500 3045
f 3045 3044 3038
f 3044 503 4771
f 4771 974 4770
f 4770 34 3044
f 3044 4771 4770
f 4773 974 4772
f 4772 703 3789
f 3789 722 4773
f 4773 4772 3789
f 4772 974 4771
f 4771 503 3702
f 3702 703 4772
f 4772 4771 3702
f 3556 667 3557
f 3557 131 2170
f 2170 130 3556
f 3556 3557 2170
f 3557 667 4015
f 4015 777 4011
f 4011 131 3557
f 3557 4015 4011
f 2410 148 4245
f 4245 842 4248
f 4248 265 2410
f 2410 4245 4248
f 4245 148 2193
f 2193 147 4244
f 4244 842 4245
f 4245 2193 4244
f 4672 259 4102
f 4102 803 4676
f 4676 954 4672
f 4672 4102 4676
f 4102 259 2395
f 2395 258 4101
f 4101 803 4102
f 4102 2395 4101
f 2551 262 3802
f 3802 725 3804
f 3804 324 2551
f 2551 3802 3804
f 3802 262 2401
f 2401 261 3801
f 3801 725 3802
f 3802 2401 3801
f 3922 313 3219
f 3219 553 3925
f 3925 757 3922
f 3922 3219 3925
f 3219 313 2534
f 2534 312 3218
f 3218 553 3219
f 3219 2534 3218
f 2566 331 3395
f 3395 613 3393
f 3393 124 2566
f 2566 3395 3393
f 3395 331 2567
f 2567 330 3394
f 3394 613 3395
f 3395 2567 3394
f 4030 263 2585
f 2585 341 4031
f 4031 781 4030
f 4030 2585 4031
f 2585 263 2404
f 2404 262 2584
f 2584 341 2585
f 2585 2404 2584
f 4027 779 4023
f 4023 484 4026
f 4026 780 4027
f 4027 4023 4026
f 4023 779 4024
f 4024 485 2996
f 2996 484 4023
f 4023 4024 2996
f 4329 488 4336
f 4336 863 4338
f 4338 862 4329
f 4329 4336 4338
f 4336 488 3001
f 3001 487 4335
f 4335 863 4336
f 4336 3001 4335
f 3068 511 3700
f 3700 702 3696
f 3696 310 3068
f 3068 3700 3696
f 3700 511 3069
f 3069 510 3699
f 3699 702 3700
f 3700 3069 3699
f 4011 777 4014
f 4014 515 3078
f 3078 131 4011
f 4011 4014 3078
f 4014 777 4019
f 4019 778 4018
f 4018 515 4014
f 4014 4019 4018
f 4777 554 3221
f 3221 143 4775
f 4775 975 4777
f 4777 3221 4775
f 3221 554 3222
f 3222 312 2529
f 2529 143 3221
f 3221 3222 2529
f 3360 601 3357
f 3357 123 2198
f 2198 151 3360
f 3360 3357 2198
f 3357 601 3361
f 3361 600 3354
f 3354 123 3357
f 3357 3361 3354
f 3957 621 3413
f 3413 333 3954
f 3954 763 3957
f 3957 3413 3954
f 3413 621 3412
f 3412 330 2570
f 2570 333 3413
f 3413 3412 2570
f 4009 668 3562
f 3562 634 4007
f 4007 776 4009
f 4009 3562 4007
f 3562 668 3563
f 3563 635 3451
f 3451 634 3562
f 3562 3563 3451
f 3469 642 3470
f 3470 640 3465
f 3465 639 3469
f 3469 3470 3465
f 3470 642 3474
f 3474 645 3473
f 3473 640 3470
f 3470 3474 3473
f 4004 775 4002
f 4002 664 3641
f 3641 688 4004
f 4004 4002 3641
f 4002 775 4003
f 4003 665 3550
f 3550 664 4002
f 4002 4003 3550
f 4010 776 4008
f 4008 665 4003
f 4003 775 4010
f 4010 4008 4003
f 4008 776 4007
f 4007 634 3549
f 3549 665 4008
f 4008 4007 3549
f 2169 129 3448
f 3448 635 3449
f 3449 130 2169
f 2169 3448 3449
f 3448 129 3452
f 3452 636 3455
f 3455 635 3448
f 3448 3452 3455
f 4329 862 4330
f 4330 670 3569
f 3569 488 4329
f 4329 4330 3569
f 4330 862 4332
f 4332 861 4326
f 4326 670 4330
f 4330 4332 4326
f 4326 861 4324
f 4324 639 3570
f 3570 670 4326
f 4326 4324 3570
f 4324 861 4325
f 4325 642 3469
f 3469 639 4324
f 4324 4325 3469
f 3973 675 3961
f 3961 764 3974
f 3974 767 3973
f 3973 3961 3974
f 3961 675 3589
f 3589 674 3960
f 3960 764 3961
f 3961 3589 3960
f 2268 193 3547
f 3547 664 3546
f 3546 190 2268
f 2268 3547 3546
f 3547 193 3642
f 3642 689 3643
f 3643 664 3547
f 3547 3642 3643
f 3726 709 3727
f 3727 339 2580
f 2580 338 3726
f 3726 3727 2580
f 3727 709 3730
f 3730 708 3725
f 3725 339 3727
f 3727 3730 3725
f 3769 718 3768
f 3768 310 2528
f 2528 311 3769
f 3769 3768 2528
f 3768 718 3770
f 3770 511 3068
f 3068 310 3768
f 3768 3770 3068
f 3801 261 2527
f 2527 311 3803
f 3803 725 3801
f 3801 2527 3803
f 2527 261 3766
f 3766 718 3769
f 3769 311 2527
f 2527 3766 3769
f 4662 783 4667
f 4667 953 4671
f 4671 952 4662
f 4662 4667 4671
f 4667 783 4035
f 4035 782 4666
f 4666 953 4667
f 4667 4035 4666
f 4093 801 4094
f 4094 257 2393
f 2393 256 4093
f 4093 4094 2393
f 4094 801 4095
f 4095 258 2394
f 2394 257 4094
f 4094 4095 2394
f 4210 835 4211
f 4211 484 2993
f 2993 483 4210
f 4210 4211 2993
f 4211 835 4213
f 4213 833 4202
f 4202 484 4211
f 4211 4213 4202
f 2997 486 2998
f 2998 341 2586
f 2586 340 2997
f 2997 2998 2586
f 2998 486 3000
f 3000 485 2994
f 2994 341 2998
f 2998 3000 2994
f 4244 147 2200
f 2200 151 4246
f 4246 842 4244
f 4244 2200 4246
f 2200 147 3358
f 3358 601 3360
f 3360 151 2200
f 2200 3358 3360
f 2195 148 3920
f 3920 757 3921
f 3921 149 2195
f 2195 3920 3921
f 3920 148 2532
f 2532 313 3922
f 3922 757 3920
f 3920 2532 3922
f 3999 774 4275
f 4275 848 4274
f 4274 773 3999
f 3999 4275 4274
f 4275 774 4279
f 4279 849 4281
f 4281 848 4275
f 4275 4279 4281
f 4295 854 4296
f 4296 848 4276
f 4276 847 4295
f 4295 4296 4276
f 4296 854 4297
f 4297 851 4289
f 4289 848 4296
f 4296 4297 4289
f 3992 772 4292
f 4292 853 4291
f 4291 771 3992
f 3992 4292 4291
f 4292 772 4287
f 4287 851 4293
f 4293 853 4292
f 4292 4287 4293
f 4291 853 4290
f 4290 770 3989
f 3989 771 4291
f 4291 4290 3989
f 4290 853 4303
f 4303 855 4301
f 4301 770 4290
f 4290 4303 4301
f 4314 857 4310
f 4310 856 4313
f 4313 858 4314
f 4314 4310 4313
f 4310 857 4309
f 4309 855 4306
f 4306 856 4310
f 4310 4309 4306
f 4308 857 4307
f 4307 768 3982
f 3982 769 4308
f 4308 4307 3982
f 4307 857 4321
f 4321 860 4320
f 4320 768 4307
f 4307 4321 4320
f 4335 487 4316
f 4316 859 4337
f 4337 863 4335
f 4335 4316 4337
f 4316 487 4318
f 4318 860 4323
f 4323 859 4316
f 4316 4318 4323
f 4283 850 4284
f 4284 689 3642
f 3642 193 4283
f 4283 4284 3642
f 4284 850 4286
f 4286 849 4277
f 4277 689 4284
f 4284 4286 4277
f 3588 675 3587
f 3587 645 3579
f 3579 672 3588
f 3588 3587 3579
f 3587 675 3586
f 3586 640 3473
f 3473 645 3587
f 3587 3586 3473
f 4648 949 4646
f 4646 941 4628
f 4628 944 4648
f 4648 4646 4628
f 4646 949 4647
f 4647 942 4621
f 4621 941 4646
f 4646 4647 4621
f 4632 944 4638
f 4638 947 4639
f 4639 945 4632
f 4632 4638 4639
f 4638 944 4628
f 4628 941 4637
f 4637 947 4638
f 4638 4628 4637
f 4658 951 4659
f 4659 947 4640
f 4640 946 4658
f 4658 4659 4640
f 4659 951 4660
f 4660 948 4644
f 4644 947 4659
f 4659 4660 4644
f 2400 259 3737
f 3737 711 3738
f 3738 260 2400
f 2400 3737 3738
f 3737 259 3724
f 3724 708 3740
f 3740 711 3737
f 3737 3724 3740
f 4647 949 4685
f 4684 942 4647
f 4647 4685 4684
f 4685 949 4683
f 4038 783 4034
f 4034 256 4037
f 4037 784 4038
f 4038 4034 4037
f 4034 783 4096
f 4096 801 4093
f 4093 256 4034
f 4034 4096 4093
f 3735 709 3729
f 3729 513 3732
f 3732 710 3735
f 3735 3729 3732
f 3729 709 3728
f 3728 510 3072
f 3072 513 3729
f 3729 3728 3072
f 4616 939 4615
f 4615 782 4040
f 4040 785 4616
f 4616 4615 4040
f 4615 939 4642
f 4642 948 4641
f 4641 782 4615
f 4615 4642 4641
f 2473 103 2103
f 2103 16 2472
f 2472 290 2473
f 2473 2103 2472
f 2103 103 2104
f 2104 17 1945
f 1945 16 2103
f 2103 2104 1945
f 1977 41 2063
f 2063 83 2062
f 2062 12 1977
f 1977 2063 2062
f 2063 41 2688
f 2688 375 2689
f 2689 83 2063
f 2063 2688 2689
f 2106 102 2100
f 2100 17 2104
f 2104 103 2106
f 2106 2100 2104
f 2100 102 2101
f 2101 69 2031
f 2031 17 2100
f 2100 2101 2031
f 2742 200 2280
f 2280 127 2741
f 2741 393 2742
f 2742 2280 2741
f 2280 200 2281
f 2281 128 2168
f 2168 127 2280
f 2280 2281 2168
f 3347 23 2277
f 2277 199 3350
f 3350 598 3347
f 3347 2277 3350
f 2277 23 2166
f 2166 128 2278
f 2278 199 2277
f 2277 2166 2278
f 2426 272 2427
f 2427 268 2414
f 2414 249 2426
f 2426 2427 2414
f 2427 272 2428
f 2428 271 2422
f 2422 268 2427
f 2427 2428 2422
f 4758 276 4764
f 4764 973 4768
f 4768 972 4758
f 4758 4764 4768
f 4764 276 2433
f 2433 275 4763
f 4763 973 4764
f 4764 2433 4763
f 3778 277 4759
f 4759 972 4762
f 4762 720 3778
f 3778 4759 4762
f 4759 277 2434
f 2434 276 4758
f 4758 972 4759
f 4759 2434 4758
f 2050 78 2440
f 2440 280 2439
f 2439 75 2050
f 2050 2440 2439
f 2440 78 2444
f 2444 281 2447
f 2447 280 2440
f 2440 2444 2447
f 2424 272 2425
f 2425 244 2370
f 2370 243 2424
f 2424 2425 2370
f 2425 272 2518
f 2518 307 2515
f 2515 244 2425
f 2425 2518 2515
f 2520 250 2522
f 2523 309 2520
f 2520 2522 2523
f 3886 317 3891
f 3891 749 3894
f 3894 748 3886
f 3886 3891 3894
f 3891 317 2540
f 2540 316 3890
f 3890 749 3891
f 3891 2540 3890
f 2689 375 2686
f 2686 9 2060
f 2060 83 2689
f 2689 2686 2060
f 2686 375 2691
f 2691 374 2683
f 2683 9 2686
f 2686 2691 2683
f 2422 271 2765
f 2765 402 2764
f 2764 268 2422
f 2422 2765 2764
f 2765 271 2789
f 2789 413 2790
f 2790 402 2765
f 2765 2789 2790
f 2123 109 2122
f 2122 69 2101
f 2101 102 2123
f 2123 2122 2101
f 2122 109 2445
f 2445 281 2442
f 2442 69 2122
f 2122 2445 2442
f 3109 525 3110
f 3110 26 1958
f 1958 8 3109
f 3109 3110 1958
f 3110 525 3111
f 3111 127 2165
f 2165 26 3110
f 3110 3111 2165
f 2520 309 3331
f 3331 592 3330
f 3330 250 2520
f 2520 3331 3330
f 3331 309 3328
f 3328 591 3332
f 3332 592 3331
f 3331 3328 3332
f 3112 525 3637
f 3637 687 3636
f 3636 391 3112
f 3112 3637 3636
f 3637 525 3344
f 3344 596 3638
f 3638 687 3637
f 3637 3344 3638
f 3638 596 3342
f 3342 373 3635
f 3635 687 3638
f 3638 3342 3635
f 3342 596 3343
f 3343 374 2685
f 2685 373 3342
f 3342 3343 2685
f 4763 275 4754
f 4754 971 4767
f 4767 973 4763
f 4763 4754 4767
f 4754 275 3681
f 3681 698 4757
f 4757 971 4754
f 4754 3681 4757
f 2437 277 2510
f 2510 306 2511
f 2511 278 2437
f 2437 2510 2511
f 2510 277 3781
f 3781 721 3784
f 3784 306 2510
f 2510 3781 3784
f 4781 733 4485
f 4485 903 4783
f 4783 976 4781
f 4781 4485 4783
f 4485 733 4489
f 4489 904 4491
f 4491 903 4485
f 4485 4489 4491
f 4752 750 3895
f 3895 315 4749
f 4749 970 4752
f 4752 3895 4749
f 3895 750 3896
f 3896 316 2538
f 2538 315 3895
f 3895 3896 2538
f 3947 760 3938
f 3938 752 3946
f 3946 761 3947
f 3947 3938 3946
f 3938 760 3939
f 3939 753 3906
f 3906 752 3938
f 3938 3939 3906
f 3930 755 3934
f 3934 759 3935
f 3935 758 3930
f 3930 3934 3935
f 3934 755 3914
f 3914 754 3933
f 3933 759 3934
f 3934 3914 3933
f 2441 279 3782
f 3782 721 3783
f 3783 280 2441
f 2441 3782 3783
f 3782 279 2512
f 2512 306 3784
f 3784 721 3782
f 3782 2512 3784
f 2515 307 4070
f 4070 793 4069
f 4069 244 2515
f 2515 4070 4069
f 4070 307 4083
f 4083 798 4084
f 4084 793 4070
f 4070 4083 4084
f 3379 606 3907
f 3907 754 3908
f 3908 607 3379
f 3379 3907 3908
f 3907 606 3905
f 3905 753 3910
f 3910 754 3907
f 3907 3905 3910
f 3912 755 3913
f 3913 748 3889
f 3889 608 3912
f 3912 3913 3889
f 3913 755 3911
f 3911 317 3886
f 3886 748 3913
f 3913 3911 3886
f 3942 761 3943
f 3943 199 2279
f 2279 198 3942
f 3942 3943 2279
f 3943 761 3946
f 3946 752 3901
f 3901 199 3943
f 3943 3946 3901
f 4492 905 4493
f 4493 420 2813
f 2813 419 4492
f 4492 4493 2813
f 4493 905 4495
f 4495 904 4487
f 4487 420 4493
f 4493 4495 4487
f 4494 905 4520
f 4520 912 4519
f 4519 902 4494
f 4494 4520 4519
f 4520 905 4531
f 4531 914 4532
f 4532 912 4520
f 4520 4531 4532
f 2476 290 4528
f 4528 914 4529
f 4529 291 2476
f 2476 4528 4529
f 4528 290 2472
f 2472 16 4527
f 4527 914 4528
f 4528 2472 4527
f 4084 798 4689
f 4689 955 4688
f 4688 793 4084
f 4084 4689 4688
f 4689 798 4711
f 4711 960 4712
f 4712 955 4689
f 4689 4711 4712
f 4757 698 3683
f 3683 412 4755
f 4755 971 4757
f 4757 3683 4755
f 3683 698 3684
f 3684 413 2792
f 2792 412 3683
f 3683 3684 2792
f 3332 591 4698
f 4698 958 4699
f 4699 592 3332
f 3332 4698 4699
f 4698 591 4709
f 4709 960 4713
f 4713 958 4698
f 4698 4709 4713
f 2574 335 4786
f 4786 977 4785
f 4785 236 2574
f 2574 4786 4785
f 4786 335 4655
f 4655 950 4787
f 4787 977 4786
f 4786 4655 4787
f 2067 84 2065
f 2065 12 2062
f 2062 83 2067
f 2067 2065 2062
f 2065 84 2066
f 2066 13 1941
f 1941 12 2065
f 2065 2066 1941
f 2690 375 2687
f 2687 40 2676
f 2676 372 2690
f 2690 2687 2676
f 2687 375 2688
f 2688 41 1979
f 1979 40 2687
f 2687 2688 1979
f 2001 57 2002
f 2002 20 1949
f 1949 19 2001
f 2001 2002 1949
f 2002 57 2003
f 2003 56 1999
f 1999 20 2002
f 2002 2003 1999
f 2673 371 2671
f 2671 66 2667
f 2667 368 2673
f 2673 2671 2667
f 2671 371 2672
f 2672 67 2026
f 2026 66 2671
f 2671 2672 2026
f 3234 107 2117
f 2117 76 3233
f 3233 557 3234
f 3234 2117 3233
f 2117 107 2118
f 2118 77 2048
f 2048 76 2117
f 2117 2118 2048
f 2071 87 2070
f 2070 15 1946
f 1946 18 2071
f 2071 2070 1946
f 2070 87 2073
f 2073 86 2068
f 2068 15 2070
f 2070 2073 2068
f 2049 78 2113
f 2113 106 2111
f 2111 70 2049
f 2049 2113 2111
f 2113 78 2051
f 2051 77 2112
f 2112 106 2113
f 2113 2051 2112
f 3820 14 2128
f 2128 111 3821
f 3821 730 3820
f 3820 2128 3821
f 2128 14 1943
f 1943 13 2127
f 2127 111 2128
f 2128 1943 2127
f 2033 70 2072
f 2072 87 2071
f 2071 18 2033
f 2033 2072 2071
f 2072 70 2111
f 2111 106 2114
f 2114 87 2072
f 2072 2111 2114
f 1999 56 2082
f 2082 92 2081
f 2081 20 1999
f 1999 2082 2081
f 2082 56 2152
f 2152 120 2154
f 2154 92 2082
f 2082 2152 2154
f 3402 616 3400
f 3400 124 3393
f 3393 613 3402
f 3402 3400 3393
f 3400 616 3401
f 3401 125 2162
f 2162 124 3400
f 3400 3401 2162
f 2657 362 2643
f 2643 156 2654
f 2654 366 2657
f 2657 2643 2654
f 2643 362 2644
f 2644 157 2210
f 2210 156 2643
f 2643 2644 2210
f 2228 170 2233
f 2233 174 2234
f 2234 171 2228
f 2228 2233 2234
f 2233 170 2236
f 2236 175 2237
f 2237 174 2233
f 2233 2236 2237
f 3823 730 3822
f 3822 283 3812
f 3812 727 3823
f 3823 3822 3812
f 3822 730 3821
f 3821 111 2451
f 2451 283 3822
f 3822 3821 2451
f 2119 107 2483
f 2483 295 2482
f 2482 105 2119
f 2119 2483 2482
f 2483 107 2485
f 2485 296 2487
f 2487 295 2483
f 2483 2485 2487
f 2742 393 2743
f 2743 327 2560
f 2560 200 2742
f 2742 2743 2560
f 2743 393 2744
f 2744 328 2563
f 2563 327 2743
f 2743 2744 2563
f 3367 603 3365
f 3365 331 3356
f 3356 600 3367
f 3367 3365 3356
f 3365 603 3366
f 3366 332 2569
f 2569 331 3365
f 3365 3366 2569
f 2655 366 2656
f 2656 175 2236
f 2236 170 2655
f 2655 2656 2236
f 2656 366 2654
f 2654 156 2235
f 2235 175 2656
f 2656 2654 2235
f 3607 329 2739
f 2739 392 3608
f 3608 681 3607
f 3607 2739 3608
f 2739 329 2565
f 2565 328 2738
f 2738 392 2739
f 2739 2565 2738
f 3857 415 2936
f 2936 466 3858
f 3858 741 3857
f 3857 2936 3858
f 2936 415 2798
f 2798 414 2935
f 2935 466 2936
f 2936 2798 2935
f 2154 120 2153
f 2153 89 2083
f 2083 92 2154
f 2154 2153 2083
f 2153 120 2794
f 2794 414 2793
f 2793 89 2153
f 2153 2794 2793
f 2652 365 2651
f 2651 157 2644
f 2644 362 2652
f 2652 2651 2644
f 2651 365 2939
f 2939 467 2937
f 2937 157 2651
f 2651 2939 2937
f 2960 474 2961
f 2961 470 2947
f 2947 469 2960
f 2960 2961 2947
f 2961 474 2962
f 2962 473 2956
f 2956 470 2961
f 2961 2962 2956
f 3233 76 2044
f 2044 31 3232
f 3232 557 3233
f 3233 2044 3232
f 2044 76 2045
f 2045 32 1966
f 1966 31 2044
f 2044 2045 1966
f 2484 294 2944
f 2944 469 2945
f 2945 295 2484
f 2484 2944 2945
f 2944 294 2958
f 2958 474 2960
f 2960 469 2944
f 2944 2958 2960
f 4206 626 3425
f 3425 515 4205
f 4205 834 4206
f 4206 3425 4205
f 3425 626 3426
f 3426 516 3081
f 3081 515 3425
f 3425 3426 3081
f 2488 297 3239
f 3239 558 3236
f 3236 288 2488
f 2488 3239 3236
f 3239 297 2490
f 2490 296 3238
f 3238 558 3239
f 3239 2490 3238
f 3115 526 3116
f 3116 467 2939
f 2939 365 3115
f 3115 3116 2939
f 3116 526 3245
f 3245 559 3243
f 3243 467 3116
f 3116 3245 3243
f 3965 765 3963
f 3963 610 3566
f 3566 669 3965
f 3965 3963 3566
f 3963 765 3964
f 3964 611 3389
f 3389 610 3963
f 3963 3964 3389
f 3598 678 3596
f 3596 614 3580
f 3580 673 3598
f 3598 3596 3580
f 3596 678 3597
f 3597 615 3399
f 3399 614 3596
f 3596 3597 3399
f 3585 673 3581
f 3581 621 3583
f 3583 674 3585
f 3585 3581 3583
f 3581 673 3580
f 3580 614 3414
f 3414 621 3581
f 3581 3580 3414
f 3430 132 3423
f 3423 625 3431
f 3431 628 3430
f 3430 3423 3431
f 3423 132 3080
f 3080 516 3424
f 3424 625 3423
f 3423 3080 3424
f 2282 200 3457
f 3457 637 3456
f 3456 198 2282
f 2282 3457 3456
f 3457 200 2560
f 2560 327 3458
f 3458 637 3457
f 3457 2560 3458
f 2564 329 3488
f 3488 650 3487
f 3487 326 2564
f 2564 3488 3487
f 3488 329 3491
f 3491 651 3493
f 3493 650 3488
f 3488 3491 3493
f 3607 681 3609
f 3609 651 3491
f 3491 329 3607
f 3607 3609 3491
f 3609 681 3610
f 3610 660 3532
f 3532 651 3609
f 3609 3610 3532
f 3384 326 3386
f 3386 610 3387
f 3387 609 3384
f 3384 3386 3387
f 3386 326 3487
f 3487 650 3489
f 3489 610 3386
f 3386 3487 3489
f 2740 391 3612
f 3612 682 3613
f 3613 392 2740
f 2740 3612 3613
f 3612 391 3636
f 3636 687 3639
f 3639 682 3612
f 3612 3636 3639
f 3618 683 3617
f 3617 660 3610
f 3610 681 3618
f 3618 3617 3610
f 3617 683 3624
f 3624 684 3622
f 3622 660 3617
f 3617 3624 3622
f 3615 683 3616
f 3616 370 2670
f 2670 369 3615
f 3615 3616 2670
f 3616 683 3619
f 3619 682 3611
f 3611 370 3616
f 3616 3619 3611
f 3625 685 3626
f 3626 22 1953
f 1953 21 3625
f 3625 3626 1953
f 3626 685 3628
f 3628 684 3620
f 3620 22 3626
f 3626 3628 3620
f 2595 344 3813
f 3813 728 3814
f 3814 345 2595
f 2595 3813 3814
f 3813 344 3816
f 3816 729 3819
f 3819 728 3813
f 3813 3816 3819
f 2807 418 3817
f 3817 729 3816
f 3816 344 2807
f 2807 3817 3816
f 3817 418 3826
f 3826 731 3828
f 3828 729 3817
f 3817 3826 3828
f 2812 420 3827
f 3827 731 3826
f 3826 418 2812
f 2812 3827 3826
f 3827 420 3832
f 3832 732 3833
f 3833 731 3827
f 3827 3832 3833
f 4487 904 4488
f 4488 732 3832
f 3832 420 4487
f 4487 4488 3832
f 4488 904 4489
f 4489 733 3836
f 3836 732 4488
f 4488 4489 3836
f 3841 735 4497
f 4497 907 4496
f 4496 734 3841
f 3841 4497 4496
f 4497 735 4499
f 4499 908 4502
f 4502 907 4497
f 4497 4499 4502
f 3848 737 3876
f 3876 744 3875
f 3875 736 3848
f 3848 3876 3875
f 3876 737 4509
f 4509 910 4510
f 4510 744 3876
f 3876 4509 4510
f 3877 743 3870
f 3870 736 3875
f 3875 744 3877
f 3877 3870 3875
f 3870 743 3871
f 3871 738 3851
f 3851 736 3870
f 3870 3871 3851
f 3866 739 3872
f 3872 743 3873
f 3873 742 3866
f 3866 3872 3873
f 3872 739 3853
f 3853 738 3871
f 3871 743 3872
f 3872 3853 3871
f 3855 740 3867
f 3867 742 3865
f 3865 563 3855
f 3855 3867 3865
f 3867 740 3856
f 3856 739 3866
f 3866 742 3867
f 3867 3856 3866
f 3113 302 3241
f 3241 559 3245
f 3245 526 3113
f 3113 3241 3245
f 3241 302 2797
f 2797 415 3242
f 3242 559 3241
f 3241 2797 3242
f 3915 756 3917
f 3917 557 3232
f 3232 31 3915
f 3915 3917 3232
f 3917 756 3918
f 3918 558 3240
f 3240 557 3917
f 3917 3918 3240
f 3390 333 3950
f 3950 762 3951
f 3951 612 3390
f 3390 3950 3951
f 3950 333 2571
f 2571 332 3949
f 3949 762 3950
f 3950 2571 3949
f 3966 764 3959
f 3959 611 3964
f 3964 765 3966
f 3966 3959 3964
f 3959 764 3962
f 3962 763 3955
f 3955 611 3959
f 3959 3962 3955
f 4199 832 4198
f 4198 174 2241
f 2241 177 4199
f 4199 4198 2241
f 4198 832 4200
f 4200 778 4017
f 4017 174 4198
f 4198 4200 4017
f 4375 815 4134
f 4134 812 4374
f 4374 872 4375
f 4375 4134 4374
f 4134 815 4135
f 4135 813 4128
f 4128 812 4134
f 4134 4135 4128
f 4234 126 4157
f 4157 822 4237
f 4237 840 4234
f 4234 4157 4237
f 4157 126 2164
f 2164 125 4156
f 4156 822 4157
f 4157 2164 4156
f 3260 471 3854
f 3854 740 3855
f 3855 563 3260
f 3260 3854 3855
f 3854 471 4165
f 4165 825 4167
f 4167 740 3854
f 3854 4165 4167
f 2948 61 4164
f 4164 825 4165
f 4165 471 2948
f 2948 4164 4165
f 4164 61 4170
f 4170 826 4173
f 4173 825 4164
f 4164 4170 4173
f 2009 60 4169
f 4169 826 4170
f 4170 61 2009
f 2009 4169 4170
f 4169 60 4174
f 4174 827 4178
f 4178 826 4169
f 4169 4174 4178
f 2206 154 4175
f 4175 827 4174
f 4174 60 2206
f 2206 4175 4174
f 4175 154 4179
f 4179 828 4183
f 4183 827 4175
f 4175 4179 4183
f 2246 180 4182
f 4182 828 4179
f 4179 154 2246
f 2246 4182 4179
f 4182 180 4187
f 4187 829 4188
f 4188 828 4182
f 4182 4187 4188
f 2248 179 4186
f 4186 829 4187
f 4187 180 2248
f 2248 4186 4187
f 4186 179 4191
f 4191 830 4193
f 4193 829 4186
f 4186 4191 4193
f 4025 780 4192
f 4192 830 4191
f 4191 179 4025
f 4025 4192 4191
f 4192 780 4196
f 4196 831 4197
f 4197 830 4192
f 4192 4196 4197
f 4026 484 4195
f 4195 831 4196
f 4196 780 4026
f 4026 4195 4196
f 4195 484 4202
f 4202 833 4203
f 4203 831 4195
f 4195 4202 4203
f 4216 836 4215
f 4215 483 3420
f 3420 624 4216
f 4216 4215 3420
f 4215 836 4220
f 4220 835 4210
f 4210 483 4215
f 4215 4220 4210
f 4116 809 4219
f 4219 836 4216
f 4216 624 4116
f 4116 4219 4216
f 4219 809 4223
f 4223 837 4225
f 4225 836 4219
f 4219 4223 4225
f 4236 840 4238
f 4238 838 4226
f 4226 808 4236
f 4236 4238 4226
f 4238 840 4237
f 4237 822 4229
f 4229 838 4238
f 4238 4237 4229
f 4130 814 4129
f 4129 625 3428
f 3428 627 4130
f 4130 4129 3428
f 4129 814 4132
f 4132 813 4125
f 4125 625 4129
f 4129 4132 4125
f 4154 821 4155
f 4155 812 4124
f 4124 811 4154
f 4154 4155 4124
f 4155 821 4403
f 4403 878 4402
f 4402 812 4155
f 4155 4403 4402
f 4131 814 4228
f 4228 838 4227
f 4227 811 4131
f 4131 4228 4227
f 4228 814 4224
f 4224 837 4230
f 4230 838 4228
f 4228 4224 4230
f 3391 612 3460
f 3460 637 3459
f 3459 609 3391
f 3391 3460 3459
f 3460 612 3951
f 3951 762 3952
f 3952 637 3460
f 3460 3951 3952
f 4396 877 4395
f 4395 615 3597
f 3597 678 4396
f 4396 4395 3597
f 4395 877 4405
f 4405 878 4400
f 4400 615 4395
f 4395 4405 4400
f 4505 909 4541
f 4541 916 4540
f 4540 906 4505
f 4505 4541 4540
f 4541 909 4524
f 4524 913 4542
f 4542 916 4541
f 4541 4524 4542
f 4543 915 4536
f 4536 906 4540
f 4540 916 4543
f 4543 4536 4540
f 4536 915 4537
f 4537 911 4514
f 4514 906 4536
f 4536 4537 4514
f 2946 470 4539
f 4539 916 4538
f 4538 85 2946
f 2946 4539 4538
f 4539 470 4534
f 4534 915 4543
f 4543 916 4539
f 4539 4534 4543
f 2068 86 4518
f 4518 912 4517
f 4517 15 2068
f 2068 4518 4517
f 4518 86 4522
f 4522 913 4525
f 4525 912 4518
f 4518 4522 4525
f 4557 922 4558
f 4558 283 2452
f 2452 282 4557
f 4557 4558 2452
f 4558 922 4560
f 4560 920 4552
f 4552 283 4558
f 4558 4560 4552
f 4554 921 4555
f 4555 728 3815
f 3815 727 4554
f 4554 4555 3815
f 4555 921 4573
f 4573 926 4571
f 4571 728 4555
f 4555 4573 4571
f 4790 978 4789
f 4789 920 4560
f 4560 922 4790
f 4790 4789 4560
f 4789 978 4794
f 4794 979 4792
f 4792 920 4789
f 4789 4794 4792
f 4795 980 4796
f 4796 926 4573
f 4573 921 4795
f 4795 4796 4573
f 4796 980 4800
f 4800 981 4799
f 4799 926 4796
f 4796 4800 4799
f 3354 600 3355
f 3355 124 2160
f 2160 123 3354
f 3354 3355 2160
f 3355 600 3356
f 3356 331 2566
f 2566 124 3355
f 3355 3356 2566
f 4208 834 4207
f 4207 778 4200
f 4200 832 4208
f 4208 4207 4200
f 4207 834 4205
f 4205 515 4018
f 4018 778 4207
f 4207 4205 4018
f 3960 674 3958
f 3958 763 3962
f 3962 764 3960
f 3960 3958 3962
f 3958 674 3583
f 3583 621 3957
f 3957 763 3958
f 3958 3583 3957
f 4206 834 4214
f 4214 835 4212
f 4212 626 4206
f 4206 4214 4212
f 4214 834 4209
f 4209 833 4213
f 4213 835 4214
f 4214 4209 4213
f 1980 42 1981
f 1981 12 1939
f 1939 11 1980
f 1980 1981 1939
f 1981 42 1983
f 1983 41 1977
f 1977 12 1981
f 1981 1983 1977
f 1982 42 4780
f 4780 976 4779
f 4779 39 1982
f 1982 4780 4779
f 4780 42 3835
f 3835 733 4781
f 4781 976 4780
f 4780 3835 4781
f 2669 368 2666
f 2666 22 2668
f 2668 369 2669
f 2669 2666 2668
f 2666 368 2665
f 2665 19 1952
f 1952 22 2666
f 2666 2665 1952
f 2667 66 2020
f 2020 19 2665
f 2665 368 2667
f 2667 2020 2665
f 2020 66 2021
f 2021 57 2001
f 2001 19 2020
f 2020 2021 2001
f 2021 66 2022
f 2022 58 2006
f 2006 57 2021
f 2021 2022 2006
f 2022 66 2023
f 2023 65 2019
f 2019 58 2022
f 2022 2023 2019
f 3847 737 3846
f 3846 65 3837
f 3837 734 3847
f 3847 3846 3837
f 3846 737 3845
f 3845 58 2019
f 2019 65 3846
f 3846 3845 2019
f 4511 910 4508
f 4508 734 4496
f 4496 907 4511
f 4511 4508 4496
f 4508 910 4509
f 4509 737 3847
f 3847 734 4508
f 4508 4509 3847
f 4514 911 4515
f 4515 907 4498
f 4498 906 4514
f 4514 4515 4498
f 4515 911 4516
f 4516 910 4511
f 4511 907 4515
f 4515 4516 4511
f 2678 371 2680
f 2680 373 2681
f 2681 372 2678
f 2678 2680 2681
f 2680 371 2675
f 2675 370 2679
f 2679 373 2680
f 2680 2675 2679
f 2024 67 2677
f 2677 372 2676
f 2676 40 2024
f 2024 2677 2676
f 2677 67 2672
f 2672 371 2678
f 2678 372 2677
f 2677 2672 2678
f 2027 68 2028
f 2028 40 1976
f 1976 39 2027
f 2027 2028 1976
f 2028 68 2030
f 2030 67 2024
f 2024 40 2028
f 2028 2030 2024
f 4782 735 3839
f 3839 39 4779
f 4779 976 4782
f 4782 3839 4779
f 3839 735 3840
f 3840 68 2027
f 2027 39 3839
f 3839 3840 2027
f 4500 908 4784
f 4784 976 4783
f 4783 903 4500
f 4500 4784 4783
f 4784 908 4499
f 4499 735 4782
f 4782 976 4784
f 4784 4499 4782
f 4503 909 4504
f 4504 903 4486
f 4486 902 4503
f 4503 4504 4486
f 4504 909 4506
f 4506 908 4500
f 4500 903 4504
f 4504 4506 4500
f 4773 722 3919
f 3919 756 4774
f 4774 974 4773
f 4773 3919 4774
f 3919 722 3787
f 3787 289 3916
f 3916 756 3919
f 3919 3787 3916
f 3777 33 2964
f 2964 475 3779
f 3779 720 3777
f 3777 2964 3779
f 2964 33 1967
f 1967 32 2963
f 2963 475 2964
f 2964 1967 2963
f 3264 564 4803
f 4803 982 4801
f 4801 406 3264
f 3264 4803 4801
f 4803 564 4805
f 4805 983 4806
f 4806 982 4803
f 4803 4805 4806
f 4807 984 4808
f 4808 892 4456
f 4456 891 4807
f 4807 4808 4456
f 4808 984 4810
f 4810 895 4464
f 4464 892 4808
f 4808 4810 4464
f 4460 894 4461
f 4461 891 4451
f 4451 786 4460
f 4460 4461 4451
f 4461 894 4809
f 4809 984 4807
f 4807 891 4461
f 4461 4809 4807
f 3266 566 3267
f 3267 247 2374
f 2374 246 3266
f 3266 3267 2374
f 3267 566 4812
f 4812 985 4811
f 4811 247 3267
f 3267 4812 4811
f 4815 986 4816
f 4816 564 3263
f 3263 405 4815
f 4815 4816 3263
f 4816 986 4817
f 4817 983 4805
f 4805 564 4816
f 4816 4817 4805
f 4792 979 4793
f 4793 921 4556
f 4556 920 4792
f 4792 4793 4556
f 4793 979 4797
f 4797 980 4795
f 4795 921 4793
f 4793 4797 4795
f 4567 925 4568
f 4568 922 4559
f 4559 693 4567
f 4567 4568 4559
f 4568 925 4791
f 4791 978 4790
f 4790 922 4568
f 4568 4791 4790
f 4745 969 4744
f 4744 182 3744
f 3744 713 4745
f 4745 4744 3744
f 4744 969 4746
f 4746 888 4442
f 4442 182 4744
f 4744 4746 4442
f 4801 982 4802
f 4802 407 2779
f 2779 406 4801
f 4801 4802 2779
f 4802 982 4804
f 4804 565 3265
f 3265 407 4802
f 4802 4804 3265
f 4444 889 4472
f 4472 897 4470
f 4470 183 4444
f 4444 4472 4470
f 4472 889 4820
f 4820 987 4821
f 4821 897 4472
f 4472 4820 4821
f 4799 981 4798
f 4798 919 4572
f 4572 926 4799
f 4799 4798 4572
f 4798 981 4825
f 4825 988 4823
f 4823 919 4798
f 4798 4825 4823
f 2191 146 4776
f 4776 975 4775
f 4775 143 2191
f 2191 4776 4775
f 4776 146 4482
f 4482 901 4778
f 4778 975 4776
f 4776 4482 4778
f 4823 988 4822
f 4822 745 4551
f 4551 919 4823
f 4823 4822 4551
f 4822 988 4824
f 4824 927 4574
f 4574 745 4822
f 4822 4824 4574
f 4730 964 4729
f 4729 573 4603
f 4603 937 4730
f 4730 4729 4603
f 4729 964 4728
f 4728 571 3281
f 3281 573 4729
f 4729 4728 3281
f 4821 987 4818
f 4818 168 4469
f 4469 897 4821
f 4821 4818 4469
f 4818 987 4819
f 4819 886 4438
f 4438 168 4818
f 4818 4819 4438
f 4811 985 4813
f 4813 795 4074
f 4074 247 4811
f 4811 4813 4074
f 4813 985 4829
f 4829 989 4826
f 4826 795 4813
f 4813 4829 4826
f 4440 887 4477
f 4477 898 4473
f 4473 169 4440
f 4440 4477 4473
f 4477 887 4831
f 4831 990 4832
f 4832 898 4477
f 4477 4831 4832
f 4832 990 4830
f 4830 880 4476
f 4476 898 4832
f 4832 4830 4476
f 4830 990 4833
f 4833 899 4478
f 4478 880 4830
f 4830 4833 4478
f 3276 572 3277
f 3277 570 3274
f 3274 569 3276
f 3276 3277 3274
f 3277 572 4458
f 4458 893 4457
f 4457 570 3277
f 3277 4458 4457
f 4826 989 4827
f 4827 957 4697
f 4697 795 4826
f 4826 4827 4697
f 4827 989 4828
f 4828 965 4734
f 4734 957 4827
f 4827 4828 4734
f 2769 398 4835
f 4835 991 4836
f 4836 404 2769
f 2769 4835 4836
f 4835 398 2755
f 2755 397 4834
f 4834 991 4835
f 4835 2755 4834
f 2775 404 4814
f 4814 986 4815
f 4815 405 2775
f 2775 4814 4815
f 4814 404 4836
f 4836 991 4837
f 4837 986 4814
f 4814 4836 4837
f 2380 251 3338
f 2356 236 4725
f 4725 963 4726
f 4726 237 2356
f 2356 4725 4726
f 4725 236 4785
f 4785 977 4788
f 4788 963 4725
f 4725 4785 4788
f 4842 992 4840
f 4840 399 3794
f 3794 723 4842
f 4842 4840 3794
f 4840 992 4839
f 4839 396 2758
f 2758 399 4840
f 4840 4839 2758
f 2762 401 3795
f 3795 723 3793
f 3793 305 2762
f 2762 3795 3793
f 3795 401 4841
f 4841 992 4842
f 4842 723 3795
f 3795 4841 4842
f 4843 994 4846
f 4846 996 4845
f 4845 993 4843
f 4843 4846 4845
f 4846 994 4844
f 4844 995 4847
f 4847 996 4846
f 4846 4844 4847
f 4850 999 4849
f 4849 997 4848
f 4848 998 4850
f 4850 4849 4848
f 4849 999 4852
f 4852 1000 4851
f 4851 997 4849
f 4849 4852 4851
f 4855 1000 4854
f 4854 1001 4856
f 4856 1002 4855
f 4855 4854 4856
f 4854 1000 4852
f 4852 999 4853
f 4853 1001 4854
f 4854 4852 4853
f 4859 1005 4858
f 4858 1003 4857
f 4857 1004 4859
f 4859 4858 4857
f 4858 1005 4861
f 4861 1006 4860
f 4860 1003 4858
f 4858 4861 4860
f 4862 1008 4865
f 4865 1010 4864
f 4864 1007 4862
f 4862 4865 4864
f 4865 1008 4863
f 4863 1009 4866
f 4866 1010 4865
f 4865 4863 4866
f 4869 1013 4868
f 4868 1011 4867
f 4867 1012 4869
f 4869 4868 4867
f 4868 1013 4871
f 4871 1014 4870
f 4870 1011 4868
f 4868 4871 4870
f 4876 1017 4875
f 4875 1015 4873
f 4873 1016 4876
f 4876 4875 4873
f 4875 1017 4878
f 4878 1018 4877
f 4877 1015 4875
f 4875 4878 4877
f 4881 1021 4880
f 4880 1019 4879
f 4879 1020 4881
f 4881 4880 4879
f 4880 1021 4883
f 4883 1022 4882
f 4882 1019 4880
f 4880 4883 4882
f 4884 1024 4887
f 4887 1026 4886
f 4886 1023 4884
f 4884 4887 4886
f 4887 1024 4885
f 4885 1025 4888
f 4888 1026 4887
f 4887 4885 4888
f 4891 1029 4890
f 4890 1027 4889
f 4889 1028 4891
f 4891 4890 4889
f 4890 1029 4893
f 4893 1030 4892
f 4892 1027 4890
f 4890 4893 4892
f 4899 1033 4898
f 4898 1031 4896
f 4896 1032 4899
f 4899 4898 4896
f 4898 1033 4901
f 4901 1034 4900
f 4900 1031 4898
f 4898 4901 4900
f 4904 1037 4903
f 4903 1035 4902
f 4902 1036 4904
f 4904 4903 4902
f 4903 1037 4906
f 4906 1038 4905
f 4905 1035 4903
f 4903 4906 4905
f 4909 1041 4908
f 4908 1039 4907
f 4907 1040 4909
f 4909 4908 4907
f 4908 1041 4911
f 4911 1042 4910
f 4910 1039 4908
f 4908 4911 4910
f 4912 1044 4915
f 4915 1046 4914
f 4914 1043 4912
f 4912 4915 4914
f 4915 1044 4913
f 4913 1045 4916
f 4916 1046 4915
f 4915 4913 4916
f 4917 1048 4923
f 4923 1050 4922
f 4922 1047 4917
f 4917 4923 4922
f 4923 1048 4920
f 4920 1049 4924
f 4924 1050 4923
f 4923 4920 4924
f 4927 1053 4926
f 4926 1051 4925
f 4925 1052 4927
f 4927 4926 4925
f 4926 1053 4929
f 4929 1054 4928
f 4928 1051 4926
f 4926 4929 4928
f 4933 1028 4931
f 4931 1055 4936
f 4936 1056 4933
f 4933 4931 4936
f 4931 1028 4889
f 4889 1027 4930
f 4930 1055 4931
f 4931 4889 4930
f 4943 1059 4942
f 4942 1057 4940
f 4940 1058 4943
f 4943 4942 4940
f 4942 1059 4948
f 4948 1060 4947
f 4947 1057 4942
f 4942 4948 4947
f 4952 1062 4950
f 4950 1008 4949
f 4949 1061 4952
f 4952 4950 4949
f 4950 1062 4951
f 4951 1009 4863
f 4863 1008 4950
f 4950 4951 4863
f 4956 1065 4955
f 4955 1063 4954
f 4954 1064 4956
f 4956 4955 4954
f 4955 1065 4960
f 4960 1066 4959
f 4959 1063 4955
f 4955 4960 4959
f 4965 1069 4964
f 4964 1067 4963
f 4963 1068 4965
f 4965 4964 4963
f 4964 1069 4969
f 4969 1070 4968
f 4968 1067 4964
f 4964 4969 4968
f 4973 1073 4972
f 4972 1071 4971
f 4971 1072 4973
f 4973 4972 4971
f 4972 1073 4977
f 4977 1074 4976
f 4976 1071 4972
f 4972 4977 4976
f 4982 1002 4979
f 4979 1075 4985
f 4985 1076 4982
f 4982 4979 4985
f 4979 1002 4856
f 4856 1001 4978
f 4978 1075 4979
f 4979 4856 4978
f 4986 1078 4993
f 4993 1080 4992
f 4992 1077 4986
f 4986 4993 4992
f 4993 1078 4990
f 4990 1079 4994
f 4994 1080 4993
f 4993 4990 4994
f 4997 1082 5002
f 5002 1084 5001
f 5001 1081 4997
f 4997 5002 5001
f 5002 1082 5000
f 5000 1083 5003
f 5003 1084 5002
f 5002 5000 5003
f 5006 1042 5005
f 5005 1085 5008
f 5008 1086 5006
f 5006 5005 5008
f 5005 1042 4911
f 4911 1041 5004
f 5004 1085 5005
f 5005 4911 5004
f 5011 1072 5010
f 5010 1087 5012
f 5012 1088 5011
f 5011 5010 5012
f 5010 1072 4971
f 4971 1071 5009
f 5009 1087 5010
f 5010 4971 5009
f 5013 1090 5016
f 5016 1092 5015
f 5015 1089 5013
f 5013 5016 5015
f 5016 1090 5014
f 5014 1091 5017
f 5017 1092 5016
f 5016 5014 5017
f 5022 1095 5021
f 5021 1093 5018
f 5018 1094 5022
f 5022 5021 5018
f 5021 1095 5026
f 5026 1096 5025
f 5025 1093 5021
f 5021 5026 5025
f 5029 1069 5027
f 5027 1097 5031
f 5031 1098 5029
f 5029 5027 5031
f 5027 1069 5034
f 5034 1099 5037
f 5037 1097 5027
f 5027 5034 5037
f 5025 1096 5039
f 5039 1100 5038
f 5038 1093 5025
f 5025 5039 5038
f 5039 1096 5041
f 5041 1101 5042
f 5042 1100 5039
f 5039 5041 5042
f 4983 1005 5043
f 5043 1102 5044
f 5044 1076 4983
f 4983 5043 5044
f 5043 1005 5046
f 5046 1103 5047
f 5047 1102 5043
f 5043 5046 5047
f 5050 1104 5049
f 5049 1076 5044
f 5044 1102 5050
f 5050 5049 5044
f 5049 1104 5048
f 5048 1002 4982
f 4982 1076 5049
f 5049 5048 4982
f 5054 1106 5053
f 5053 1104 5052
f 5052 1105 5054
f 5054 5053 5052
f 5053 1106 5058
f 5058 1107 5057
f 5057 1104 5053
f 5053 5058 5057
f 5059 1108 5060
f 5060 1107 5058
f 5058 1106 5059
f 5059 5060 5058
f 5060 1108 5064
f 5064 1109 5063
f 5063 1107 5060
f 5060 5064 5063
f 5068 1111 5066
f 5066 993 5065
f 5065 1110 5068
f 5068 5066 5065
f 5066 1111 5067
f 5067 994 4843
f 4843 993 5066
f 5066 5067 4843
f 5037 1099 5035
f 5035 1078 5028
f 5028 1097 5037
f 5037 5035 5028
f 5035 1099 5036
f 5036 1079 4990
f 4990 1078 5035
f 5035 5036 4990
f 5073 1047 5069
f 5069 1112 5074
f 5074 1113 5073
f 5073 5069 5074
f 5069 1047 4922
f 4922 1050 5070
f 5070 1112 5069
f 5069 4922 5070
f 5075 1114 5076
f 5076 1071 4970
f 4970 1064 5075
f 5075 5076 4970
f 5076 1114 5077
f 5077 1087 5009
f 5009 1071 5076
f 5076 5077 5009
f 5080 1117 5079
f 5079 1115 5078
f 5078 1116 5080
f 5080 5079 5078
f 5079 1117 5082
f 5082 1118 5081
f 5081 1115 5079
f 5079 5082 5081
f 5083 1119 5084
f 5084 1016 4873
f 4873 1015 5083
f 5083 5084 4873
f 5084 1119 5086
f 5086 1120 5085
f 5085 1016 5084
f 5084 5086 5085
f 5087 1122 5090
f 5090 1124 5089
f 5089 1121 5087
f 5087 5090 5089
f 5090 1122 5088
f 5088 1123 5091
f 5091 1124 5090
f 5090 5088 5091
f 5092 1126 5095
f 5095 1128 5094
f 5094 1125 5092
f 5092 5095 5094
f 5095 1126 5093
f 5093 1127 5096
f 5096 1128 5095
f 5095 5093 5096
f 4909 1040 5097
f 5097 1129 5098
f 5098 1041 4909
f 4909 5097 5098
f 5097 1040 5099
f 5099 1130 5100
f 5100 1129 5097
f 5097 5099 5100
f 5103 1133 5102
f 5102 1131 5101
f 5101 1132 5103
f 5103 5102 5101
f 5102 1133 5105
f 5105 1134 5104
f 5104 1131 5102
f 5102 5105 5104
f 5112 1137 5111
f 5111 1135 5110
f 5110 1136 5112
f 5112 5111 5110
f 5111 1137 5114
f 5114 1138 5113
f 5113 1135 5111
f 5111 5114 5113
f 5117 1141 5116
f 5116 1139 5115
f 5115 1140 5117
f 5117 5116 5115
f 5116 1141 5119
f 5119 1142 5118
f 5118 1139 5116
f 5116 5119 5118
f 5123 1116 5121
f 5121 1143 5124
f 5124 1144 5123
f 5123 5121 5124
f 5121 1116 5078
f 5078 1115 5120
f 5120 1143 5121
f 5121 5078 5120
f 5129 1146 5127
f 5127 1054 5125
f 5125 1145 5129
f 5129 5127 5125
f 5127 1146 5126
f 5126 1051 4928
f 4928 1054 5127
f 5127 5126 4928
f 5132 1149 5131
f 5131 1147 5130
f 5130 1148 5132
f 5132 5131 5130
f 5131 1149 5134
f 5134 1150 5133
f 5133 1147 5131
f 5131 5134 5133
f 5139 1153 5138
f 5138 1151 5136
f 5136 1152 5139
f 5139 5138 5136
f 5138 1153 5137
f 5137 1018 5135
f 5135 1151 5138
f 5138 5137 5135
f 5142 1156 5141
f 5141 1154 5140
f 5140 1155 5142
f 5142 5141 5140
f 5141 1156 5144
f 5144 1157 5143
f 5143 1154 5141
f 5141 5144 5143
f 5151 1160 5150
f 5150 1158 5147
f 5147 1159 5151
f 5151 5150 5147
f 5150 1160 5153
f 5153 1161 5152
f 5152 1158 5150
f 5150 5153 5152
f 5154 1163 5157
f 5157 1165 5156
f 5156 1162 5154
f 5154 5157 5156
f 5157 1163 5155
f 5155 1164 5158
f 5158 1165 5157
f 5157 5155 5158
f 5161 1167 5168
f 5168 1169 5167
f 5167 1166 5161
f 5161 5168 5167
f 5168 1167 5164
f 5164 1168 5169
f 5169 1169 5168
f 5168 5164 5169
f 5178 1172 5177
f 5177 1170 5175
f 5175 1171 5178
f 5178 5177 5175
f 5177 1172 5180
f 5180 1173 5179
f 5179 1170 5177
f 5177 5180 5179
f 5185 1176 5184
f 5184 1174 5183
f 5183 1175 5185
f 5185 5184 5183
f 5184 1176 5189
f 5189 1177 5188
f 5188 1174 5184
f 5184 5189 5188
f 5192 1180 5191
f 5191 1178 5190
f 5190 1179 5192
f 5192 5191 5190
f 5191 1180 5194
f 5194 1181 5193
f 5193 1178 5191
f 5191 5194 5193
f 5197 1184 5196
f 5196 1182 5195
f 5195 1183 5197
f 5197 5196 5195
f 5196 1184 5199
f 5199 1185 5198
f 5198 1182 5196
f 5196 5199 5198
f 5203 1188 5202
f 5202 1186 5201
f 5201 1187 5203
f 5203 5202 5201
f 5202 1188 5205
f 5205 1189 5204
f 5204 1186 5202
f 5202 5205 5204
f 5207 1119 5206
f 5206 1190 5209
f 5209 1191 5207
f 5207 5206 5209
f 5206 1119 5211
f 5211 1192 5212
f 5212 1190 5206
f 5206 5211 5212
f 5213 1194 5217
f 5217 1196 5216
f 5216 1193 5213
f 5213 5217 5216
f 5217 1194 5214
f 5214 1195 5218
f 5218 1196 5217
f 5217 5214 5218
f 4905 1038 5220
f 5220 1197 5219
f 5219 1035 4905
f 4905 5220 5219
f 5220 1038 5221
f 5221 1198 5222
f 5222 1197 5220
f 5220 5221 5222
f 5227 1201 5226
f 5226 1199 5223
f 5223 1200 5227
f 5227 5226 5223
f 5226 1201 5231
f 5231 1202 5230
f 5230 1199 5226
f 5226 5231 5230
f 5232 1203 5233
f 5233 1132 5101
f 5101 1131 5232
f 5232 5233 5101
f 5233 1203 5235
f 5235 1204 5234
f 5234 1132 5233
f 5233 5235 5234
f 5241 1207 5240
f 5240 1205 5238
f 5238 1206 5241
f 5241 5240 5238
f 5240 1207 5243
f 5243 1208 5242
f 5242 1205 5240
f 5240 5243 5242
f 5004 1041 5244
f 5244 1209 5245
f 5245 1085 5004
f 5004 5244 5245
f 5244 1041 5098
f 5098 1129 5246
f 5246 1209 5244
f 5244 5098 5246
f 5250 1206 5248
f 5248 1210 5252
f 5252 1211 5250
f 5250 5248 5252
f 5248 1206 5238
f 5238 1205 5247
f 5247 1210 5248
f 5248 5238 5247
f 5257 1216 5256
f 5256 1214 5255
f 5255 1215 5257
f 5257 5256 5255
f 5256 1216 5259
f 5259 1217 5258
f 5258 1214 5256
f 5256 5259 5258
f 5262 1218 5261
f 5261 1219 5263
f 5263 5262 5261
f 5264 1218 5262
f 5266 1220 5265
f 5265 1214 5258
f 5258 1217 5266
f 5266 5265 5258
f 5265 1220 5268
f 5268 1221 5267
f 5267 1214 5265
f 5265 5268 5267
f 5274 995 5277
f 5275 1223 5272
f 5272 995 5274
f 5274 5275 5272
f 5259 1216 5279
f 5279 1225 5280
f 5280 1217 5259
f 5259 5279 5280
f 5279 1216 5278
f 5278 1224 5281
f 5281 1225 5279
f 5279 5278 5281
f 5283 1226 5282
f 5282 1085 5245
f 5245 1209 5283
f 5283 5282 5245
f 5282 1226 5286
f 5286 1227 5284
f 5284 1085 5282
f 5282 5286 5284
f 5289 1229 5294
f 5294 1231 5293
f 5293 1228 5289
f 5289 5294 5293
f 5294 1229 5290
f 5290 1230 5295
f 5295 1231 5294
f 5294 5290 5295
f 5296 1232 5297
f 5297 1211 5252
f 5252 1210 5296
f 5296 5297 5252
f 5297 1232 5301
f 5301 1233 5299
f 5299 1211 5297
f 5297 5301 5299
f 5284 1227 5285
f 5285 1086 5008
f 5008 1085 5284
f 5284 5285 5008
f 5285 1227 5303
f 5303 1234 5302
f 5302 1086 5285
f 5285 5303 5302
f 5305 1236 5306
f 5306 1235 5304
f 5304 1088 5305
f 5305 5306 5304
f 5306 1236 5308
f 5308 1237 5307
f 5307 1235 5306
f 5306 5308 5307
f 5312 1240 5311
f 5311 1238 5310
f 5310 1239 5312
f 5312 5311 5310
f 5311 1240 5316
f 5316 1241 5315
f 5315 1238 5311
f 5311 5316 5315
f 5325 1246 5324
f 5324 1244 5323
f 5323 1245 5325
f 5325 5324 5323
f 5324 1246 5328
f 5328 1247 5327
f 5327 1244 5324
f 5324 5328 5327
f 5296 1210 5331
f 5331 1249 5332
f 5332 1232 5296
f 5296 5331 5332
f 5331 1210 5330
f 5330 1248 5333
f 5333 1249 5331
f 5331 5330 5333
f 5337 1251 5338
f 5338 1250 5334
f 5334 1248 5337
f 5337 5338 5334
f 5338 1251 5340
f 5340 1252 5339
f 5339 1250 5338
f 5338 5340 5339
f 5346 1255 5345
f 5345 1253 5343
f 5343 1254 5346
f 5346 5345 5343
f 5345 1255 5348
f 5348 1256 5347
f 5347 1253 5345
f 5345 5348 5347
f 5349 1257 5350
f 5350 1138 5114
f 5114 1137 5349
f 5349 5350 5114
f 5350 1257 5353
f 5353 1258 5351
f 5351 1138 5350
f 5350 5353 5351
f 5355 1260 5356
f 5356 1239 5310
f 5310 1238 5355
f 5355 5356 5310
f 5356 1260 5358
f 5358 1261 5357
f 5357 1239 5356
f 5356 5358 5357
f 5365 1263 5363
f 5363 1235 5359
f 5359 1262 5365
f 5365 5363 5359
f 5363 1263 5369
f 5369 1264 5368
f 5368 1235 5363
f 5363 5369 5368
f 5372 1267 5371
f 5371 1265 5370
f 5370 1266 5372
f 5372 5371 5370
f 5371 1267 5374
f 5374 1268 5373
f 5373 1265 5371
f 5371 5374 5373
f 5375 1269 5376
f 5376 1266 5370
f 5370 1265 5375
f 5375 5376 5370
f 5376 1269 5378
f 5378 1270 5377
f 5377 1266 5376
f 5376 5378 5377
f 5383 1272 5384
f 5384 1271 5379
f 5379 1101 5383
f 5383 5384 5379
f 5384 1272 5388
f 5388 1273 5387
f 5387 1271 5384
f 5384 5388 5387
f 5047 1103 5390
f 5390 1274 5389
f 5389 1102 5047
f 5047 5390 5389
f 5390 1103 5392
f 5392 1275 5393
f 5393 1274 5390
f 5390 5392 5393
f 5395 1244 5321
f 5321 1224 5394
f 5394 1276 5395
f 5395 5321 5394
f 5321 1244 5322
f 5322 1225 5281
f 5281 1224 5321
f 5321 5322 5281
f 5327 1247 5326
f 5326 1225 5322
f 5322 1244 5327
f 5327 5326 5322
f 5326 1247 5400
f 5400 1277 5399
f 5399 1225 5326
f 5326 5400 5399
f 5302 1234 5405
f 5405 1278 5403
f 5403 1086 5302
f 5302 5405 5403
f 5405 1234 5407
f 5407 1279 5408
f 5408 1278 5405
f 5405 5407 5408
f 5401 1063 5007
f 5007 1086 5403
f 5403 1278 5401
f 5401 5007 5403
f 5007 1063 4953
f 4953 1042 5006
f 5006 1086 5007
f 5007 4953 5006
f 5409 1027 5410
f 5410 1281 5412
f 5412 1280 5409
f 5409 5410 5412
f 5410 1027 4892
f 4892 1030 5411
f 5411 1281 5410
f 5410 4892 5411
f 5417 1283 5415
f 5415 1094 5413
f 5413 1282 5417
f 5417 5415 5413
f 5415 1283 5416
f 5416 1095 5022
f 5022 1094 5415
f 5415 5416 5022
f 5418 1284 5419
f 5419 1208 5243
f 5243 1207 5418
f 5418 5419 5243
f 5419 1284 5421
f 5421 1285 5420
f 5420 1208 5419
f 5419 5421 5420
f 5426 1288 5425
f 5425 1286 5423
f 5423 1287 5426
f 5426 5425 5423
f 5425 1288 5431
f 5431 1289 5430
f 5430 1286 5425
f 5425 5431 5430
f 5433 1287 5436
f 5436 1291 5437
f 5437 1290 5433
f 5433 5436 5437
f 5436 1287 5423
f 5423 1286 5435
f 5435 1291 5436
f 5436 5423 5435
f 5441 1292 5440
f 5440 1290 5437
f 5437 1291 5441
f 5441 5440 5437
f 5440 1292 5443
f 5443 1293 5442
f 5442 1290 5440
f 5440 5443 5442
f 5001 1084 5445
f 5445 1294 5444
f 5444 1081 5001
f 5001 5445 5444
f 5445 1084 5446
f 5446 1295 5447
f 5447 1294 5445
f 5445 5446 5447
f 5450 1296 5458
f 5458 1298 5457
f 5457 1271 5450
f 5450 5458 5457
f 5458 1296 5454
f 5454 1297 5459
f 5459 1298 5458
f 5458 5454 5459
f 5463 1299 5461
f 5461 1239 5361
f 5361 1262 5463
f 5463 5461 5361
f 5461 1299 5462
f 5462 1240 5312
f 5312 1239 5461
f 5461 5462 5312
f 5472 1303 5469
f 5469 1175 5468
f 5468 1302 5472
f 5472 5469 5468
f 5469 1303 5470
f 5470 1176 5185
f 5185 1175 5469
f 5469 5470 5185
f 5480 1305 5479
f 5479 1138 5473
f 5473 1304 5480
f 5480 5479 5473
f 5479 1305 5478
f 5478 1135 5113
f 5113 1138 5479
f 5479 5478 5113
f 5486 1308 5485
f 5485 1306 5482
f 5482 1307 5486
f 5486 5485 5482
f 5485 1308 5490
f 5490 1309 5489
f 5489 1306 5485
f 5485 5490 5489
f 5493 1218 5264
f 5496 1313 5495
f 5495 1311 5494
f 5494 1312 5496
f 5496 5495 5494
f 5495 1313 5499
f 5499 1314 5498
f 5498 1311 5495
f 5495 5499 5498
f 5152 1161 5501
f 5501 1315 5500
f 5500 1158 5152
f 5152 5501 5500
f 5501 1161 5502
f 5502 1316 5504
f 5504 1315 5501
f 5501 5502 5504
f 5509 1317 5510
f 5510 1222 5269
f 5269 1151 5509
f 5509 5510 5269
f 5510 1317 5511
f 5511 1223 5273
f 5273 1222 5510
f 5510 5511 5273
f 5514 1320 5513
f 5513 1318 5512
f 5512 1319 5514
f 5514 5513 5512
f 5513 1320 5517
f 5517 1321 5516
f 5516 1318 5513
f 5513 5517 5516
f 5520 1324 5519
f 5519 1322 5518
f 5518 1323 5520
f 5520 5519 5518
f 5519 1324 5523
f 5523 1325 5522
f 5522 1322 5519
f 5519 5523 5522
f 5529 1327 5527
f 5527 1228 5526
f 5526 1326 5529
f 5529 5527 5526
f 5527 1327 5528
f 5528 1229 5289
f 5289 1228 5527
f 5527 5528 5289
f 5532 1330 5531
f 5531 1328 5530
f 5530 1329 5532
f 5532 5531 5530
f 5531 1330 5534
f 5534 1331 5533
f 5533 1328 5531
f 5531 5534 5533
f 5503 1256 5535
f 5535 1332 5537
f 5537 1316 5503
f 5503 5535 5537
f 5535 1256 5539
f 5539 1333 5540
f 5540 1332 5535
f 5535 5539 5540
f 5543 1335 5548
f 5548 1337 5547
f 5547 1334 5543
f 5543 5548 5547
f 5548 1335 5544
f 5544 1336 5549
f 5549 1337 5548
f 5548 5544 5549
f 5552 1340 5551
f 5551 1338 5550
f 5550 1339 5552
f 5552 5551 5550
f 5551 1340 5555
f 5555 1341 5554
f 5554 1338 5551
f 5551 5555 5554
f 5299 1233 5298
f 5298 1209 5251
f 5251 1211 5299
f 5299 5298 5251
f 5298 1233 5300
f 5300 1226 5283
f 5283 1209 5298
f 5298 5300 5283
f 5246 1129 5249
f 5249 1211 5251
f 5251 1209 5246
f 5246 5249 5251
f 5249 1129 5236
f 5236 1206 5250
f 5250 1211 5249
f 5249 5236 5250
f 5241 1206 5237
f 5237 1130 5239
f 5239 1207 5241
f 5241 5237 5239
f 5237 1206 5236
f 5236 1129 5100
f 5100 1130 5237
f 5237 5236 5100
f 5560 1344 5559
f 5559 1342 5556
f 5556 1343 5560
f 5560 5559 5556
f 5559 1344 5563
f 5563 1345 5562
f 5562 1342 5559
f 5559 5563 5562
f 5234 1204 5567
f 5567 1346 5566
f 5566 1132 5234
f 5234 5567 5566
f 5567 1204 5570
f 5570 1347 5571
f 5571 1346 5567
f 5567 5570 5571
f 5577 1348 5574
f 5574 1132 5566
f 5566 1346 5577
f 5577 5574 5566
f 5574 1348 5575
f 5575 1133 5103
f 5103 1132 5574
f 5574 5575 5103
f 5178 1171 5173
f 5173 1145 5176
f 5176 1172 5178
f 5178 5173 5176
f 5173 1171 5174
f 5174 1146 5129
f 5129 1145 5173
f 5173 5174 5129
f 5133 1150 5163
f 5163 1168 5162
f 5162 1147 5133
f 5133 5163 5162
f 5163 1150 5165
f 5165 1169 5169
f 5169 1168 5163
f 5163 5165 5169
f 5578 1349 5587
f 5587 1351 5586
f 5586 1125 5578
f 5578 5587 5586
f 5587 1349 5584
f 5584 1350 5588
f 5588 1351 5587
f 5587 5584 5588
f 5213 1193 5593
f 5593 1353 5594
f 5594 1194 5213
f 5213 5593 5594
f 5593 1193 5590
f 5590 1352 5596
f 5596 1353 5593
f 5593 5590 5596
f 5603 1356 5602
f 5602 1354 5600
f 5600 1355 5603
f 5603 5602 5600
f 5602 1356 5607
f 5607 1357 5606
f 5606 1354 5602
f 5602 5607 5606
f 5618 1359 5617
f 5617 1357 5612
f 5612 1358 5618
f 5618 5617 5612
f 5617 1359 5616
f 5616 1354 5606
f 5606 1357 5617
f 5617 5616 5606
f 5618 1358 5609
f 5609 1162 5614
f 5614 1359 5618
f 5618 5609 5614
f 5609 1358 5610
f 5610 1163 5154
f 5154 1162 5609
f 5609 5610 5154
f 4998 1083 4999
f 4999 1014 4871
f 4871 1013 4998
f 4998 4999 4871
f 4999 1083 5000
f 5000 1082 4995
f 4995 1014 4999
f 4999 5000 4995
f 5624 1361 5628
f 5628 1363 5627
f 5627 1360 5624
f 5624 5628 5627
f 5628 1361 5625
f 5625 1362 5629
f 5629 1363 5628
f 5628 5625 5629
f 5641 1366 5640
f 5640 1364 5637
f 5637 1365 5641
f 5641 5640 5637
f 5640 1366 5645
f 5645 1367 5644
f 5644 1364 5640
f 5640 5645 5644
f 5391 1105 5051
f 5051 1102 5389
f 5389 1274 5391
f 5391 5051 5389
f 5051 1105 5052
f 5052 1104 5050
f 5050 1102 5051
f 5051 5052 5050
f 5648 998 5653
f 5653 1369 5655
f 5655 1368 5648
f 5648 5653 5655
f 5653 998 4848
f 4848 997 5652
f 5652 1369 5653
f 5653 4848 5652
f 5652 997 5656
f 5656 1370 5659
f 5659 1369 5652
f 5652 5656 5659
f 5656 997 5061
f 5061 1109 5657
f 5657 1370 5656
f 5656 5061 5657
f 5660 1371 5661
f 5661 1109 5064
f 5064 1108 5660
f 5660 5661 5064
f 5661 1371 5662
f 5662 1370 5657
f 5657 1109 5661
f 5661 5662 5657
f 5253 1152 5270
f 5270 1222 5271
f 5271 1213 5253
f 5253 5270 5271
f 5270 1152 5136
f 5136 1151 5269
f 5269 1222 5270
f 5270 5136 5269
f 5672 1374 5671
f 5671 1372 5669
f 5669 1373 5672
f 5672 5671 5669
f 5671 1374 5677
f 5677 1375 5676
f 5676 1372 5671
f 5671 5677 5676
f 5663 385 5668
f 5668 1373 5669
f 5669 1372 5663
f 5663 5668 5669
f 5668 385 2723
f 2723 384 5667
f 5667 1373 5668
f 5668 2723 5667
f 5648 1368 5649
f 5649 1016 4872
f 4872 998 5648
f 5648 5649 4872
f 5649 1368 5650
f 5650 1017 4876
f 4876 1016 5649
f 5649 5650 4876
f 4844 994 5276
f 5277 995 4844
f 4844 5276 5277
f 5276 994 5678
f 5678 994 5679
f 5679 994 5067
f 5067 1111 5680
f 5679 5067 5680
f 5683 1197 5684
f 5684 1378 5686
f 5686 1377 5683
f 5683 5684 5686
f 5684 1197 5222
f 5222 1198 5685
f 5685 1378 5684
f 5684 5222 5685
f 5688 1379 5687
f 5687 1377 5686
f 5686 1378 5688
f 5688 5687 5686
f 5687 1379 5690
f 5690 1380 5689
f 5689 1377 5687
f 5687 5690 5689
f 5696 1382 5700
f 5700 1383 5699
f 5699 1381 5696
f 5696 5700 5699
f 5700 1382 5694
f 5694 1320 5698
f 5698 1383 5700
f 5700 5694 5698
f 5702 1384 5701
f 5701 1039 4957
f 4957 1066 5702
f 5702 5701 4957
f 5701 1384 5705
f 5705 1385 5703
f 5703 1039 5701
f 5701 5705 5703
f 5714 1387 5710
f 5710 396 5706
f 5706 1386 5714
f 5714 5710 5706
f 5710 1387 5711
f 5711 397 2752
f 2752 396 5710
f 5710 5711 2752
f 5459 1297 5451
f 5451 400 5455
f 5455 1298 5459
f 5459 5451 5455
f 5451 1297 5452
f 5452 401 2763
f 2763 400 5451
f 5451 5452 2763
f 5725 1390 5724
f 5724 1388 5720
f 5720 1389 5725
f 5725 5724 5720
f 5724 1390 5729
f 5729 1391 5728
f 5728 1388 5724
f 5724 5729 5728
f 5731 1260 5736
f 5736 1393 5737
f 5737 1392 5731
f 5731 5736 5737
f 5736 1260 5355
f 5355 1238 5735
f 5735 1393 5736
f 5736 5355 5735
f 5738 1395 5741
f 5741 1397 5740
f 5740 1394 5738
f 5738 5741 5740
f 5741 1395 5739
f 5739 1396 5742
f 5742 1397 5741
f 5741 5739 5742
f 5743 1398 5744
f 5744 1264 5369
f 5369 1263 5743
f 5743 5744 5369
f 5744 1398 5750
f 5750 1399 5749
f 5749 1264 5744
f 5744 5750 5749
f 5751 1081 5754
f 5754 1401 5756
f 5756 1400 5751
f 5751 5754 5756
f 5754 1081 5444
f 5444 1294 5755
f 5755 1401 5754
f 5754 5444 5755
f 5379 1271 5761
f 5761 1402 5760
f 5760 1101 5379
f 5379 5761 5760
f 5761 1271 5457
f 5457 1298 5762
f 5762 1402 5761
f 5761 5457 5762
f 5549 1336 5765
f 5765 1403 5766
f 5766 1337 5549
f 5549 5765 5766
f 5765 1336 5767
f 5767 1404 5768
f 5768 1403 5765
f 5765 5767 5768
f 5773 1406 5772
f 5772 1404 5769
f 5769 1405 5773
f 5773 5772 5769
f 5772 1406 5771
f 5771 1403 5768
f 5768 1404 5772
f 5772 5771 5768
f 4952 1061 5380
f 5380 1272 5381
f 5381 1062 4952
f 4952 5380 5381
f 5380 1061 4962
f 4962 1068 5382
f 5382 1272 5380
f 5380 4962 5382
f 5776 1409 5775
f 5775 1407 5774
f 5774 1408 5776
f 5776 5775 5774
f 5775 1409 5778
f 5778 1410 5777
f 5777 1407 5775
f 5775 5778 5777
f 5784 1413 5783
f 5783 1411 5782
f 5782 1412 5784
f 5784 5783 5782
f 5783 1413 5786
f 5786 1414 5785
f 5785 1411 5783
f 5783 5786 5785
f 5794 1417 5793
f 5793 1415 5792
f 5792 1416 5794
f 5794 5793 5792
f 5793 1417 5797
f 5797 1418 5796
f 5796 1415 5793
f 5793 5797 5796
f 5807 1421 5806
f 5806 1419 5801
f 5801 1420 5807
f 5807 5806 5801
f 5806 1421 5805
f 5805 1418 5798
f 5798 1419 5806
f 5806 5805 5798
f 5498 1314 5800
f 5800 1420 5799
f 5799 1311 5498
f 5498 5800 5799
f 5800 1314 5804
f 5804 1421 5807
f 5807 1420 5800
f 5800 5804 5807
f 5813 1424 5812
f 5812 1422 5809
f 5809 1423 5813
f 5813 5812 5809
f 5812 1424 5818
f 5818 1425 5817
f 5817 1422 5812
f 5812 5818 5817
f 5826 1428 5825
f 5825 1426 5822
f 5822 1427 5826
f 5826 5825 5822
f 5825 1428 5829
f 5829 1429 5828
f 5828 1426 5825
f 5825 5829 5828
f 5836 1432 5835
f 5835 1430 5832
f 5832 1431 5836
f 5836 5835 5832
f 5835 1432 5840
f 5840 1433 5839
f 5839 1430 5835
f 5835 5840 5839
f 5839 1433 5837
f 5837 1036 5830
f 5830 1430 5839
f 5839 5837 5830
f 5837 1433 5838
f 5838 1037 4904
f 4904 1036 5837
f 5837 5838 4904
f 5742 1396 5842
f 5842 1435 5843
f 5843 1397 5742
f 5742 5842 5843
f 5842 1396 5841
f 5841 1434 5844
f 5844 1435 5842
f 5842 5841 5844
f 5851 1438 5850
f 5850 1436 5849
f 5849 1437 5851
f 5851 5850 5849
f 5850 1438 5854
f 5854 1439 5853
f 5853 1436 5850
f 5850 5854 5853
f 5862 1442 5861
f 5861 1440 5858
f 5858 1441 5862
f 5862 5861 5858
f 5861 1442 5866
f 5866 1443 5865
f 5865 1440 5861
f 5861 5866 5865
f 5877 1446 5876
f 5876 1444 5873
f 5873 1445 5877
f 5877 5876 5873
f 5876 1446 5879
f 5879 1447 5878
f 5878 1444 5876
f 5876 5879 5878
f 5889 1449 5886
f 5886 1200 5880
f 5880 1448 5889
f 5889 5886 5880
f 5886 1449 5887
f 5887 1201 5227
f 5227 1200 5886
f 5886 5887 5227
f 5738 1394 5890
f 5890 1450 5891
f 5891 1395 5738
f 5738 5890 5891
f 5890 1394 5892
f 5892 1451 5893
f 5893 1450 5890
f 5890 5892 5893
f 5894 1113 5753
f 5753 1400 5895
f 5895 1452 5894
f 5894 5753 5895
f 5753 1113 5074
f 5074 1112 5752
f 5752 1400 5753
f 5753 5074 5752
f 5901 1454 5898
f 5898 1148 5897
f 5897 1453 5901
f 5901 5898 5897
f 5898 1454 5899
f 5899 1149 5132
f 5132 1148 5898
f 5898 5899 5132
f 4986 1077 5902
f 5902 1455 5903
f 5903 1078 4986
f 4986 5902 5903
f 5902 1077 5906
f 5906 1456 5907
f 5907 1455 5902
f 5902 5906 5907
f 5913 1458 5911
f 5911 1052 5908
f 5908 1457 5913
f 5913 5911 5908
f 5911 1458 5912
f 5912 1053 4927
f 4927 1052 5911
f 5911 5912 4927
f 5438 1292 5439
f 5439 1020 4879
f 4879 1019 5438
f 5438 5439 4879
f 5439 1292 5441
f 5441 1291 5434
f 5434 1020 5439
f 5439 5441 5434
f 4881 1020 5919
f 5919 1460 5920
f 5920 1021 4881
f 4881 5919 5920
f 5919 1020 5914
f 5914 1459 5922
f 5922 1460 5919
f 5919 5914 5922
f 4967 1026 4961
f 4961 1067 4968
f 4968 1070 4967
f 4967 4961 4968
f 4961 1026 5924
f 5924 1461 5925
f 5925 1067 4961
f 4961 5924 5925
f 5434 1291 5916
f 5916 1459 5914
f 5914 1020 5434
f 5434 5916 5914
f 5916 1291 5435
f 5435 1286 5915
f 5915 1459 5916
f 5916 5435 5915
f 4855 1002 5056
f 5056 1107 5055
f 5055 1000 4855
f 4855 5056 5055
f 5056 1002 5048
f 5048 1104 5057
f 5057 1107 5056
f 5056 5048 5057
f 4851 1000 5062
f 5062 1109 5061
f 5061 997 4851
f 4851 5062 5061
f 5062 1000 5055
f 5055 1107 5063
f 5063 1109 5062
f 5062 5055 5063
f 5068 1110 5681
f 5681 1376 5682
f 5682 1111 5068
f 5068 5681 5682
f 5681 1110 5927
f 5927 1462 5930
f 5930 1376 5681
f 5681 5927 5930
f 5028 1078 5427
f 5427 1289 5428
f 5428 1097 5028
f 5028 5427 5428
f 5427 1078 5903
f 5903 1455 5905
f 5905 1289 5427
f 5427 5903 5905
f 4933 1056 5565
f 5565 1346 5564
f 5564 1028 4933
f 4933 5565 5564
f 5565 1056 5573
f 5573 1348 5577
f 5577 1346 5565
f 5565 5573 5577
f 5571 1347 5568
f 5568 1028 5564
f 5564 1346 5571
f 5571 5568 5564
f 5568 1347 5569
f 5569 1029 4891
f 4891 1028 5568
f 5568 5569 4891
f 5931 1463 5934
f 5934 1451 5892
f 5892 1394 5931
f 5931 5934 5892
f 5934 1463 5937
f 5937 1464 5936
f 5936 1451 5934
f 5934 5937 5936
f 5940 1466 5951
f 5951 1468 5950
f 5950 1465 5940
f 5940 5951 5950
f 5951 1466 5945
f 5945 1467 5952
f 5952 1468 5951
f 5951 5945 5952
f 5958 1471 5957
f 5957 1469 5955
f 5955 1470 5958
f 5958 5957 5955
f 5957 1471 5960
f 5960 1472 5959
f 5959 1469 5957
f 5957 5960 5959
f 5963 1475 5962
f 5962 1473 5961
f 5961 1474 5963
f 5963 5962 5961
f 5962 1475 5965
f 5965 1476 5964
f 5964 1473 5962
f 5962 5965 5964
f 5969 1478 5975
f 5975 1480 5974
f 5974 1477 5969
f 5969 5975 5974
f 5975 1478 5972
f 5972 1479 5976
f 5976 1480 5975
f 5975 5972 5976
f 5399 1277 5397
f 5397 1217 5280
f 5280 1225 5399
f 5399 5397 5280
f 5397 1277 5398
f 5398 1220 5266
f 5266 1217 5397
f 5397 5398 5266
f 5978 1215 5977
f 5979 1216 5257
f 5257 1215 5978
f 5978 5979 5257
f 5981 1481 5980
f 5980 1087 5077
f 5077 1114 5981
f 5981 5980 5077
f 5980 1481 5986
f 5986 1482 5983
f 5983 1087 5980
f 5980 5986 5983
f 5987 1259 5464
f 5464 1300 5988
f 5988 1483 5987
f 5987 5464 5988
f 5976 1479 5970
f 5970 1434 5973
f 5973 1480 5976
f 5976 5970 5973
f 5970 1479 5971
f 5971 1435 5844
f 5844 1434 5970
f 5970 5971 5844
f 5989 1216 5979
f 5990 1224 5278
f 5278 1216 5989
f 5989 5990 5278
f 4959 1066 4958
f 4958 1042 4953
f 4953 1063 4959
f 4959 4958 4953
f 4958 1066 4957
f 4957 1039 4910
f 4910 1042 4958
f 4958 4957 4910
f 5992 1484 5993
f 5993 1074 4977
f 4977 1073 5992
f 5992 5993 4977
f 5993 1484 5996
f 5996 1485 5995
f 5995 1074 5993
f 5993 5996 5995
f 6003 1488 6002
f 6002 1486 6000
f 6000 1487 6003
f 6003 6002 6000
f 6002 1488 6006
f 6006 1489 6005
f 6005 1486 6002
f 6002 6006 6005
f 6012 1492 6011
f 6011 1490 6009
f 6009 1491 6012
f 6012 6011 6009
f 6011 1492 6015
f 6015 1493 6014
f 6014 1490 6011
f 6011 6015 6014
f 6016 1494 6017
f 6017 1130 5099
f 5099 1040 6016
f 6016 6017 5099
f 6017 1494 6026
f 6026 1495 6021
f 6021 1130 6017
f 6017 6026 6021
f 6030 1498 6029
f 6029 1496 6028
f 6028 1497 6030
f 6030 6029 6028
f 6029 1498 6033
f 6033 1499 6032
f 6032 1496 6029
f 6029 6033 6032
f 5596 1352 5589
f 5589 1186 5591
f 5591 1353 5596
f 5596 5589 5591
f 5589 1352 6037
f 6037 1500 6035
f 6035 1186 5589
f 5589 6037 6035
f 6038 1501 6039
f 6039 1123 5088
f 5088 1122 6038
f 6038 6039 5088
f 6039 1501 6041
f 6041 1502 6040
f 6040 1123 6039
f 6039 6041 6040
f 6042 1503 6043
f 6043 1479 5972
f 5972 1478 6042
f 6042 6043 5972
f 6043 1503 6047
f 6047 1504 6046
f 6046 1479 6043
f 6043 6047 6046
f 5230 1202 5789
f 5789 1415 5788
f 5788 1199 5230
f 5230 5789 5788
f 5789 1202 5228
f 5228 1189 5787
f 5787 1415 5789
f 5789 5228 5787
f 5857 1441 5856
f 5856 1394 5740
f 5740 1397 5857
f 5857 5856 5740
f 5856 1441 5933
f 5933 1463 5931
f 5931 1394 5856
f 5856 5933 5931
f 5936 1464 6051
f 6051 1505 6050
f 6050 1451 5936
f 5936 6051 6050
f 6051 1464 5935
f 5935 1447 6049
f 6049 1505 6051
f 6051 5935 6049
f 6060 1508 6059
f 6059 1506 6057
f 6057 1507 6060
f 6060 6059 6057
f 6059 1508 6058
f 6058 1043 6052
f 6052 1506 6059
f 6059 6058 6052
f 5780 1412 5781
f 5781 1380 5690
f 5690 1379 5780
f 5780 5781 5690
f 5781 1412 5782
f 5782 1411 5779
f 5779 1380 5781
f 5781 5782 5779
f 6046 1504 6044
f 6044 1435 5971
f 5971 1479 6046
f 6046 6044 5971
f 6044 1504 6045
f 6045 1442 5860
f 5860 1435 6044
f 6044 6045 5860
f 5715 1261 5719
f 5719 1389 5720
f 5720 1388 5715
f 5715 5719 5720
f 5719 1261 5358
f 5358 1260 5718
f 5718 1389 5719
f 5719 5358 5718
f 6064 1510 6066
f 6066 1509 6061
f 6061 1245 6064
f 6064 6066 6061
f 6066 1510 6069
f 6068 1509 6066
f 6066 6069 6068
f 5511 1317 5505
f 5505 995 5272
f 5272 1223 5511
f 5511 5505 5272
f 5505 1317 5506
f 5506 996 4847
f 4847 995 5505
f 5505 5506 4847
f 6072 1120 5691
f 5691 1381 6073
f 6073 1511 6072
f 6072 5691 6073
f 5691 1120 5692
f 5692 1382 5696
f 5696 1381 5691
f 5691 5692 5696
f 5447 1295 6075
f 6075 1512 6074
f 6074 1294 5447
f 5447 6075 6074
f 6075 1295 6078
f 6078 1513 6081
f 6081 1512 6075
f 6075 6078 6081
f 5893 1451 6085
f 6085 1514 6084
f 6084 1450 5893
f 5893 6085 6084
f 6085 1451 6050
f 6050 1505 6086
f 6086 1514 6085
f 6085 6050 6086
f 5820 1413 6087
f 6087 1515 6088
f 6088 1427 5820
f 5820 6087 6088
f 6087 1413 6091
f 6091 1516 6092
f 6092 1515 6087
f 6087 6091 6092
f 6093 1180 6048
f 6048 1505 6098
f 6098 1517 6093
f 6093 6048 6098
f 6048 1180 6083
f 6083 1514 6086
f 6086 1505 6048
f 6048 6083 6086
f 5853 1439 6101
f 6101 1518 6100
f 6100 1436 5853
f 5853 6101 6100
f 6101 1439 6105
f 6105 1519 6106
f 6106 1518 6101
f 6101 6105 6106
f 6128 1526 6127
f 6127 1527 6129
f 6129 6128 6127
f 6131 1526 6128
f 6109 1521 6110
f 6110 1312 5494
f 5494 1311 6109
f 6109 6110 5494
f 6110 1521 6111
f 6111 1520 6107
f 6107 1312 6110
f 6110 6111 6107
f 6118 1431 6120
f 6120 1525 6121
f 6121 1524 6118
f 6118 6120 6121
f 6120 1431 5832
f 5832 1430 6119
f 6119 1525 6120
f 6120 5832 6119
f 6125 1527 6126
f 6126 1036 4902
f 4902 1035 6125
f 6125 6126 4902
f 6126 1527 6127
f 6127 1526 6122
f 6122 1036 6126
f 6126 6127 6122
f 5689 1380 6133
f 6133 1528 6132
f 6132 1377 5689
f 5689 6133 6132
f 6133 1380 6134
f 6134 1529 6136
f 6136 1528 6133
f 6133 6134 6136
f 5779 1411 6135
f 6135 1529 6134
f 6134 1380 5779
f 5779 6135 6134
f 6135 1411 6137
f 6137 1530 6139
f 6139 1529 6135
f 6135 6137 6139
f 6115 1523 6116
f 6116 1420 5801
f 5801 1419 6115
f 6115 6116 5801
f 6116 1523 6117
f 6117 1522 6113
f 6113 1420 6116
f 6116 6117 6113
f 6146 1531 6142
f 6150 1531 6149
f 6149 1533 6151
f 6151 6150 6149
f 6142 1531 6150
f 6156 1528 6140
f 6148 1533 6147
f 6147 1426 5828
f 5828 1429 6148
f 6148 6147 5828
f 6147 1533 6149
f 6149 1531 6141
f 6141 1426 6147
f 6147 6149 6141
f 5683 1377 6154
f 6154 1534 6153
f 6153 1197 5683
f 5683 6154 6153
f 6154 1377 6132
f 6132 1528 6156
f 6156 1534 6154
f 6154 6132 6156
f 6146 1532 6144
f 6144 1426 6141
f 6141 1531 6146
f 6146 6144 6141
f 6144 1532 6143
f 6143 1414 5819
f 5819 1426 6144
f 6144 6143 5819
f 6158 1423 6162
f 6162 1536 6164
f 6164 1535 6158
f 6158 6162 6164
f 6162 1423 5809
f 5809 1422 6161
f 6161 1536 6162
f 6162 5809 6161
f 6175 1538 6174
f 6174 1524 6167
f 6167 1537 6175
f 6175 6174 6167
f 6174 1538 6173
f 6173 1431 6118
f 6118 1524 6174
f 6174 6173 6118
f 6175 1537 6165
f 6165 1419 6172
f 6172 1538 6175
f 6175 6165 6172
f 6165 1537 6166
f 6166 1523 6115
f 6115 1419 6165
f 6165 6166 6115
f 6113 1522 6112
f 6112 1311 5799
f 5799 1420 6113
f 6113 6112 5799
f 6112 1522 6114
f 6114 1521 6109
f 6109 1311 6112
f 6112 6114 6109
f 6145 1530 6138
f 6138 1414 6143
f 6143 1532 6145
f 6145 6138 6143
f 6138 1530 6137
f 6137 1411 5785
f 5785 1414 6138
f 6138 6137 5785
f 6129 1527 6155
f 6153 1534 6152
f 6152 1035 5219
f 5219 1197 6153
f 6153 6152 5219
f 6152 1534 6155
f 6155 1527 6125
f 6125 1035 6152
f 6152 6155 6125
f 6122 1526 6123
f 6123 1430 5830
f 5830 1036 6122
f 6122 6123 5830
f 6123 1526 6124
f 6124 1525 6119
f 6119 1430 6123
f 6123 6124 6119
f 6130 1525 6124
f 6124 1526 6131
f 6130 6124 6131
f 6176 555 5477
f 5477 1305 6179
f 6179 1539 6176
f 6176 5477 6179
f 5477 555 3225
f 3225 554 5476
f 5476 1305 5477
f 5477 3225 5476
f 6183 1540 6181
f 6181 1027 5409
f 5409 1280 6183
f 6183 6181 5409
f 6181 1540 6182
f 6182 1055 4930
f 4930 1027 6181
f 6181 6182 4930
f 5424 1288 6190
f 6190 1541 6189
f 6189 1098 5424
f 5424 6190 6189
f 6190 1288 6194
f 6194 1542 6195
f 6195 1541 6190
f 6190 6194 6195
f 6203 1544 6200
f 6200 1453 6197
f 6197 1543 6203
f 6203 6200 6197
f 6200 1544 6201
f 6201 1454 5901
f 5901 1453 6200
f 6200 6201 5901
f 6213 1546 6209
f 6209 1091 6204
f 6204 1545 6213
f 6213 6209 6204
f 6209 1546 6210
f 6210 1092 5017
f 5017 1091 6209
f 6209 6210 5017
f 5790 1188 5869
f 5869 1445 5870
f 5870 1416 5790
f 5790 5869 5870
f 5869 1188 5875
f 5875 1446 5877
f 5877 1445 5869
f 5869 5875 5877
f 5871 1432 5833
f 5833 1416 5870
f 5870 1445 5871
f 5871 5833 5870
f 5833 1432 5834
f 5834 1417 5794
f 5794 1416 5833
f 5833 5834 5794
f 6214 1547 6215
f 6215 1457 5910
f 5910 1293 6214
f 6214 6215 5910
f 6215 1547 6216
f 6216 1458 5913
f 5913 1457 6215
f 6215 6216 5913
f 5603 1355 6079
f 6079 1513 6080
f 6080 1356 5603
f 5603 6079 6080
f 6079 1355 6076
f 6076 1512 6081
f 6081 1513 6079
f 6079 6076 6081
f 6168 1523 6166
f 6166 1537 6169
f 6168 6166 6169
f 6183 1280 5432
f 5432 1290 6184
f 6184 1540 6183
f 6183 5432 6184
f 5432 1280 5422
f 5422 1287 5433
f 5433 1290 5432
f 5432 5422 5433
f 5718 1260 6220
f 6220 1548 6221
f 6221 1389 5718
f 5718 6220 6221
f 6220 1260 5731
f 5731 1392 6222
f 6222 1548 6220
f 6220 5731 6222
f 5309 566 5733
f 5733 1393 5735
f 5735 1238 5309
f 5309 5733 5735
f 5733 566 3269
f 3269 565 5732
f 5732 1393 5733
f 5733 3269 5732
f 6229 1551 6228
f 6228 1549 6225
f 6225 1550 6229
f 6229 6228 6225
f 6228 1551 6231
f 6231 1552 6230
f 6230 1549 6228
f 6228 6231 6230
f 6234 1551 6226
f 6226 571 6232
f 6232 1553 6234
f 6234 6226 6232
f 6226 1551 6227
f 6227 572 3278
f 3278 571 6226
f 6226 6227 3278
f 6238 1555 6242
f 6242 1557 6241
f 6241 1554 6238
f 6238 6242 6241
f 6242 1555 6240
f 6240 1556 6243
f 6243 1557 6242
f 6242 6240 6243
f 6245 1556 6244
f 6244 1558 6246
f 6246 1559 6245
f 6245 6244 6246
f 6244 1556 6248
f 6248 1560 6249
f 6249 1558 6244
f 6244 6248 6249
f 6249 1560 6254
f 6254 1562 6253
f 6253 1558 6249
f 6249 6254 6253
f 6254 1560 6252
f 6252 1561 6255
f 6255 1562 6254
f 6254 6252 6255
f 6255 1561 6259
f 6259 1564 6260
f 6260 1562 6255
f 6255 6259 6260
f 6259 1561 6258
f 6258 1563 6261
f 6261 1564 6259
f 6259 6258 6261
f 6262 1565 6263
f 6263 1277 5400
f 5400 1247 6262
f 6262 6263 5400
f 6263 1565 6264
f 6264 1563 6257
f 6257 1277 6263
f 6263 6264 6257
f 6265 1566 6266
f 6266 1247 5328
f 5328 1246 6265
f 6265 6266 5328
f 6266 1566 6267
f 6267 1565 6262
f 6262 1247 6266
f 6266 6267 6262
f 6272 1568 6273
f 6273 1567 6270
f 6270 1483 6272
f 6272 6273 6270
f 6273 1568 6277
f 6277 1569 6276
f 6276 1567 6273
f 6273 6277 6276
f 6279 1570 6278
f 6278 1300 5467
f 5467 1301 6279
f 6279 6278 5467
f 6278 1570 6283
f 6283 1571 6280
f 6280 1300 6278
f 6278 6283 6280
f 6286 1572 6287
f 6287 1243 5320
f 5320 1242 6286
f 6286 6287 5320
f 6287 1572 6291
f 6291 1573 6288
f 6288 1243 6287
f 6287 6291 6288
f 3339 594 5318
f 5318 1242 5319
f 5319 595 3339
f 3339 5318 5319
f 5318 594 6284
f 6284 1572 6286
f 6286 1242 5318
f 5318 6284 6286
f 4850 998 6292
f 6292 1574 6293
f 6293 999 4850
f 4850 6292 6293
f 6292 998 6070
f 6070 1511 6296
f 6296 1574 6292
f 6292 6070 6296
f 6300 1576 6299
f 6299 1153 6298
f 6298 1575 6300
f 6300 6299 6298
f 6299 1576 6305
f 6305 1577 6303
f 6303 1153 6299
f 6299 6305 6303
f 6314 1580 6313
f 6313 1578 6311
f 6311 1579 6314
f 6314 6313 6311
f 6313 1580 6320
f 6320 1581 6319
f 6319 1578 6313
f 6313 6320 6319
f 6325 1583 6323
f 6323 1156 6321
f 6321 1582 6325
f 6325 6323 6321
f 6323 1583 6324
f 6324 1157 5144
f 5144 1156 6323
f 6323 6324 5144
f 6328 1584 6326
f 6326 1575 6322
f 6322 1582 6328
f 6328 6326 6322
f 6326 1584 6327
f 6327 1576 6300
f 6300 1575 6326
f 6326 6327 6300
f 6329 1585 6330
f 6330 1156 5142
f 5142 1155 6329
f 6329 6330 5142
f 6330 1585 6335
f 6335 1586 6332
f 6332 1156 6330
f 6330 6335 6332
f 6341 1589 6340
f 6340 1587 6339
f 6339 1588 6341
f 6341 6340 6339
f 6340 1589 6344
f 6344 1590 6343
f 6343 1587 6340
f 6340 6344 6343
f 6352 1593 6351
f 6351 1591 6350
f 6350 1592 6352
f 6352 6351 6350
f 6351 1593 6355
f 6355 1594 6354
f 6354 1591 6351
f 6351 6355 6354
f 6359 1597 6358
f 6358 1595 6357
f 6357 1596 6359
f 6359 6358 6357
f 6358 1597 6363
f 6363 1598 6362
f 6362 1595 6358
f 6358 6363 6362
f 6354 1594 6353
f 6353 1322 6346
f 6346 1591 6354
f 6354 6353 6346
f 6353 1594 6366
f 6366 1599 6364
f 6364 1322 6353
f 6353 6366 6364
f 5537 1332 5536
f 5536 1315 5504
f 5504 1316 5537
f 5537 5536 5504
f 5536 1332 6368
f 6368 1600 6367
f 6367 1315 5536
f 5536 6368 6367
f 6370 1470 6373
f 6373 1602 6374
f 6374 1601 6370
f 6370 6373 6374
f 6373 1470 5955
f 5955 1469 6372
f 6372 1602 6373
f 6373 5955 6372
f 6378 1604 6377
f 6377 1501 6376
f 6376 1603 6378
f 6378 6377 6376
f 6377 1604 6381
f 6381 1605 6379
f 6379 1501 6377
f 6377 6381 6379
f 6382 1122 6385
f 6385 1607 6386
f 6386 1606 6382
f 6382 6385 6386
f 6385 1122 5087
f 5087 1121 6384
f 6384 1607 6385
f 6385 5087 6384
f 6394 1609 6393
f 6393 1508 6390
f 6390 1608 6394
f 6394 6393 6390
f 6393 1609 6398
f 6398 1610 6397
f 6397 1508 6393
f 6393 6398 6397
f 6405 1613 6404
f 6404 1611 6401
f 6401 1612 6405
f 6405 6404 6401
f 6404 1613 6407
f 6407 1614 6406
f 6406 1611 6404
f 6404 6407 6406
f 5516 1321 6337
f 6337 1587 6336
f 6336 1318 5516
f 5516 6337 6336
f 6337 1321 6410
f 6410 1615 6411
f 6411 1587 6337
f 6337 6410 6411
f 6362 1598 6360
f 6360 1045 6356
f 6356 1595 6362
f 6362 6360 6356
f 6360 1598 6361
f 6361 1046 4916
f 4916 1045 6360
f 6360 6361 4916
f 6418 1618 6417
f 6417 1616 6416
f 6416 1617 6418
f 6418 6417 6416
f 6417 1618 6420
f 6420 1619 6419
f 6419 1616 6417
f 6417 6420 6419
f 6424 1621 6427
f 6427 1623 6426
f 6426 1620 6424
f 6424 6427 6426
f 6427 1621 6425
f 6425 1622 6428
f 6428 1623 6427
f 6427 6425 6428
f 6432 1612 6430
f 6430 1624 6433
f 6433 1625 6432
f 6432 6430 6433
f 6430 1612 6401
f 6401 1611 6429
f 6429 1624 6430
f 6430 6401 6429
f 6053 1506 6054
f 6054 1434 5841
f 5841 1396 6053
f 6053 6054 5841
f 6054 1506 6438
f 6438 1626 6436
f 6436 1434 6054
f 6054 6438 6436
f 6052 1043 6434
f 6434 1626 6438
f 6438 1506 6052
f 6052 6434 6438
f 6434 1043 4914
f 4914 1046 6435
f 6435 1626 6434
f 6434 4914 6435
f 6442 1629 6441
f 6441 1627 6439
f 6439 1628 6442
f 6442 6441 6439
f 6441 1629 6447
f 6447 1630 6446
f 6446 1627 6441
f 6441 6447 6446
f 6450 1631 6451
f 6451 1500 6037
f 6037 1352 6450
f 6450 6451 6037
f 6451 1631 6457
f 6457 1632 6455
f 6455 1500 6451
f 6451 6457 6455
f 6449 1631 6448
f 6448 1089 5015
f 5015 1092 6449
f 6449 6448 5015
f 6448 1631 6462
f 6462 1633 6458
f 6458 1089 6448
f 6448 6462 6458
f 5601 1091 5605
f 5605 1357 5607
f 5607 1356 5601
f 5601 5605 5607
f 5605 1091 5014
f 5014 1090 5604
f 5604 1357 5605
f 5605 5014 5604
f 5579 1349 5580
f 5580 1164 5155
f 5155 1163 5579
f 5579 5580 5155
f 5580 1349 6466
f 6466 1634 6465
f 6465 1164 5580
f 5580 6466 6465
f 5578 1125 6463
f 6463 1634 6466
f 6466 1349 5578
f 5578 6463 6466
f 6463 1125 5094
f 5094 1128 6464
f 6464 1634 6463
f 6463 5094 6464
f 5941 1467 5942
f 5942 1127 5093
f 5093 1126 5941
f 5941 5942 5093
f 5942 1467 5945
f 5945 1466 5939
f 5939 1127 5942
f 5942 5945 5939
f 6099 1518 6102
f 6102 1513 6078
f 6078 1295 6099
f 6099 6102 6078
f 6102 1518 6207
f 6207 1545 6206
f 6206 1513 6102
f 6102 6207 6206
f 5611 1358 5608
f 5608 1090 5582
f 5582 1350 5611
f 5611 5608 5582
f 5608 1358 5612
f 5612 1357 5604
f 5604 1090 5608
f 5608 5612 5604
f 5013 1089 5581
f 5581 1350 5582
f 5582 1090 5013
f 5013 5581 5582
f 5581 1089 5585
f 5585 1351 5588
f 5588 1350 5581
f 5581 5585 5588
f 6459 1633 6461
f 6461 1352 5590
f 5590 1193 6459
f 6459 6461 5590
f 6461 1633 6462
f 6462 1631 6450
f 6450 1352 6461
f 6461 6462 6450
f 6470 1635 6469
f 6469 1193 5216
f 5216 1196 6470
f 6470 6469 5216
f 6469 1635 6472
f 6472 1633 6459
f 6459 1193 6469
f 6469 6472 6459
f 5611 1350 5583
f 5583 1163 5610
f 5610 1358 5611
f 5611 5583 5610
f 5583 1350 5584
f 5584 1349 5579
f 5579 1163 5583
f 5583 5584 5579
f 6480 1450 6476
f 6476 1636 6483
f 6483 1637 6480
f 6480 6476 6483
f 6476 1450 6084
f 6084 1514 6477
f 6477 1636 6476
f 6476 6084 6477
f 6474 1636 6475
f 6475 1439 5854
f 5854 1438 6474
f 6474 6475 5854
f 6475 1636 6473
f 6473 1179 5852
f 5852 1439 6475
f 6475 6473 5852
f 5845 1084 5848
f 5848 1437 5849
f 5849 1436 5845
f 5845 5848 5849
f 5848 1084 5003
f 5003 1083 5847
f 5847 1437 5848
f 5848 5003 5847
f 6487 1639 6485
f 6485 1628 6484
f 6484 1638 6487
f 6487 6485 6484
f 6485 1639 6486
f 6486 1629 6442
f 6442 1628 6485
f 6485 6486 6442
f 6397 1610 6395
f 6395 1043 6058
f 6058 1508 6397
f 6397 6395 6058
f 6395 1610 6396
f 6396 1044 4912
f 4912 1043 6395
f 6395 6396 4912
f 6055 1507 6056
f 6056 1396 5739
f 5739 1395 6055
f 6055 6056 5739
f 6056 1507 6057
f 6057 1506 6053
f 6053 1396 6056
f 6056 6057 6053
f 6477 1514 6082
f 6082 1179 6473
f 6473 1636 6477
f 6477 6082 6473
f 6082 1514 6083
f 6083 1180 5192
f 5192 1179 6082
f 6082 6083 5192
f 6099 1295 5846
f 5846 1436 6100
f 6100 1518 6099
f 6099 5846 6100
f 5846 1295 5446
f 5446 1084 5845
f 5845 1436 5846
f 5846 5446 5845
f 5601 1356 6205
f 6205 1545 6204
f 6204 1091 5601
f 5601 6205 6204
f 6205 1356 6080
f 6080 1513 6206
f 6206 1545 6205
f 6205 6080 6206
f 6494 1477 6489
f 6489 1640 6497
f 6497 1641 6494
f 6494 6489 6497
f 6489 1477 5974
f 5974 1480 6490
f 6490 1640 6489
f 6489 5974 6490
f 6495 1641 6496
f 6496 1598 6363
f 6363 1597 6495
f 6495 6496 6363
f 6496 1641 6497
f 6497 1640 6491
f 6491 1598 6496
f 6496 6497 6491
f 6055 1395 6478
f 6478 1637 6481
f 6481 1507 6055
f 6055 6478 6481
f 6478 1395 5891
f 5891 1450 6480
f 6480 1637 6478
f 6478 5891 6480
f 6504 1643 6502
f 6502 1182 6498
f 6498 1642 6504
f 6504 6502 6498
f 6502 1643 6507
f 6507 1644 6505
f 6505 1182 6502
f 6502 6507 6505
f 6406 1614 6501
f 6501 1642 6500
f 6500 1611 6406
f 6406 6501 6500
f 6501 1614 6503
f 6503 1643 6504
f 6504 1642 6501
f 6501 6503 6504
f 6517 1646 6512
f 6512 1124 6509
f 6509 1645 6517
f 6517 6512 6509
f 6512 1646 6514
f 6514 1613 6403
f 6403 1124 6512
f 6512 6514 6403
f 6490 1480 6437
f 6437 1626 6492
f 6492 1640 6490
f 6490 6437 6492
f 6437 1480 5973
f 5973 1434 6436
f 6436 1626 6437
f 6437 5973 6436
f 6491 1640 6488
f 6488 1046 6361
f 6361 1598 6491
f 6491 6488 6361
f 6488 1640 6492
f 6492 1626 6435
f 6435 1046 6488
f 6488 6492 6435
f 6446 1630 6520
f 6520 1647 6519
f 6519 1627 6446
f 6446 6520 6519
f 6520 1630 6445
f 6445 1590 6518
f 6518 1647 6520
f 6520 6445 6518
f 6521 1648 6522
f 6522 1476 5965
f 5965 1475 6521
f 6521 6522 5965
f 6522 1648 6529
f 6529 1649 6527
f 6527 1476 6522
f 6522 6529 6527
f 6419 1619 6525
f 6525 1648 6524
f 6524 1616 6419
f 6419 6525 6524
f 6525 1619 6528
f 6528 1649 6529
f 6529 1648 6525
f 6525 6528 6529
f 6537 1652 6536
f 6536 1650 6534
f 6534 1651 6537
f 6537 6536 6534
f 6536 1652 6541
f 6541 1653 6540
f 6540 1650 6536
f 6536 6541 6540
f 6547 1655 6545
f 6545 1408 6542
f 6542 1654 6547
f 6547 6545 6542
f 6545 1655 6546
f 6546 1409 5776
f 5776 1408 6545
f 6545 6546 5776
f 6554 1657 6553
f 6553 1653 6550
f 6550 1656 6554
f 6554 6553 6550
f 6553 1657 6552
f 6552 1650 6540
f 6540 1653 6553
f 6553 6552 6540
f 6558 1642 6499
f 6499 1185 6555
f 6555 1658 6558
f 6558 6499 6555
f 6499 1642 6498
f 6498 1182 5198
f 5198 1185 6499
f 6499 6498 5198
f 6429 1611 6556
f 6556 1658 6557
f 6557 1624 6429
f 6429 6556 6557
f 6556 1611 6500
f 6500 1642 6558
f 6558 1658 6556
f 6556 6500 6558
f 6399 1612 6400
f 6400 1607 6384
f 6384 1121 6399
f 6399 6400 6384
f 6400 1612 6432
f 6432 1625 6431
f 6431 1607 6400
f 6400 6432 6431
f 6571 1661 6570
f 6570 1659 6566
f 6566 1660 6571
f 6571 6570 6566
f 6570 1661 6569
f 6569 1383 6560
f 6560 1659 6570
f 6570 6569 6560
f 6580 1663 6577
f 6577 1638 6574
f 6574 1662 6580
f 6580 6577 6574
f 6577 1663 6578
f 6578 1639 6487
f 6487 1638 6577
f 6577 6578 6487
f 6585 1664 6581
f 6581 1013 6573
f 6573 1662 6585
f 6585 6581 6573
f 6581 1664 6582
f 6582 1083 4998
f 4998 1013 6581
f 6581 6582 4998
f 6583 1609 6391
f 6391 1083 6582
f 6582 1664 6583
f 6583 6391 6582
f 6391 1609 6392
f 6392 1437 5847
f 5847 1083 6391
f 6391 6392 5847
f 6394 1608 6387
f 6387 1437 6392
f 6392 1609 6394
f 6394 6387 6392
f 6387 1608 6388
f 6388 1438 5851
f 5851 1437 6387
f 6387 6388 5851
f 6294 1366 5638
f 5638 999 6293
f 6293 1574 6294
f 6294 5638 6293
f 5638 1366 5639
f 5639 1001 4853
f 4853 999 5638
f 5638 5639 4853
f 6587 1665 6586
f 6586 1362 5643
f 5643 1367 6587
f 6587 6586 5643
f 6586 1665 6591
f 6591 1661 6567
f 6567 1362 6586
f 6586 6591 6567
f 6579 1663 6576
f 6576 1363 6564
f 6564 1660 6579
f 6579 6576 6564
f 6576 1663 6575
f 6575 1012 5626
f 5626 1363 6576
f 6576 6575 5626
f 6482 1608 6389
f 6389 1507 6481
f 6481 1637 6482
f 6482 6389 6481
f 6389 1608 6390
f 6390 1508 6060
f 6060 1507 6389
f 6389 6390 6060
f 6474 1438 6479
f 6479 1637 6483
f 6483 1636 6474
f 6474 6479 6483
f 6479 1438 6388
f 6388 1608 6482
f 6482 1637 6479
f 6479 6388 6482
f 6103 1178 6211
f 6211 1546 6212
f 6212 1519 6103
f 6103 6211 6212
f 6211 1178 6453
f 6453 1632 6456
f 6456 1546 6211
f 6211 6453 6456
f 6449 1092 6452
f 6452 1632 6457
f 6457 1631 6449
f 6449 6452 6457
f 6452 1092 6210
f 6210 1546 6456
f 6456 1632 6452
f 6452 6210 6456
f 6458 1633 6460
f 6460 1351 5585
f 5585 1089 6458
f 6458 6460 5585
f 6460 1633 6472
f 6472 1635 6471
f 6471 1351 6460
f 6460 6472 6471
f 6471 1635 6467
f 6467 1125 5586
f 5586 1351 6471
f 6471 6467 5586
f 6467 1635 6468
f 6468 1126 5092
f 5092 1125 6467
f 6467 6468 5092
f 6470 1196 5215
f 5215 1126 6468
f 6468 1635 6470
f 6470 5215 6468
f 5215 1196 5944
f 5944 1467 5941
f 5941 1126 5215
f 5215 5944 5941
f 5218 1195 5943
f 5943 1467 5944
f 5944 1196 5218
f 5218 5943 5944
f 5943 1195 5946
f 5946 1468 5952
f 5952 1467 5943
f 5943 5946 5952
f 5885 1449 5949
f 5949 1468 5946
f 5946 1195 5885
f 5885 5949 5946
f 5949 1449 5888
f 5888 1340 5948
f 5948 1468 5949
f 5949 5888 5948
f 5881 1313 5553
f 5553 1341 5884
f 5884 1448 5881
f 5881 5553 5884
f 5553 1313 5815
f 5815 1425 5816
f 5816 1341 5553
f 5553 5815 5816
f 6107 1520 6108
f 6108 1422 5808
f 5808 1312 6107
f 6107 6108 5808
f 6108 1520 6163
f 6163 1536 6161
f 6161 1422 6108
f 6108 6163 6161
f 6600 1668 6599
f 6599 1666 6596
f 6596 1667 6600
f 6600 6599 6596
f 6599 1668 6598
f 6598 1644 6593
f 6593 1666 6599
f 6599 6598 6593
f 5810 1424 6602
f 6602 1669 6601
f 6601 1338 5810
f 5810 6602 6601
f 6602 1424 5824
f 5824 1428 6603
f 6603 1669 6602
f 6602 5824 6603
f 6158 1535 6159
f 6159 1429 5827
f 5827 1423 6158
f 6158 6159 5827
f 6159 1535 6160
f 6160 1533 6148
f 6148 1429 6159
f 6159 6160 6148
f 6157 1533 6160
f 6151 1533 6157
f 5054 1105 6607
f 6607 1670 6608
f 6608 1106 5054
f 5054 6607 6608
f 6607 1105 6611
f 6611 1671 6613
f 6613 1670 6607
f 6607 6611 6613
f 6614 1672 6615
f 6615 1038 4906
f 4906 1037 6614
f 6614 6615 4906
f 6615 1672 6624
f 6624 1673 6619
f 6619 1038 6615
f 6615 6624 6619
f 6619 1673 6620
f 6620 1198 5221
f 5221 1038 6619
f 6619 6620 5221
f 6620 1673 6621
f 6621 1440 5855
f 5855 1198 6620
f 6620 6621 5855
f 5881 1448 5882
f 5882 1314 5499
f 5499 1313 5881
f 5881 5882 5499
f 5882 1448 5880
f 5880 1200 5497
f 5497 1314 5882
f 5882 5880 5497
f 5685 1198 5863
f 5863 1443 5864
f 5864 1378 5685
f 5685 5863 5864
f 5863 1198 5855
f 5855 1440 5865
f 5865 1443 5863
f 5863 5855 5865
f 5688 1378 6625
f 6625 1674 6626
f 6626 1379 5688
f 5688 6625 6626
f 6625 1378 5864
f 5864 1443 6629
f 6629 1674 6625
f 6625 5864 6629
f 5784 1412 6090
f 6090 1516 6091
f 6091 1413 5784
f 5784 6090 6091
f 6090 1412 6631
f 6631 1675 6634
f 6634 1516 6090
f 6090 6631 6634
f 6170 1538 6171
f 6171 1418 5797
f 5797 1417 6170
f 6170 6171 5797
f 6171 1538 6172
f 6172 1419 5798
f 5798 1418 6171
f 6171 6172 5798
f 5802 1199 5795
f 5795 1418 5805
f 5805 1421 5802
f 5802 5795 5805
f 5795 1199 5788
f 5788 1415 5796
f 5796 1418 5795
f 5795 5788 5796
f 5497 1200 5803
f 5803 1421 5804
f 5804 1314 5497
f 5497 5803 5804
f 5803 1200 5223
f 5223 1199 5802
f 5802 1421 5803
f 5803 5223 5802
f 5818 1424 5811
f 5811 1341 5816
f 5816 1425 5818
f 5818 5811 5816
f 5811 1424 5810
f 5810 1338 5554
f 5554 1341 5811
f 5811 5810 5554
f 6603 1428 6089
f 6089 1515 6604
f 6604 1669 6603
f 6603 6089 6604
f 6089 1428 5826
f 5826 1427 6088
f 6088 1515 6089
f 6089 5826 6088
f 5871 1445 5872
f 5872 1433 5840
f 5840 1432 5871
f 5871 5872 5840
f 5872 1445 5873
f 5873 1444 5868
f 5868 1433 5872
f 5872 5873 5868
f 5868 1444 5867
f 5867 1037 5838
f 5838 1433 5868
f 5868 5867 5838
f 5867 1444 6616
f 6616 1672 6614
f 6614 1037 5867
f 5867 6616 6614
f 6631 1412 6627
f 6627 1674 6635
f 6635 1675 6631
f 6631 6627 6635
f 6627 1412 5780
f 5780 1379 6626
f 6626 1674 6627
f 6627 5780 6626
f 5820 1427 5821
f 5821 1414 5786
f 5786 1413 5820
f 5820 5821 5786
f 5821 1427 5822
f 5822 1426 5819
f 5819 1414 5821
f 5821 5822 5819
f 5836 1431 5831
f 5831 1417 5834
f 5834 1432 5836
f 5836 5831 5834
f 5831 1431 6173
f 6173 1538 6170
f 6170 1417 5831
f 5831 6173 6170
f 5496 1312 5814
f 5814 1425 5815
f 5815 1313 5496
f 5496 5814 5815
f 5814 1312 5808
f 5808 1422 5817
f 5817 1425 5814
f 5814 5808 5817
f 5829 1428 5823
f 5823 1423 5827
f 5827 1429 5829
f 5829 5823 5827
f 5823 1428 5824
f 5824 1424 5813
f 5813 1423 5823
f 5823 5824 5813
f 5790 1416 5791
f 5791 1189 5205
f 5205 1188 5790
f 5790 5791 5205
f 5791 1416 5792
f 5792 1415 5787
f 5787 1189 5791
f 5791 5792 5787
f 5224 1194 5229
f 5229 1202 5231
f 5231 1201 5224
f 5224 5229 5231
f 5229 1194 5594
f 5594 1353 5595
f 5595 1202 5229
f 5229 5594 5595
f 5552 1339 5947
f 5947 1468 5948
f 5948 1340 5552
f 5552 5947 5948
f 5947 1339 5938
f 5938 1465 5950
f 5950 1468 5947
f 5947 5938 5950
f 5860 1442 5859
f 5859 1397 5843
f 5843 1435 5860
f 5860 5859 5843
f 5859 1442 5862
f 5862 1441 5857
f 5857 1397 5859
f 5859 5862 5857
f 6096 1517 6097
f 6097 1447 5879
f 5879 1446 6096
f 6096 6097 5879
f 6097 1517 6098
f 6098 1505 6049
f 6049 1447 6097
f 6097 6098 6049
f 5885 1195 5225
f 5225 1201 5887
f 5887 1449 5885
f 5885 5225 5887
f 5225 1195 5214
f 5214 1194 5224
f 5224 1201 5225
f 5225 5214 5224
f 6622 1673 6623
f 6623 1464 5937
f 5937 1463 6622
f 6622 6623 5937
f 6623 1673 6624
f 6624 1672 6618
f 6618 1464 6623
f 6623 6624 6618
f 6630 1504 6633
f 6633 1675 6635
f 6635 1674 6630
f 6630 6633 6635
f 6633 1504 6047
f 6047 1503 6632
f 6632 1675 6633
f 6633 6047 6632
f 5595 1353 5592
f 5592 1189 5228
f 5228 1202 5595
f 5595 5592 5228
f 5592 1353 5591
f 5591 1186 5204
f 5204 1189 5592
f 5592 5591 5204
f 5858 1440 5932
f 5932 1463 5933
f 5933 1441 5858
f 5858 5932 5933
f 5932 1440 6621
f 6621 1673 6622
f 6622 1463 5932
f 5932 6621 6622
f 6618 1672 6617
f 6617 1447 5935
f 5935 1464 6618
f 6618 6617 5935
f 6617 1672 6616
f 6616 1444 5878
f 5878 1447 6617
f 6617 6616 5878
f 5866 1442 6628
f 6628 1674 6629
f 6629 1443 5866
f 5866 6628 6629
f 6628 1442 6045
f 6045 1504 6630
f 6630 1674 6628
f 6628 6045 6630
f 6096 1446 5874
f 5874 1187 6095
f 6095 1517 6096
f 6096 5874 6095
f 5874 1446 5875
f 5875 1188 5203
f 5203 1187 5874
f 5874 5875 5203
f 5889 1448 5883
f 5883 1340 5888
f 5888 1449 5889
f 5889 5883 5888
f 5883 1448 5884
f 5884 1341 5555
f 5555 1340 5883
f 5883 5884 5555
f 6636 1676 6637
f 6637 1268 5374
f 5374 1267 6636
f 6636 6637 5374
f 6637 1676 6638
f 6638 1391 5726
f 5726 1268 6637
f 6637 6638 5726
f 5560 1343 6642
f 6642 1677 6643
f 6643 1344 5560
f 5560 6642 6643
f 6642 1343 6645
f 6645 1678 6648
f 6648 1677 6642
f 6642 6645 6648
f 6652 1302 6650
f 6650 1679 6657
f 6657 1680 6652
f 6652 6650 6657
f 6650 1302 5468
f 5468 1175 6649
f 6649 1679 6650
f 6650 5468 6649
f 5557 1284 5561
f 5561 1345 5563
f 5563 1344 5557
f 5557 5561 5563
f 5561 1284 6023
f 6023 1495 6024
f 6024 1345 5561
f 5561 6023 6024
f 6666 1682 6665
f 6665 1493 6662
f 6662 1681 6666
f 6666 6665 6662
f 6665 1682 6664
f 6664 1490 6014
f 6014 1493 6665
f 6665 6664 6014
f 5714 1386 5709
f 5709 1268 5713
f 5713 1387 5714
f 5714 5709 5713
f 5709 1386 5708
f 5708 1265 5373
f 5373 1268 5709
f 5709 5708 5373
f 6673 1684 6672
f 6672 1489 6669
f 6669 1683 6673
f 6673 6672 6669
f 6672 1684 6671
f 6671 1486 6005
f 6005 1489 6672
f 6672 6671 6005
f 6678 1685 6679
f 6679 1489 6006
f 6006 1488 6678
f 6678 6679 6006
f 6679 1685 6677
f 6677 1485 6004
f 6004 1489 6679
f 6679 6677 6004
f 6019 1494 6020
f 6020 1493 6015
f 6015 1492 6019
f 6019 6020 6015
f 6020 1494 6018
f 6018 1385 6013
f 6013 1493 6020
f 6020 6018 6013
f 6012 1491 6008
f 6008 1345 6010
f 6010 1492 6012
f 6012 6008 6010
f 6008 1491 6007
f 6007 1342 5562
f 5562 1345 6008
f 6008 6007 5562
f 6691 1688 6690
f 6690 1686 6686
f 6686 1687 6691
f 6691 6690 6686
f 6690 1688 6697
f 6697 1689 6696
f 6696 1686 6690
f 6690 6697 6696
f 6707 1691 6706
f 6706 1679 6702
f 6702 1690 6707
f 6707 6706 6702
f 6706 1691 6705
f 6705 1331 6651
f 6651 1679 6706
f 6706 6705 6651
f 6715 1491 6711
f 6711 1692 6716
f 6716 1693 6715
f 6715 6711 6716
f 6711 1491 6009
f 6009 1490 6710
f 6710 1692 6711
f 6711 6009 6710
f 6724 1678 6720
f 6720 1694 6725
f 6725 1695 6724
f 6724 6720 6725
f 6720 1678 6645
f 6645 1343 6718
f 6718 1694 6720
f 6720 6645 6718
f 6728 1696 6729
f 6729 1499 6033
f 6033 1498 6728
f 6728 6729 6033
f 6729 1696 6736
f 6736 1697 6735
f 6735 1499 6729
f 6729 6736 6735
f 6741 1699 6746
f 6746 1698 6738
f 6738 1270 6741
f 6741 6746 6738
f 6746 1699 6745
f 6745 1461 6739
f 6739 1698 6746
f 6746 6745 6739
f 6710 1490 6748
f 6748 1700 6750
f 6750 1692 6710
f 6710 6748 6750
f 6748 1490 6664
f 6664 1682 6749
f 6749 1700 6748
f 6748 6664 6749
f 5375 1265 6753
f 6753 1701 6754
f 6754 1269 5375
f 5375 6753 6754
f 6753 1265 5708
f 5708 1386 6756
f 6756 1701 6753
f 6753 5708 6756
f 6761 1702 6758
f 6758 1176 5470
f 5470 1303 6761
f 6761 6758 5470
f 6758 1702 6766
f 6766 1703 6764
f 6764 1176 6758
f 6758 6766 6764
f 6718 1343 6769
f 6769 1704 6772
f 6772 1694 6718
f 6718 6769 6772
f 6769 1343 5556
f 5556 1342 6768
f 6768 1704 6769
f 6769 5556 6768
f 6768 1342 6714
f 6714 1693 6771
f 6771 1704 6768
f 6768 6714 6771
f 6714 1342 6007
f 6007 1491 6715
f 6715 1693 6714
f 6714 6007 6715
f 6781 1707 6780
f 6780 1705 6777
f 6777 1706 6781
f 6781 6780 6777
f 6780 1707 6785
f 6785 1708 6784
f 6784 1705 6780
f 6780 6785 6784
f 6786 1709 6789
f 6789 1706 6774
f 6774 1004 6786
f 6786 6789 6774
f 6789 1709 6790
f 6790 1707 6781
f 6781 1706 6789
f 6789 6790 6781
f 6791 1710 6792
f 6792 1004 4857
f 4857 1003 6791
f 6791 6792 4857
f 6792 1710 6794
f 6794 1709 6786
f 6786 1004 6792
f 6792 6794 6786
f 6796 1711 6795
f 6795 1003 4894
f 4894 1032 6796
f 6796 6795 4894
f 6795 1711 6797
f 6797 1710 6791
f 6791 1003 6795
f 6795 6797 6791
f 6801 1058 6799
f 6799 1712 6802
f 6802 1713 6801
f 6801 6799 6802
f 6799 1058 4940
f 4940 1057 6798
f 6798 1712 6799
f 6799 4940 6798
f 6806 1048 6804
f 6804 1714 6809
f 6809 1715 6806
f 6806 6804 6809
f 6804 1048 4917
f 4917 1047 6803
f 6803 1714 6804
f 6804 4917 6803
f 5073 1113 6805
f 6805 1714 6803
f 6803 1047 5073
f 5073 6805 6803
f 6805 1113 6810
f 6810 1716 6812
f 6812 1714 6805
f 6805 6810 6812
f 5894 1452 6811
f 6811 1716 6810
f 6810 1113 5894
f 5894 6811 6810
f 6811 1452 6813
f 6813 1717 6814
f 6814 1716 6811
f 6811 6813 6814
f 6816 1718 6818
f 6818 1717 6813
f 6813 1452 6816
f 6816 6818 6813
f 6818 1718 6822
f 6822 1719 6821
f 6821 1717 6818
f 6818 6822 6821
f 6815 1401 6196
f 6196 1543 6817
f 6817 1718 6815
f 6815 6196 6817
f 6196 1401 6199
f 6199 1544 6203
f 6203 1543 6196
f 6196 6199 6203
f 6214 1293 6825
f 6825 1720 6826
f 6826 1547 6214
f 6214 6825 6826
f 6825 1293 5443
f 5443 1292 6824
f 6824 1720 6825
f 6825 5443 6824
f 5438 1019 6823
f 6823 1720 6824
f 6824 1292 5438
f 5438 6823 6824
f 6823 1019 6829
f 6829 1721 6834
f 6834 1720 6823
f 6823 6829 6834
f 4882 1022 6830
f 6830 1721 6829
f 6829 1019 4882
f 4882 6830 6829
f 6830 1022 6835
f 6835 1722 6838
f 6838 1721 6830
f 6830 6835 6838
f 5763 1403 5764
f 5764 1282 5413
f 5413 1094 5763
f 5763 5764 5413
f 5764 1403 5771
f 5771 1406 5770
f 5770 1282 5764
f 5764 5771 5770
f 5545 1337 5546
f 5546 1094 5018
f 5018 1093 5545
f 5545 5546 5018
f 5546 1337 5766
f 5766 1403 5763
f 5763 1094 5546
f 5546 5766 5763
f 5542 1334 5541
f 5541 1093 5038
f 5038 1100 5542
f 5542 5541 5038
f 5541 1334 5547
f 5547 1337 5545
f 5545 1093 5541
f 5541 5547 5545
f 6847 1724 6845
f 6845 1100 6841
f 6841 1723 6847
f 6847 6845 6841
f 6845 1724 6846
f 6846 1334 5542
f 5542 1100 6845
f 6845 6846 5542
f 6852 1725 6850
f 6850 1106 6608
f 6608 1670 6852
f 6852 6850 6608
f 6850 1725 6851
f 6851 1108 5059
f 5059 1106 6850
f 6850 6851 5059
f 5760 1402 5759
f 5759 1100 5042
f 5042 1101 5760
f 5760 5759 5042
f 5759 1402 6842
f 6842 1723 6841
f 6841 1100 5759
f 5759 6842 6841
f 5507 1317 5508
f 5508 1018 4878
f 4878 1017 5507
f 5507 5508 4878
f 5508 1317 5509
f 5509 1151 5135
f 5135 1018 5508
f 5508 5509 5135
f 6303 1577 6302
f 6302 1018 5137
f 5137 1153 6303
f 6303 6302 5137
f 6302 1577 6301
f 6301 1015 4877
f 4877 1018 6302
f 6302 6301 4877
f 6862 1727 6859
f 6859 1373 6857
f 6857 1726 6862
f 6862 6859 6857
f 6859 1727 6860
f 6860 1374 5672
f 5672 1373 6859
f 6859 6860 5672
f 5647 1368 5646
f 5646 993 4845
f 4845 996 5647
f 5647 5646 4845
f 5646 1368 5655
f 5655 1369 5651
f 5651 993 5646
f 5646 5655 5651
f 5658 1110 5654
f 5654 1369 5659
f 5659 1370 5658
f 5658 5654 5659
f 5654 1110 5065
f 5065 993 5651
f 5651 1369 5654
f 5654 5065 5651
f 5929 1462 5928
f 5928 1370 5662
f 5662 1371 5929
f 5929 5928 5662
f 5928 1462 5927
f 5927 1110 5658
f 5658 1370 5928
f 5928 5927 5658
f 5647 996 4874
f 4874 1017 5650
f 5650 1368 5647
f 5647 4874 5650
f 4874 996 5506
f 5506 1317 5507
f 5507 1017 4874
f 4874 5506 5507
f 6854 751 5484
f 5484 1308 6856
f 6856 1726 6854
f 6854 5484 6856
f 5484 751 3900
f 3900 750 5483
f 5483 1308 5484
f 5484 3900 5483
f 6864 1728 6863
f 6863 1576 6327
f 6327 1584 6864
f 6864 6863 6327
f 6863 1728 6868
f 6868 1729 6866
f 6866 1576 6863
f 6863 6868 6866
f 6335 1585 6870
f 6870 1730 6871
f 6871 1586 6335
f 6335 6870 6871
f 6870 1585 6874
f 6874 1731 6876
f 6876 1730 6870
f 6870 6874 6876
f 6712 1693 6713
f 6713 1030 4893
f 4893 1029 6712
f 6712 6713 4893
f 6713 1693 6716
f 6716 1692 6708
f 6708 1030 6713
f 6713 6716 6708
f 6721 1695 6722
f 6722 1204 5235
f 5235 1203 6721
f 6721 6722 5235
f 6722 1695 6725
f 6725 1694 6717
f 6717 1204 6722
f 6722 6725 6717
f 6727 1254 6732
f 6732 1697 6736
f 6736 1696 6727
f 6727 6732 6736
f 6732 1254 5343
f 5343 1253 6731
f 6731 1697 6732
f 6732 5343 6731
f 6708 1692 6709
f 6709 1281 5411
f 5411 1030 6708
f 6708 6709 5411
f 6709 1692 6750
f 6750 1700 6747
f 6747 1281 6709
f 6709 6750 6747
f 6755 1297 5453
f 5453 1269 6754
f 6754 1701 6755
f 6755 5453 6754
f 5453 1297 5454
f 5454 1296 5448
f 5448 1269 5453
f 5453 5454 5448
f 6717 1694 6719
f 6719 1347 5570
f 5570 1204 6717
f 6717 6719 5570
f 6719 1694 6772
f 6772 1704 6770
f 6770 1347 6719
f 6719 6772 6770
f 6770 1704 6767
f 6767 1029 5569
f 5569 1347 6770
f 6770 6767 5569
f 6767 1704 6771
f 6771 1693 6712
f 6712 1029 6767
f 6767 6771 6712
f 6880 1542 6192
f 6192 1281 6878
f 6878 1732 6880
f 6880 6192 6878
f 6192 1542 6191
f 6191 1280 5412
f 5412 1281 6192
f 6192 6191 5412
f 5925 1461 5926
f 5926 1273 5385
f 5385 1067 5925
f 5925 5926 5385
f 5926 1461 6745
f 6745 1699 6743
f 6743 1273 5926
f 5926 6745 6743
f 6766 1702 6757
f 6757 1161 6763
f 6763 1703 6766
f 6766 6757 6763
f 6757 1702 6762
f 6762 1316 5502
f 5502 1161 6757
f 6757 6762 5502
f 6887 1733 6886
f 6886 1309 6180
f 6180 1539 6887
f 6887 6886 6180
f 6886 1733 6885
f 6885 1306 5489
f 5489 1309 6886
f 6886 6885 5489
f 5117 1140 6888
f 6888 1734 6889
f 6889 1141 5117
f 5117 6888 6889
f 6888 1140 6893
f 6893 1735 6897
f 6897 1734 6888
f 6888 6893 6897
f 6314 1579 6898
f 6898 1736 6899
f 6899 1580 6314
f 6314 6898 6899
f 6898 1579 6907
f 6907 1737 6909
f 6909 1736 6898
f 6898 6907 6909
f 6309 1324 6906
f 6906 1737 6907
f 6907 1579 6309
f 6309 6906 6907
f 6906 1324 6912
f 6912 1738 6915
f 6915 1737 6906
f 6906 6912 6915
f 6916 1739 6917
f 6917 1588 6338
f 6338 1323 6916
f 6916 6917 6338
f 6917 1739 6918
f 6918 1589 6341
f 6341 1588 6917
f 6917 6918 6341
f 6928 1741 6937
f 6937 1743 6936
f 6936 1740 6928
f 6928 6937 6936
f 6937 1741 6932
f 6932 1742 6938
f 6938 1743 6937
f 6937 6932 6938
f 6416 1616 6413
f 6413 1596 6415
f 6415 1617 6416
f 6416 6413 6415
f 6413 1616 6414
f 6414 1597 6359
f 6359 1596 6413
f 6413 6414 6359
f 6524 1648 6523
f 6523 1597 6414
f 6414 1616 6524
f 6524 6523 6414
f 6523 1648 6526
f 6526 1641 6495
f 6495 1597 6523
f 6523 6526 6495
f 6521 1475 6493
f 6493 1641 6526
f 6526 1648 6521
f 6521 6493 6526
f 6493 1475 5967
f 5967 1477 6494
f 6494 1641 6493
f 6493 5967 6494
f 5963 1474 5966
f 5966 1477 5967
f 5967 1475 5963
f 5963 5966 5967
f 5966 1474 5968
f 5968 1478 5969
f 5969 1477 5966
f 5966 5968 5969
f 6939 1744 6940
f 6940 1478 5968
f 5968 1474 6939
f 6939 6940 5968
f 6940 1744 6941
f 6941 1503 6042
f 6042 1478 6940
f 6940 6941 6042
f 6947 1746 6946
f 6946 1675 6943
f 6943 1745 6947
f 6947 6946 6943
f 6946 1746 6945
f 6945 1516 6634
f 6634 1675 6946
f 6946 6945 6634
f 6951 1747 6949
f 6949 1516 6945
f 6945 1746 6951
f 6951 6949 6945
f 6949 1747 6948
f 6948 1515 6092
f 6092 1516 6949
f 6949 6948 6092
f 6948 1747 6950
f 6950 1669 6604
f 6604 1515 6948
f 6948 6950 6604
f 6950 1747 6954
f 6954 1748 6953
f 6953 1669 6950
f 6950 6954 6953
f 6955 1338 6952
f 6952 1748 6957
f 6957 1749 6955
f 6955 6952 6957
f 6952 1338 6601
f 6601 1669 6953
f 6953 1748 6952
f 6952 6601 6953
f 6958 1750 6959
f 6959 1465 5938
f 5938 1339 6958
f 6958 6959 5938
f 6959 1750 6960
f 6960 1667 6594
f 6594 1465 6959
f 6959 6960 6594
f 6592 1466 6595
f 6595 1667 6596
f 6596 1666 6592
f 6592 6595 6596
f 6595 1466 5940
f 5940 1465 6594
f 6594 1667 6595
f 6595 5940 6594
f 6966 1751 6963
f 6963 1466 6592
f 6592 1666 6966
f 6966 6963 6592
f 6963 1751 6962
f 6962 1127 5939
f 5939 1466 6963
f 6963 6962 5939
f 6972 1752 6967
f 6967 1127 6962
f 6962 1751 6972
f 6972 6967 6962
f 6967 1752 6968
f 6968 1128 5096
f 5096 1127 6967
f 6967 6968 5096
f 6971 1646 6513
f 6513 1128 6968
f 6968 1752 6971
f 6971 6513 6968
f 6513 1646 6516
f 6516 1634 6464
f 6464 1128 6513
f 6513 6516 6464
f 6517 1645 6511
f 6511 1634 6516
f 6516 1646 6517
f 6517 6511 6516
f 6511 1645 6510
f 6510 1164 6465
f 6465 1634 6511
f 6511 6510 6465
f 6977 1753 6974
f 6974 1164 6510
f 6510 1645 6977
f 6977 6974 6510
f 6974 1753 6975
f 6975 1165 5158
f 5158 1164 6974
f 6974 6975 5158
f 6981 1754 6978
f 6978 1165 6975
f 6975 1753 6981
f 6981 6978 6975
f 6978 1754 6979
f 6979 1166 5160
f 5160 1165 6978
f 6978 6979 5160
f 6989 1756 6986
f 6986 1173 6982
f 6982 1755 6989
f 6989 6986 6982
f 6986 1756 6985
f 6985 1170 5179
f 5179 1173 6986
f 6986 6985 5179
f 6991 1757 6990
f 6990 1131 5104
f 5104 1134 6991
f 6991 6990 5104
f 6990 1757 6992
f 6992 1255 5344
f 5344 1131 6990
f 6990 6992 5344
f 5346 1254 5341
f 5341 1131 5344
f 5344 1255 5346
f 5346 5341 5344
f 5341 1254 5342
f 5342 1203 5232
f 5232 1131 5341
f 5341 5342 5232
f 6727 1696 6726
f 6726 1203 5342
f 5342 1254 6727
f 6727 6726 5342
f 6726 1696 6730
f 6730 1695 6721
f 6721 1203 6726
f 6726 6730 6721
f 6728 1498 6723
f 6723 1695 6730
f 6730 1696 6728
f 6728 6723 6730
f 6723 1498 6647
f 6647 1678 6724
f 6724 1695 6723
f 6723 6647 6724
f 6030 1497 6646
f 6646 1678 6647
f 6647 1498 6030
f 6030 6646 6647
f 6646 1497 6644
f 6644 1677 6648
f 6648 1678 6646
f 6646 6644 6648
f 6688 1688 6689
f 6689 1677 6644
f 6644 1497 6688
f 6688 6689 6644
f 6689 1688 6687
f 6687 1285 6641
f 6641 1677 6689
f 6689 6687 6641
f 6683 1251 5336
f 5336 1208 6682
f 6682 1687 6683
f 6683 5336 6682
f 5336 1251 5335
f 5335 1205 5242
f 5242 1208 5336
f 5336 5335 5242
f 5337 1248 5329
f 5329 1205 5335
f 5335 1251 5337
f 5337 5329 5335
f 5329 1248 5330
f 5330 1210 5247
f 5247 1205 5329
f 5329 5330 5247
f 6997 1759 7003
f 7003 1761 7002
f 7002 1758 6997
f 6997 7003 7002
f 7003 1759 7000
f 7000 1760 7004
f 7004 1761 7003
f 7003 7000 7004
f 7005 1762 7006
f 7006 1550 6225
f 6225 1549 7005
f 7005 7006 6225
f 7006 1762 7010
f 7010 1763 7009
f 7009 1550 7006
f 7006 7010 7009
f 7011 1764 7012
f 7012 1227 5286
f 5286 1226 7011
f 7011 7012 5286
f 7012 1764 7019
f 7019 1765 7015
f 7015 1227 7012
f 7012 7019 7015
f 7020 1766 7021
f 7021 1233 5301
f 5301 1232 7020
f 7020 7021 5301
f 7021 1766 7027
f 7027 1767 7024
f 7024 1233 7021
f 7021 7027 7024
f 7028 1234 7016
f 7016 1765 7032
f 7032 1768 7028
f 7028 7016 7032
f 7016 1234 5303
f 5303 1227 7015
f 7015 1765 7016
f 7016 5303 7015
f 7033 1769 7034
f 7034 1237 5308
f 5308 1236 7033
f 7033 7034 5308
f 7034 1769 7037
f 7037 1770 7035
f 7035 1237 7034
f 7034 7037 7035
f 7038 1771 7039
f 7039 1241 5316
f 5316 1240 7038
f 7038 7039 5316
f 7039 1771 7043
f 7043 1772 7042
f 7042 1241 7039
f 7039 7043 7042
f 6999 1760 6998
f 6998 1232 5332
f 5332 1249 6999
f 6999 6998 5332
f 6998 1760 7022
f 7022 1766 7020
f 7020 1232 6998
f 6998 7022 7020
f 7028 1768 7029
f 7029 1279 5407
f 5407 1234 7028
f 7028 7029 5407
f 7029 1768 7047
f 7047 1773 7044
f 7044 1279 7029
f 7029 7047 7044
f 7049 1774 7048
f 7048 1240 5462
f 5462 1299 7049
f 7049 7048 5462
f 7048 1774 7051
f 7051 1771 7038
f 7038 1240 7048
f 7048 7051 7038
f 7024 1767 7023
f 7023 1226 5300
f 5300 1233 7024
f 7024 7023 5300
f 7023 1767 7026
f 7026 1764 7011
f 7011 1226 7023
f 7023 7026 7011
f 7052 1775 7053
f 7053 1482 5986
f 5986 1481 7052
f 7052 7053 5986
f 7053 1775 7058
f 7058 1776 7056
f 7056 1482 7053
f 7053 7058 7056
f 7066 1778 7063
f 7063 1250 7059
f 7059 1777 7066
f 7066 7063 7059
f 7063 1778 7071
f 7071 1779 7069
f 7069 1250 7063
f 7063 7071 7069
f 6944 1745 6942
f 6942 1503 6941
f 6941 1744 6944
f 6944 6942 6941
f 6942 1745 6943
f 6943 1675 6632
f 6632 1503 6942
f 6942 6943 6632
f 6955 1749 6956
f 6956 1339 5550
f 5550 1338 6955
f 6955 6956 5550
f 6956 1749 6961
f 6961 1750 6958
f 6958 1339 6956
f 6956 6961 6958
f 7072 1158 7074
f 7074 1781 7076
f 7076 1780 7072
f 7072 7074 7076
f 7074 1158 5500
f 5500 1315 7075
f 7075 1781 7074
f 7074 5500 7075
f 7075 1315 7077
f 7077 1782 7079
f 7079 1781 7075
f 7075 7077 7079
f 7077 1315 6367
f 6367 1600 7078
f 7078 1782 7077
f 7077 6367 7078
f 7087 1785 7086
f 7086 1783 7083
f 7083 1784 7087
f 7087 7086 7083
f 7086 1785 7089
f 7089 1786 7088
f 7088 1783 7086
f 7086 7089 7088
f 7096 1789 7095
f 7095 1787 7092
f 7092 1788 7096
f 7096 7095 7092
f 7095 1789 7098
f 7098 1790 7097
f 7097 1787 7095
f 7095 7098 7097
f 7099 1606 7102
f 7102 1792 7105
f 7105 1791 7099
f 7099 7102 7105
f 7102 1606 6386
f 6386 1607 7103
f 7103 1792 7102
f 7102 6386 7103
f 6431 1625 7104
f 7104 1792 7103
f 7103 1607 6431
f 6431 7104 7103
f 7104 1625 7106
f 7106 1793 7107
f 7107 1792 7104
f 7104 7106 7107
f 7108 1794 7109
f 7109 1625 6433
f 6433 1624 7108
f 7108 7109 6433
f 7109 1794 7110
f 7110 1793 7106
f 7106 1625 7109
f 7109 7110 7106
f 7112 1795 7113
f 7113 1654 6544
f 6544 1623 7112
f 7112 7113 6544
f 7113 1795 7114
f 7114 1655 6547
f 6547 1654 7113
f 7113 7114 6547
f 6428 1622 7111
f 7111 1795 7112
f 7112 1623 6428
f 6428 7111 7112
f 7111 1622 7115
f 7115 1796 7117
f 7117 1795 7111
f 7111 7115 7117
f 6348 1117 7118
f 7118 1797 7119
f 7119 1592 6348
f 6348 7118 7119
f 7118 1117 7123
f 7123 1798 7125
f 7125 1797 7118
f 7118 7123 7125
f 5112 1136 7126
f 7126 1799 7127
f 7127 1137 5112
f 5112 7126 7127
f 7126 1136 7130
f 7130 1800 7131
f 7131 1799 7126
f 7126 7130 7131
f 7134 1801 7135
f 7135 1718 6817
f 6817 1543 7134
f 7134 7135 6817
f 7135 1801 7136
f 7136 1719 6822
f 6822 1718 7135
f 7135 7136 6822
f 7139 1802 7140
f 7140 1543 6197
f 6197 1453 7139
f 7139 7140 6197
f 7140 1802 7141
f 7141 1801 7134
f 7134 1543 7140
f 7140 7141 7134
f 7144 1803 7145
f 7145 1453 5897
f 5897 1148 7144
f 7144 7145 5897
f 7145 1803 7146
f 7146 1802 7139
f 7139 1453 7145
f 7145 7146 7139
f 7148 1804 7149
f 7149 1148 5130
f 5130 1147 7148
f 7148 7149 5130
f 7149 1804 7151
f 7151 1803 7144
f 7144 1148 7149
f 7149 7151 7144
f 7153 1805 7152
f 7152 1147 5162
f 5162 1168 7153
f 7153 7152 5162
f 7152 1805 7156
f 7156 1804 7148
f 7148 1147 7152
f 7152 7156 7148
f 7157 1806 7158
f 7158 1168 5164
f 5164 1167 7157
f 7157 7158 5164
f 7158 1806 7161
f 7161 1805 7153
f 7153 1168 7158
f 7158 7161 7153
f 7157 1167 7165
f 7165 1808 7168
f 7168 1806 7157
f 7157 7165 7168
f 7165 1167 7163
f 7163 1807 7169
f 7169 1808 7165
f 7165 7163 7169
f 7169 1807 7175
f 7175 1810 7176
f 7176 1808 7169
f 7169 7175 7176
f 7175 1807 7173
f 7173 1809 7177
f 7177 1810 7175
f 7175 7173 7177
f 7180 1605 7186
f 7186 1812 7188
f 7188 1811 7180
f 7180 7186 7188
f 7186 1605 6381
f 6381 1604 7185
f 7185 1812 7186
f 7186 6381 7185
f 7185 1604 7189
f 7189 1813 7193
f 7193 1812 7185
f 7185 7189 7193
f 7189 1604 7091
f 7091 1788 7192
f 7192 1813 7189
f 7189 7091 7192
f 7125 1798 7124
f 7124 1787 7120
f 7120 1797 7125
f 7125 7124 7120
f 7124 1798 7197
f 7197 1814 7195
f 7195 1787 7124
f 7124 7197 7195
f 7207 1816 7206
f 7206 1786 7201
f 7201 1815 7207
f 7207 7206 7201
f 7206 1816 7205
f 7205 1783 7088
f 7088 1786 7206
f 7206 7205 7088
f 7208 1144 7215
f 7215 1818 7217
f 7217 1817 7208
f 7208 7215 7217
f 7215 1144 5124
f 5124 1143 7214
f 7214 1818 7215
f 7215 5124 7214
f 6903 1735 6894
f 6894 1580 6899
f 6899 1736 6903
f 6903 6894 6899
f 6894 1735 6893
f 6893 1140 6312
f 6312 1580 6894
f 6894 6893 6312
f 6903 1736 6902
f 6902 1730 6895
f 6895 1735 6903
f 6903 6902 6895
f 6902 1736 6900
f 6900 1728 6872
f 6872 1730 6902
f 6902 6900 6872
f 6328 1582 6333
f 6333 1586 6334
f 6334 1584 6328
f 6328 6333 6334
f 6333 1582 6321
f 6321 1156 6332
f 6332 1586 6333
f 6333 6321 6332
f 6186 1540 6185
f 6185 1293 5910
f 5910 1457 6186
f 6186 6185 5910
f 6185 1540 6184
f 6184 1290 5442
f 5442 1293 6185
f 6185 6184 5442
f 4932 1055 5909
f 5909 1457 5908
f 5908 1052 4932
f 4932 5909 5908
f 5909 1055 6182
f 6182 1540 6186
f 6186 1457 5909
f 5909 6182 6186
f 4934 1056 4935
f 4935 1052 4925
f 4925 1051 4934
f 4934 4935 4925
f 4935 1056 4936
f 4936 1055 4932
f 4932 1052 4935
f 4935 4936 4932
f 5576 1348 5572
f 5572 1051 5126
f 5126 1146 5576
f 5576 5572 5126
f 5572 1348 5573
f 5573 1056 4934
f 4934 1051 5572
f 5572 5573 4934
f 5171 1133 5128
f 5128 1146 5174
f 5174 1171 5171
f 5171 5128 5174
f 5128 1133 5575
f 5575 1348 5576
f 5576 1146 5128
f 5128 5575 5576
f 5170 1134 5172
f 5172 1171 5175
f 5175 1170 5170
f 5170 5172 5175
f 5172 1134 5105
f 5105 1133 5171
f 5171 1171 5172
f 5172 5105 5171
f 6985 1756 6984
f 6984 1134 5170
f 5170 1170 6985
f 6985 6984 5170
f 6984 1756 6995
f 6995 1757 6991
f 6991 1134 6984
f 6984 6995 6991
f 6987 1471 6994
f 6994 1757 6995
f 6995 1756 6987
f 6987 6994 6995
f 6994 1471 5956
f 5956 1333 6993
f 6993 1757 6994
f 6994 5956 6993
f 6370 1601 6369
f 6369 1332 5953
f 5953 1470 6370
f 6370 6369 5953
f 6369 1601 6371
f 6371 1600 6368
f 6368 1332 6369
f 6369 6371 6368
f 7081 1784 7080
f 7080 1600 6371
f 6371 1601 7081
f 7081 7080 6371
f 7080 1784 7082
f 7082 1782 7078
f 7078 1600 7080
f 7080 7082 7078
f 7220 1819 7219
f 7219 1783 7205
f 7205 1816 7220
f 7220 7219 7205
f 7219 1819 7226
f 7226 1820 7224
f 7224 1783 7219
f 7219 7226 7224
f 7216 1258 7210
f 7210 1817 7217
f 7217 1818 7216
f 7216 7210 7217
f 7210 1258 5353
f 5353 1257 7209
f 7209 1817 7210
f 7210 5353 7209
f 6316 1581 6317
f 6317 1140 5115
f 5115 1139 6316
f 6316 6317 5115
f 6317 1581 6320
f 6320 1580 6312
f 6312 1140 6317
f 6317 6320 6312
f 5474 1304 5475
f 5475 1258 5352
f 5352 1142 5474
f 5474 5475 5352
f 5475 1304 5473
f 5473 1138 5351
f 5351 1258 5475
f 5475 5473 5351
f 6890 1306 5481
f 5481 1141 6889
f 6889 1734 6890
f 6890 5481 6889
f 5481 1306 6885
f 6885 1733 6882
f 6882 1141 5481
f 5481 6885 6882
f 6873 1307 6891
f 6891 1734 6892
f 6892 1731 6873
f 6873 6891 6892
f 6891 1307 5482
f 5482 1306 6890
f 6890 1734 6891
f 6891 5482 6890
f 5670 1374 6331
f 6331 1585 6329
f 6329 1155 5670
f 5670 6331 6329
f 6331 1374 6860
f 6860 1727 6861
f 6861 1585 6331
f 6331 6860 6861
f 5673 1375 5674
f 5674 1155 5140
f 5140 1154 5673
f 5673 5674 5140
f 5674 1375 5677
f 5677 1374 5670
f 5670 1155 5674
f 5674 5677 5670
f 6325 1582 7231
f 7231 1821 7232
f 7232 1583 6325
f 6325 7231 7232
f 7231 1582 6322
f 6322 1575 7230
f 7230 1821 7231
f 7231 6322 7230
f 6324 1583 7239
f 7239 1822 7234
f 7234 1157 6324
f 6324 7239 7234
f 7239 1583 7232
f 7232 1821 7240
f 7240 1822 7239
f 7239 7232 7240
f 5673 1154 7233
f 7233 1822 7238
f 7238 1375 5673
f 5673 7233 7238
f 7233 1154 5143
f 5143 1157 7234
f 7234 1822 7233
f 7233 5143 7234
f 7250 1825 7249
f 7249 1823 7245
f 7245 1824 7250
f 7250 7249 7245
f 7249 1825 7254
f 7254 1826 7253
f 7253 1823 7249
f 7249 7254 7253
f 7255 1827 7256
f 7256 1749 6957
f 6957 1748 7255
f 7255 7256 6957
f 7256 1827 7257
f 7257 1826 7251
f 7251 1749 7256
f 7256 7257 7251
f 7261 1829 7267
f 7267 1830 7266
f 7266 1828 7261
f 7261 7267 7266
f 7267 1829 7260
f 7260 1827 7265
f 7265 1830 7267
f 7267 7260 7265
f 7273 1828 7270
f 7270 1831 7274
f 7274 1832 7273
f 7273 7270 7274
f 7270 1828 7266
f 7266 1830 7271
f 7271 1831 7270
f 7270 7266 7271
f 6947 1745 7268
f 7268 1831 7269
f 7269 1746 6947
f 6947 7268 7269
f 7268 1745 7276
f 7276 1833 7277
f 7277 1831 7268
f 7268 7276 7277
f 7286 1835 7287
f 7287 1834 7282
f 7282 1833 7286
f 7286 7287 7282
f 7287 1835 7291
f 7291 1836 7290
f 7290 1834 7287
f 7287 7291 7290
f 7283 1835 7284
f 7284 1474 5961
f 5961 1473 7283
f 7283 7284 5961
f 7284 1835 7285
f 7285 1744 6939
f 6939 1474 7284
f 7284 7285 6939
f 7248 1825 7246
f 7246 1667 6960
f 6960 1750 7248
f 7248 7246 6960
f 7246 1825 7247
f 7247 1668 6600
f 6600 1667 7246
f 7246 7247 6600
f 6544 1654 6543
f 6543 1620 6426
f 6426 1623 6544
f 6544 6543 6426
f 6543 1654 7295
f 7295 1837 7293
f 7293 1620 6543
f 6543 7295 7293
f 7296 1838 7299
f 7299 1654 6542
f 6542 1408 7296
f 7296 7299 6542
f 7299 1838 7300
f 7300 1837 7295
f 7295 1654 7299
f 7299 7300 7295
f 7301 1839 7302
f 7302 1408 5774
f 5774 1407 7301
f 7301 7302 5774
f 7302 1839 7306
f 7306 1838 7296
f 7296 1408 7302
f 7302 7306 7296
f 7308 1840 7307
f 7307 1624 6557
f 6557 1658 7308
f 7308 7307 6557
f 7307 1840 7309
f 7309 1794 7108
f 7108 1624 7307
f 7307 7309 7108
f 7310 1841 7311
f 7311 1658 6555
f 6555 1185 7310
f 7310 7311 6555
f 7311 1841 7312
f 7312 1840 7308
f 7308 1658 7311
f 7311 7312 7308
f 7313 1842 7314
f 7314 1185 5199
f 5199 1184 7313
f 7313 7314 5199
f 7314 1842 7318
f 7318 1841 7310
f 7310 1185 7314
f 7314 7318 7310
f 7301 1407 7288
f 7288 1836 7305
f 7305 1839 7301
f 7301 7288 7305
f 7288 1407 7279
f 7279 1834 7290
f 7290 1836 7288
f 7288 7279 7290
f 7242 1824 7243
f 7243 1184 5197
f 5197 1183 7242
f 7242 7243 5197
f 7243 1824 7245
f 7245 1823 7241
f 7241 1184 7243
f 7243 7245 7241
f 7323 1842 7316
f 7316 1828 7320
f 7320 1843 7323
f 7323 7316 7320
f 7316 1842 7317
f 7317 1829 7261
f 7261 1828 7316
f 7316 7317 7261
f 7273 1832 7321
f 7321 1843 7320
f 7320 1828 7273
f 7273 7321 7320
f 7321 1832 7272
f 7272 1410 7319
f 7319 1843 7321
f 7321 7272 7319
f 7324 1844 7325
f 7325 1410 5778
f 5778 1409 7324
f 7324 7325 5778
f 7325 1844 7328
f 7328 1843 7319
f 7319 1410 7325
f 7325 7328 7319
f 7330 1845 7329
f 7329 1409 6546
f 6546 1655 7330
f 7330 7329 6546
f 7329 1845 7333
f 7333 1844 7324
f 7324 1409 7329
f 7329 7333 7324
f 7334 1780 7337
f 7337 1847 7341
f 7341 1846 7334
f 7334 7337 7341
f 7337 1780 7076
f 7076 1781 7338
f 7338 1847 7337
f 7337 7076 7338
f 7338 1781 7222
f 7222 1820 7340
f 7340 1847 7338
f 7338 7222 7340
f 7222 1781 7079
f 7079 1782 7223
f 7223 1820 7222
f 7222 7079 7223
f 7085 1785 7084
f 7084 1601 6374
f 6374 1602 7085
f 7085 7084 6374
f 7084 1785 7087
f 7087 1784 7081
f 7081 1601 7084
f 7084 7087 7081
f 7100 1789 7094
f 7094 1606 7099
f 7099 1791 7100
f 7100 7094 7099
f 7094 1789 7093
f 7093 1603 6383
f 6383 1606 7094
f 7094 7093 6383
f 7105 1792 7344
f 7344 1848 7343
f 7343 1791 7105
f 7105 7344 7343
f 7344 1792 7345
f 7345 1849 7346
f 7346 1848 7344
f 7344 7345 7346
f 7345 1792 7347
f 7347 1850 7350
f 7350 1849 7345
f 7345 7347 7350
f 7347 1792 7107
f 7107 1793 7348
f 7348 1850 7347
f 7347 7107 7348
f 7353 1851 7352
f 7352 1793 7110
f 7110 1794 7353
f 7353 7352 7110
f 7352 1851 7357
f 7357 1850 7348
f 7348 1793 7352
f 7352 7357 7348
f 7354 1851 7351
f 7351 1655 7114
f 7114 1795 7354
f 7354 7351 7114
f 7351 1851 7356
f 7356 1845 7330
f 7330 1655 7351
f 7351 7356 7330
f 7117 1796 7355
f 7355 1851 7354
f 7354 1795 7117
f 7117 7355 7354
f 7355 1796 7349
f 7349 1850 7357
f 7357 1851 7355
f 7355 7349 7357
f 7360 1852 7362
f 7362 1850 7349
f 7349 1796 7360
f 7360 7362 7349
f 7362 1852 7361
f 7361 1849 7350
f 7350 1850 7362
f 7362 7361 7350
f 7367 1853 7366
f 7366 1849 7361
f 7361 1852 7367
f 7367 7366 7361
f 7366 1853 7365
f 7365 1848 7346
f 7346 1849 7366
f 7366 7365 7346
f 7373 1854 7372
f 7372 1848 7365
f 7365 1853 7373
f 7373 7372 7365
f 7372 1854 7370
f 7370 1790 7342
f 7342 1848 7372
f 7372 7370 7342
f 7377 1855 7378
f 7378 1820 7226
f 7226 1819 7377
f 7377 7378 7226
f 7378 1855 7379
f 7379 1847 7340
f 7340 1820 7378
f 7378 7379 7340
f 7376 1799 7339
f 7339 1847 7379
f 7379 1855 7376
f 7376 7339 7379
f 7339 1799 7335
f 7335 1846 7341
f 7341 1847 7339
f 7339 7335 7341
f 7131 1800 7336
f 7336 1846 7335
f 7335 1799 7131
f 7131 7336 7335
f 7336 1800 7383
f 7383 1856 7384
f 7384 1846 7336
f 7336 7383 7384
f 7190 1813 7191
f 7191 1786 7089
f 7089 1785 7190
f 7190 7191 7089
f 7191 1813 7198
f 7198 1814 7194
f 7194 1786 7191
f 7191 7198 7194
f 7082 1784 7225
f 7225 1820 7223
f 7223 1782 7082
f 7082 7225 7223
f 7225 1784 7083
f 7083 1783 7224
f 7224 1820 7225
f 7225 7083 7224
f 7332 1845 7331
f 7331 1794 7309
f 7309 1840 7332
f 7332 7331 7309
f 7331 1845 7356
f 7356 1851 7353
f 7353 1794 7331
f 7331 7356 7353
f 7327 1844 7326
f 7326 1840 7312
f 7312 1841 7327
f 7327 7326 7312
f 7326 1844 7333
f 7333 1845 7332
f 7332 1840 7326
f 7326 7333 7332
f 7323 1843 7322
f 7322 1841 7318
f 7318 1842 7323
f 7323 7322 7318
f 7322 1843 7328
f 7328 1844 7327
f 7327 1841 7322
f 7322 7328 7327
f 7281 1834 7280
f 7280 1410 7272
f 7272 1832 7281
f 7281 7280 7272
f 7280 1834 7279
f 7279 1407 5777
f 5777 1410 7280
f 7280 7279 5777
f 7317 1842 7315
f 7315 1823 7258
f 7258 1829 7317
f 7317 7315 7258
f 7315 1842 7313
f 7313 1184 7241
f 7241 1823 7315
f 7315 7313 7241
f 7386 1610 6584
f 6584 1664 7389
f 7389 1857 7386
f 7386 6584 7389
f 6584 1610 6398
f 6398 1609 6583
f 6583 1664 6584
f 6584 6398 6583
f 7390 1044 7385
f 7385 1857 7394
f 7394 1858 7390
f 7390 7385 7394
f 7385 1044 6396
f 6396 1610 7386
f 7386 1857 7385
f 7385 6396 7386
f 7395 1045 7391
f 7391 1858 7399
f 7399 1859 7395
f 7395 7391 7399
f 7391 1045 4913
f 4913 1044 7390
f 7390 1858 7391
f 7391 4913 7390
f 7400 1595 7396
f 7396 1859 7405
f 7405 1860 7400
f 7400 7396 7405
f 7396 1595 6356
f 6356 1045 7395
f 7395 1859 7396
f 7396 6356 7395
f 6929 1596 7401
f 7401 1860 7404
f 7404 1742 6929
f 6929 7401 7404
f 7401 1596 6357
f 6357 1595 7400
f 7400 1860 7401
f 7401 6357 7400
f 6929 1742 6930
f 6930 1617 6415
f 6415 1596 6929
f 6929 6930 6415
f 6930 1742 6932
f 6932 1741 6925
f 6925 1617 6930
f 6930 6932 6925
f 6532 1618 6926
f 6926 1741 6927
f 6927 1651 6532
f 6532 6926 6927
f 6926 1618 6418
f 6418 1617 6925
f 6925 1741 6926
f 6926 6418 6925
f 6551 1622 6531
f 6531 1650 6552
f 6552 1657 6551
f 6551 6531 6552
f 6531 1622 6425
f 6425 1621 6530
f 6530 1650 6531
f 6531 6425 6530
f 7387 1857 7388
f 7388 1662 6574
f 6574 1638 7387
f 7387 7388 6574
f 7388 1857 7389
f 7389 1664 6585
f 6585 1662 7388
f 7388 7389 6585
f 7392 1858 7393
f 7393 1638 6484
f 6484 1628 7392
f 7392 7393 6484
f 7393 1858 7394
f 7394 1857 7387
f 7387 1638 7393
f 7393 7394 7387
f 7397 1859 7398
f 7398 1628 6439
f 6439 1627 7397
f 7397 7398 6439
f 7398 1859 7399
f 7399 1858 7392
f 7392 1628 7398
f 7398 7399 7392
f 7403 1860 7402
f 7402 1627 6519
f 6519 1647 7403
f 7403 7402 6519
f 7402 1860 7405
f 7405 1859 7397
f 7397 1627 7402
f 7402 7405 7397
f 6938 1742 6931
f 6931 1647 6935
f 6935 1743 6938
f 6938 6931 6935
f 6931 1742 7404
f 7404 1860 7403
f 7403 1647 6931
f 6931 7404 7403
f 6915 1738 6910
f 6910 1190 6904
f 6904 1737 6915
f 6915 6910 6904
f 6910 1738 6914
f 6914 1615 6408
f 6408 1190 6910
f 6910 6914 6408
f 6866 1729 6867
f 6867 1577 6305
f 6305 1576 6866
f 6866 6867 6305
f 6867 1729 6865
f 6865 1192 6304
f 6304 1577 6867
f 6867 6865 6304
f 7230 1575 6297
f 6297 1152 7227
f 7227 1821 7230
f 7230 6297 7227
f 6297 1575 6298
f 6298 1153 5139
f 5139 1152 6297
f 6297 6298 5139
f 7228 1821 7229
f 7229 1213 5254
f 5254 1212 7228
f 7228 7229 5254
f 7229 1821 7227
f 7227 1152 5253
f 5253 1213 7229
f 7229 7227 5253
f 7228 1212 7235
f 7235 1822 7240
f 7240 1821 7228
f 7228 7235 7240
f 7235 1212 5260
f 5260 1219 7237
f 7237 1822 7235
f 7235 5260 7237
f 5261 1218 7236
f 7236 1822 7237
f 7237 1219 5261
f 5261 7236 7237
f 7236 1218 5675
f 5675 1375 7238
f 7238 1822 7236
f 7236 5675 7238
f 5666 1372 5665
f 5665 1218 5493
f 5493 1310 5666
f 5666 5665 5493
f 5665 1372 5676
f 5676 1375 5675
f 5675 1218 5665
f 5665 5676 5675
f 5492 885 5664
f 5664 1372 5666
f 5666 1310 5492
f 5492 5664 5666
f 5664 885 4437
f 4437 385 5663
f 5663 1372 5664
f 5664 4437 5663
f 7360 1796 7116
f 7116 1657 7359
f 7359 1852 7360
f 7360 7116 7359
f 7116 1796 7115
f 7115 1622 6551
f 6551 1657 7116
f 7116 7115 6551
f 7367 1852 7358
f 7358 1656 7364
f 7364 1853 7367
f 7367 7358 7364
f 7358 1852 7359
f 7359 1657 6554
f 6554 1656 7358
f 7358 7359 6554
f 7371 1854 7368
f 7368 1592 7119
f 7119 1797 7371
f 7371 7368 7119
f 7368 1854 7369
f 7369 1593 6352
f 6352 1592 7368
f 7368 7369 6352
f 5123 1144 7200
f 7200 1815 7199
f 7199 1116 5123
f 5123 7200 7199
f 7200 1144 7204
f 7204 1816 7207
f 7207 1815 7200
f 7200 7204 7207
f 7220 1816 7211
f 7211 1817 7221
f 7221 1819 7220
f 7220 7211 7221
f 7211 1816 7204
f 7204 1144 7208
f 7208 1817 7211
f 7211 7204 7208
f 7377 1819 7218
f 7218 1257 7375
f 7375 1855 7377
f 7377 7218 7375
f 7218 1819 7221
f 7221 1817 7209
f 7209 1257 7218
f 7218 7221 7209
f 7376 1855 7374
f 7374 1137 7127
f 7127 1799 7376
f 7376 7374 7127
f 7374 1855 7375
f 7375 1257 5349
f 5349 1137 7374
f 7374 7375 5349
f 5151 1159 5145
f 5145 886 5148
f 5148 1160 5151
f 5151 5145 5148
f 5145 1159 5146
f 5146 887 4441
f 4441 886 5145
f 5145 5146 4441
f 5188 1177 5186
f 5186 888 5181
f 5181 1174 5188
f 5188 5186 5181
f 5186 1177 5187
f 5187 889 4445
f 4445 888 5186
f 5186 5187 4445
f 7415 1862 7413
f 7413 1328 7408
f 7408 1861 7415
f 7415 7413 7408
f 7413 1862 7420
f 7420 1863 7416
f 7416 1328 7413
f 7413 7420 7416
f 7414 1763 7419
f 7419 1863 7420
f 7420 1862 7414
f 7414 7419 7420
f 7419 1763 7010
f 7010 1762 7418
f 7418 1863 7419
f 7419 7010 7418
f 7009 1763 7007
f 7007 893 6224
f 6224 1550 7009
f 7009 7007 6224
f 7007 1763 7008
f 7008 894 4462
f 4462 893 7007
f 7007 7008 4462
f 6700 1690 6701
f 6701 1175 5183
f 5183 1174 6700
f 6700 6701 5183
f 6701 1690 6702
f 6702 1679 6649
f 6649 1175 6701
f 6701 6702 6649
f 7410 1691 6703
f 6703 895 7406
f 7406 1861 7410
f 7410 6703 7406
f 6703 1691 6704
f 6704 896 4467
f 4467 895 6703
f 6703 6704 4467
f 7425 1177 6765
f 6765 1703 7426
f 7426 1864 7425
f 7425 6765 7426
f 6765 1177 5189
f 5189 1176 6764
f 6764 1703 6765
f 6765 5189 6764
f 7423 1864 7424
f 7424 1161 5153
f 5153 1160 7423
f 7423 7424 5153
f 7424 1864 7426
f 7426 1703 6763
f 6763 1161 7424
f 7424 7426 6763
f 7429 1159 7073
f 7073 1780 7430
f 7430 1865 7429
f 7429 7073 7430
f 7073 1159 5147
f 5147 1158 7072
f 7072 1780 7073
f 7073 5147 7072
f 7432 1865 7431
f 7431 1846 7384
f 7384 1856 7432
f 7432 7431 7384
f 7431 1865 7430
f 7430 1780 7334
f 7334 1846 7431
f 7431 7430 7334
f 7128 900 7381
f 7381 1856 7383
f 7383 1800 7128
f 7128 7381 7383
f 7381 900 4481
f 4481 899 7380
f 7380 1856 7381
f 7381 4481 7380
f 5108 901 7129
f 7129 1800 7130
f 7130 1136 5108
f 5108 7129 7130
f 7129 901 4484
f 4484 900 7128
f 7128 1800 7129
f 7129 4484 7128
f 7440 1868 7439
f 7439 1866 7435
f 7435 1867 7440
f 7440 7439 7435
f 7439 1868 7443
f 7443 1869 7442
f 7442 1866 7439
f 7439 7443 7442
f 7450 1872 7449
f 7449 1870 7446
f 7446 1871 7450
f 7450 7449 7446
f 7449 1872 7454
f 7454 1873 7453
f 7453 1870 7449
f 7449 7454 7453
f 7464 1875 7459
f 7459 1022 7456
f 7456 1874 7464
f 7464 7459 7456
f 7459 1875 7462
f 7462 1722 6835
f 6835 1022 7459
f 7459 7462 6835
f 7468 1876 7467
f 7467 1866 7444
f 7444 1871 7468
f 7468 7467 7444
f 7467 1876 7473
f 7473 1877 7471
f 7471 1866 7467
f 7467 7473 7471
f 5770 1406 7478
f 7478 1878 7476
f 7476 1282 5770
f 5770 7478 7476
f 7478 1406 7434
f 7434 1867 7479
f 7479 1878 7478
f 7478 7434 7479
f 7485 1874 7455
f 7455 1021 7481
f 7481 1879 7485
f 7485 7455 7481
f 7455 1874 7456
f 7456 1022 4883
f 4883 1021 7455
f 7455 7456 4883
f 7482 1879 7483
f 7483 1460 5921
f 5921 1456 7482
f 7482 7483 5921
f 7483 1879 7481
f 7481 1021 5920
f 5920 1460 7483
f 7483 7481 5920
f 7466 1876 7465
f 7465 1077 4992
f 4992 1080 7466
f 7466 7465 4992
f 7465 1876 7490
f 7490 1880 7486
f 7486 1077 7465
f 7465 7490 7486
f 7469 1007 7474
f 7474 1878 7480
f 7480 1877 7469
f 7469 7474 7480
f 7474 1007 4864
f 4864 1010 7475
f 7475 1878 7474
f 7474 4864 7475
f 5200 1181 6094
f 6094 1517 6095
f 6095 1187 5200
f 5200 6094 6095
f 6094 1181 5194
f 5194 1180 6093
f 6093 1517 6094
f 6094 5194 6093
f 5193 1181 6454
f 6454 1632 6453
f 6453 1178 5193
f 5193 6454 6453
f 6454 1181 6034
f 6034 1500 6455
f 6455 1632 6454
f 6454 6034 6455
f 5200 1187 6036
f 6036 1500 6034
f 6034 1181 5200
f 5200 6036 6034
f 6036 1187 5201
f 5201 1186 6035
f 6035 1500 6036
f 6036 5201 6035
f 7499 1882 7498
f 7498 1462 7495
f 7495 1881 7499
f 7499 7498 7495
f 7498 1882 7497
f 7497 1376 5930
f 5930 1462 7498
f 7498 7497 5930
f 7504 1883 7502
f 7502 1334 6846
f 6846 1724 7504
f 7504 7502 6846
f 7502 1883 7503
f 7503 1335 5543
f 5543 1334 7502
f 7502 7503 5543
f 7513 1885 7512
f 7512 1705 7507
f 7507 1884 7513
f 7513 7512 7507
f 7512 1885 7511
f 7511 1275 6773
f 6773 1705 7512
f 7512 7511 6773
f 7518 1671 6612
f 6612 1274 7516
f 7516 1886 7518
f 7518 6612 7516
f 6612 1671 6611
f 6611 1105 5391
f 5391 1274 6612
f 6612 6611 5391
f 7525 1881 7494
f 7494 1371 7523
f 7523 1887 7525
f 7525 7494 7523
f 7494 1881 7495
f 7495 1462 5929
f 5929 1371 7494
f 7494 7495 5929
f 6613 1671 6609
f 6609 924 6605
f 6605 1670 6613
f 6613 6609 6605
f 6609 1671 6610
f 6610 925 4569
f 4569 924 6609
f 6609 6610 4569
f 7530 1888 7528
f 7528 1335 7503
f 7503 1883 7530
f 7530 7528 7503
f 7528 1888 7529
f 7529 1708 6782
f 6782 1335 7528
f 7528 7529 6782
f 6847 1723 6839
f 6839 927 6843
f 6843 1724 6847
f 6847 6839 6843
f 6839 1723 6840
f 6840 928 4578
f 4578 927 6839
f 6839 6840 4578
f 6852 1670 6606
f 6606 929 6848
f 6848 1725 6852
f 6852 6606 6848
f 6606 1670 6605
f 6605 924 4581
f 4581 929 6606
f 6606 6605 4581
f 6842 1402 5757
f 5757 928 6840
f 6840 1723 6842
f 6842 5757 6840
f 5757 1402 5758
f 5758 930 4585
f 4585 928 5757
f 5757 5758 4585
f 7524 1887 7522
f 7522 1108 6851
f 6851 1725 7524
f 7524 7522 6851
f 7522 1887 7523
f 7523 1371 5660
f 5660 1108 7522
f 7522 7523 5660
f 5762 1298 5456
f 5456 930 5758
f 5758 1402 5762
f 5762 5456 5758
f 5456 1298 5455
f 5455 400 4583
f 4583 930 5456
f 5456 5455 4583
f 5977 1215 7532
f 7534 1890 7535
f 7535 1215 5255
f 5255 1214 7534
f 7534 7535 5255
f 7535 1890 7538
f 7538 1889 7532
f 7532 1215 7535
f 7535 7538 7532
f 7534 1214 6236
f 6236 1555 7537
f 7537 1890 7534
f 7534 6236 7537
f 6236 1214 5267
f 5267 1221 6237
f 6237 1555 6236
f 6236 5267 6237
f 6238 1554 7536
f 7536 1890 7537
f 7537 1555 6238
f 6238 7536 7537
f 7536 1554 7539
f 7539 1891 7541
f 7541 1890 7536
f 7536 7539 7541
f 7542 1889 7540
f 7540 1891 7543
f 7543 1892 7542
f 7542 7540 7543
f 7540 1889 7538
f 7538 1890 7541
f 7541 1891 7540
f 7540 7538 7541
f 7549 1894 7550
f 7550 1893 7545
f 7545 1553 7549
f 7549 7550 7545
f 7550 1894 7553
f 7553 1895 7552
f 7552 1893 7550
f 7550 7553 7552
f 7557 1759 6996
f 6996 1557 7555
f 7555 1896 7557
f 7557 6996 7555
f 6996 1759 7564
f 7564 1897 7562
f 7562 1557 6996
f 6996 7564 7562
f 7571 1900 7570
f 7570 1898 7569
f 7569 1899 7571
f 7571 7570 7569
f 7570 1900 7573
f 7573 1901 7572
f 7572 1898 7570
f 7570 7573 7572
f 7574 1902 7575
f 7575 1891 7539
f 7539 1554 7574
f 7574 7575 7539
f 7575 1902 7580
f 7580 1903 7577
f 7577 1891 7575
f 7575 7580 7577
f 7572 1901 7584
f 7584 1904 7583
f 7583 1898 7572
f 7572 7584 7583
f 7584 1901 7585
f 7585 1905 7588
f 7588 1904 7584
f 7584 7585 7588
f 7590 1906 7591
f 7591 1902 7576
f 7576 1897 7590
f 7590 7591 7576
f 7591 1906 7592
f 7592 1905 7586
f 7586 1902 7591
f 7591 7592 7586
f 7577 1903 7578
f 7578 1892 7543
f 7543 1891 7577
f 7577 7578 7543
f 7578 1903 7596
f 7596 1907 7593
f 7593 1892 7578
f 7578 7596 7593
f 7568 1327 7599
f 7600 1899 7568
f 7568 7599 7600
f 7599 1327 7598
f 5529 1326 7597
f 7598 1327 5529
f 5529 7597 7598
f 7597 1326 7603
f 5524 950 7602
f 7603 1326 5524
f 5524 7602 7603
f 7565 1229 7567
f 7567 1899 7569
f 7569 1898 7565
f 7565 7567 7569
f 7567 1229 5528
f 5528 1327 7568
f 7568 1899 7567
f 7567 5528 7568
f 7565 1898 7566
f 7566 1230 5290
f 5290 1229 7565
f 7565 7566 5290
f 7566 1898 7583
f 7583 1904 7581
f 7581 1230 7566
f 7566 7583 7581
f 7581 1904 7582
f 7582 1895 7551
f 7551 1230 7581
f 7581 7582 7551
f 7582 1904 7606
f 7606 1908 7605
f 7605 1895 7582
f 7582 7606 7605
f 7619 1910 7618
f 7618 1893 7611
f 7611 1909 7619
f 7619 7618 7611
f 7618 1910 7614
f 7614 1552 7544
f 7544 1893 7618
f 7618 7614 7544
f 7066 1777 7061
f 7061 1549 7064
f 7064 1778 7066
f 7066 7061 7064
f 7061 1777 7062
f 7062 1762 7005
f 7005 1549 7061
f 7061 7062 7005
f 7624 1911 7623
f 7623 1762 7062
f 7062 1777 7624
f 7624 7623 7062
f 7623 1911 7625
f 7625 1863 7418
f 7418 1762 7623
f 7623 7625 7418
f 7621 1911 7622
f 7622 1686 6681
f 6681 1329 7621
f 7621 7622 6681
f 7622 1911 7620
f 7620 1252 6680
f 6680 1686 7622
f 7622 7620 6680
f 7416 1863 7417
f 7417 1329 5530
f 5530 1328 7416
f 7416 7417 5530
f 7417 1863 7625
f 7625 1911 7621
f 7621 1329 7417
f 7417 7625 7621
f 5991 1276 5394
f 5394 1224 5990
f 5990 5991 5394
f 7626 1276 5991
f 7628 1510 7627
f 7627 1510 6065
f 6065 1276 7626
f 7627 6065 7626
f 7533 1889 7542
f 7630 1907 7631
f 7629 1892 7593
f 7593 1907 7630
f 7630 7629 7593
f 7601 1900 7571
f 7571 1899 7600
f 7600 7601 7571
f 7632 1900 7601
f 6234 1553 6235
f 6235 1552 6231
f 6231 1551 6234
f 6234 6235 6231
f 6235 1553 7545
f 7545 1893 7544
f 7544 1552 6235
f 6235 7545 7544
f 7070 1779 7617
f 7617 1910 7615
f 7615 1761 7070
f 7070 7617 7615
f 7617 1779 7071
f 7071 1778 7616
f 7616 1910 7617
f 7617 7071 7616
f 7013 1558 7017
f 7017 1765 7019
f 7019 1764 7013
f 7013 7017 7019
f 7017 1558 6253
f 6253 1562 7018
f 7018 1765 7017
f 7017 6253 7018
f 7559 1896 7560
f 7560 1767 7027
f 7027 1766 7559
f 7559 7560 7027
f 7560 1896 7556
f 7556 1559 7025
f 7025 1767 7560
f 7560 7556 7025
f 7031 1768 7030
f 7030 1562 6260
f 6260 1564 7031
f 7031 7030 6260
f 7030 1768 7032
f 7032 1765 7018
f 7018 1562 7030
f 7030 7032 7018
f 7636 1912 7637
f 7637 1770 7037
f 7037 1769 7636
f 7636 7637 7037
f 7637 1912 7642
f 7642 1913 7640
f 7640 1770 7637
f 7637 7642 7640
f 7645 1914 7646
f 7646 1772 7043
f 7043 1771 7645
f 7645 7646 7043
f 7646 1914 7652
f 7652 1915 7651
f 7651 1772 7646
f 7646 7652 7651
f 7022 1760 7558
f 7558 1896 7559
f 7559 1766 7022
f 7022 7558 7559
f 7558 1760 7000
f 7000 1759 7557
f 7557 1896 7558
f 7558 7000 7557
f 7031 1564 7046
f 7046 1773 7047
f 7047 1768 7031
f 7031 7046 7047
f 7046 1564 7654
f 7654 1916 7656
f 7656 1773 7046
f 7046 7654 7656
f 7661 1917 7660
f 7660 1771 7051
f 7051 1774 7661
f 7661 7660 7051
f 7660 1917 7663
f 7663 1914 7645
f 7645 1771 7660
f 7660 7663 7645
f 7025 1559 7014
f 7014 1764 7026
f 7026 1767 7025
f 7025 7014 7026
f 7014 1559 6246
f 6246 1558 7013
f 7013 1764 7014
f 7014 6246 7013
f 7666 1918 7667
f 7667 1776 7058
f 7058 1775 7666
f 7666 7667 7058
f 7667 1918 7674
f 7674 1919 7672
f 7672 1776 7667
f 7667 7674 7672
f 7616 1778 7065
f 7065 1552 7614
f 7614 1910 7616
f 7616 7065 7614
f 7065 1778 7064
f 7064 1549 6230
f 6230 1552 7065
f 7065 7064 6230
f 5557 1344 5558
f 5558 1285 5421
f 5421 1284 5557
f 5557 5558 5421
f 5558 1344 6643
f 6643 1677 6641
f 6641 1285 5558
f 5558 6643 6641
f 6653 1680 6654
f 6654 1331 5534
f 5534 1330 6653
f 6653 6654 5534
f 6654 1680 6657
f 6657 1679 6651
f 6651 1331 6654
f 6654 6657 6651
f 6658 1681 6659
f 6659 1385 5705
f 5705 1384 6658
f 6658 6659 5705
f 6659 1681 6662
f 6662 1493 6013
f 6013 1385 6659
f 6659 6662 6013
f 5723 1387 5727
f 5727 1391 5729
f 5729 1390 5723
f 5723 5727 5729
f 5727 1387 5713
f 5713 1268 5726
f 5726 1391 5727
f 5727 5713 5726
f 6667 1683 6668
f 6668 1485 5996
f 5996 1484 6667
f 6667 6668 5996
f 6668 1683 6669
f 6669 1489 6004
f 6004 1485 6668
f 6668 6669 6004
f 6019 1492 6025
f 6025 1495 6026
f 6026 1494 6019
f 6019 6025 6026
f 6025 1492 6010
f 6010 1345 6024
f 6024 1495 6025
f 6025 6010 6024
f 6639 1398 5746
f 5746 1391 6638
f 6638 1676 6639
f 6639 5746 6638
f 5746 1398 5745
f 5745 1388 5728
f 5728 1391 5746
f 5746 5745 5728
f 5418 1207 6022
f 6022 1495 6023
f 6023 1284 5418
f 5418 6022 6023
f 6022 1207 5239
f 5239 1130 6021
f 6021 1495 6022
f 6022 5239 6021
f 6674 1065 5994
f 5994 1485 6677
f 6677 1685 6674
f 6674 5994 6677
f 5994 1065 4975
f 4975 1074 5995
f 5995 1485 5994
f 5994 4975 5995
f 6016 1040 5704
f 5704 1385 6018
f 6018 1494 6016
f 6016 5704 6018
f 5704 1040 4907
f 4907 1039 5703
f 5703 1385 5704
f 5704 4907 5703
f 6694 1496 6027
f 6027 1330 6693
f 6693 1689 6694
f 6694 6027 6693
f 6027 1496 6655
f 6655 1680 6653
f 6653 1330 6027
f 6027 6655 6653
f 7410 1861 7409
f 7409 1331 6705
f 6705 1691 7410
f 7410 7409 6705
f 7409 1861 7408
f 7408 1328 5533
f 5533 1331 7409
f 7409 7408 5533
f 6691 1687 6685
f 6685 1285 6687
f 6687 1688 6691
f 6691 6685 6687
f 6685 1687 6682
f 6682 1208 5420
f 5420 1285 6685
f 6685 6682 5420
f 7546 964 5292
f 5292 1231 7548
f 7548 1894 7546
f 7546 5292 7548
f 5292 964 4731
f 4731 963 5291
f 5291 1231 5292
f 5292 4731 5291
f 6243 1556 7554
f 7554 1896 7555
f 7555 1557 6243
f 6243 7554 7555
f 7554 1556 6245
f 6245 1559 7556
f 7556 1896 7554
f 7554 6245 7556
f 6248 1556 6239
f 6239 1221 6247
f 6247 1560 6248
f 6248 6239 6247
f 6239 1556 6240
f 6240 1555 6237
f 6237 1221 6239
f 6239 6240 6237
f 6250 1561 6251
f 6251 1221 5268
f 5268 1220 6250
f 6250 6251 5268
f 6251 1561 6252
f 6252 1560 6247
f 6247 1221 6251
f 6251 6252 6247
f 6257 1563 6256
f 6256 1220 5398
f 5398 1277 6257
f 6257 6256 5398
f 6256 1563 6258
f 6258 1561 6250
f 6250 1220 6256
f 6256 6258 6250
f 7655 1916 7653
f 7653 1563 6264
f 6264 1565 7655
f 7655 7653 6264
f 7653 1916 7654
f 7654 1564 6261
f 6261 1563 7653
f 7653 7654 6261
f 7665 1918 7664
f 7664 1565 6267
f 6267 1566 7665
f 7665 7664 6267
f 7664 1918 7668
f 7668 1916 7655
f 7655 1565 7664
f 7664 7668 7655
f 7634 1912 7635
f 7635 1569 6277
f 6277 1568 7634
f 7634 7635 6277
f 7635 1912 7673
f 7673 1919 7670
f 7670 1569 7635
f 7635 7673 7670
f 7658 1917 7659
f 7659 1571 6283
f 6283 1570 7658
f 7658 7659 6283
f 7659 1917 7662
f 7662 1913 7639
f 7639 1571 7659
f 7659 7662 7639
f 7649 1915 7650
f 7650 1573 6291
f 6291 1572 7649
f 7649 7650 6291
f 7650 1915 7652
f 7652 1914 7644
f 7644 1573 7650
f 7650 7652 7644
f 4733 965 6285
f 6285 1572 6284
f 6284 594 4733
f 4733 6285 6284
f 6285 965 7647
f 7647 1915 7649
f 7649 1572 6285
f 6285 7647 7649
f 7553 1894 7547
f 7547 1230 7551
f 7551 1895 7553
f 7553 7547 7551
f 7547 1894 7548
f 7548 1231 5295
f 5295 1230 7547
f 7547 7548 5295
f 7562 1897 7561
f 7561 1554 6241
f 6241 1557 7562
f 7562 7561 6241
f 7561 1897 7576
f 7576 1902 7574
f 7574 1554 7561
f 7561 7576 7574
f 7608 1906 7612
f 7612 1909 7613
f 7613 1908 7608
f 7608 7612 7613
f 7612 1906 7589
f 7589 1758 7609
f 7609 1909 7612
f 7612 7589 7609
f 7605 1908 7604
f 7604 1893 7552
f 7552 1895 7605
f 7605 7604 7552
f 7604 1908 7613
f 7613 1909 7611
f 7611 1893 7604
f 7604 7613 7611
f 4739 966 7492
f 7492 1881 7493
f 7493 967 4739
f 4739 7492 7493
f 7492 966 7496
f 7496 1882 7499
f 7499 1881 7492
f 7492 7496 7499
f 4743 967 7520
f 7520 1887 7521
f 7521 968 4743
f 4743 7520 7521
f 7520 967 7493
f 7493 1881 7525
f 7525 1887 7520
f 7520 7493 7525
f 4742 968 6849
f 6849 1725 6848
f 6848 929 4742
f 4742 6849 6848
f 6849 968 7521
f 7521 1887 7524
f 7524 1725 6849
f 6849 7521 7524
f 4747 896 6698
f 6698 1690 6699
f 6699 969 4747
f 4747 6698 6699
f 6698 896 6704
f 6704 1691 6707
f 6707 1690 6698
f 6698 6704 6707
f 6106 1519 6208
f 6208 1545 6207
f 6207 1518 6106
f 6106 6208 6207
f 6208 1519 6212
f 6212 1546 6213
f 6213 1545 6208
f 6208 6212 6213
f 6103 1519 6104
f 6104 1179 5190
f 5190 1178 6103
f 6103 6104 5190
f 6104 1519 6105
f 6105 1439 5852
f 5852 1179 6104
f 6104 6105 5852
f 4748 885 5491
f 5491 885 5492
f 6854 1726 6853
f 6853 384 3898
f 3898 751 6854
f 6854 6853 3898
f 6853 1726 6857
f 6857 1373 5667
f 5667 384 6853
f 6853 6857 5667
f 5488 970 6177
f 6177 1539 6180
f 6180 1309 5488
f 5488 6177 6180
f 6177 970 4751
f 4751 555 6176
f 6176 1539 6177
f 6177 4751 6176
f 4973 1072 5747
f 5747 1399 5748
f 5748 1073 4973
f 4973 5747 5748
f 5747 1072 5366
f 5366 1264 5749
f 5749 1399 5747
f 5747 5366 5749
f 5011 1088 5367
f 5367 1264 5366
f 5366 1072 5011
f 5011 5367 5366
f 5367 1088 5304
f 5304 1235 5368
f 5368 1264 5367
f 5367 5304 5368
f 5305 1088 5984
f 5984 1482 5985
f 5985 1236 5305
f 5305 5984 5985
f 5984 1088 5012
f 5012 1087 5983
f 5983 1482 5984
f 5984 5012 5983
f 5354 1259 6067
f 6067 1259 6062
f 6062 1509 6068
f 6067 6062 6068
f 5987 1483 6063
f 6063 1509 6062
f 6062 1259 5987
f 5987 6063 6062
f 6063 1483 6270
f 6270 1567 6271
f 6271 1509 6063
f 6063 6270 6271
f 5992 1073 7675
f 7675 1920 7678
f 7678 1484 5992
f 5992 7675 7678
f 7675 1073 5748
f 5748 1399 7677
f 7677 1920 7675
f 7675 5748 7677
f 6272 1483 6281
f 6281 1571 6282
f 6282 1568 6272
f 6272 6281 6282
f 6281 1483 5988
f 5988 1300 6280
f 6280 1571 6281
f 6281 5988 6280
f 6673 1683 7682
f 7682 1921 7683
f 7683 1684 6673
f 6673 7682 7683
f 7682 1683 7688
f 7688 1922 7690
f 7690 1921 7682
f 7682 7688 7690
f 7033 1236 7055
f 7055 1776 7057
f 7057 1769 7033
f 7033 7055 7057
f 7055 1236 5985
f 5985 1482 7056
f 7056 1776 7055
f 7055 5985 7056
f 7636 1769 7671
f 7671 1919 7673
f 7673 1912 7636
f 7636 7671 7673
f 7671 1769 7057
f 7057 1776 7672
f 7672 1919 7671
f 7671 7057 7672
f 6667 1484 7687
f 7687 1922 7688
f 7688 1683 6667
f 6667 7687 7688
f 7687 1484 7678
f 7678 1920 7689
f 7689 1922 7687
f 7687 7678 7689
f 7634 1568 7638
f 7638 1913 7642
f 7642 1912 7634
f 7634 7638 7642
f 7638 1568 6282
f 6282 1571 7639
f 7639 1913 7638
f 7638 6282 7639
f 4956 1064 4974
f 4974 1074 4975
f 4975 1065 4956
f 4956 4974 4975
f 4974 1064 4970
f 4970 1071 4976
f 4976 1074 4974
f 4974 4970 4976
f 5075 1064 5402
f 5402 1278 5404
f 5404 1114 5075
f 5075 5402 5404
f 5402 1064 4954
f 4954 1063 5401
f 5401 1278 5402
f 5402 4954 5401
f 5325 1245 6268
f 6268 1567 6269
f 6269 1246 5325
f 5325 6268 6269
f 6268 1245 6061
f 6061 1509 6271
f 6271 1567 6268
f 6268 6061 6271
f 5981 1114 5406
f 5406 1279 5982
f 5982 1481 5981
f 5981 5406 5982
f 5406 1114 5404
f 5404 1278 5408
f 5408 1279 5406
f 5406 5404 5408
f 6003 1487 6660
f 6660 1681 6661
f 6661 1488 6003
f 6003 6660 6661
f 6660 1487 6663
f 6663 1682 6666
f 6666 1681 6660
f 6660 6663 6666
f 6064 1245 5396
f 5396 1276 6065
f 6065 1510 6064
f 6064 5396 6065
f 5396 1245 5323
f 5323 1244 5395
f 5395 1276 5396
f 5396 5323 5395
f 6265 1246 6274
f 6274 1569 6275
f 6275 1566 6265
f 6265 6274 6275
f 6274 1246 6269
f 6269 1567 6276
f 6276 1569 6274
f 6274 6269 6276
f 6678 1488 6001
f 6001 1384 6676
f 6676 1685 6678
f 6678 6001 6676
f 6001 1488 6661
f 6661 1681 6658
f 6658 1384 6001
f 6001 6661 6658
f 7052 1481 7045
f 7045 1773 7054
f 7054 1775 7052
f 7052 7045 7054
f 7045 1481 5982
f 5982 1279 7044
f 7044 1773 7045
f 7045 5982 7044
f 6069 1510 7628
f 7666 1775 7657
f 7657 1916 7668
f 7668 1918 7666
f 7666 7657 7668
f 7657 1775 7054
f 7054 1773 7656
f 7656 1916 7657
f 7657 7054 7656
f 6674 1685 6675
f 6675 1066 4960
f 4960 1065 6674
f 6674 6675 4960
f 6675 1685 6676
f 6676 1384 5702
f 5702 1066 6675
f 6675 6676 5702
f 7665 1566 7669
f 7669 1919 7674
f 7674 1918 7665
f 7665 7669 7674
f 7669 1566 6275
f 6275 1569 7670
f 7670 1919 7669
f 7669 6275 7670
f 4884 1023 7691
f 7691 1923 7692
f 7692 1024 4884
f 4884 7691 7692
f 7691 1023 6877
f 6877 1732 7696
f 7696 1923 7691
f 7691 6877 7696
f 6670 1684 6740
f 6740 1698 6737
f 6737 1025 6670
f 6670 6740 6737
f 6740 1684 7683
f 7683 1921 7684
f 7684 1698 6740
f 6740 7683 7684
f 5997 1486 5998
f 5998 1025 4885
f 4885 1024 5997
f 5997 5998 4885
f 5998 1486 6671
f 6671 1684 6670
f 6670 1025 5998
f 5998 6671 6670
f 5997 1024 5999
f 5999 1487 6000
f 6000 1486 5997
f 5997 5999 6000
f 5999 1024 7692
f 7692 1923 7693
f 7693 1487 5999
f 5999 7692 7693
f 7693 1923 7694
f 7694 1682 6663
f 6663 1487 7693
f 7693 7694 6663
f 7694 1923 7695
f 7695 1700 6749
f 6749 1682 7694
f 7694 7695 6749
f 5091 1123 6508
f 6508 1645 6509
f 6509 1124 5091
f 5091 6508 6509
f 6508 1123 6973
f 6973 1753 6977
f 6977 1645 6508
f 6508 6973 6977
f 5118 1142 7213
f 7213 1818 7212
f 7212 1139 5118
f 5118 7213 7212
f 7213 1142 5352
f 5352 1258 7216
f 7216 1818 7213
f 7213 5352 7216
f 5339 1252 7060
f 7060 1777 7059
f 7059 1250 5339
f 5339 7060 7059
f 7060 1252 7620
f 7620 1911 7624
f 7624 1777 7060
f 7060 7620 7624
f 5347 1256 6760
f 6760 1702 6759
f 6759 1253 5347
f 5347 6760 6759
f 6760 1256 5503
f 5503 1316 6762
f 6762 1702 6760
f 6760 5503 6762
f 5480 1304 6178
f 6178 1539 6179
f 6179 1305 5480
f 5480 6178 6179
f 6178 1304 6884
f 6884 1733 6887
f 6887 1539 6178
f 6178 6884 6887
f 5522 1325 6347
f 6347 1591 6346
f 6346 1322 5522
f 5522 6347 6346
f 6347 1325 5521
f 5521 1118 6345
f 6345 1591 6347
f 6347 5521 6345
f 5348 1255 5538
f 5538 1333 5539
f 5539 1256 5348
f 5348 5538 5539
f 5538 1255 6992
f 6992 1757 6993
f 6993 1333 5538
f 5538 6992 6993
f 6987 1756 6988
f 6988 1472 5960
f 5960 1471 6987
f 6987 6988 5960
f 6988 1756 6989
f 6989 1755 6983
f 6983 1472 6988
f 6988 6989 6983
f 5964 1476 7304
f 7304 1839 7303
f 7303 1473 5964
f 5964 7304 7303
f 7304 1476 7297
f 7297 1838 7306
f 7306 1839 7304
f 7304 7297 7306
f 6032 1499 6656
f 6656 1680 6655
f 6655 1496 6032
f 6032 6656 6655
f 6656 1499 6031
f 6031 1302 6652
f 6652 1680 6656
f 6656 6031 6652
f 6040 1502 6976
f 6976 1753 6973
f 6973 1123 6040
f 6040 6976 6973
f 6976 1502 6980
f 6980 1754 6981
f 6981 1753 6976
f 6976 6980 6981
f 5107 1135 5106
f 5106 554 4777
f 4777 975 5107
f 5107 5106 4777
f 5106 1135 5478
f 5478 1305 5476
f 5476 554 5106
f 5106 5478 5476
f 6319 1581 6315
f 6315 1115 6306
f 6306 1578 6319
f 6319 6315 6306
f 6315 1581 6318
f 6318 1143 5120
f 5120 1115 6315
f 6315 6318 5120
f 6364 1599 6365
f 6365 1323 5518
f 5518 1322 6364
f 6364 6365 5518
f 6365 1599 6919
f 6919 1739 6916
f 6916 1323 6365
f 6365 6919 6916
f 6514 1646 6515
f 6515 1614 6407
f 6407 1613 6514
f 6514 6515 6407
f 6515 1646 6971
f 6971 1752 6969
f 6969 1614 6515
f 6515 6971 6969
f 6420 1618 6421
f 6421 1620 6422
f 6422 1619 6420
f 6420 6421 6422
f 6421 1618 6423
f 6423 1621 6424
f 6424 1620 6421
f 6421 6423 6424
f 6964 1751 6965
f 6965 1644 6507
f 6507 1643 6964
f 6964 6965 6507
f 6965 1751 6966
f 6966 1666 6593
f 6593 1644 6965
f 6965 6966 6593
f 6969 1752 6970
f 6970 1643 6503
f 6503 1614 6969
f 6969 6970 6503
f 6970 1752 6972
f 6972 1751 6964
f 6964 1643 6970
f 6970 6972 6964
f 6403 1613 6402
f 6402 1121 5089
f 5089 1124 6403
f 6403 6402 5089
f 6402 1613 6405
f 6405 1612 6399
f 6399 1121 6402
f 6402 6405 6399
f 6527 1649 7298
f 7298 1838 7297
f 7297 1476 6527
f 6527 7298 7297
f 7298 1649 7294
f 7294 1837 7300
f 7300 1838 7298
f 7298 7294 7300
f 6528 1619 7292
f 7292 1837 7294
f 7294 1649 6528
f 6528 7292 7294
f 7292 1619 6422
f 6422 1620 7293
f 7293 1837 7292
f 7292 6422 7293
f 6537 1651 6922
f 6922 1740 6923
f 6923 1652 6537
f 6537 6922 6923
f 6922 1651 6927
f 6927 1741 6928
f 6928 1740 6922
f 6922 6927 6928
f 6597 1183 6506
f 6506 1644 6598
f 6598 1668 6597
f 6597 6506 6598
f 6506 1183 5195
f 5195 1182 6505
f 6505 1644 6506
f 6506 5195 6505
f 6696 1689 6692
f 6692 1329 6681
f 6681 1686 6696
f 6696 6692 6681
f 6692 1689 6693
f 6693 1330 5532
f 5532 1329 6692
f 6692 6693 5532
f 6735 1697 6733
f 6733 1302 6031
f 6031 1499 6735
f 6735 6733 6031
f 6733 1697 6734
f 6734 1303 5472
f 5472 1302 6733
f 6733 6734 5472
f 6731 1253 5471
f 5471 1303 6734
f 6734 1697 6731
f 6731 5471 6734
f 5471 1253 6759
f 6759 1702 6761
f 6761 1303 5471
f 5471 6759 6761
f 7002 1761 7610
f 7610 1909 7609
f 7609 1758 7002
f 7002 7610 7609
f 7610 1761 7615
f 7615 1910 7619
f 7619 1909 7610
f 7610 7615 7619
f 7069 1779 7067
f 7067 1248 5334
f 5334 1250 7069
f 7069 7067 5334
f 7067 1779 7068
f 7068 1249 5333
f 5333 1248 7067
f 7067 7068 5333
f 7182 1811 7179
f 7179 1472 7174
f 7174 1810 7182
f 7182 7179 7174
f 7179 1811 7178
f 7178 1469 5959
f 5959 1472 7179
f 7179 7178 5959
f 5958 1470 5954
f 5954 1333 5956
f 5956 1471 5958
f 5958 5954 5956
f 5954 1470 5953
f 5953 1332 5540
f 5540 1333 5954
f 5954 5953 5540
f 6316 1139 5122
f 5122 1143 6318
f 6318 1581 6316
f 6316 5122 6318
f 5122 1139 7212
f 7212 1818 7214
f 7214 1143 5122
f 5122 7212 7214
f 5474 1142 6883
f 6883 1733 6884
f 6884 1304 5474
f 5474 6883 6884
f 6883 1142 5119
f 5119 1141 6882
f 6882 1733 6883
f 6883 5119 6882
f 7248 1750 7252
f 7252 1826 7254
f 7254 1825 7248
f 7248 7252 7254
f 7252 1750 6961
f 6961 1749 7251
f 7251 1826 7252
f 7252 6961 7251
f 7260 1829 7259
f 7259 1826 7257
f 7257 1827 7260
f 7260 7259 7257
f 7259 1829 7258
f 7258 1823 7253
f 7253 1826 7259
f 7259 7258 7253
f 7255 1748 7264
f 7264 1830 7265
f 7265 1827 7255
f 7255 7264 7265
f 7264 1748 6954
f 6954 1747 7263
f 7263 1830 7264
f 7264 6954 7263
f 7271 1830 7262
f 7262 1746 7269
f 7269 1831 7271
f 7271 7262 7269
f 7262 1830 7263
f 7263 1747 6951
f 6951 1746 7262
f 7262 7263 6951
f 7277 1833 7278
f 7278 1832 7274
f 7274 1831 7277
f 7277 7278 7274
f 7278 1833 7282
f 7282 1834 7281
f 7281 1832 7278
f 7278 7282 7281
f 7286 1833 7275
f 7275 1744 7285
f 7285 1835 7286
f 7286 7275 7285
f 7275 1833 7276
f 7276 1745 6944
f 6944 1744 7275
f 7275 7276 6944
f 7283 1473 7289
f 7289 1836 7291
f 7291 1835 7283
f 7283 7289 7291
f 7289 1473 7303
f 7303 1839 7305
f 7305 1836 7289
f 7289 7303 7305
f 7250 1824 7244
f 7244 1668 7247
f 7247 1825 7250
f 7250 7244 7247
f 7244 1824 7242
f 7242 1183 6597
f 6597 1668 7244
f 7244 7242 6597
f 6532 1651 6533
f 6533 1621 6423
f 6423 1618 6532
f 6532 6533 6423
f 6533 1651 6534
f 6534 1650 6530
f 6530 1621 6533
f 6533 6534 6530
f 7594 1907 7595
f 7595 1901 7573
f 7573 1900 7594
f 7594 7595 7573
f 7595 1907 7596
f 7596 1903 7579
f 7579 1901 7595
f 7595 7596 7579
f 7579 1903 7587
f 7587 1905 7585
f 7585 1901 7579
f 7579 7587 7585
f 7587 1903 7580
f 7580 1902 7586
f 7586 1905 7587
f 7587 7580 7586
f 7608 1908 7607
f 7607 1905 7592
f 7592 1906 7608
f 7608 7607 7592
f 7607 1908 7606
f 7606 1904 7588
f 7588 1905 7607
f 7607 7606 7588
f 6680 1252 6684
f 6684 1687 6686
f 6686 1686 6680
f 6680 6684 6686
f 6684 1252 5340
f 5340 1251 6683
f 6683 1687 6684
f 6684 5340 6683
f 7633 1907 7594
f 7594 1900 7632
f 7632 7633 7594
f 7631 1907 7633
f 7070 1761 7001
f 7001 1249 7068
f 7068 1779 7070
f 7070 7001 7068
f 7001 1761 7004
f 7004 1760 6999
f 6999 1249 7001
f 7001 7004 6999
f 6694 1689 6695
f 6695 1497 6028
f 6028 1496 6694
f 6694 6695 6028
f 6695 1689 6697
f 6697 1688 6688
f 6688 1497 6695
f 6695 6697 6688
f 7590 1897 7563
f 7563 1758 7589
f 7589 1906 7590
f 7590 7563 7589
f 7563 1897 7564
f 7564 1759 6997
f 6997 1758 7563
f 7563 7564 6997
f 5414 1010 5020
f 5020 1095 5416
f 5416 1283 5414
f 5414 5020 5416
f 5020 1010 4866
f 4866 1009 5019
f 5019 1095 5020
f 5020 4866 5019
f 5634 1033 4981
f 4981 1075 5636
f 5636 1365 5634
f 5634 4981 5636
f 4981 1033 4897
f 4897 1006 4980
f 4980 1075 4981
f 4981 4897 4980
f 5019 1009 5023
f 5023 1096 5026
f 5026 1095 5019
f 5019 5023 5026
f 5023 1009 4951
f 4951 1062 5024
f 5024 1096 5023
f 5023 4951 5024
f 5207 1191 5208
f 5208 1120 5086
f 5086 1119 5207
f 5207 5208 5086
f 5208 1191 5693
f 5693 1382 5692
f 5692 1120 5208
f 5208 5693 5692
f 5083 1015 5210
f 5210 1192 5211
f 5211 1119 5083
f 5083 5210 5211
f 5210 1015 6301
f 6301 1577 6304
f 6304 1192 5210
f 5210 6301 6304
f 5365 1262 5362
f 5362 1261 5364
f 5364 1263 5365
f 5365 5362 5364
f 5362 1262 5361
f 5361 1239 5357
f 5357 1261 5362
f 5362 5361 5357
f 5372 1266 7685
f 7685 1922 7686
f 7686 1267 5372
f 5372 7685 7686
f 7685 1266 7680
f 7680 1921 7690
f 7690 1922 7685
f 7685 7680 7690
f 5377 1270 7681
f 7681 1921 7680
f 7680 1266 5377
f 5377 7681 7680
f 7681 1270 6738
f 6738 1698 7684
f 7684 1921 7681
f 7681 6738 7684
f 5382 1068 5386
f 5386 1273 5388
f 5388 1272 5382
f 5382 5386 5388
f 5386 1068 4963
f 4963 1067 5385
f 5385 1273 5386
f 5386 4963 5385
f 5463 1262 5360
f 5360 1237 5460
f 5460 1299 5463
f 5463 5360 5460
f 5360 1262 5359
f 5359 1235 5307
f 5307 1237 5360
f 5360 5359 5307
f 5465 1243 5466
f 5486 1307 6855
f 6855 1726 6856
f 6856 1308 5486
f 5486 6855 6856
f 6855 1307 6858
f 6858 1727 6862
f 6862 1726 6855
f 6855 6858 6862
f 5641 1365 5633
f 5633 1001 5639
f 5639 1366 5641
f 5641 5633 5639
f 5633 1365 5636
f 5636 1075 4978
f 4978 1001 5633
f 5633 5636 4978
f 5743 1263 5716
f 5716 1388 5745
f 5745 1398 5743
f 5743 5716 5745
f 5716 1263 5364
f 5364 1261 5715
f 5715 1388 5716
f 5716 5364 5715
f 5024 1062 5040
f 5040 1101 5041
f 5041 1096 5024
f 5024 5040 5041
f 5040 1062 5381
f 5381 1272 5383
f 5383 1101 5040
f 5040 5381 5383
f 6072 1511 6071
f 6071 1016 5085
f 5085 1120 6072
f 6072 6071 5085
f 6071 1511 6070
f 6070 998 4872
f 4872 1016 6071
f 6071 6070 4872
f 6279 1301 6289
f 6289 1573 6290
f 6290 1570 6279
f 6279 6289 6290
f 6289 1301 5466
f 5466 1243 6288
f 6288 1573 6289
f 6289 5466 6288
f 6296 1511 6589
f 6589 1665 6590
f 6590 1574 6296
f 6296 6589 6590
f 6589 1511 6073
f 6073 1381 6588
f 6588 1665 6589
f 6589 6073 6588
f 6294 1574 6295
f 6295 1367 5645
f 5645 1366 6294
f 6294 6295 5645
f 6295 1574 6590
f 6590 1665 6587
f 6587 1367 6295
f 6295 6590 6587
f 6636 1267 7676
f 7676 1920 7679
f 7679 1676 6636
f 6636 7676 7679
f 7676 1267 7686
f 7686 1922 7689
f 7689 1920 7676
f 7676 7686 7689
f 6741 1270 5449
f 5449 1296 6744
f 6744 1699 6741
f 6741 5449 6744
f 5449 1270 5378
f 5378 1269 5448
f 5448 1296 5449
f 5449 5378 5448
f 7438 1711 7441
f 7441 1869 7443
f 7443 1868 7438
f 7438 7441 7443
f 7441 1711 7699
f 7699 1924 7701
f 7701 1869 7441
f 7441 7699 7701
f 5483 750 5487
f 5487 1309 5490
f 5490 1308 5483
f 5483 5487 5490
f 5487 750 4752
f 4752 970 5488
f 5488 1309 5487
f 5487 4752 5488
f 6900 1736 6901
f 6901 1729 6868
f 6868 1728 6900
f 6900 6901 6868
f 6901 1736 6909
f 6909 1737 6908
f 6908 1729 6901
f 6901 6909 6908
f 6876 1731 6896
f 6896 1735 6895
f 6895 1730 6876
f 6876 6896 6895
f 6896 1731 6892
f 6892 1734 6897
f 6897 1735 6896
f 6896 6892 6897
f 6743 1699 6742
f 6742 1271 5387
f 5387 1273 6743
f 6743 6742 5387
f 6742 1699 6744
f 6744 1296 5450
f 5450 1271 6742
f 6742 6744 5450
f 7049 1299 7036
f 7036 1770 7050
f 7050 1774 7049
f 7049 7036 7050
f 7036 1299 5460
f 5460 1237 7035
f 7035 1770 7036
f 7036 5460 7035
f 6871 1730 6869
f 6869 1584 6334
f 6334 1586 6871
f 6871 6869 6334
f 6869 1730 6872
f 6872 1728 6864
f 6864 1584 6869
f 6869 6872 6864
f 6873 1731 6875
f 6875 1727 6858
f 6858 1307 6873
f 6873 6875 6858
f 6875 1731 6874
f 6874 1585 6861
f 6861 1727 6875
f 6875 6874 6861
f 6908 1737 6905
f 6905 1192 6865
f 6865 1729 6908
f 6908 6905 6865
f 6905 1737 6904
f 6904 1190 5212
f 5212 1192 6905
f 6905 6904 5212
f 7440 1867 7433
f 7433 1405 7436
f 7436 1868 7440
f 7440 7433 7436
f 7433 1867 7434
f 7434 1406 5773
f 5773 1405 7433
f 7433 7434 5773
f 7479 1867 7472
f 7472 1877 7480
f 7480 1878 7479
f 7479 7472 7480
f 7472 1867 7435
f 7435 1866 7471
f 7471 1877 7472
f 7472 7435 7471
f 5414 1283 7477
f 7477 1878 7475
f 7475 1010 5414
f 5414 7477 7475
f 7477 1283 5417
f 5417 1282 7476
f 7476 1878 7477
f 7477 5417 7476
f 7661 1774 7641
f 7641 1913 7662
f 7662 1917 7661
f 7661 7641 7662
f 7641 1774 7050
f 7050 1770 7640
f 7640 1913 7641
f 7641 7050 7640
f 6639 1676 6640
f 6640 1399 5750
f 5750 1398 6639
f 6639 6640 5750
f 6640 1676 7679
f 7679 1920 7677
f 7677 1399 6640
f 6640 7679 7677
f 7658 1570 7643
f 7643 1914 7663
f 7663 1917 7658
f 7658 7643 7663
f 7643 1570 6290
f 6290 1573 7644
f 7644 1914 7643
f 7643 6290 7644
f 5524 1326 5525
f 5525 977 4787
f 4787 950 5524
f 5524 5525 4787
f 5525 1326 5526
f 5526 1228 5288
f 5288 977 5525
f 5525 5526 5288
f 4983 1076 4984
f 4984 1006 4861
f 4861 1005 4983
f 4983 4984 4861
f 4984 1076 4985
f 4985 1075 4980
f 4980 1006 4984
f 4984 4985 4980
f 5634 1365 5635
f 5635 1034 4901
f 4901 1033 5634
f 5634 5635 4901
f 5635 1365 5637
f 5637 1364 5630
f 5630 1034 5635
f 5635 5637 5630
f 4924 1049 4919
f 4919 1014 4921
f 4921 1050 4924
f 4924 4919 4921
f 4919 1049 4918
f 4918 1011 4870
f 4870 1014 4919
f 4919 4918 4870
f 5622 1361 5623
f 5623 1060 4948
f 4948 1059 5622
f 5622 5623 4948
f 5623 1361 5624
f 5624 1360 5621
f 5621 1060 5623
f 5623 5624 5621
f 5029 1098 5030
f 5030 1070 4969
f 4969 1069 5029
f 5029 5030 4969
f 5030 1098 6189
f 6189 1541 6188
f 6188 1070 5030
f 5030 6189 6188
f 4994 1079 4987
f 4987 1007 4991
f 4991 1080 4994
f 4994 4987 4991
f 4987 1079 4988
f 4988 1008 4862
f 4862 1007 4987
f 4987 4988 4862
f 4965 1068 5033
f 5033 1099 5034
f 5034 1069 4965
f 4965 5033 5034
f 5033 1068 4962
f 4962 1061 5032
f 5032 1099 5033
f 5033 4962 5032
f 4859 1004 5045
f 5045 1103 5046
f 5046 1005 4859
f 4859 5045 5046
f 5045 1004 6774
f 6774 1706 6775
f 6775 1103 5045
f 5045 6774 6775
f 5032 1061 4989
f 4989 1079 5036
f 5036 1099 5032
f 5032 4989 5036
f 4989 1061 4949
f 4949 1008 4988
f 4988 1079 4989
f 4989 4949 4988
f 5070 1050 4996
f 4996 1082 5072
f 5072 1112 5070
f 5070 4996 5072
f 4996 1050 4921
f 4921 1014 4995
f 4995 1082 4996
f 4996 4921 4995
f 6348 1592 6349
f 6349 1118 5082
f 5082 1117 6348
f 6348 6349 5082
f 6349 1592 6350
f 6350 1591 6345
f 6345 1118 6349
f 6349 6350 6345
f 5597 1354 5598
f 5598 1150 5134
f 5134 1149 5597
f 5597 5598 5134
f 5598 1354 5616
f 5616 1359 5613
f 5613 1150 5598
f 5598 5616 5613
f 5160 1166 5159
f 5159 1162 5156
f 5156 1165 5160
f 5160 5159 5156
f 5159 1166 5167
f 5167 1169 5166
f 5166 1162 5159
f 5159 5167 5166
f 6775 1706 6776
f 6776 1275 5392
f 5392 1103 6775
f 6775 6776 5392
f 6776 1706 6777
f 6777 1705 6773
f 6773 1275 6776
f 6776 6777 6773
f 5424 1098 5429
f 5429 1289 5431
f 5431 1288 5424
f 5424 5429 5431
f 5429 1098 5031
f 5031 1097 5428
f 5428 1289 5429
f 5429 5031 5428
f 5694 1382 5695
f 5695 1321 5517
f 5517 1320 5694
f 5694 5695 5517
f 5695 1382 5693
f 5693 1191 5515
f 5515 1321 5695
f 5695 5693 5515
f 6309 1579 6310
f 6310 1325 5523
f 5523 1324 6309
f 6309 6310 5523
f 6310 1579 6311
f 6311 1578 6308
f 6308 1325 6310
f 6310 6311 6308
f 5613 1359 5615
f 5615 1169 5165
f 5165 1150 5613
f 5613 5615 5165
f 5615 1359 5614
f 5614 1162 5166
f 5166 1169 5615
f 5615 5614 5166
f 5514 1319 5697
f 5697 1383 5698
f 5698 1320 5514
f 5514 5697 5698
f 5697 1319 6559
f 6559 1659 6560
f 6560 1383 5697
f 5697 6559 6560
f 5756 1401 5896
f 5896 1452 5895
f 5895 1400 5756
f 5756 5896 5895
f 5896 1401 6815
f 6815 1718 6816
f 6816 1452 5896
f 5896 6815 6816
f 5752 1112 5071
f 5071 1081 5751
f 5751 1400 5752
f 5752 5071 5751
f 5071 1112 5072
f 5072 1082 4997
f 4997 1081 5071
f 5071 5072 4997
f 5900 1355 5599
f 5599 1149 5899
f 5899 1454 5900
f 5900 5599 5899
f 5599 1355 5600
f 5600 1354 5597
f 5597 1149 5599
f 5599 5600 5597
f 5907 1456 5918
f 5918 1459 5917
f 5917 1455 5907
f 5907 5918 5917
f 5918 1456 5921
f 5921 1460 5922
f 5922 1459 5918
f 5918 5921 5922
f 4967 1070 4966
f 4966 1023 4886
f 4886 1026 4967
f 4967 4966 4886
f 4966 1070 6188
f 6188 1541 6187
f 6187 1023 4966
f 4966 6188 6187
f 5905 1455 5904
f 5904 1286 5430
f 5430 1289 5905
f 5905 5904 5430
f 5904 1455 5917
f 5917 1459 5915
f 5915 1286 5904
f 5904 5917 5915
f 7170 1502 6380
f 6380 1605 7171
f 7171 1809 7170
f 7170 6380 7171
f 6380 1502 6041
f 6041 1501 6379
f 6379 1605 6380
f 6380 6041 6379
f 5426 1287 6193
f 6193 1542 6194
f 6194 1288 5426
f 5426 6193 6194
f 6193 1287 5422
f 5422 1280 6191
f 6191 1542 6193
f 6193 5422 6191
f 6202 1512 6077
f 6077 1454 6201
f 6201 1544 6202
f 6202 6077 6201
f 6077 1512 6076
f 6076 1355 5900
f 5900 1454 6077
f 6077 6076 5900
f 6933 1743 6934
f 6934 1590 6344
f 6344 1589 6933
f 6933 6934 6344
f 6934 1743 6935
f 6935 1647 6518
f 6518 1590 6934
f 6934 6935 6518
f 6548 1656 6549
f 6549 1594 6355
f 6355 1593 6548
f 6548 6549 6355
f 6549 1656 6550
f 6550 1653 6538
f 6538 1594 6549
f 6549 6550 6538
f 6538 1653 6539
f 6539 1599 6366
f 6366 1594 6538
f 6538 6539 6366
f 6539 1653 6541
f 6541 1652 6535
f 6535 1599 6539
f 6539 6541 6535
f 6383 1603 6375
f 6375 1122 6382
f 6382 1606 6383
f 6383 6375 6382
f 6375 1603 6376
f 6376 1501 6038
f 6038 1122 6375
f 6375 6376 6038
f 5515 1191 6409
f 6409 1615 6410
f 6410 1321 5515
f 5515 6409 6410
f 6409 1191 5209
f 5209 1190 6408
f 6408 1615 6409
f 6409 5209 6408
f 6440 1319 6444
f 6444 1630 6447
f 6447 1629 6440
f 6440 6444 6447
f 6444 1319 5512
f 5512 1318 6443
f 6443 1630 6444
f 6444 5512 6443
f 6562 1659 6561
f 6561 1629 6486
f 6486 1639 6562
f 6562 6561 6486
f 6561 1659 6559
f 6559 1319 6440
f 6440 1629 6561
f 6561 6559 6440
f 6443 1318 6342
f 6342 1590 6445
f 6445 1630 6443
f 6443 6342 6445
f 6342 1318 6336
f 6336 1587 6343
f 6343 1590 6342
f 6342 6336 6343
f 6569 1661 6568
f 6568 1381 5699
f 5699 1383 6569
f 6569 6568 5699
f 6568 1661 6591
f 6591 1665 6588
f 6588 1381 6568
f 6568 6591 6588
f 6579 1660 6565
f 6565 1639 6578
f 6578 1663 6579
f 6579 6565 6578
f 6565 1660 6566
f 6566 1659 6562
f 6562 1639 6565
f 6565 6566 6562
f 5629 1362 6563
f 6563 1660 6564
f 6564 1363 5629
f 5629 6563 6564
f 6563 1362 6567
f 6567 1661 6571
f 6571 1660 6563
f 6563 6567 6571
f 6580 1662 6572
f 6572 1012 6575
f 6575 1663 6580
f 6580 6572 6575
f 6572 1662 6573
f 6573 1013 4869
f 4869 1012 6572
f 6572 6573 4869
f 6778 1336 6783
f 6783 1708 6785
f 6785 1707 6778
f 6778 6783 6785
f 6783 1336 5544
f 5544 1335 6782
f 6782 1708 6783
f 6783 5544 6782
f 6787 1404 6779
f 6779 1707 6790
f 6790 1709 6787
f 6787 6779 6790
f 6779 1404 5767
f 5767 1336 6778
f 6778 1707 6779
f 6779 5767 6778
f 6793 1405 6788
f 6788 1709 6794
f 6794 1710 6793
f 6793 6788 6794
f 6788 1405 5769
f 5769 1404 6787
f 6787 1709 6788
f 6788 5769 6787
f 7438 1868 7437
f 7437 1710 6797
f 6797 1711 7438
f 7438 7437 6797
f 7437 1868 7436
f 7436 1405 6793
f 6793 1710 7437
f 7437 7436 6793
f 7447 1713 7452
f 7452 1873 7454
f 7454 1872 7447
f 7447 7452 7454
f 7452 1713 6802
f 6802 1712 7451
f 7451 1873 7452
f 7452 6802 7451
f 7461 1715 6837
f 6837 1722 7462
f 7462 1875 7461
f 7461 6837 7462
f 6837 1715 6809
f 6809 1714 6836
f 6836 1722 6837
f 6837 6809 6836
f 6836 1714 6831
f 6831 1721 6838
f 6838 1722 6836
f 6836 6831 6838
f 6831 1714 6812
f 6812 1716 6832
f 6832 1721 6831
f 6831 6812 6832
f 6814 1717 6833
f 6833 1721 6832
f 6832 1716 6814
f 6814 6833 6832
f 6833 1717 6827
f 6827 1720 6834
f 6834 1721 6833
f 6833 6827 6834
f 6821 1719 6828
f 6828 1720 6827
f 6827 1717 6821
f 6821 6828 6827
f 6828 1719 6820
f 6820 1547 6826
f 6826 1720 6828
f 6828 6820 6826
f 5755 1294 6198
f 6198 1544 6199
f 6199 1401 5755
f 5755 6198 6199
f 6198 1294 6074
f 6074 1512 6202
f 6202 1544 6198
f 6198 6074 6202
f 6880 1732 6879
f 6879 1541 6195
f 6195 1542 6880
f 6880 6879 6195
f 6879 1732 6877
f 6877 1023 6187
f 6187 1541 6879
f 6879 6877 6187
f 5520 1323 6911
f 6911 1738 6912
f 6912 1324 5520
f 5520 6911 6912
f 6911 1323 6338
f 6338 1588 6913
f 6913 1738 6911
f 6911 6338 6913
f 6924 1740 6921
f 6921 1589 6918
f 6918 1739 6924
f 6924 6921 6918
f 6921 1740 6936
f 6936 1743 6933
f 6933 1589 6921
f 6921 6936 6933
f 5161 1166 7162
f 7162 1807 7163
f 7163 1167 5161
f 5161 7162 7163
f 7162 1166 6979
f 6979 1754 7164
f 7164 1807 7162
f 7162 6979 7164
f 7100 1791 7101
f 7101 1790 7098
f 7098 1789 7100
f 7100 7101 7098
f 7101 1791 7343
f 7343 1848 7342
f 7342 1790 7101
f 7101 7343 7342
f 5080 1116 7122
f 7122 1798 7123
f 7123 1117 5080
f 5080 7122 7123
f 7122 1116 7199
f 7199 1815 7202
f 7202 1798 7122
f 7122 7199 7202
f 7133 1458 6819
f 6819 1719 7136
f 7136 1801 7133
f 7133 6819 7136
f 6819 1458 6216
f 6216 1547 6820
f 6820 1719 6819
f 6819 6216 6820
f 7137 1053 7132
f 7132 1801 7141
f 7141 1802 7137
f 7137 7132 7141
f 7132 1053 5912
f 5912 1458 7133
f 7133 1801 7132
f 7132 5912 7133
f 7142 1054 7138
f 7138 1802 7146
f 7146 1803 7142
f 7142 7138 7146
f 7138 1054 4929
f 4929 1053 7137
f 7137 1802 7138
f 7138 4929 7137
f 7147 1145 7143
f 7143 1803 7151
f 7151 1804 7147
f 7147 7143 7151
f 7143 1145 5125
f 5125 1054 7142
f 7142 1803 7143
f 7143 5125 7142
f 7154 1172 7150
f 7150 1804 7156
f 7156 1805 7154
f 7154 7150 7156
f 7150 1172 5176
f 5176 1145 7147
f 7147 1804 7150
f 7150 5176 7147
f 7159 1173 7155
f 7155 1805 7161
f 7161 1806 7159
f 7159 7155 7161
f 7155 1173 5180
f 5180 1172 7154
f 7154 1805 7155
f 7155 5180 7154
f 7159 1806 7160
f 7160 1755 6982
f 6982 1173 7159
f 7159 7160 6982
f 7160 1806 7168
f 7168 1808 7167
f 7167 1755 7160
f 7160 7168 7167
f 7167 1808 7166
f 7166 1472 6983
f 6983 1755 7167
f 7167 7166 6983
f 7166 1808 7176
f 7176 1810 7174
f 7174 1472 7166
f 7166 7176 7174
f 7188 1812 7183
f 7183 1469 7178
f 7178 1811 7188
f 7188 7183 7178
f 7183 1812 7184
f 7184 1602 6372
f 6372 1469 7183
f 7183 7184 6372
f 7184 1812 7187
f 7187 1785 7085
f 7085 1602 7184
f 7184 7187 7085
f 7187 1812 7193
f 7193 1813 7190
f 7190 1785 7187
f 7187 7193 7190
f 7202 1815 7203
f 7203 1814 7197
f 7197 1798 7202
f 7202 7203 7197
f 7203 1815 7201
f 7201 1786 7194
f 7194 1814 7203
f 7203 7201 7194
f 6378 1603 7090
f 7090 1788 7091
f 7091 1604 6378
f 6378 7090 7091
f 7090 1603 7093
f 7093 1789 7096
f 7096 1788 7090
f 7090 7093 7096
f 7371 1797 7121
f 7121 1790 7370
f 7370 1854 7371
f 7371 7121 7370
f 7121 1797 7120
f 7120 1787 7097
f 7097 1790 7121
f 7121 7120 7097
f 7192 1788 7196
f 7196 1814 7198
f 7198 1813 7192
f 7192 7196 7198
f 7196 1788 7092
f 7092 1787 7195
f 7195 1814 7196
f 7196 7092 7195
f 6913 1588 6412
f 6412 1615 6914
f 6914 1738 6913
f 6913 6412 6914
f 6412 1588 6339
f 6339 1587 6411
f 6411 1615 6412
f 6412 6339 6411
f 7373 1853 7363
f 7363 1593 7369
f 7369 1854 7373
f 7373 7363 7369
f 7363 1853 7364
f 7364 1656 6548
f 6548 1593 7363
f 7363 7364 6548
f 7468 1871 7489
f 7489 1880 7490
f 7490 1876 7468
f 7468 7489 7490
f 7489 1871 7446
f 7446 1870 7488
f 7488 1880 7489
f 7489 7446 7488
f 7485 1879 7484
f 7484 1870 7457
f 7457 1874 7485
f 7485 7484 7457
f 7484 1879 7491
f 7491 1880 7488
f 7488 1870 7484
f 7484 7491 7488
f 7482 1456 7487
f 7487 1880 7491
f 7491 1879 7482
f 7482 7487 7491
f 7487 1456 5906
f 5906 1077 7486
f 7486 1880 7487
f 7487 5906 7486
f 7466 1080 7470
f 7470 1877 7473
f 7473 1876 7466
f 7466 7470 7473
f 7470 1080 4991
f 4991 1007 7469
f 7469 1877 7470
f 7470 4991 7469
f 7519 1886 7517
f 7517 1275 7511
f 7511 1885 7519
f 7519 7517 7511
f 7517 1886 7516
f 7516 1274 5393
f 5393 1275 7517
f 7517 7516 5393
f 7531 1884 7508
f 7508 1708 7529
f 7529 1888 7531
f 7531 7508 7529
f 7508 1884 7507
f 7507 1705 6784
f 6784 1708 7508
f 7508 7507 6784
f 4794 978 7509
f 7509 1885 7510
f 7510 979 4794
f 4794 7509 7510
f 7509 978 7515
f 7515 1886 7519
f 7519 1885 7509
f 7509 7515 7519
f 4800 980 7526
f 7526 1888 7527
f 7527 981 4800
f 4800 7526 7527
f 7526 980 7506
f 7506 1884 7531
f 7531 1888 7526
f 7526 7506 7531
f 6308 1578 6307
f 6307 1118 5521
f 5521 1325 6308
f 6308 6307 5521
f 6307 1578 6306
f 6306 1115 5081
f 5081 1118 6307
f 6307 6306 5081
f 7164 1754 7172
f 7172 1809 7173
f 7173 1807 7164
f 7164 7172 7173
f 7172 1754 6980
f 6980 1502 7170
f 7170 1809 7172
f 7172 6980 7170
f 6535 1652 6920
f 6920 1739 6919
f 6919 1599 6535
f 6535 6920 6919
f 6920 1652 6923
f 6923 1740 6924
f 6924 1739 6920
f 6920 6923 6924
f 7180 1811 7181
f 7181 1809 7171
f 7171 1605 7180
f 7180 7181 7171
f 7181 1811 7182
f 7182 1810 7177
f 7177 1809 7181
f 7181 7182 7177
f 4899 1032 4895
f 4895 1006 4897
f 4897 1033 4899
f 4899 4895 4897
f 4895 1032 4894
f 4894 1003 4860
f 4860 1006 4895
f 4895 4894 4860
f 6796 1032 7698
f 7698 1924 7699
f 7699 1711 6796
f 6796 7698 7699
f 7698 1032 4896
f 4896 1031 7697
f 7697 1924 7698
f 7698 4896 7697
f 5619 1360 5620
f 5620 1012 4867
f 4867 1011 5619
f 5619 5620 4867
f 5620 1360 5627
f 5627 1363 5626
f 5626 1012 5620
f 5620 5627 5626
f 4946 1060 4944
f 4944 1011 4918
f 4918 1049 4946
f 4946 4944 4918
f 4944 1060 5621
f 5621 1360 5619
f 5619 1011 4944
f 4944 5621 5619
f 4947 1060 4945
f 4945 1048 4937
f 4937 1057 4947
f 4947 4945 4937
f 4945 1060 4946
f 4946 1049 4920
f 4920 1048 4945
f 4945 4946 4920
f 6806 1715 6807
f 6807 1057 4937
f 4937 1048 6806
f 6806 6807 4937
f 6807 1715 6808
f 6808 1712 6798
f 6798 1057 6807
f 6807 6808 6798
f 7461 1875 7460
f 7460 1712 6808
f 6808 1715 7461
f 7461 7460 6808
f 7460 1875 7463
f 7463 1873 7451
f 7451 1712 7460
f 7460 7463 7451
f 7464 1874 7458
f 7458 1873 7463
f 7463 1875 7464
f 7464 7458 7463
f 7458 1874 7457
f 7457 1870 7453
f 7453 1873 7458
f 7458 7457 7453
f 5625 1361 5642
f 5642 1367 5643
f 5643 1362 5625
f 5625 5642 5643
f 5642 1361 5632
f 5632 1364 5644
f 5644 1367 5642
f 5642 5632 5644
f 5622 1059 5631
f 5631 1364 5632
f 5632 1361 5622
f 5622 5631 5632
f 5631 1059 4941
f 4941 1034 5630
f 5630 1364 5631
f 5631 4941 5630
f 4943 1058 4939
f 4939 1034 4941
f 4941 1059 4943
f 4943 4939 4941
f 4939 1058 4938
f 4938 1031 4900
f 4900 1034 4939
f 4939 4938 4900
f 6801 1713 6800
f 6800 1031 4938
f 4938 1058 6801
f 6801 6800 4938
f 6800 1713 7700
f 7700 1924 7697
f 7697 1031 6800
f 6800 7700 7697
f 7447 1872 7702
f 7702 1924 7700
f 7700 1713 7447
f 7447 7702 7700
f 7702 1872 7448
f 7448 1869 7701
f 7701 1924 7702
f 7702 7448 7701
f 7450 1871 7445
f 7445 1869 7448
f 7448 1872 7450
f 7450 7445 7448
f 7445 1871 7444
f 7444 1866 7442
f 7442 1869 7445
f 7445 7444 7442
f 7696 1732 6881
f 6881 1700 7695
f 7695 1923 7696
f 7696 6881 7695
f 6881 1732 6878
f 6878 1281 6747
f 6747 1700 6881
f 6881 6878 6747
f 4888 1025 5923
f 5923 1461 5924
f 5924 1026 4888
f 4888 5923 5924
f 5923 1025 6737
f 6737 1698 6739
f 6739 1461 5923
f 5923 6737 6739
f 6218 1548 6217
f 6217 982 4806
f 4806 983 6218
f 6218 6217 4806
f 6217 1548 6222
f 6222 1392 5730
f 5730 982 6217
f 6217 6222 5730
f 4810 984 7407
f 7407 1861 7406
f 7406 895 4810
f 4810 7407 7406
f 7407 984 7412
f 7412 1862 7415
f 7415 1861 7407
f 7407 7412 7415
f 4809 894 7411
f 7411 1862 7412
f 7412 984 4809
f 4809 7411 7412
f 7411 894 7008
f 7008 1763 7414
f 7414 1862 7411
f 7411 7008 7414
f 4812 566 5313
f 5313 1241 5314
f 5314 985 4812
f 4812 5313 5314
f 5313 566 5309
f 5309 1238 5315
f 5315 1241 5313
f 5313 5309 5315
f 4817 986 6219
f 6219 1548 6218
f 6218 983 4817
f 4817 6219 6218
f 6219 986 5717
f 5717 1389 6221
f 6221 1548 6219
f 6219 5717 6221
f 4797 979 7505
f 7505 1884 7506
f 7506 980 4797
f 4797 7505 7506
f 7505 979 7510
f 7510 1885 7513
f 7513 1884 7505
f 7505 7510 7513
f 4791 925 7514
f 7514 1886 7515
f 7515 978 4791
f 4791 7514 7515
f 7514 925 6610
f 6610 1671 7518
f 7518 1886 7514
f 7514 6610 7518
f 6700 1174 5182
f 5182 969 6699
f 6699 1690 6700
f 6700 5182 6699
f 5182 1174 5181
f 5181 888 4746
f 4746 969 5182
f 5182 5181 4746
f 4804 982 5734
f 5734 1393 5732
f 5732 565 4804
f 4804 5734 5732
f 5734 982 5730
f 5730 1392 5737
f 5737 1393 5734
f 5734 5730 5737
f 4820 889 7421
f 7421 1864 7422
f 7422 987 4820
f 4820 7421 7422
f 7421 889 5187
f 5187 1177 7425
f 7425 1864 7421
f 7421 5187 7425
f 4825 981 7500
f 7500 1883 7501
f 7501 988 4825
f 4825 7500 7501
f 7500 981 7527
f 7527 1888 7530
f 7530 1883 7500
f 7500 7527 7530
f 5108 1136 5109
f 5109 975 4778
f 4778 901 5108
f 5108 5109 4778
f 5109 1136 5110
f 5110 1135 5107
f 5107 975 5109
f 5109 5110 5107
f 4824 988 6844
f 6844 1724 6843
f 6843 927 4824
f 4824 6844 6843
f 6844 988 7501
f 7501 1883 7504
f 7504 1724 6844
f 6844 7501 7504
f 4728 964 6233
f 6233 1553 6232
f 6232 571 4728
f 4728 6233 6232
f 6233 964 7546
f 7546 1894 7549
f 7549 1553 6233
f 6233 7546 7549
f 4819 987 5149
f 5149 1160 5148
f 5148 886 4819
f 4819 5149 5148
f 5149 987 7422
f 7422 1864 7423
f 7423 1160 5149
f 5149 7422 7423
f 4829 985 7040
f 7040 1772 7041
f 7041 989 4829
f 4829 7040 7041
f 7040 985 5314
f 5314 1241 7042
f 7042 1772 7040
f 7040 5314 7042
f 4831 887 7427
f 7427 1865 7428
f 7428 990 4831
f 4831 7427 7428
f 7427 887 5146
f 5146 1159 7429
f 7429 1865 7427
f 7427 5146 7429
f 4833 990 7382
f 7382 1856 7380
f 7380 899 4833
f 4833 7382 7380
f 7382 990 7428
f 7428 1865 7432
f 7432 1856 7382
f 7382 7428 7432
f 4458 572 6223
f 6223 1550 6224
f 6224 893 4458
f 4458 6223 6224
f 6223 572 6227
f 6227 1551 6229
f 6229 1550 6223
f 6223 6227 6229
f 4828 989 7648
f 7648 1915 7647
f 7647 965 4828
f 4828 7648 7647
f 7648 989 7041
f 7041 1772 7651
f 7651 1915 7648
f 7648 7041 7651
f 5711 1387 5712
f 5712 991 4834
f 4834 397 5711
f 5711 5712 4834
f 5712 1387 5723
f 5723 1390 5722
f 5722 991 5712
f 5712 5723 5722
f 5722 1390 5721
f 5721 986 4837
f 4837 991 5722
f 5722 5721 4837
f 5721 1390 5725
f 5725 1389 5717
f 5717 986 5721
f 5721 5725 5717
f 4838 595 5317
f 5317 595 5319
f 5288 1228 5287
f 5287 963 4788
f 4788 977 5288
f 5288 5287 4788
f 5287 1228 5293
f 5293 1231 5291
f 5291 963 5287
f 5287 5293 5291
f 4839 992 5707
f 5707 1386 5706
f 5706 396 4839
f 4839 5707 5706
f 5707 992 6752
f 6752 1701 6756
f 6756 1386 5707
f 5707 6752 6756
f 4841 401 6751
f 6751 1701 6752
f 6752 992 4841
f 4841 6751 6752
f 6751 401 5452
f 5452 1297 6755
f 6755 1701 6751
f 6751 5452 6755

