# https://github.com/mikedh/trimesh
v 0.04593324 0.30588296 0.04642926
v 0.05208309 0.32097405 0.03084059
v 0.05276032 0.33278605 0.02922873
v 0.05108089 0.31659567 0.04229341
v 0.05691853 0.27641881 0.04921237
v 0.06378080 0.26400703 0.05810259
v 0.08520874 0.26792577 0.05675059
v 0.07597605 0.28604254 0.04300769
v 0.08803901 0.25314915 0.06963237
v 0.06670921 0.24997991 0.06755440
v 0.08203696 0.19725071 0.09721548
v 0.08716255 0.21584438 0.08514676
v 0.06379354 0.21460071 0.08862669
v 0.06044359 0.19569696 0.10060956
v 0.09319277 0.13084784 0.14720188
v 0.07947771 0.12969878 0.15145165
v 0.07809317 0.11625637 0.15821859
v 0.09322230 0.11564877 0.15443556
v 0.16566721 0.21719550 0.08401837
v 0.15564130 0.19620858 0.08873694
v 0.15951830 0.21460567 0.07427532
v 0.16897301 0.23562129 0.06578872
v 0.05640526 0.31957787 -0.00165144
v 0.04171759 0.33476073 0.00040235
v 0.05547737 0.32369667 0.01870205
v 0.07257687 0.30308223 0.01895407
v 0.14590751 0.13287385 0.09551623
v 0.14000855 0.14912269 0.10852116
v 0.14038588 0.13827500 0.11305325
v 0.14565180 0.12344532 0.10137914
v 0.14509834 0.02015776 0.12043288
v 0.12829491 0.01859837 0.14758655
v 0.11423115 -0.01011672 0.14091820
v 0.13668430 -0.00985144 0.11971567
v 0.18240272 0.04642656 0.03634273
v 0.18024904 0.02147920 0.03552985
v 0.17974132 0.02855073 0.00896998
v 0.18501782 0.04961082 0.00256382
v 0.11799469 0.20878433 0.11002959
v 0.12584285 0.22310920 0.09765701
v 0.11051669 0.21681461 0.08718500
v 0.10365636 0.20059344 0.09951571
v 0.22093534 0.07580197 0.04272440
v 0.21657482 0.08667549 0.04251232
v 0.20236531 0.07619367 0.03251194
v 0.20249739 0.06408787 0.03374127
v 0.16977414 -0.09120422 0.08562735
v 0.16394541 -0.11181214 0.08892504
v 0.16302532 -0.10140739 0.06430820
v 0.17920278 -0.08587948 0.06078733
v 0.16776805 0.20458223 0.04403398
v 0.15611497 0.21804364 0.03247422
v 0.13364969 0.23281752 0.02505412
v 0.14509077 0.22048782 0.03959182
v 0.14964887 0.17167267 0.09398203
v 0.15195075 0.18325944 0.09301497
v 0.16076477 0.20153815 0.09477259
v 0.15654713 0.18932252 0.10208923
v 0.17873535 0.08008488 -0.00137296
v 0.17669812 0.09074775 -0.00392838
v 0.17434432 0.09198195 0.02074249
v 0.17601715 0.08035055 0.02448305
v 0.17859001 0.06645995 0.02859000
v 0.18276671 0.06703922 0.00008870
v 0.15695640 0.20530923 0.11354031
v 0.16526021 0.21880136 0.10063037
v 0.14285773 0.22708270 0.10717136
v 0.13597532 0.21276960 0.11863357
v 0.08069149 0.09974743 0.16473834
v 0.10241391 0.09761764 0.16106074
v 0.15457173 -0.12126190 0.11479049
v 0.15157507 -0.10568234 0.10221142
v 0.13284743 -0.11184972 0.12371121
v 0.13575335 -0.13137241 0.13509245
v 0.12364063 0.04636545 0.17479503
v 0.14240979 0.04578065 0.15006447
v 0.13457163 0.07415088 0.15753804
v 0.11321709 0.07444276 0.16627306
v 0.11214393 -0.14229488 0.14854351
v 0.11717599 -0.11810990 0.14892514
v 0.09323248 -0.12241840 0.16646650
v 0.08575327 -0.15036616 0.15637758
v 0.08894978 0.23558833 0.07787400
v 0.06636862 0.23340167 0.07745100
v 0.12147007 0.13054880 0.13229051
v 0.10755037 0.13060847 0.14048527
v 0.10909972 0.11551116 0.14808841
v 0.12545857 0.11370219 0.13595526
v 0.16979216 0.15799525 0.08098462
v 0.17541347 0.16208336 0.08070901
v 0.15786184 0.18582956 0.08025220
v 0.15884613 0.17473678 0.08280316
v 0.17027842 -0.11902089 0.06985072
v 0.15684178 -0.13220909 0.09085993
v 0.11165348 -0.16370189 0.15718132
v 0.08678412 -0.17303845 0.16595834
v 0.18631235 0.10494637 -0.07112937
v 0.19847015 0.09792204 -0.02815453
v 0.20234755 0.10074452 -0.00427909
v 0.20120172 0.10234974 -0.04838031
v 0.04648837 0.11995517 0.14896594
v 0.05965424 0.10817770 0.16693689
v 0.06338042 0.12377378 0.15665583
v 0.05694196 0.12896317 0.14134935
v 0.13659790 0.09507950 0.13954836
v 0.12270942 0.09713094 0.15453154
v 0.14883691 0.07507460 0.13534155
v 0.03329462 0.10587851 0.16396563
v 0.05618031 0.08217610 0.17668055
v 0.04378331 0.22992566 0.08271150
v 0.04191693 0.21103424 0.09262711
v 0.04501969 0.24644972 0.07329716
v 0.04308538 0.26069939 0.06491762
v 0.02268997 0.25545779 0.06999374
v 0.02323586 0.24140516 0.07861560
v 0.03983441 0.27188820 0.05735753
v 0.02055138 0.26740065 0.06304005
v 0.03187189 0.29754555 0.05735440
v 0.03033870 0.30952376 0.06047225
v 0.15709984 0.16640350 0.08421238
v 0.15463784 0.15731363 0.08533072
v 0.13170296 -0.15306416 0.13763660
v 0.04348013 0.26502341 -0.09316231
v 0.05847285 0.26503080 -0.09263044
v 0.06526662 0.25226566 -0.10790993
v 0.05259753 0.24992575 -0.10844606
v 0.09215197 0.29005006 0.00929794
v 0.07494764 0.30860078 -0.00696170
v 0.13014144 0.19422027 -0.12619804
v 0.14445430 0.18177781 -0.12520561
v 0.16376479 0.17177932 -0.11505387
v 0.14413305 0.18956800 -0.12525937
v 0.14805003 0.14620832 -0.11332199
v 0.12550355 0.16275205 -0.11419596
v 0.11314622 0.15720630 -0.09851540
v 0.12684737 0.14468822 -0.10147522
v 0.16929671 -0.09314183 0.03894345
v 0.18131976 -0.08030954 0.03281503
v 0.17387967 0.08803093 -0.07574189
v 0.17982046 0.10153894 -0.06590486
v 0.18182418 0.08639997 -0.04845938
v 0.18139912 0.07066967 -0.05165704
v -0.00322346 0.25235882 -0.10935131
v 0.00729558 0.25522268 -0.10396510
v 0.01447042 0.23820220 -0.11361310
v 0.00169683 0.23444316 -0.11518098
v 0.01181384 0.27863359 -0.08183172
v 0.00555940 0.27795166 -0.08866237
v -0.00270271 0.29737884 -0.07968708
v 0.00413853 0.29659259 -0.07033435
v 0.03073904 0.26282507 -0.09253035
v 0.04189171 0.24585360 -0.10650281
v 0.18091615 0.08711073 -0.02516765
v 0.18175301 0.09735987 -0.02585362
v 0.18365034 0.10753223 -0.03113316
v 0.18582591 0.11275358 -0.03490154
v 0.18414365 0.11292853 -0.01135320
v 0.18140317 0.10921701 -0.00956350
v 0.03471681 0.34923592 -0.00081755
v 0.02717448 0.34138587 -0.01203191
v 0.02278338 0.35729110 -0.00923146
v -0.00628036 0.37442461 -0.02928054
v -0.00079865 0.37323657 -0.02458194
v -0.00463486 0.36285838 -0.02959225
v -0.01038458 0.36773121 -0.03544829
v 0.05404131 0.16365808 -0.12500222
v 0.07027055 0.13911319 -0.12858129
v 0.03554329 0.14066094 -0.12658042
v 0.02688370 0.16163881 -0.12279468
v 0.19406174 0.12524100 -0.06300370
v 0.18942584 0.14009309 -0.08228107
v 0.18235691 0.14831439 -0.10392892
v 0.19406822 0.12995639 -0.08415648
v 0.18769333 0.13604328 -0.06794433
v 0.18878649 0.12309256 -0.05226631
v 0.18389772 0.12020197 -0.04641628
v 0.18468603 0.13291383 -0.05935762
v 0.18309125 0.11217356 -0.05718381
v 0.18227559 0.12325579 -0.05577656
v 0.18543820 0.10861704 -0.04222705
v 0.18413709 0.09875783 -0.04364520
v 0.04964180 0.05816846 -0.12751299
v 0.04578992 0.08949089 -0.12890123
v 0.07744659 0.08797440 -0.12480307
v 0.08070313 0.05650630 -0.11976961
v 0.20558102 0.11090027 0.02547149
v 0.18620363 0.10834217 0.00485474
v 0.20293519 0.11587480 0.02471995
v 0.20885231 0.12371707 0.04734766
v 0.10956998 0.17594551 -0.08711641
v 0.11431670 0.18713415 -0.08494473
v 0.12107211 0.17624331 -0.08016534
v 0.11547229 0.16778052 -0.08244727
v 0.15543646 0.09141976 -0.03217053
v 0.14974655 0.07976220 -0.03999390
v 0.16064876 0.08513287 -0.01367340
v 0.16242851 0.10153765 -0.00274315
v 0.07220154 0.30400643 -0.03020502
v 0.05420870 0.31585497 -0.02210966
v 0.09493594 0.30116239 -0.01284867
v 0.14437759 0.11053097 -0.08082818
v 0.13100545 0.12693197 -0.09042007
v 0.12672123 0.12284524 -0.08400185
v 0.13600573 0.10723618 -0.07947089
v 0.23329201 0.08835977 0.04510180
v 0.22769663 0.10459657 0.04605843
v 0.13652812 0.07808348 -0.06676029
v 0.14005391 0.08652630 -0.06499813
v 0.13198891 0.10137471 -0.07732160
v 0.13105343 0.09171861 -0.07591626
v 0.17870679 0.05135527 -0.04655514
v 0.17113557 0.06695584 -0.07191102
v 0.16949393 -0.08704534 -0.01725422
v 0.18050925 -0.06260870 -0.02654384
v 0.18297817 -0.07285458 0.00330048
v 0.17222436 -0.08834501 0.01060123
v 0.17926303 -0.11094921 0.04457057
v 0.18095027 -0.10942975 -0.01279193
v 0.18225248 -0.10846934 0.01631081
v 0.02271876 0.37260741 -0.00546316
v 0.01828941 0.38419858 -0.01119239
v 0.17556259 -0.20536506 0.07333317
v 0.15920258 -0.20071226 0.09570040
v 0.16401462 -0.21121785 0.09008809
v 0.18159334 -0.21977112 0.07007695
v -0.00799081 0.38931525 -0.03571627
v 0.00402630 0.39185321 -0.02588975
v 0.17094730 -0.18756956 0.07079934
v 0.15777001 -0.18944088 0.09417787
v 0.03399885 0.36320063 -0.00103099
v 0.04643986 0.35424712 0.01019271
v 0.14445390 -0.20572309 0.10859196
v 0.14562149 -0.21718016 0.10493757
v 0.15778951 -0.13164094 0.07351887
v 0.16887671 -0.12975235 0.04879322
v 0.09401339 -0.21125036 -0.10247964
v 0.09586049 -0.19113258 -0.09730335
v 0.13113916 -0.18852870 -0.07971531
v 0.12743019 -0.20553333 -0.08402673
v 0.18319392 -0.12879598 0.02319613
v 0.19082797 -0.12940510 -0.00448316
v 0.14374338 -0.13874502 0.09393457
v 0.05973053 -0.18403320 0.16750564
v 0.05899299 -0.21067894 0.16868040
v 0.08388825 -0.19762951 0.16363131
v -0.02245940 -0.21406274 0.17079163
v -0.02498027 -0.24350780 0.16602942
v 0.00313292 -0.23550549 0.16865855
v 0.00431686 -0.20454520 0.17063648
v -0.00724152 -0.27999708 0.15917182
v -0.02254021 -0.28277215 0.15701817
v 0.12453067 -0.21403359 0.12144202
v 0.12455462 -0.20543176 0.12355725
v 0.10672162 -0.21847646 0.13615669
v 0.10338660 -0.22633375 0.13527402
v 0.18031317 -0.13568214 -0.03165976
v 0.17262918 -0.11240797 -0.04121182
v 0.15817600 -0.11444324 -0.06752846
v 0.15215527 -0.08313859 -0.07032701
v 0.16767967 -0.08763041 -0.04650274
v 0.13383827 0.09914604 -0.11347809
v 0.13195093 0.12327448 -0.11596385
v 0.15614352 0.10671721 -0.09866426
v 0.15657458 0.08335645 -0.09530855
v 0.01497654 0.25766146 -0.09825251
v 0.02478527 0.24061529 -0.11083677
v 0.07048567 -0.24674879 0.15355203
v 0.00430754 -0.16912282 0.16870669
v -0.02173430 -0.17892072 0.17083304
v 0.05950562 -0.15445131 0.16443540
v 0.03135787 -0.16075844 0.16887367
v 0.03160673 -0.19409083 0.16926968
v 0.02499175 -0.04382123 0.19130050
v 0.01160917 -0.07222107 0.17705032
v 0.04306199 -0.06989852 0.16636257
v 0.05173748 -0.03919471 0.17382865
v 0.06838597 -0.01319510 0.18531351
v 0.03611239 -0.01335694 0.19260156
v 0.05960516 0.04532556 0.17167033
v 0.09451561 0.04766241 0.18122940
v 0.08585117 0.07621278 0.16959220
v 0.02288000 0.22485144 0.08833885
v 0.02205040 0.20477290 0.09713950
v 0.12693214 -0.21591261 0.11576822
v 0.14176263 -0.19524507 0.11053109
v 0.14413001 -0.14115119 0.11440841
v 0.12858067 -0.15058553 0.11185538
v 0.17572060 0.05850648 0.07098739
v 0.18149297 0.02516100 0.06768698
v 0.06740028 0.13325134 0.14996754
v 0.06660848 0.13662319 0.13857591
v 0.17361687 -0.05618038 -0.03712767
v 0.17920512 -0.06536348 -0.00762144
v 0.15332866 0.10170807 0.10707830
v 0.14580838 0.09864612 0.12375597
v 0.16002536 0.07781111 0.11377414
v 0.16607913 0.08176087 0.09311035
v 0.16758938 0.08964352 0.07723546
v 0.15694721 0.10740563 0.09307151
v 0.16718982 0.10043762 0.06739907
v 0.15815309 0.11632919 0.08406767
v 0.17469130 0.14439061 0.06603748
v 0.18502456 0.14471434 0.06306563
v 0.02185934 0.03371634 0.17122819
v 0.01586386 0.00175308 0.17144361
v 0.04756600 0.01364139 0.18315843
v 0.03089897 -0.22384073 0.16895393
v 0.05335211 -0.26972830 0.15591279
v 0.03298440 -0.27257371 0.15824950
v 0.10890248 0.05077486 -0.10971437
v 0.10710494 0.08309014 -0.11834452
v -0.00798186 0.27129439 -0.10164403
v -0.00017153 0.27579165 -0.09623854
v -0.01198538 0.31664488 -0.08005603
v -0.01444222 0.31427038 -0.08787686
v -0.01609603 0.33402956 -0.07662691
v -0.01554006 0.33552450 -0.06812966
v -0.01534118 0.39481211 -0.04366534
v 0.13519974 0.06928885 -0.07469340
v 0.13226910 0.08086851 -0.07560293
v 0.13867328 0.08984897 -0.07486229
v 0.14532873 0.07489760 -0.07314795
v 0.08353181 0.16415474 -0.12639709
v 0.10287695 0.13979866 -0.12451337
v 0.04611950 0.34306991 0.01315469
v 0.12316816 0.30411047 -0.00077868
v 0.10145350 0.30681238 0.00023406
v 0.11943643 0.30054682 0.01901106
v 0.13983233 0.29648027 0.01791643
v 0.07185502 0.27306977 -0.07462780
v 0.05657153 0.27639431 -0.07585893
v 0.05935621 0.28842571 -0.05854014
v 0.07788064 0.28194815 -0.05478628
v 0.12383103 -0.21644725 -0.08728236
v 0.09219247 -0.22258499 -0.10601595
v 0.09443296 -0.03472126 -0.11004552
v 0.08577972 -0.01921674 -0.11032129
v 0.11403944 -0.02626889 -0.09576902
v 0.12463968 -0.04098091 -0.09289300
v 0.11979094 0.15367171 -0.12017071
v 0.14685699 0.13510519 -0.10662816
v 0.02746743 0.12456509 0.13716246
v 0.04120297 0.13447694 0.13234313
v 0.03802679 0.15498056 0.12522136
v 0.02305918 0.14756215 0.12738091
v 0.15371968 0.13441992 -0.07201561
v 0.14295861 0.11330116 -0.07420086
v 0.13176432 0.12474743 -0.07727681
v 0.13292344 0.13804434 -0.07782421
v 0.17941676 -0.01532745 -0.00029769
v 0.17944793 -0.04550646 0.01070218
v 0.17614914 -0.03601137 -0.01878703
v 0.17634128 -0.00378686 -0.02890678
v 0.18555529 0.05804177 -0.02585155
v 0.18031734 0.03852197 -0.01901772
v 0.18335362 0.07443472 -0.02653399
v 0.16967306 0.12469917 -0.10080354
v 0.19499509 0.11747085 -0.08469798
v 0.17920732 0.13960199 -0.10833482
v 0.14614305 0.09342700 -0.06074783
v 0.15596439 0.09953764 -0.05585395
v 0.18756750 0.11237933 -0.01317546
v 0.19490795 0.10513684 -0.02608884
v 0.19029473 0.11089996 0.01144364
v 0.18255588 0.12179938 0.01509886
v 0.19260608 0.11308946 -0.04087228
v 0.19876508 0.11356606 -0.05908807
v 0.16795322 0.23615770 0.08620795
v 0.16231412 0.25323662 0.07177459
v 0.13857652 0.25706267 0.06959927
v 0.14544721 0.24197760 0.09022550
v 0.12834930 0.23661564 0.08248031
v 0.12502050 0.24893823 0.06513803
v 0.10947324 0.24598192 0.05967505
v 0.11257219 0.23227657 0.07452174
v 0.05693401 0.30419526 0.03394744
v 0.04857622 0.29037455 0.04546944
v 0.03461764 0.28394139 0.05416165
v 0.01863682 0.28003013 0.06154428
v -0.01616603 0.38519901 -0.03984443
v -0.01034145 0.38041836 -0.03190798
v -0.01556320 0.36956757 -0.04096743
v -0.01681522 0.36946118 -0.04774095
v -0.01896982 0.36386204 -0.05473895
v -0.01809969 0.38351220 -0.04726169
v 0.02029668 0.30503240 0.06687646
v 0.24356681 0.10299572 0.03793627
v 0.23672205 0.12058260 0.03961718
v 0.24711677 0.11924516 0.02099414
v 0.24066350 0.13339773 0.02633812
v 0.11829005 0.27851510 0.02884267
v 0.12678379 0.28905332 0.03610139
v 0.11187568 0.29445431 0.01080216
v 0.16344897 -0.07395336 0.07443526
v 0.14786696 -0.08414924 0.09579364
v -0.04120729 -0.04843031 0.18893558
v -0.04819361 -0.07207773 0.19249956
v -0.02127232 -0.07776761 0.18866271
v -0.00959013 -0.04386864 0.19606584
v -0.01479453 0.02167276 0.17119512
v -0.01838342 -0.00837858 0.16460736
v 0.00441126 -0.13679288 0.18311475
v 0.00539010 -0.10544507 0.17399375
v -0.02551285 -0.11098611 0.17983370
v -0.02409426 -0.14480017 0.18523459
v -0.03841906 -0.17712766 0.17154406
v -0.03966307 -0.19527057 0.17099997
v 0.20248915 0.12820585 0.05141568
v 0.20008451 0.15011287 0.05337176
v 0.21385038 0.18199447 0.04685664
v 0.21466811 0.15808488 0.04465688
v 0.06437284 -0.12658559 0.17523913
v 0.03410282 -0.13063154 0.18030964
v 0.16534911 0.15355593 0.08091560
v 0.16887341 0.13775665 0.06770071
v 0.02358973 0.06657202 0.18540478
v 0.05466295 0.14072567 0.12887357
v 0.05471933 0.15812930 0.12086742
v 0.06972945 0.14493921 0.12742661
v 0.07255163 0.16072668 0.11812283
v 0.14281283 0.21883813 -0.04811772
v 0.14036237 0.21161000 -0.05797877
v 0.12590784 0.21848151 -0.06756441
v 0.12888241 0.22696309 -0.05632006
v 0.24227622 0.12694728 0.00507175
v 0.23309472 0.12932155 -0.01151488
v 0.22749430 0.14906408 -0.01511772
v 0.23585653 0.14857756 0.00656130
v 0.14611237 0.06822444 -0.04708842
v 0.14370245 0.05682912 -0.05211025
v 0.15467578 0.05361309 -0.02688180
v 0.15792212 0.06876111 -0.02085819
v 0.13979842 0.04673757 -0.05891871
v 0.13534319 0.06897834 -0.07023954
v 0.13406189 0.06093607 -0.07324311
v 0.16252813 0.08436243 -0.07119843
v 0.15137126 0.09713516 -0.07313109
v 0.16790783 0.11291233 -0.06903265
v 0.17832047 0.09416924 -0.06673863
v 0.20986342 0.12383060 -0.03802117
v 0.19065069 0.10691139 -0.05870682
v 0.19175184 0.12959290 -0.05713426
v 0.21336362 0.14368552 -0.03463494
v 0.18027136 0.05182705 0.01467671
v 0.18597171 0.06790648 0.01747284
v 0.16966513 0.05917239 -0.00236193
v 0.16379347 0.04255962 -0.00905686
v 0.19572769 0.17255740 0.04473575
v 0.20047633 0.19938494 0.04170833
v 0.19086874 0.15462084 0.07671280
v 0.20450230 0.14003919 0.06573404
v 0.19389103 0.15810058 0.06989206
v 0.17535236 0.17316134 0.07982263
v 0.21823481 0.12316433 0.04593965
v 0.22640565 0.13640462 0.04177586
v 0.21301197 0.15424371 0.04175839
v 0.20858160 0.13493723 0.04833113
v 0.18456019 0.08506717 0.01787905
v 0.17821774 0.10426147 0.02095921
v 0.17049228 0.09623974 0.00786265
v 0.17151107 0.07680879 0.00232817
v 0.12723689 0.11432441 -0.07916260
v 0.13195769 0.10258100 -0.07608881
v 0.21009290 0.13690224 0.04182622
v 0.20036547 0.11582041 0.03833204
v 0.16317131 0.14375731 0.07852651
v 0.17733105 0.12046947 0.01627454
v 0.17439932 0.11075328 0.01723282
v 0.13837859 0.11581353 0.12353244
v 0.13426065 0.13049775 0.12498899
v 0.17174564 0.09847711 0.04309060
v 0.17227757 0.08724931 0.04799264
v 0.14103499 0.13005441 0.11699107
v 0.14569730 0.11822576 0.11168690
v 0.10917049 0.01726410 0.17323716
v 0.01874210 0.29235262 0.06462660
v 0.19458579 0.10550099 0.03178534
v 0.20667027 0.11777934 0.04215458
v 0.12044691 0.14403762 -0.08118147
v 0.12161860 0.13476989 -0.08259924
v 0.11979406 0.14120878 -0.09120395
v 0.11297116 0.15112552 -0.08705770
v 0.14869368 0.16749659 -0.10703957
v 0.16577040 0.15123409 -0.08722805
v 0.15729606 0.14442682 -0.09684496
v 0.13737574 0.16113603 -0.11198385
v 0.15844309 0.22256655 -0.01847423
v 0.14611468 0.23114982 -0.02225107
v 0.15906948 0.22853695 -0.00361622
v 0.17070670 0.21784110 -0.00104981
v 0.17404270 0.22118180 0.01357187
v 0.18800235 0.21114188 0.02807524
v 0.19006783 0.19085506 0.03012393
v 0.18248504 0.20588684 0.01523577
v 0.10071906 -0.18189645 0.14832789
v 0.11433786 -0.16584253 0.12996325
v 0.07406968 -0.24563874 0.15506256
v 0.12556843 -0.09184331 0.15008333
v 0.09919292 -0.09458191 0.16302976
v 0.13348459 -0.03928333 0.12830043
v 0.13026178 -0.06562507 0.14118880
v 0.15359192 -0.06297938 0.12217071
v 0.15978587 -0.03552297 0.11334472
v 0.16461921 -0.02858024 0.05390634
v 0.16040154 -0.05562986 0.06281456
v 0.17590566 -0.05131613 0.04000873
v 0.17404021 -0.02408762 0.02775260
v 0.17792796 -0.07184605 0.02300609
v 0.17146941 -0.07636724 0.05060688
v 0.13789144 0.00282208 -0.09111807
v 0.13366188 0.04142870 -0.09512915
v 0.15280873 0.02774890 -0.07676557
v 0.15747604 -0.01015878 -0.07207412
v 0.16506302 0.10245357 -0.02242057
v 0.17073509 0.16472626 -0.10265563
v 0.15525790 0.18066609 -0.11748482
v 0.20836273 0.17624365 0.02671397
v 0.19885945 0.19384724 0.01012373
v 0.19387789 0.11309162 0.02553783
v 0.19208495 0.19234733 0.04682041
v 0.17872520 0.19063695 0.05792825
v 0.20226255 0.17571282 0.05445917
v 0.08740943 -0.23633061 0.14528656
v 0.09809883 -0.23151319 0.13347252
v 0.09704188 0.27483052 0.02965587
v 0.17907183 0.13278386 0.04326469
v 0.18893547 0.12723064 0.04304669
v 0.20923144 0.12609865 0.03539973
v 0.20271379 0.16001144 -0.04244625
v 0.21377225 0.17146510 -0.02200838
v 0.17858486 0.10922106 0.01562699
v 0.19909917 0.13540173 0.06201499
v 0.20888469 0.12236655 0.04688840
v 0.14167595 0.05624400 -0.07483526
v 0.15142375 0.06057422 -0.07316548
v 0.13667578 0.04924302 -0.07475165
v 0.13709438 0.03929637 -0.06928872
v 0.17439792 0.03304294 0.00850296
v 0.15868115 0.02751203 -0.01417708
v 0.18732175 0.05157471 0.03201571
v 0.22074205 0.06438182 0.04332575
v 0.24719134 0.09884988 0.02923321
v 0.24821371 0.10645070 0.01758859
v 0.24256164 0.11150558 0.00246097
v 0.20072249 0.10962800 -0.04316410
v 0.23055965 0.11402445 -0.01245453
v 0.18832996 0.10272650 -0.05679247
v 0.23510203 0.07631750 0.04536783
v 0.16828275 0.07524386 -0.07687148
v 0.18041074 0.08237617 -0.07361029
v 0.14560780 0.02699861 -0.03681429
v 0.14973739 0.04018376 -0.03210244
v -0.01181863 0.29319015 -0.09605889
v -0.01693998 0.26423484 -0.10501233
v -0.01875733 0.28538525 -0.09981915
v 0.17331779 0.07377625 0.05552673
v 0.15654579 0.04833831 0.12304372
v 0.16724066 0.05186068 0.09683418
v 0.17384322 0.12682407 0.04480257
v 0.17158122 0.11783611 0.04347978
v 0.20767625 0.10620349 0.01327638
v 0.20402455 0.11350162 0.03453456
v 0.16797712 0.10771376 0.06040189
v -0.04083484 -0.15882489 0.18123151
v -0.05318912 -0.19652145 0.17169607
v -0.05209127 -0.21948037 0.16391988
v 0.11248509 -0.14074181 -0.10343596
v 0.11920676 -0.14731134 -0.08913632
v 0.08136296 -0.14765784 -0.10406660
v 0.07430246 -0.13619149 -0.11848862
v 0.04491581 -0.15787190 -0.12027495
v 0.03823066 -0.14464976 -0.10867985
v 0.09386158 -0.16755497 -0.10932647
v 0.18974572 -0.20248495 0.02330774
v 0.18297626 -0.18164791 0.01804630
v 0.17580432 -0.17416075 0.04608475
v 0.18255161 -0.19695216 0.04717957
v 0.17298374 -0.15661441 0.06614555
v 0.16815752 -0.17174324 0.07098372
v 0.18126896 -0.15593314 0.04239956
v 0.15536408 -0.16087331 0.08582162
v 0.15580288 -0.17578322 0.09060241
v 0.13922124 -0.16967157 0.10251760
v 0.14047550 -0.18354385 0.10762700
v 0.12486960 -0.19582199 0.12198615
v 0.10963400 -0.21005353 0.13526341
v 0.09044613 -0.23314469 0.14759845
v 0.09313838 -0.22550645 0.14696544
v 0.07517132 -0.24201709 0.15517144
v 0.05567765 -0.25837371 0.15780565
v 0.03545688 -0.26907611 0.15766163
v 0.00497466 -0.27755344 0.15714340
v -0.02624454 -0.28302854 0.15429816
v -0.06090914 -0.28137812 0.14774182
v -0.05105204 -0.27875739 0.15346836
v 0.10333960 0.25962335 0.04577414
v 0.01295898 0.34992838 -0.01928311
v 0.03855980 0.32846767 -0.01523245
v 0.01983533 0.33440730 -0.02571994
v 0.03896961 0.27894217 -0.07669633
v 0.02332147 0.27980828 -0.07904473
v 0.01863246 0.29507178 -0.06452947
v 0.03795985 0.29336289 -0.06139987
v 0.00267007 0.35634071 -0.02433186
v 0.00348805 0.36999100 -0.01998295
v 0.00297187 0.34013364 -0.03243196
v -0.00749877 0.34676179 -0.03715830
v -0.01505983 0.35245451 -0.04410713
v 0.10360757 0.30751985 -0.02011758
v 0.12280317 0.30278596 -0.02122939
v 0.10567236 0.28971696 -0.03666881
v 0.08873814 0.29565728 -0.03923691
v 0.07155541 0.26419818 -0.09279592
v 0.08103283 0.26150751 -0.09108391
v 0.08505306 0.25150254 -0.10691968
v 0.07671006 0.25300294 -0.10817339
v 0.12282391 0.24587843 0.00886190
v 0.14394701 0.23436904 0.02168204
v 0.13184360 0.24532315 0.00245783
v 0.11368406 0.25493103 -0.01314099
v 0.08229199 0.27325892 -0.07519164
v 0.10066932 0.17250699 -0.12487365
v 0.11645411 0.17720419 -0.12237267
v 0.12898257 0.18192501 -0.11825420
v 0.13801371 0.19766051 -0.12686723
v 0.15766458 0.17520402 -0.10840356
v 0.14049172 0.19239752 -0.12134822
v 0.12890962 0.20549932 -0.12810917
v 0.12322576 0.20562476 -0.12631172
v 0.15560821 0.20617150 0.05427619
v 0.16484538 0.18966760 0.06824706
v 0.18647498 0.17369111 0.06566069
v 0.10329468 0.19665271 -0.10988330
v 0.10496666 0.18574718 -0.11077856
v 0.11673124 0.19200717 -0.12326331
v 0.11151047 0.20288752 -0.12177396
v 0.08219199 0.31023034 -0.02123571
v 0.12038371 0.25245798 -0.02293542
v 0.11858600 0.25323379 -0.03569675
v 0.10511000 0.26053560 -0.05277656
v 0.10744854 0.25916684 -0.03632568
v 0.11010549 0.25168854 -0.05972058
v 0.10546484 0.24375324 -0.07462893
v 0.09906359 0.24667904 -0.08609121
v 0.10063467 0.25884387 -0.07473633
v 0.10353028 0.20635310 -0.10755224
v 0.10860608 0.21290773 -0.11928968
v 0.18014283 0.20688370 0.03815845
v 0.14357103 0.27828220 -0.00201655
v 0.14325190 0.29757127 -0.00429962
v 0.15885013 0.28726137 0.01225006
v 0.15685388 0.26578072 0.01121547
v 0.19467498 0.10355327 -0.00856640
v 0.17663682 0.09987376 -0.04714825
v 0.16018215 0.11040767 -0.08028688
v 0.15569384 0.16051078 -0.12111561
v 0.14351086 0.12806834 -0.09757378
v 0.21066847 0.14107764 0.05391290
v 0.20724973 0.15759797 0.05514481
v 0.16748357 0.27411902 0.02867559
v 0.16320926 0.25300008 0.02915493
v 0.16806746 0.22113249 0.02783742
v 0.15438592 0.23278345 0.01213185
v 0.10817336 0.16586953 -0.08635867
v 0.10419177 0.17485383 -0.09579505
v 0.10439417 0.18598236 -0.09649890
v 0.16424018 0.16581063 -0.11804807
v 0.12864999 0.17876779 -0.12394173
v 0.13174061 0.28530109 -0.02154032
v 0.13193370 0.24048769 -0.02779698
v 0.13924724 0.24052460 -0.00957930
v 0.09507433 0.26094812 -0.08320814
v 0.08889676 0.26120540 -0.08853252
v 0.09099120 0.27484280 -0.07440384
v 0.09748523 0.27523315 -0.07049111
v 0.11312807 0.22720084 -0.07695819
v 0.11518696 0.23656625 -0.06356427
v 0.09095514 0.25001606 -0.10342231
v 0.09553185 0.24880339 -0.09681018
v 0.10700475 0.19759060 -0.09529024
v 0.14941853 0.28561801 0.03550056
v 0.13280621 0.27279246 0.05160755
v 0.15604782 0.26999450 0.05216913
v 0.17123824 0.25548601 0.04540483
v 0.16287097 0.23508307 0.05010419
v 0.15499404 0.21209836 0.06578189
v 0.12121008 0.26256451 0.04752339
v 0.10964939 0.15801312 -0.08467217
v 0.11563662 0.15945502 -0.08135530
v 0.11779803 0.15118107 -0.08095582
v 0.17863861 0.14769536 -0.06265922
v 0.00263517 0.25046387 0.07402081
v 0.00263526 0.23557381 0.08335208
v 0.20844850 0.10302435 0.04197407
v 0.19631207 0.09188195 0.03089088
v 0.22685680 0.15601473 0.02698934
v 0.21485579 0.17944139 0.00146709
v 0.03770791 -0.10125306 0.17316824
v 0.16910386 -0.02402853 -0.04716164
v 0.16679826 0.01156538 -0.05471765
v 0.08364914 0.02000183 -0.11503214
v 0.11258599 0.01335995 -0.10486805
v 0.16758850 -0.03426459 0.08203526
v 0.15565656 -0.05874354 0.09005427
v 0.10668802 -0.04058991 0.14063762
v 0.10270923 -0.06946135 0.15002224
v 0.14533436 -0.08894803 0.12748697
v 0.15015516 -0.05042571 -0.07614112
v 0.13811871 -0.03618821 -0.08002834
v 0.15991727 -0.04695760 -0.06230101
v 0.16846411 -0.05660332 -0.05329104
v 0.05517394 -0.01458003 -0.12513325
v 0.05257142 0.02372266 -0.12364110
v 0.17121173 -0.00091479 0.04498808
v 0.17337909 0.00428552 0.01745055
v 0.17426416 0.02744875 -0.03683153
v 0.16630742 0.04328820 -0.06225827
v 0.13396566 0.07333260 -0.10498919
v 0.15382147 0.05957300 -0.08569309
v 0.09350053 -0.01175825 0.16489452
v 0.08052722 0.01838093 0.18841489
v 0.17637937 -0.00626879 0.07453196
v 0.00197089 -0.01786560 0.18609136
v 0.07064381 0.11344956 -0.12789166
v 0.10163411 0.11263104 -0.12422654
v 0.17559473 0.01439420 -0.00942459
v 0.02097773 0.18506838 0.10805684
v 0.02085370 0.16765757 0.11911643
v 0.03867536 0.17314185 0.11538059
v 0.04035490 0.19176181 0.10428490
v 0.05738411 0.17623752 0.11114877
v 0.07693462 0.17854835 0.10816047
v 0.09554651 0.18381667 0.11086112
v 0.14609933 0.19260851 0.12242331
v 0.12620673 0.19734250 0.12657985
v 0.14597270 0.16296573 0.09778045
v 0.15218669 0.18045776 0.10957244
v 0.15324767 0.14796638 0.08627596
v 0.16076127 0.13471830 0.07650248
v 0.16796875 0.11832047 0.06142852
v 0.16800225 0.12710083 0.06337478
v 0.15978603 0.12440189 0.07663766
v 0.14724109 0.14341810 0.09155645
v 0.14200146 0.15979157 0.10473108
v 0.01023895 0.11582254 0.14383838
v 0.01184810 0.09506199 0.16650192
v 0.00195462 0.26429600 0.07055492
v -0.01665345 0.35324612 -0.05430453
v -0.01710472 0.35217541 -0.06303848
v -0.01896155 0.32777512 -0.08187345
v -0.01829387 0.34610775 -0.06812673
v 0.02925450 0.31921884 -0.03257368
v 0.00841618 0.32454532 -0.04130056
v -0.00743017 0.32992709 -0.04726972
v -0.01399893 0.33338767 -0.05764372
v 0.16325293 0.02205402 0.09452850
v -0.00606914 0.29696038 -0.08949110
v -0.00935004 0.31522849 -0.06928581
v -0.00225438 0.31355169 -0.05973428
v 0.01282708 0.31461272 -0.05557688
v 0.04250971 0.31378821 -0.04659935
v 0.06893520 0.30536711 -0.04509860
v 0.09207861 0.27975839 -0.05469725
v 0.09956688 0.28486508 -0.05655026
v 0.11540329 0.29370171 -0.04025700
v 0.10924692 0.27391723 -0.02895306
v 0.10717706 0.27691403 -0.05054820
v 0.18389148 0.20754425 -0.00564183
v 0.19281524 0.19829078 -0.01582973
v 0.19438744 0.18856406 -0.03189866
v 0.18791530 0.17433138 -0.04963175
v 0.16639195 0.16170993 -0.06635600
v 0.14830212 0.15205309 -0.07524350
v 0.13134229 0.14909911 -0.07897444
v 0.10726200 0.16481787 -0.09282839
v 0.10877895 0.17435032 -0.10718066
v 0.17974024 0.15582116 -0.10007736
v 0.18213369 0.14980409 -0.08512461
v 0.17397347 0.12794286 -0.07510272
v 0.17665686 0.13651001 -0.06966673
v 0.16613261 0.11741042 -0.08767688
v 0.17318662 -0.16965146 -0.03447558
v 0.16824740 -0.14524272 -0.04340924
v 0.17326337 -0.14441842 -0.01245885
v 0.18179382 -0.16299234 -0.01470762
v 0.06530756 -0.10755449 -0.11483900
v 0.10166570 -0.11190284 -0.10183070
v 0.15489738 -0.14663851 0.07955788
v 0.17233430 -0.14247797 0.05927745
v 0.18352148 -0.14407282 0.03371140
v 0.17854311 -0.14168637 0.01132808
v 0.14056844 -0.15407050 0.09843278
v 0.05619426 -0.23247369 0.16281363
v 0.07914785 -0.21642523 0.15659525
v -0.02558897 -0.26521158 0.16064617
v 0.00354333 -0.25730744 0.16350299
v 0.12593727 -0.16698441 0.11509072
v 0.03050937 -0.24656866 0.16470449
v 0.09769031 -0.20000122 0.14595842
v 0.11223646 -0.18310605 0.13097320
v 0.16554680 -0.13897824 -0.05821826
v 0.14378817 -0.14149198 -0.08308914
v 0.13209233 -0.11358929 -0.08448968
v 0.04059684 0.18310666 -0.11762493
v 0.06301194 0.18504487 -0.12276438
v 0.08232408 0.18631734 -0.12606144
v 0.07711285 0.21213968 -0.12630668
v 0.08668561 0.21689321 -0.12662318
v 0.10846639 0.19849545 -0.12551880
v 0.09436558 0.19365698 -0.12700732
v 0.10247984 0.22524863 -0.12680802
v 0.10603437 0.22742327 -0.12591243
v 0.12090431 0.21341427 -0.12872815
v 0.12047812 0.20889951 -0.12772834
v 0.11751458 0.21781205 -0.12690127
v 0.11227919 0.21946183 -0.12373842
v 0.10540024 0.22037518 -0.11513757
v 0.10407728 0.21521206 -0.10435178
v 0.10389264 0.23530732 -0.08581439
v 0.09887738 0.23714145 -0.10059027
v 0.08763051 0.23995142 -0.11993963
v 0.07786834 0.23715287 -0.12017603
v 0.02260559 0.21769474 -0.11216189
v 0.00684026 0.21553613 -0.11427611
v 0.17098032 0.10823780 0.04247074
v 0.17391255 0.10109986 0.01885731
v 0.17838068 0.09975741 -0.00665172
v 0.18355137 0.10564911 -0.02856918
v 0.18384248 0.11502516 -0.04275133
v 0.18210156 0.12898096 -0.05537685
v 0.17797194 0.14277872 -0.07055888
v 0.18043064 0.14658962 -0.07532188
v 0.17039762 0.15506640 -0.08540703
v 0.17090736 0.15985534 -0.09229936
v 0.15839335 0.16871734 -0.10076977
v 0.13867426 0.18608248 -0.11687173
v 0.11567344 0.20410751 -0.12637168
v 0.09504068 0.22131899 -0.12634897
v 0.05753839 0.22892180 -0.11845677
v 0.06748135 0.23360789 -0.12064535
v 0.03238514 0.24292365 -0.10726821
v 0.02045709 0.26023728 -0.09338176
v 0.06508487 0.20407361 -0.12208039
v 0.04717947 0.22463407 -0.11648457
v 0.01106444 0.36985546 -0.01439670
v 0.00067821 0.38310114 -0.02194976
v 0.13186066 0.17156875 -0.07682358
v 0.14045565 0.16344993 -0.07586546
v 0.12661310 0.15845016 -0.07862348
v 0.12251180 0.16523944 -0.07982021
v 0.15496083 0.17050853 -0.06975915
v 0.15208276 0.19447722 -0.06044203
v 0.16876222 0.18460585 -0.05721595
v 0.14630198 0.18117359 -0.06991243
v 0.17449695 0.19885153 -0.04133333
v 0.15649162 0.20526564 -0.04860814
v 0.17431432 0.20744120 -0.02820710
v 0.15760726 0.21274082 -0.03842081
v 0.15644960 0.21769565 -0.03155918
v 0.16900866 0.21501330 -0.01993841
v 0.12162386 0.24186906 -0.04675195
v 0.13279706 0.23214024 -0.04130342
v 0.14566550 0.22345515 -0.03589655
v 0.10941117 0.20792943 -0.09177676
v 0.11992812 0.19915284 -0.08110066
v 0.13160971 0.18871583 -0.07443087
v 0.13694662 0.20218654 -0.06636013
v 0.12334350 0.20970236 -0.07465557
v 0.11169253 0.21755770 -0.08619580
v 0.02759804 0.19863661 -0.11348947
v 0.04631227 0.20083235 -0.11577120
v 0.10652385 0.22879921 -0.12334348
v 0.10536528 0.22966528 -0.11995950
v 0.10338330 0.22815847 -0.11436920
v 0.10332420 0.22533317 -0.10002996
v 0.09880333 0.23894775 -0.11094841
v 0.09730325 0.23966172 -0.11600295
v 0.09377191 0.24047397 -0.11913955
v 0.03697983 0.22030205 -0.11241820
v 0.00953650 0.19678150 -0.11343787
v 0.15338124 0.23355532 0.04516160
v 0.14509380 0.24763569 0.02730311
v 0.13109583 0.25743535 0.01308508
v 0.11815143 0.26654077 -0.00611032
v -0.01588554 0.39635628 -0.04870933
v 0.00869376 0.14075419 -0.12519789
v 0.00371808 0.16181850 -0.12215250
v 0.01914616 0.06223772 -0.13169387
v 0.01657604 0.09244653 -0.12967597
v 0.09784693 -0.07503087 -0.10768738
v 0.06288535 -0.06959437 -0.11807778
v 0.06159935 -0.03137384 -0.12642135
v 0.03359738 -0.12703446 -0.12628320
v 0.02862353 -0.09799211 -0.12560508
v 0.03057465 -0.03600870 -0.14166924
v 0.02304995 -0.00587429 -0.13652937
v 0.04180633 0.11646755 -0.12836727
v 0.01911804 0.18072000 -0.11563365
v -0.00387117 0.19502479 -0.11407667
v -0.00743916 0.21123457 -0.11675705
v -0.01062146 0.22853136 -0.11539222
v 0.09383775 0.16243206 0.13871256
v 0.09920943 0.17789476 0.12991500
v 0.08750229 0.16799229 0.12182868
v 0.08069293 0.15459493 0.13313974
v 0.12662829 0.16315678 0.13095288
v 0.13494524 0.17878795 0.12815621
v 0.11717092 0.18136539 0.13266355
v 0.11095655 0.16429847 0.13661239
v 0.14577889 0.17094684 0.11686575
v 0.13949344 0.15862420 0.12228893
v 0.09282891 0.14637230 0.14427826
v 0.10789056 0.14712164 0.13856885
v 0.07673649 0.14338562 0.14505740
v 0.13496365 0.14462231 0.12484164
v 0.12201623 0.14664051 0.13165952
v 0.00785630 0.30284101 0.07706267
v 0.00513502 0.29001927 0.07540412
v 0.00682591 0.14042513 0.13240300
v 0.00265644 0.19683442 0.10259858
v 0.00345762 0.17726782 0.11113647
v 0.00254564 0.21851148 0.09383028
v 0.00275445 0.27726781 0.07189575
v -0.01527733 0.24680261 0.08125192
v -0.01544753 0.22989029 0.08782239
v 0.00434714 0.16121013 0.12363110
v -0.00881846 0.10729066 0.14956303
v -0.00921514 0.08024319 0.17113508
v -0.01231331 0.26218003 0.08226348
v -0.01013628 0.04892173 0.18813194
v 0.19344144 -0.23758358 0.04428010
v 0.18921934 -0.21964712 0.04825465
v 0.19517191 -0.22305427 0.02450883
v 0.19694957 -0.23844333 0.02068882
v 0.13476491 -0.17110628 -0.08593209
v 0.14089260 -0.17766324 -0.08544895
v 0.10907508 -0.17367449 -0.10459888
v 0.18238197 -0.15738228 0.01466778
v 0.18957821 -0.18110663 -0.01034798
v 0.15385222 -0.20530999 -0.06320182
v 0.17348883 -0.20774554 -0.03910321
v 0.16655862 -0.21746354 -0.04983599
v 0.14766644 -0.21816698 -0.06942021
v 0.19033566 -0.21676633 -0.00696411
v 0.18805230 -0.20092387 -0.00454140
v 0.15646246 -0.18999518 -0.05863304
v 0.17601022 -0.19515674 -0.03319557
v 0.18245435 -0.18131341 -0.03961506
v 0.18332893 -0.21893236 -0.02226465
v 0.05900278 -0.23474374 -0.11729527
v 0.16454503 -0.17921752 -0.06672499
v 0.14770317 -0.14566264 -0.06959678
v 0.16023050 -0.16871327 -0.05856830
v 0.12753145 -0.07972372 -0.08982350
v 0.05561816 -0.24779285 0.16017875
v 0.07731856 -0.23197427 0.15620850
v -0.02561327 -0.27840257 0.15624887
v 0.00592641 -0.27157104 0.15877303
v 0.12443848 -0.18279895 0.11846641
v 0.03222679 -0.26141822 0.16029234
v 0.09615698 -0.21481057 0.14642221
v 0.11057014 -0.19851203 0.13289574
v 0.05678052 -0.19992243 -0.10762922
v 0.05371398 -0.17164785 -0.11881600
v -0.05782972 -0.27879420 0.14915337
v -0.00464344 0.30420113 0.09091759
v -0.00657820 0.28730243 0.08989590
v -0.00891304 0.27467638 0.08584109
v 0.02079556 0.03002541 -0.12812248
v -0.01943185 0.30682743 -0.09225845
v 0.06774046 -0.09820475 0.16986410
v 0.07878040 -0.03891275 0.15591688
v 0.07213488 -0.06957905 0.15996507
v 0.16172685 -0.00738358 0.10268032
v -0.01456735 0.24684362 -0.11387723
v 0.10848275 0.19347057 0.12026822
v 0.05756009 -0.22133477 -0.11324288
v -0.01553734 0.21195664 0.09950358
v -0.01430647 0.19061972 0.10767599
v -0.01264534 0.17124917 0.11626484
v -0.01086025 0.15424228 0.12769867
v -0.05446986 -0.17470528 0.17397727
v -0.05548512 -0.15289731 0.18264431
v 0.02753138 -0.05964214 -0.12317343
v -0.05320368 -0.25059557 0.15925460
v -0.05447440 -0.12863797 0.18116143
v 0.01304028 0.11818453 -0.12710950
v -0.00978412 0.13290951 0.13819575
v -0.05409164 -0.26990628 0.15367079
v -0.00043264 0.18069549 -0.11500634
v -0.05119986 -0.09426327 0.17544907
v -0.02381175 -0.03426652 0.17309408
v -0.05396155 0.29016012 0.05914159
v -0.05619399 0.30226469 0.05013431
v -0.05827806 0.31670144 0.03727762
v -0.06101865 0.30368260 0.04143288
v -0.06575258 0.25817043 0.06612065
v -0.08773497 0.26519275 0.05428422
v -0.09719357 0.24578901 0.06795938
v -0.07113852 0.24529546 0.07883707
v -0.09711456 0.23532674 0.08695472
v -0.07207985 0.23423259 0.09397953
v -0.09512286 0.19485639 0.13295355
v -0.07330547 0.19317372 0.13417223
v -0.07469103 0.21193817 0.12681890
v -0.09763614 0.20652619 0.11580385
v -0.11779515 0.11446092 0.15119204
v -0.11496777 0.09892587 0.15762718
v -0.10075670 0.10050709 0.16404548
v -0.10409042 0.11420884 0.15683001
v -0.15247418 0.20151055 0.09111203
v -0.15431128 0.22244836 0.08378246
v -0.16357617 0.20550331 0.07657782
v -0.16823648 0.18863121 0.08622713
v -0.07863220 0.30394545 0.01079593
v -0.08940270 0.28617084 0.03310909
v -0.06910991 0.30341220 0.02923464
v -0.06140075 0.31735325 0.01094301
v -0.14925407 0.12529290 0.09106547
v -0.14761800 0.11448636 0.09673245
v -0.13827179 0.12394410 0.10603984
v -0.13922597 0.13569501 0.10229322
v -0.17877707 0.01462511 0.10538018
v -0.18039572 -0.01227428 0.09790725
v -0.16431879 -0.01806711 0.12279405
v -0.16637768 0.01052061 0.13139623
v -0.18320090 0.03654227 0.02383764
v -0.18320371 0.03193214 -0.00844797
v -0.17851788 0.01298799 -0.00832263
v -0.18415858 0.01268276 0.01673618
v -0.13933218 0.20126389 0.13192774
v -0.11818854 0.19607387 0.12924334
v -0.12126036 0.21212062 0.11690266
v -0.14366588 0.21817014 0.12127230
v -0.25907341 0.10340236 0.05319947
v -0.23411897 0.09442572 0.05401595
v -0.23700121 0.09914852 0.05313522
v -0.25690955 0.10898469 0.05379136
v -0.19035764 -0.06262746 -0.00117104
v -0.18335770 -0.05503578 -0.02394268
v -0.18817557 -0.07613415 -0.02464951
v -0.19067828 -0.07974604 0.00329395
v -0.19287895 0.22335179 0.04452149
v -0.18330856 0.23778167 0.04422534
v -0.17391148 0.24697797 0.02693244
v -0.19024099 0.24240808 0.03546039
v -0.15866423 0.16269670 0.09005723
v -0.14512560 0.17243357 0.09805179
v -0.15162806 0.18538563 0.09300163
v -0.16339335 0.17441197 0.08860698
v -0.18586010 0.06196675 -0.00723660
v -0.18090959 0.07165714 0.01554160
v -0.18268535 0.08327322 0.01544226
v -0.18155660 0.06674965 -0.00161225
v -0.18264724 0.05555789 0.01882495
v -0.18399195 0.04904519 -0.00896390
v -0.14449535 0.18507907 0.11107357
v -0.15159857 0.19487484 0.11917620
v -0.15906008 0.21110532 0.10865647
v -0.15197563 0.19982670 0.10321009
v -0.12209194 0.08164708 0.16261031
v -0.10187139 0.08487286 0.17175388
v -0.19416228 -0.09024052 0.03092971
v -0.18531455 -0.10088958 0.05844463
v -0.19231763 -0.07525210 0.06004298
v -0.19482413 -0.06585853 0.02909169
v -0.14760450 0.03542043 0.15770677
v -0.13343269 0.06058514 0.16552249
v -0.15155396 0.06052364 0.14836934
v -0.16583307 0.03711089 0.13633899
v -0.17977345 -0.11147204 0.08566535
v -0.16945271 -0.12327062 0.10971537
v -0.17207181 -0.09342986 0.11383140
v -0.18580244 -0.08449605 0.08867885
v -0.09862340 0.22068103 0.10070894
v -0.07314051 0.22235774 0.10956483
v -0.12742057 0.11191994 0.12828875
v -0.13311681 0.09624243 0.13128197
v -0.12901306 0.09813291 0.14849685
v -0.12960999 0.11381739 0.14132455
v -0.17495392 0.15192716 0.08134657
v -0.18380009 0.17321248 0.09587923
v -0.18688037 0.18861169 0.09137643
v -0.18161273 0.15713102 0.08306666
v -0.17278938 -0.09138915 -0.01504248
v -0.18428946 -0.10158392 0.00750960
v -0.17969787 -0.13702190 0.08342897
v -0.16420680 -0.15186989 0.10317738
v -0.18582423 0.09013135 -0.06032416
v -0.19882274 0.08956735 -0.03975643
v -0.20099676 0.09910085 0.00281856
v -0.19821599 0.09536974 -0.01707460
v -0.06925636 0.11213458 0.15123279
v -0.08170429 0.12034248 0.14244020
v -0.08910796 0.10724915 0.15344113
v -0.08151852 0.09542849 0.16753340
v -0.14533028 0.08011845 0.13241434
v -0.16005963 0.06327625 0.12631379
v -0.13902164 0.08073433 0.14992404
v -0.05484159 0.09678217 0.16241233
v -0.07649141 0.07213669 0.18309627
v -0.05250009 0.22868153 0.12398090
v -0.05522551 0.20852517 0.12341148
v -0.05384298 0.24294844 0.11120683
v -0.03293758 0.24002358 0.11259062
v -0.03350990 0.25671420 0.11102138
v -0.05239159 0.25337207 0.09762167
v -0.03593308 0.26971745 0.10313792
v -0.05012963 0.26365831 0.08528666
v -0.04393277 0.28713050 0.07556488
v -0.03828518 0.29921430 0.07047218
v -0.17679338 0.16329744 0.09407722
v -0.17005756 0.15379637 0.09257536
v -0.17446162 -0.12407283 0.05722933
v -0.08472573 0.25532681 -0.09803384
v -0.09099890 0.23596404 -0.10947491
v -0.10331524 0.23822208 -0.10733023
v -0.09811020 0.25545353 -0.09623598
v -0.09789965 0.29643920 0.00728562
v -0.11411455 0.28146911 0.02756659
v -0.15590797 0.16343936 -0.11053032
v -0.16406646 0.15328914 -0.10874243
v -0.17483419 0.12856588 -0.10117930
v -0.16400117 0.14588496 -0.10971265
v -0.15726593 0.11592791 -0.10458004
v -0.13932294 0.11663178 -0.09435317
v -0.13133380 0.13123150 -0.09377033
v -0.14326033 0.13372453 -0.10803816
v -0.17770979 -0.07308851 -0.05035095
v -0.16674696 -0.06238429 -0.04403513
v -0.15343210 0.04084720 -0.07460923
v -0.17092405 0.03642823 -0.05885784
v -0.17092909 0.04048049 -0.04650941
v -0.16306117 0.05156296 -0.06418805
v -0.02707951 0.24861276 -0.11023544
v -0.02563354 0.22966711 -0.11349405
v -0.04134371 0.22851220 -0.11164959
v -0.04020614 0.24882776 -0.10693264
v -0.05571894 0.27002388 -0.08958627
v -0.05075607 0.28721035 -0.07594141
v -0.04155080 0.28883392 -0.08352809
v -0.04640701 0.26980308 -0.09427162
v -0.07157949 0.25374907 -0.10071371
v -0.07819854 0.23289725 -0.11062723
v -0.18220739 0.06373470 -0.02189711
v -0.17970634 0.05183773 -0.02275003
v -0.18482235 0.07404769 -0.02131251
v -0.18527500 0.08173900 -0.00252462
v -0.18648171 0.08429092 -0.00308791
v -0.18770124 0.07700053 -0.02554696
v -0.05052772 0.33268145 0.00937704
v -0.04373354 0.34354103 -0.00014092
v -0.05262883 0.32841298 -0.00367413
v -0.03766146 0.37032193 -0.03414112
v -0.03516950 0.36592457 -0.04298031
v -0.03819694 0.35614550 -0.03477017
v -0.03926155 0.36441773 -0.02679436
v -0.04715299 0.14753172 -0.12400682
v -0.01916973 0.15457910 -0.12253086
v -0.01887088 0.13223690 -0.12543343
v -0.05328897 0.11990718 -0.12596115
v -0.19077869 0.08186874 -0.05725669
v -0.19222680 0.09115775 -0.07578583
v -0.18563627 0.10679761 -0.09189698
v -0.18789853 0.09263156 -0.07506157
v -0.18501885 0.08417741 -0.06385870
v -0.18144622 0.07866979 -0.05705946
v -0.18368055 0.07349294 -0.03928549
v -0.18673055 0.07665836 -0.04569392
v -0.17083806 0.06155407 -0.05616900
v -0.17603542 0.05410229 -0.04064536
v -0.17922184 0.06436181 -0.03757102
v -0.17447439 0.06943402 -0.05250606
v -0.01127101 0.05062992 -0.12631984
v -0.04289383 0.03900123 -0.12034103
v -0.04571663 0.07103188 -0.12441881
v -0.01293188 0.08194004 -0.12740380
v -0.20255321 0.11875580 0.03934399
v -0.20245470 0.13206655 0.05806154
v -0.20796694 0.12227170 0.04343724
v -0.19753881 0.10740520 0.02281138
v -0.13346887 0.15638742 -0.08475929
v -0.13730253 0.14991266 -0.07988262
v -0.14448994 0.15909143 -0.07877354
v -0.13937047 0.16829997 -0.08433501
v -0.17017205 0.09614427 -0.01219361
v -0.18819614 0.10167934 0.01474959
v -0.18116602 0.09774918 0.01107598
v -0.16511381 0.08792310 -0.01058232
v -0.10043509 0.29851922 -0.01888826
v -0.11855882 0.29210907 0.00252075
v -0.08369787 0.30780083 -0.01233620
v -0.15087453 0.09271144 -0.06107330
v -0.14443679 0.08927702 -0.05257804
v -0.13689330 0.09885112 -0.06584310
v -0.13946192 0.10092920 -0.07585867
v -0.27716154 0.11418967 0.04694215
v -0.27056128 0.12591597 0.04796857
v -0.14896046 0.08069105 -0.02429910
v -0.14322503 0.07917845 -0.04011706
v -0.14146979 0.08778302 -0.04261622
v -0.15122515 0.08325922 -0.02746748
v -0.15382275 0.02523325 -0.08419945
v -0.16753668 0.02021940 -0.06417093
v -0.14249904 -0.08502489 -0.08875062
v -0.15733604 -0.07494887 -0.06661550
v -0.15511911 -0.07151569 -0.06736923
v -0.13811700 -0.07949322 -0.08884077
v -0.16938071 -0.08995031 -0.04353353
v -0.14140254 -0.10176833 -0.08317639
v -0.16363557 -0.09673622 -0.07253725
v -0.04069743 0.37283579 -0.00457572
v -0.04105756 0.36004224 0.00503546
v -0.16795465 -0.17688969 -0.03204431
v -0.17152256 -0.19011819 -0.03845810
v -0.17955150 -0.17987259 -0.01764823
v -0.17789461 -0.17000638 -0.01065828
v -0.04183017 0.38987279 -0.03442942
v -0.04364214 0.38406244 -0.01510922
v -0.17198740 -0.16298993 -0.00959553
v -0.16144566 -0.16196780 -0.03195182
v -0.04723585 0.34775841 0.01035278
v -0.05593873 0.33839884 0.01860368
v -0.18546382 -0.18505880 0.00488523
v -0.18398421 -0.17414759 0.00788806
v -0.15861920 -0.10700811 -0.03480056
v -0.17362297 -0.11055384 -0.01463807
v 0.02213055 -0.21389213 -0.11163729
v -0.00931405 -0.21034692 -0.10769185
v -0.01615527 -0.19242007 -0.10334661
v 0.01699229 -0.19477269 -0.10752573
v -0.13582213 -0.11548765 -0.08337563
v -0.14395115 -0.10392309 -0.05793647
v -0.18016012 -0.12018723 0.00682722
v -0.14196077 -0.16572678 0.11713551
v -0.15485811 -0.17500241 0.09254176
v -0.14520817 -0.19054465 0.11548679
v -0.08172646 -0.20657121 0.15859251
v -0.10544693 -0.19132002 0.14934306
v -0.09959181 -0.22309060 0.13866577
v -0.07757542 -0.23695004 0.15020677
v -0.09025685 -0.27592692 0.14149211
v -0.10132796 -0.26914287 0.13490514
v -0.18524320 -0.17930847 0.02978460
v -0.18255727 -0.18862432 0.05214431
v -0.17923987 -0.18768273 0.05521748
v -0.18199265 -0.17456147 0.03339766
v -0.11506502 -0.10561655 -0.08971007
v -0.11661576 -0.11621215 -0.10466744
v -0.08813845 -0.10436351 -0.10196485
v -0.11940293 -0.09091381 -0.10854119
v -0.09315641 -0.08891170 -0.12411514
v -0.10859238 0.06222993 -0.11014755
v -0.13071185 0.04068714 -0.09484752
v -0.13667808 0.06214454 -0.09563139
v -0.11488041 0.08496140 -0.11071262
v -0.05453448 0.22882189 -0.11057215
v -0.05069017 0.25023231 -0.10383860
v -0.15758127 -0.22623061 0.10369027
v -0.08478548 -0.17009717 0.16410851
v -0.09794919 -0.15833494 0.14268602
v -0.12326154 -0.17711520 0.13152641
v -0.11969536 -0.14459477 0.13011762
v -0.14805195 -0.13526785 0.12626114
v -0.07822828 -0.05655190 0.15172373
v -0.10657256 -0.05499209 0.14349939
v -0.10864338 -0.07734147 0.14105226
v -0.09048190 -0.07347873 0.16164637
v -0.08115415 -0.02994298 0.15731797
v -0.11352441 -0.02820227 0.15796404
v -0.08400933 0.03523277 0.18247959
v -0.10719385 0.06260805 0.17813766
v -0.12194646 0.03453490 0.17538026
v -0.04100794 0.22337845 0.11027630
v -0.04924629 0.20425399 0.10705169
v -0.18574372 -0.18212895 0.02470862
v -0.17942917 -0.16628698 0.01200046
v -0.18480738 -0.11264955 0.03160134
v -0.17173889 -0.13086116 0.03199622
v -0.17850576 0.05393277 0.06018120
v -0.18048112 0.02065452 0.05015899
v -0.09275414 0.12755276 0.14151320
v -0.09477749 0.11764245 0.14887524
v -0.14920969 -0.06613474 -0.06287906
v -0.13250327 -0.06442794 -0.07989509
v -0.15471549 0.09203643 0.09988258
v -0.16982904 0.07611582 0.08332679
v -0.16560034 0.06798442 0.10398643
v -0.14872907 0.08504452 0.11618137
v -0.16925204 0.08795685 0.06825922
v -0.15792622 0.10168144 0.08686225
v -0.16024210 0.11328779 0.07867282
v -0.16920696 0.10062993 0.05900612
v -0.18000500 0.13903600 0.06233512
v -0.18729722 0.14005114 0.06332238
v -0.08255935 0.00146917 0.16381007
v -0.04999252 -0.00241585 0.16076863
v -0.04795815 0.02674017 0.17920268
v -0.12337701 -0.20791227 0.12931347
v -0.14639479 -0.25361091 0.11082824
v -0.13249496 -0.25879472 0.12090433
v -0.07037263 0.02317788 -0.11559042
v -0.07511759 0.05587209 -0.11871330
v -0.03697585 0.26925451 -0.09822445
v -0.02674643 0.26809078 -0.10167383
v -0.02979504 0.30966800 -0.08088873
v -0.02630609 0.32921293 -0.06907053
v -0.02233315 0.32997879 -0.07636391
v -0.02429629 0.30973789 -0.08862993
v -0.04089715 0.39783645 -0.04186554
v -0.15112202 0.05374165 -0.04386909
v -0.15764204 0.05880323 -0.05452707
v -0.15054873 0.07177099 -0.05361350
v -0.14670555 0.06719182 -0.04021504
v -0.07759640 0.13890582 -0.12229148
v -0.08866654 0.10988579 -0.12011336
v -0.05843984 0.32425696 0.02228155
v -0.15155095 0.30176166 0.00829937
v -0.16545630 0.29464567 0.02974889
v -0.14798558 0.29442057 0.02752225
v -0.13330318 0.29851395 0.00539824
v -0.10980004 0.26695371 -0.07767949
v -0.11416204 0.27748427 -0.05788009
v -0.09724092 0.28368726 -0.06306067
v -0.09561722 0.26951596 -0.08002360
v 0.02576520 -0.22456303 -0.11457536
v -0.00542545 -0.22291830 -0.11138237
v -0.03054240 -0.05691796 -0.12633166
v -0.06000027 -0.05970541 -0.12372711
v -0.05518875 -0.03444948 -0.11157345
v -0.03106368 -0.02834830 -0.12641594
v -0.11181050 0.11707954 -0.11400102
v -0.13415995 0.09084582 -0.10159263
v -0.04758406 0.12534049 0.14604847
v -0.04551801 0.14710321 0.13390653
v -0.06350814 0.15154952 0.12970993
v -0.06410082 0.13271478 0.13973290
v -0.16983232 0.11870337 -0.06779342
v -0.15031293 0.12153260 -0.07115242
v -0.14548679 0.10550458 -0.06683880
v -0.15525758 0.09572980 -0.06369199
v -0.16786306 -0.02655382 -0.03834461
v -0.15485460 -0.02009935 -0.06343931
v -0.15277755 -0.04532148 -0.06132598
v -0.16432093 -0.04524379 -0.04142033
v -0.18382831 0.02909823 -0.03737098
v -0.17166704 0.01647514 -0.03717171
v -0.18315519 0.04378809 -0.03195384
v -0.18323739 0.10613058 -0.09724437
v -0.19342904 0.09181722 -0.07391031
v -0.17182291 0.09843940 -0.09044304
v -0.16493441 0.09434387 -0.03887319
v -0.15594916 0.08931930 -0.03433272
v -0.19023296 0.08562379 -0.00781858
v -0.18624669 0.10019254 0.01904823
v -0.19227275 0.09922033 0.01298782
v -0.19605067 0.08675064 -0.02185631
v -0.19598882 0.08394063 -0.05319255
v -0.19155896 0.07921325 -0.03481213
v -0.15845539 0.21865205 0.09304415
v -0.16635610 0.23085652 0.09464692
v -0.16252163 0.25409907 0.08283255
v -0.16406253 0.23853780 0.07742822
v -0.14467779 0.23408265 0.10699663
v -0.12218854 0.22803345 0.10368439
v -0.12018490 0.24288787 0.08873983
v -0.14140426 0.24853602 0.08957422
v -0.06765573 0.28540257 0.04663362
v -0.05760585 0.27366540 0.06203310
v -0.04770652 0.27447817 0.07898995
v -0.03708102 0.28028053 0.09560499
v -0.03106991 0.39005905 -0.04644747
v -0.02378500 0.36900494 -0.05338911
v -0.03069457 0.37017480 -0.05061012
v -0.03700663 0.38143125 -0.03843912
v -0.03523391 0.30119145 0.08308773
v -0.28591001 0.12396323 0.03272222
v -0.27893838 0.13767675 0.03407023
v -0.27974370 0.14408408 0.01470737
v -0.28458065 0.13159752 0.00741971
v -0.13661936 0.27443880 0.04852940
v -0.13572650 0.28628305 0.02577012
v -0.15267797 0.28513217 0.04749807
v -0.18326329 -0.07387683 0.02776767
v -0.17463189 -0.06593186 0.00229869
v -0.05359247 -0.06004308 0.16677962
v -0.07366309 -0.06986431 0.18374693
v -0.09921581 -0.12385511 0.15116166
v -0.07589656 -0.13698386 0.15920718
v -0.07633677 -0.10412477 0.17067261
v -0.10374954 -0.09231825 0.16901988
v -0.07081669 -0.17242482 0.17358436
v -0.06783902 -0.19189727 0.17039245
v -0.23185001 0.15180801 0.05582817
v -0.21638128 0.16974726 0.05767203
v -0.21982656 0.19161190 0.04675573
v -0.23743120 0.17314416 0.04777403
v -0.12717125 -0.11388922 0.14764135
v -0.15171722 -0.10317782 0.13403998
v -0.17120935 0.14830217 0.08021022
v -0.17401704 0.13371462 0.06160814
v -0.04319531 0.06211476 0.18727124
v -0.07992613 0.13665928 0.13388585
v -0.08218551 0.15392002 0.12731017
v -0.09362588 0.15965912 0.13905869
v -0.09445216 0.14149386 0.13800840
v -0.17839850 0.21065027 -0.05750509
v -0.16674420 0.21710654 -0.06461708
v -0.16033471 0.20708393 -0.07328919
v -0.17281272 0.20123619 -0.06497084
v -0.27521414 0.13075751 -0.01306236
v -0.26867849 0.14940041 -0.01017375
v -0.25511327 0.14214548 -0.02920080
v -0.26064464 0.12413371 -0.02935569
v -0.16107988 0.08002485 -0.00406761
v -0.17887227 0.08775349 0.01146476
v -0.17548451 0.07857030 0.01674671
v -0.16058889 0.07328729 -0.00597325
v -0.15952995 0.05715932 -0.01260220
v -0.15223598 0.05375984 -0.03236628
v -0.15063778 0.06799950 -0.02600455
v -0.17121986 0.06771665 -0.06246353
v -0.19054121 0.07847828 -0.06477121
v -0.18085890 0.09750761 -0.06572371
v -0.16124612 0.08067725 -0.06167120
v -0.23704863 0.11116343 -0.04761359
v -0.23866373 0.13132407 -0.04442320
v -0.21157272 0.11374018 -0.05927499
v -0.20931441 0.08830396 -0.06225990
v -0.21227518 0.08291888 0.04716946
v -0.19223741 0.07402524 0.03095169
v -0.19411722 0.08691095 0.03311842
v -0.21447074 0.09314012 0.04798828
v -0.21963184 0.20853257 0.03134627
v -0.23725425 0.19240847 0.03083412
v -0.19151911 0.14962110 0.08228245
v -0.19538559 0.17648219 0.08371482
v -0.19570136 0.16352209 0.07373324
v -0.20015751 0.14266802 0.07147728
v -0.25988421 0.14131464 0.04887535
v -0.24957347 0.15423247 0.04978587
v -0.25482529 0.17106946 0.03391904
v -0.26827303 0.15149175 0.03597717
v -0.21615097 0.09914762 0.04340371
v -0.19706587 0.09515266 0.03068151
v -0.20114316 0.10080192 0.03089481
v -0.21551190 0.10954450 0.04250566
v -0.14442459 0.08349715 -0.05304365
v -0.13912873 0.09259101 -0.05701804
v -0.21187995 0.14935322 0.05936451
v -0.22378245 0.13159864 0.05367566
v -0.16840349 0.14021376 0.07642192
v -0.18209687 0.09447184 0.01874962
v -0.18336551 0.09909867 0.01952697
v -0.13885219 0.09986734 0.11679706
v -0.13180228 0.11258586 0.11718562
v -0.17610677 0.08514228 0.03869397
v -0.17443512 0.09700588 0.03480637
v -0.14497991 0.10569702 0.10522680
v -0.13830997 0.11480592 0.10952784
v -0.14413372 0.00729459 0.15105022
v -0.03707964 0.29063544 0.09045074
v -0.24305341 0.13535373 0.05518945
v -0.22901483 0.11805300 0.05165791
v -0.13769415 0.12601706 -0.07629624
v -0.12975436 0.12906945 -0.08257347
v -0.13270581 0.11494862 -0.08304298
v -0.13581362 0.11259437 -0.07424481
v -0.14606501 0.11903682 -0.10124546
v -0.13260987 0.11737239 -0.10579517
v -0.14819719 0.09482266 -0.09316153
v -0.15983973 0.09651840 -0.08719843
v -0.19623272 0.22134286 -0.03544637
v -0.20907135 0.22109105 -0.02087835
v -0.19630423 0.23366964 -0.02082052
v -0.18474543 0.23092711 -0.03807598
v -0.20715778 0.23000981 -0.00152442
v -0.22132629 0.21553031 -0.00439824
v -0.23150121 0.20584819 0.01220655
v -0.21526869 0.22177364 0.01601947
v -0.17947149 -0.14318687 0.05648038
v -0.17426905 -0.15914237 0.07767804
v -0.15926641 -0.22743690 0.09768974
v -0.16565542 -0.07416159 0.10915580
v -0.17774871 -0.07403556 0.08505072
v -0.18070167 -0.04036713 0.09123065
v -0.17707491 -0.03239030 0.06198967
v -0.17130500 -0.05925396 0.05670683
v -0.17859992 -0.06915601 0.08574795
v -0.18216810 -0.02791495 0.01253859
v -0.17525142 -0.02578747 -0.01448799
v -0.17559783 -0.05017045 -0.01505350
v -0.18663344 -0.04411461 0.00236117
v -0.17820612 -0.06807674 -0.01815666
v -0.16401905 -0.07029825 -0.03980777
v -0.08597679 -0.01409920 -0.11024343
v -0.11278437 -0.02672932 -0.09755274
v -0.11661093 0.00420158 -0.09979566
v -0.09902301 0.00554228 -0.11801671
v -0.18140969 0.09745439 -0.00660639
v -0.16638610 0.13757521 -0.10462887
v -0.17452289 0.11543298 -0.09391096
v -0.23424065 0.20012835 -0.01033822
v -0.24701700 0.18919925 0.00941858
v -0.21496743 0.12066332 0.04608599
v -0.20221573 0.20909593 0.04671058
v -0.19942766 0.18763354 0.05904996
v -0.20022058 0.20908652 0.06261198
v -0.17786661 -0.20822112 0.07308152
v -0.18374862 -0.18477429 0.04512911
v -0.11729284 0.26398414 0.04708461
v -0.18229187 0.11881460 0.04355770
v -0.18971044 0.11832931 0.04312485
v -0.20852736 0.13426051 0.05423203
v -0.22647536 0.14748068 -0.04913038
v -0.24189310 0.16325127 -0.03434308
v -0.20516977 0.11042407 0.03573623
v -0.19667514 0.13663465 0.06331746
v -0.20350958 0.12847015 0.05466117
v -0.16450003 0.04204300 -0.06253168
v -0.15730789 0.03774521 -0.05131663
v -0.15507093 0.03671233 -0.03959869
v -0.15730974 0.03838087 -0.02786312
v -0.19051298 0.05653588 0.02475798
v -0.21341300 0.06594174 0.04262579
v -0.22740898 0.08532052 0.05481405
v -0.25220317 0.09532704 0.05446980
v -0.28760770 0.12136352 0.01913475
v -0.28588855 0.11975768 -0.00000188
v -0.27632809 0.11482686 -0.01778679
v -0.23348728 0.10212902 -0.04751700
v -0.25950912 0.10824259 -0.03247733
v -0.20923352 0.08661637 -0.06096755
v -0.27771342 0.10425761 0.04769189
v -0.19530952 0.06171545 -0.06676844
v -0.17821169 0.05060362 -0.06789987
v -0.17075446 0.04794203 0.00432759
v -0.17359820 0.06612684 0.01184620
v -0.02602349 0.28862953 -0.09659366
v -0.17795362 0.07031003 0.04525834
v -0.17529774 0.04073702 0.11135767
v -0.18117517 0.04581572 0.08592021
v -0.17601429 0.11091029 0.03906287
v -0.17861819 0.11650323 0.04146813
v -0.20009720 0.11627537 0.03886050
v -0.20515546 0.11035243 0.02552946
v -0.16880099 0.10830890 0.05212478
v -0.06879815 -0.15347114 0.17552464
v -0.03364135 -0.13148296 -0.10545668
v -0.00139943 -0.12643331 -0.11199494
v -0.00059276 -0.14964117 -0.11636830
v -0.03100297 -0.13514487 -0.12139793
v 0.00641049 -0.14836353 -0.13100216
v -0.12622732 -0.18581788 -0.06916752
v -0.14558680 -0.17368254 -0.05034649
v -0.14537387 -0.15030578 -0.05124270
v -0.12095856 -0.16243339 -0.06430309
v -0.15983474 -0.13513047 -0.03551819
v -0.14526086 -0.13334012 -0.05189410
v -0.15872391 -0.14810807 -0.03064067
v -0.16806148 -0.15141055 -0.00923978
v -0.16155574 -0.14120361 -0.01007638
v -0.17718610 -0.15694706 0.01293694
v -0.17220646 -0.14733556 0.01253710
v -0.17874387 -0.16788860 0.03479553
v -0.17718172 -0.18256922 0.05580421
v -0.17192398 -0.20530336 0.07769868
v -0.15783119 -0.22281437 0.09568577
v -0.16978571 -0.20115629 0.07689319
v -0.12930870 -0.25490141 0.11801548
v -0.14327481 -0.24243794 0.10940282
v -0.08639593 -0.27416801 0.13916038
v -0.11056060 -0.26526934 0.12798370
v -0.12051661 0.25063014 0.06678647
v -0.04427323 0.33842736 -0.01683358
v -0.05389345 0.32509977 -0.02337326
v -0.06724308 0.31659943 -0.00670327
v -0.08172975 0.27129173 -0.08268288
v -0.07965773 0.28545502 -0.06495638
v -0.06394528 0.28678551 -0.07032828
v -0.06732771 0.27145010 -0.08640734
v -0.03953120 0.34495589 -0.02659934
v -0.03938534 0.35728291 -0.02098292
v -0.04245739 0.33054277 -0.03523201
v -0.03197672 0.34940344 -0.05428413
v -0.03688556 0.34201816 -0.04532588
v -0.13648906 0.29682657 -0.01490350
v -0.12288146 0.28707024 -0.03685923
v -0.14002362 0.27979735 -0.03153806
v -0.15258390 0.29268277 -0.01274456
v -0.11034603 0.25401139 -0.09434130
v -0.11450236 0.23858176 -0.10648087
v -0.12440347 0.23677914 -0.10305950
v -0.12168911 0.25104812 -0.09024563
v -0.16805509 0.25618273 0.00782369
v -0.16195914 0.26341242 -0.01491001
v -0.17609811 0.25518918 -0.00552345
v -0.18358347 0.24711141 0.01573880
v -0.12261422 0.26435798 -0.07391641
v -0.09903183 0.14127856 -0.11851405
v -0.11734805 0.13970506 -0.11469036
v -0.13274637 0.13894141 -0.11136954
v -0.15633674 0.16157319 -0.11193655
v -0.15204574 0.15123320 -0.11044666
v -0.16180725 0.12662484 -0.10111725
v -0.15530364 0.17468438 -0.11173616
v -0.15228106 0.17731130 -0.11078539
v -0.20472944 0.18667060 0.06818885
v -0.19222163 0.20008664 0.07377063
v -0.18116158 0.21921165 0.05486284
v -0.13445349 0.17399094 -0.10390947
v -0.14362171 0.17793204 -0.10974297
v -0.14589691 0.16488120 -0.11157481
v -0.13370217 0.16169375 -0.10427676
v -0.11630251 0.30051115 -0.01893926
v -0.16773593 0.25692418 -0.03090166
v -0.15833823 0.26291421 -0.03707370
v -0.15409671 0.25857019 -0.05506831
v -0.16412812 0.24922466 -0.04568243
v -0.15522859 0.24149603 -0.06530362
v -0.14689620 0.24560708 -0.07354172
v -0.14249749 0.23416936 -0.08745913
v -0.14870282 0.23240638 -0.08031789
v -0.13576630 0.18584661 -0.10230688
v -0.14261821 0.18987250 -0.10810468
v -0.20483516 0.22801025 0.03694796
v -0.15997520 0.27262667 0.01083319
v -0.15982661 0.26005381 0.03268062
v -0.17308988 0.27622893 0.02695296
v -0.17005332 0.29226404 0.00733734
v -0.18141019 0.09321752 -0.03368677
v -0.19540493 0.10354024 0.00605290
v -0.16498396 0.09305345 -0.06678146
v -0.16973010 0.12535104 -0.10948151
v -0.15029441 0.10156564 -0.08624202
v -0.20252760 0.14852968 0.06334141
v -0.19633947 0.16483419 0.06856315
v -0.15942028 0.24225444 0.05047958
v -0.16735013 0.26267266 0.04798136
v -0.19979791 0.23507322 0.01818959
v -0.19264510 0.24369977 -0.00104159
v -0.13207190 0.16457903 -0.09330106
v -0.12948863 0.15255630 -0.09207392
v -0.13052225 0.14608966 -0.08352499
v -0.17591406 0.12551060 -0.10381584
v -0.15035157 0.14749071 -0.11281668
v -0.16044231 0.28228626 -0.01258566
v -0.18074258 0.24623363 -0.02548961
v -0.17303103 0.23948619 -0.04335272
v -0.13968396 0.24738044 -0.07951993
v -0.14403687 0.26107723 -0.06408279
v -0.13438204 0.26230437 -0.06976470
v -0.13172039 0.24877095 -0.08492632
v -0.15577039 0.22555275 -0.07164674
v -0.14954546 0.21406187 -0.08241737
v -0.13202716 0.23529829 -0.09820334
v -0.13789198 0.23485927 -0.09325955
v -0.13523239 0.17725316 -0.09293664
v -0.17309499 0.28152534 0.04841717
v -0.16965577 0.25919259 0.06206856
v -0.15583345 0.27068764 0.06517206
v -0.16702299 0.22421993 0.06459653
v -0.16045673 0.24365592 0.06588197
v -0.17173043 0.21162364 0.06619281
v -0.13862479 0.26040390 0.06810053
v -0.12954254 0.13843369 -0.08155539
v -0.13668711 0.13441798 -0.07733530
v -0.13619183 0.14244200 -0.07806712
v -0.19792891 0.13264874 -0.06290447
v -0.02250531 0.25153178 0.09665471
v -0.02936879 0.23583524 0.09463428
v -0.23279732 0.10632286 0.05190440
v -0.24946001 0.12112480 0.05476891
v -0.26594353 0.16513720 0.01263895
v -0.24765067 0.17830302 -0.01700815
v -0.12760407 -0.08165281 0.15417001
v -0.13374177 -0.03605166 -0.08173302
v -0.13824540 -0.00991507 -0.08371270
v -0.03887789 0.00346241 -0.12885995
v -0.06493495 -0.01201900 -0.12549648
v -0.18459857 -0.05219926 0.02966825
v -0.19176556 -0.02767287 0.03626950
v -0.15311931 -0.07169068 0.09926696
v -0.15879941 -0.04503389 0.11049259
v -0.17876707 -0.06796081 0.05711931
v -0.08806869 -0.05885242 -0.11306320
v -0.11460623 -0.06638777 -0.10089527
v -0.10855599 -0.05723695 -0.09551883
v -0.08238226 -0.04761901 -0.10556296
v -0.00975941 0.01574093 -0.12329610
v -0.00394195 -0.01850607 -0.14406145
v -0.17835787 -0.00494668 0.01542510
v -0.17669953 -0.00745838 -0.00996021
v -0.15660304 0.00385318 -0.06265311
v -0.14202815 0.01437701 -0.08130193
v -0.12949106 0.01738698 -0.10184203
v -0.10218057 0.03658952 -0.10840701
v -0.13997856 -0.02256718 0.13980076
v -0.11676880 0.00339869 0.16811134
v -0.18939202 -0.00340868 0.04313907
v -0.05148313 -0.03140028 0.16261533
v -0.07842299 0.08592930 -0.12119213
v -0.04470740 0.09699593 -0.12553030
v -0.16942331 -0.00448850 -0.03768931
v -0.04803551 0.18425404 0.11377926
v -0.06579652 0.19025974 0.11745613
v -0.06580216 0.16929278 0.12032548
v -0.04581104 0.16563497 0.12364700
v -0.08079191 0.17437203 0.12846452
v -0.09178781 0.17886989 0.14313290
v -0.11288389 0.18185978 0.14252557
v -0.13815631 0.17168359 0.11717478
v -0.14437240 0.17895153 0.12706071
v -0.15061462 0.15281017 0.09351008
v -0.13686816 0.16207498 0.10543219
v -0.16445883 0.14421132 0.08933274
v -0.16549671 0.13288265 0.07402619
v -0.17103685 0.12550619 0.05651784
v -0.16779622 0.11731052 0.05346277
v -0.16375233 0.12325349 0.07250482
v -0.15395290 0.13674065 0.08874884
v -0.14173526 0.14620949 0.09977436
v -0.03121071 0.08890199 0.16258641
v -0.02885525 0.11663689 0.14948961
v -0.01810058 0.26594871 0.09868179
v -0.02165292 0.34917107 -0.06275116
v -0.02636653 0.34982368 -0.05967703
v -0.04975240 0.31705344 -0.04408270
v -0.06572634 0.31443509 -0.03090159
v -0.03871354 0.32640502 -0.05643047
v -0.03201446 0.32761163 -0.06363904
v -0.18436910 0.01928804 0.07825493
v -0.03415844 0.28902403 -0.09160430
v -0.03641770 0.30708545 -0.07220710
v -0.04457537 0.30592701 -0.06517976
v -0.05832900 0.30390182 -0.05516303
v -0.08252939 0.29936704 -0.04173006
v -0.10427331 0.29778659 -0.04496389
v -0.12925819 0.27307871 -0.05357607
v -0.14000466 0.27489603 -0.05212526
v -0.15094166 0.27530670 -0.04875538
v -0.15099895 0.27205345 -0.02717485
v -0.14925678 0.28639552 -0.03285749
v -0.21905366 0.20791864 -0.02474184
v -0.22486831 0.19445686 -0.03221861
v -0.22290190 0.18020666 -0.04302412
v -0.21146606 0.16266562 -0.05421339
v -0.18638626 0.14753599 -0.06517246
v -0.16713114 0.13721475 -0.06982418
v -0.15011990 0.13412251 -0.07364544
v -0.12844433 0.14199285 -0.08895891
v -0.13291425 0.14899281 -0.10199175
v -0.18274552 0.10869349 -0.09002067
v -0.18122265 0.09758949 -0.08027153
v -0.17001426 0.07967731 -0.06992697
v -0.16225427 0.07419854 -0.07407810
v -0.15058227 0.06880413 -0.08525665
v -0.07940070 -0.15720201 -0.09031691
v -0.10010329 -0.14862663 -0.08266971
v -0.10603191 -0.12499532 -0.08378056
v -0.08770333 -0.13873690 -0.10711676
v -0.03470410 -0.11079923 -0.13077101
v -0.00273563 -0.10328013 -0.13579170
v -0.15877140 -0.12408973 -0.03319641
v -0.17150496 -0.12683697 -0.01479915
v -0.12433023 -0.12283292 -0.06687905
v -0.14064020 -0.12524804 -0.05005977
v -0.16881429 -0.13487270 0.00992368
v -0.15941396 -0.19558652 0.09533672
v -0.14030081 -0.21476810 0.11026835
v -0.10049576 -0.24676268 0.13467051
v -0.07882623 -0.25946501 0.14541811
v -0.17660938 -0.14560853 0.03325259
v -0.12000825 -0.23227422 0.12343623
v -0.18194567 -0.15920949 0.05558410
v -0.17010194 -0.17715506 0.07479542
v -0.06309682 -0.10881142 -0.11723950
v -0.06436321 -0.13110077 -0.10687071
v -0.08982858 -0.12280457 -0.10711481
v -0.04286090 0.16952774 -0.11649869
v -0.06671377 0.16446956 -0.12286022
v -0.08669455 0.15943539 -0.12248301
v -0.09614634 0.18505521 -0.12127407
v -0.10362917 0.16165380 -0.12107975
v -0.12044420 0.16239892 -0.11790554
v -0.10964012 0.18898110 -0.11982171
v -0.13062041 0.20005250 -0.11774606
v -0.14045638 0.17663936 -0.11698163
v -0.14630166 0.18349697 -0.11521178
v -0.13736090 0.20293097 -0.11439290
v -0.14804219 0.19064665 -0.11253151
v -0.14615934 0.19545248 -0.10982229
v -0.14063565 0.20028085 -0.10578783
v -0.13750614 0.19696787 -0.10011169
v -0.14350364 0.22252624 -0.08847952
v -0.13975042 0.22225574 -0.09740186
v -0.12145571 0.22046015 -0.11358809
v -0.11162912 0.21733822 -0.11528599
v -0.04086488 0.20846781 -0.11303262
v -0.02331084 0.21100947 -0.11416320
v -0.17785956 0.10602448 0.03673353
v -0.18020968 0.08804677 0.01852631
v -0.18373804 0.07620275 -0.00248760
v -0.18321559 0.06973261 -0.01946926
v -0.18085799 0.07003448 -0.03633215
v -0.17814027 0.07424880 -0.05330811
v -0.17690666 0.09031871 -0.07440062
v -0.17258152 0.08521397 -0.07142585
v -0.17026000 0.10614985 -0.08951151
v -0.16596326 0.09865151 -0.08597361
v -0.15719481 0.11635989 -0.09797943
v -0.14449136 0.14119494 -0.10896239
v -0.13269287 0.16858444 -0.11649974
v -0.12125752 0.19420478 -0.11823294
v -0.09969118 0.21389014 -0.11700810
v -0.08728724 0.20971265 -0.11784782
v -0.06643959 0.23014177 -0.11024750
v -0.06024030 0.25147694 -0.10105359
v -0.07273630 0.20633322 -0.11734734
v -0.07835538 0.18210991 -0.12045639
v -0.03853565 0.35631174 -0.01148235
v -0.03996637 0.37361690 -0.02152739
v -0.15408529 0.15583418 -0.07397999
v -0.14448969 0.14786811 -0.07597725
v -0.14743450 0.14219181 -0.07421440
v -0.16117471 0.14884618 -0.07148924
v -0.17606077 0.15687418 -0.06814377
v -0.17886725 0.18320923 -0.06474792
v -0.16870691 0.16764329 -0.06970599
v -0.19315769 0.17329428 -0.06044815
v -0.20355283 0.18994564 -0.05092843
v -0.18665105 0.19606429 -0.05746727
v -0.20627348 0.20163283 -0.04212006
v -0.19090061 0.20598803 -0.05021527
v -0.20387602 0.21220478 -0.03701442
v -0.19228490 0.21271186 -0.04520568
v -0.16409765 0.23483054 -0.05771161
v -0.17283785 0.22575483 -0.05393932
v -0.18360268 0.21797678 -0.04868515
v -0.13968712 0.18974029 -0.09074458
v -0.14684741 0.18221721 -0.08184116
v -0.15645343 0.17400400 -0.07441185
v -0.16549213 0.18937825 -0.07016326
v -0.15398702 0.19536284 -0.07847110
v -0.14472881 0.20184018 -0.08833296
v -0.03857633 0.18990694 -0.11233387
v -0.05831769 0.18646343 -0.11542017
v -0.14108390 0.20585136 -0.11071767
v -0.14231144 0.20870356 -0.10765788
v -0.14184365 0.20934634 -0.10560740
v -0.14033279 0.20926325 -0.09791648
v -0.13931230 0.22127986 -0.10278191
v -0.13578846 0.22061600 -0.10671061
v -0.12993394 0.22076039 -0.11073973
v -0.05782876 0.20665784 -0.11402394
v -0.01842062 0.19242910 -0.11230648
v -0.17527515 0.23288111 0.05472613
v -0.16650042 0.24395755 0.03648633
v -0.15925328 0.25516117 0.01881720
v -0.15427437 0.26378351 -0.00321760
v 0.00036275 -0.05045427 -0.13110504
v -0.00618825 -0.07244312 -0.11731971
v -0.03600605 -0.08010166 -0.12076022
v -0.01581539 0.10866991 -0.12658627
v -0.01990341 0.17426816 -0.11477172
v -0.12208912 0.14787787 0.14612335
v -0.10549137 0.14681618 0.14919826
v -0.10837370 0.16442047 0.14757852
v -0.12651435 0.16549267 0.14355722
v -0.12815189 0.14279735 0.12446478
v -0.13286968 0.14613999 0.13538301
v -0.13771266 0.16295019 0.13211498
v -0.13249603 0.15785077 0.12124740
v -0.12819001 0.13822854 0.11273456
v -0.13125223 0.15101850 0.10969441
v -0.13040367 0.12949248 0.13774148
v -0.11955836 0.13053414 0.14797020
v -0.10340726 0.12935558 0.15132809
v -0.12824106 0.12488813 0.11566280
v -0.12604767 0.12715667 0.12680838
v -0.02037006 0.29213414 0.10053716
v -0.02271207 0.30382797 0.09655809
v -0.02747058 0.14039358 0.13742235
v -0.02928612 0.17807063 0.11516929
v -0.03130809 0.19777510 0.10658453
v -0.03203367 0.21712241 0.09748018
v -0.01807583 0.27918214 0.10043965
v -0.02757990 0.15998468 0.12584877
v -0.16070810 -0.21080153 -0.05754199
v -0.15454291 -0.19637902 -0.05431782
v -0.13122396 -0.20703322 -0.07628306
v -0.12867303 -0.21735086 -0.08760019
v -0.03137270 -0.15648349 -0.12497813
v 0.00258160 -0.17227693 -0.11501457
v -0.02562989 -0.17446356 -0.10441044
v -0.12582597 -0.13712817 -0.07010919
v -0.10103789 -0.16870685 -0.08417002
v -0.03686121 -0.20618922 -0.10444596
v -0.03030968 -0.22342777 -0.11068022
v -0.05507424 -0.21646579 -0.10990003
v -0.06522457 -0.20147137 -0.09994882
v -0.10040548 -0.19052836 -0.08363802
v -0.09895361 -0.20348133 -0.09229036
v -0.04408955 -0.19043659 -0.09826144
v -0.07200018 -0.19025768 -0.09249696
v -0.07692432 -0.17318681 -0.09574784
v -0.08551087 -0.20683888 -0.10533576
v -0.05071856 -0.17323512 -0.09795479
v -0.05892409 -0.15543750 -0.10433581
v -0.06182462 -0.13333231 -0.12397485
v -0.06393766 -0.08403457 -0.12651195
v -0.15719663 -0.21253027 0.09467185
v -0.14012849 -0.23222597 0.10943405
v -0.10493499 -0.26059467 0.13056436
v -0.08277616 -0.27135164 0.14098026
v -0.18127738 -0.15722378 0.03432333
v -0.12281190 -0.24761434 0.11996636
v -0.17811525 -0.17356133 0.05569792
v -0.16925775 -0.19221628 0.07585821
v -0.14705127 -0.07480413 0.13294621
v -0.13292566 -0.04914552 0.12597701
v -0.12986678 -0.07562926 0.11945300
v -0.18247873 -0.00694670 0.06992548
v -0.13328497 0.18359219 0.13947880
v 0.05075283 0.31218642 0.03836188
v 0.05198205 0.32787463 0.03017261
v 0.04837755 0.31163457 0.04496116
v 0.05166727 0.31835699 0.03740846
v 0.05226791 0.32392520 0.03647020
v 0.06073133 0.27004620 0.05347344
v 0.07063650 0.27340090 0.05225742
v 0.07381184 0.26652580 0.05774558
v 0.06600867 0.28104973 0.04684264
v 0.08143248 0.27600980 0.05011803
v 0.07594738 0.25949973 0.06293011
v 0.08717040 0.26092964 0.06334971
v 0.06569983 0.25721002 0.06287923
v 0.07735571 0.25160718 0.06759064
v 0.08473369 0.20662023 0.09120679
v 0.07325682 0.20605107 0.09279469
v 0.07538255 0.21545897 0.08666429
v 0.07101190 0.19661628 0.09868169
v 0.06212959 0.20502257 0.09457887
v 0.08624858 0.13080654 0.14947578
v 0.07943327 0.12279341 0.15459105
v 0.09387847 0.12342408 0.14996612
v 0.08679625 0.12353618 0.15230757
v 0.08530583 0.11604652 0.15654512
v 0.16057731 0.20746295 0.08662449
v 0.16272309 0.21613733 0.07856286
v 0.15737399 0.20467342 0.08331279
v 0.16768301 0.22606914 0.07521595
v 0.16450854 0.22542900 0.06839805
v 0.04824248 0.32679686 -0.00020744
v 0.05262875 0.32256210 0.02450879
v 0.05548666 0.32093081 0.00876485
v 0.04888771 0.32978788 0.00868359
v 0.07627860 0.29403538 0.03198391
v 0.06344537 0.31228650 0.00749091
v 0.06275439 0.31460160 0.01949470
v 0.14024840 0.13976058 0.10187054
v 0.14032568 0.13465007 0.10436595
v 0.13996992 0.14363086 0.11078608
v 0.14541471 0.12781832 0.09801875
v 0.14133927 0.13013387 0.10707680
v 0.13654006 0.01930923 0.13412051
v 0.12088577 0.00444739 0.14424840
v 0.14021689 0.00523211 0.11939386
v 0.12994702 0.00502858 0.13156141
v 0.12499998 -0.01004452 0.12990108
v 0.18306188 0.03218966 0.03601028
v 0.18331218 0.03664814 0.02084610
v 0.17990005 0.02515207 0.02343198
v 0.18362606 0.04779503 0.01844683
v 0.18319210 0.03946843 0.00541171
v 0.12242039 0.21605566 0.10416473
v 0.09892499 0.21635261 0.08550158
v 0.11622212 0.21202892 0.09824937
v 0.12003085 0.21932012 0.09159172
v 0.09339660 0.19801913 0.09675629
v 0.09639422 0.20731305 0.09106122
v 0.11165494 0.20453325 0.10437988
v 0.10741213 0.20885465 0.09345143
v 0.21933365 0.08069862 0.04270748
v 0.21180588 0.07528653 0.03890697
v 0.20961449 0.08076564 0.03850403
v 0.21281981 0.07034000 0.03916417
v 0.20353767 0.06975778 0.03352812
v 0.16929130 -0.10179334 0.08790122
v 0.17117390 -0.09844286 0.07461122
v 0.16294263 -0.10604046 0.07658787
v 0.17582238 -0.08783668 0.07367903
v 0.16977161 -0.09229515 0.06321403
v 0.16192876 0.21103325 0.03778031
v 0.14431390 0.22453488 0.02841394
v 0.15587749 0.21128802 0.04111410
v 0.15010172 0.21767165 0.03457806
v 0.13939562 0.22683762 0.03238650
v 0.15370466 0.18927939 0.09132612
v 0.15090704 0.17737275 0.09404028
v 0.16339010 0.20884024 0.09067999
v 0.15826063 0.19977373 0.09218111
v 0.15594693 0.19318746 0.09552275
v 0.15135458 0.17869909 0.09877867
v 0.15386103 0.18687600 0.09805530
v 0.15941001 0.19710979 0.09846995
v 0.17752203 0.08589850 -0.00260580
v 0.17637053 0.08548126 0.00997767
v 0.17521530 0.09049730 0.00845296
v 0.17734748 0.07935315 0.01167615
v 0.17516634 0.08660352 0.02250799
v 0.18041267 0.05779172 0.03138891
v 0.18267408 0.05749242 0.01602183
v 0.17739044 0.07377016 0.02633475
v 0.18460894 0.05888110 0.00088802
v 0.18086478 0.07398646 -0.00064312
v 0.17932022 0.07306667 0.01290439
v 0.18083367 0.06592940 0.01424231
v 0.16004689 0.19770055 0.10677132
v 0.16760208 0.21790752 0.09094334
v 0.16452657 0.20788045 0.09589407
v 0.16288482 0.20350368 0.10174926
v 0.16125855 0.21159925 0.10800104
v 0.13243333 0.22623725 0.10363821
v 0.15173444 0.21738756 0.11266873
v 0.15479176 0.22470237 0.10654170
v 0.12540613 0.21209754 0.11558115
v 0.12944691 0.21927774 0.11003508
v 0.14742941 0.21050623 0.11794274
v 0.13999292 0.21993794 0.11334433
v 0.07959426 0.10910199 0.16158533
v 0.08877867 0.10768369 0.15998273
v 0.09802269 0.10714521 0.15789258
v 0.09177658 0.09827758 0.16326380
v 0.16187988 -0.11698952 0.10224883
v 0.16130790 -0.09624038 0.09627694
v 0.16403230 -0.10519151 0.10120467
v 0.15417133 -0.11067781 0.11074384
v 0.14462820 -0.11577026 0.12073228
v 0.14215356 -0.10917360 0.11287013
v 0.14558075 -0.12632820 0.12543327
v 0.13473436 -0.12152205 0.12962003
v 0.12738964 0.03166954 0.16384797
v 0.14364585 0.03291605 0.13673167
v 0.13588332 0.03207397 0.15046586
v 0.13406251 0.04564628 0.16303545
v 0.12989318 0.06054325 0.16729701
v 0.13909981 0.06018453 0.15597543
v 0.10743057 0.08701430 0.16320768
v 0.11811901 0.06182951 0.17561337
v 0.12511104 0.07499144 0.16698110
v 0.12445977 -0.13649839 0.14279017
v 0.12358095 -0.11463526 0.13530077
v 0.12326865 -0.12764677 0.13614792
v 0.11184670 -0.13047069 0.14458497
v 0.10002421 -0.13327344 0.15305778
v 0.10564004 -0.12030236 0.15780184
v 0.09897417 -0.14729422 0.15227136
v 0.08921208 -0.13666876 0.16253458
v 0.08863254 0.24470858 0.07447024
v 0.07815339 0.24332781 0.07180340
v 0.08877479 0.22553857 0.08038499
v 0.10012043 0.22624315 0.08238909
v 0.06683466 0.24205692 0.07246982
v 0.07702672 0.22492541 0.08097512
v 0.06526123 0.22416033 0.08291943
v 0.07799663 0.23422302 0.07581825
v 0.10036339 0.13077307 0.14415729
v 0.11458872 0.13052917 0.13640012
v 0.10115742 0.12337663 0.14695233
v 0.10114157 0.11557998 0.15171605
v 0.10710835 0.10698210 0.15499884
v 0.10853151 0.12316412 0.14311264
v 0.12290926 0.12267731 0.13328472
v 0.11582040 0.12276614 0.13839787
v 0.11679596 0.11505475 0.14302513
v 0.17178781 0.16045660 0.08080816
v 0.15405342 0.19052655 0.08458365
v 0.15460742 0.20121430 0.08046539
v 0.16682675 0.17334110 0.08158249
v 0.15412574 0.18425967 0.08610488
v 0.15347311 0.17876041 0.08688913
v 0.16452901 0.16595620 0.08153220
v 0.16585355 0.16949025 0.08169867
v 0.15926613 0.17894846 0.08187899
v 0.16019793 -0.11720191 0.07736879
v 0.16479868 -0.11215953 0.06562777
v 0.15833570 -0.12180366 0.08989652
v 0.15776341 -0.12773219 0.10301390
v 0.16397187 -0.12621535 0.08065556
v 0.11216339 -0.15241209 0.15410027
v 0.09923582 -0.15727171 0.15864271
v 0.08638749 -0.16218427 0.16078438
v 0.09952413 -0.16847840 0.16265106
v 0.19295205 0.09926143 -0.05046484
v 0.20319138 0.09853803 -0.01605956
v 0.19679092 0.10264765 -0.06071533
v 0.20039923 0.09831359 -0.03884363
v 0.20209976 0.09948007 -0.02659422
v 0.07042890 0.11197202 0.16256426
v 0.06987427 0.10238265 0.16722158
v 0.05077239 0.11574192 0.16098319
v 0.07205430 0.12659138 0.15438135
v 0.07111575 0.11986100 0.15826900
v 0.05421804 0.12238768 0.15510824
v 0.06137791 0.11678013 0.16136488
v 0.05179846 0.12475128 0.14443643
v 0.05800348 0.12755913 0.15043768
v 0.13649043 0.08613142 0.14763595
v 0.13208602 0.10365888 0.13729110
v 0.11265935 0.09734572 0.15810183
v 0.12946609 0.08644921 0.15739238
v 0.11870007 0.08672781 0.15992841
v 0.11607275 0.10680433 0.15106656
v 0.12411343 0.10616183 0.14467387
v 0.13056332 0.09654509 0.14684279
v 0.14664505 0.06052728 0.14362718
v 0.14207719 0.07424292 0.14657122
v 0.14287052 0.08664608 0.13800162
v 0.04085886 0.11427734 0.15491590
v 0.04712248 0.10700016 0.16815101
v 0.06941190 0.09124678 0.17031489
v 0.05760583 0.09680560 0.17298113
v 0.04376732 0.09293450 0.17711277
v 0.05376957 0.22273004 0.08524527
v 0.05496005 0.23189467 0.07988550
v 0.05254558 0.21310765 0.09061380
v 0.05138790 0.20351434 0.09645971
v 0.04282024 0.22078452 0.08771132
v 0.05585778 0.24856131 0.07050559
v 0.05573175 0.24064291 0.07505581
v 0.04465428 0.23843054 0.07770126
v 0.05353774 0.26272231 0.06173696
v 0.05516718 0.25589937 0.06593218
v 0.04452854 0.25403619 0.06914413
v 0.03381011 0.25151223 0.07179825
v 0.03289485 0.25830790 0.06775468
v 0.03372987 0.23608807 0.08069394
v 0.03398136 0.24400958 0.07597990
v 0.02304795 0.24875699 0.07420042
v 0.04837748 0.27386284 0.05346115
v 0.05134762 0.26842237 0.05726745
v 0.04164027 0.26665503 0.06101745
v 0.03165451 0.26420498 0.06384476
v 0.02173660 0.26158839 0.06607439
v 0.03036399 0.26961160 0.06035059
v 0.03863034 0.30114177 0.05293258
v 0.03975375 0.30682394 0.05334962
v 0.04585610 0.31079534 0.04988429
v 0.03136510 0.30343357 0.05929941
v 0.15163121 0.16895582 0.08842298
v 0.15275860 0.17395408 0.08779203
v 0.16311687 0.16263372 0.08160508
v 0.15823723 0.17050101 0.08364465
v 0.15050086 0.16429433 0.08934322
v 0.15593638 0.16210555 0.08469073
v 0.13533457 -0.14231119 0.13802348
v 0.12494291 -0.14677027 0.14780238
v 0.12261061 -0.15841123 0.14858282
v 0.05092072 0.26534060 -0.09284408
v 0.05411365 0.25864708 -0.10082590
v 0.06112550 0.25877756 -0.10045689
v 0.04736498 0.25748199 -0.10072632
v 0.05880293 0.25133324 -0.10819543
v 0.08100127 0.29399189 0.01277669
v 0.06526484 0.31357667 -0.00394394
v 0.07224600 0.30496418 0.00460379
v 0.08235679 0.29975790 0.00107610
v 0.13653669 0.18855758 -0.12633431
v 0.15593319 0.17639621 -0.12083187
v 0.13766438 0.19187644 -0.12625027
v 0.14640938 0.18416600 -0.12449553
v 0.15425988 0.18000956 -0.12092080
v 0.13665797 0.15514022 -0.11501898
v 0.11683987 0.16049194 -0.10617177
v 0.13524672 0.14622703 -0.10823774
v 0.12548567 0.15391168 -0.10807516
v 0.11934072 0.15146819 -0.10064338
v 0.16573364 -0.09715318 0.05184741
v 0.16929379 -0.08587841 0.05132874
v 0.18007249 -0.08350934 0.04716797
v 0.17045185 -0.08160108 0.03722940
v 0.17700359 0.09546404 -0.07079710
v 0.17964387 0.08613957 -0.06189226
v 0.18122461 0.09302406 -0.05796483
v 0.17830604 0.07815950 -0.06351658
v 0.18180346 0.07895707 -0.05083914
v 0.00227414 0.25390434 -0.10668927
v 0.00515023 0.24605611 -0.11225154
v 0.01084794 0.24739499 -0.11012287
v -0.00088306 0.24419633 -0.11439919
v 0.00818904 0.23644623 -0.11454018
v 0.00818198 0.27830839 -0.08474531
v 0.00399195 0.28769094 -0.07987800
v 0.00138988 0.28779176 -0.08426458
v 0.00785279 0.28758428 -0.07586277
v -0.00000511 0.29694825 -0.07458150
v 0.03681076 0.26409179 -0.09278148
v 0.04129883 0.25587451 -0.09979191
v 0.02065864 0.27020687 -0.08626203
v 0.04707103 0.24790864 -0.10742163
v 0.03561128 0.25418347 -0.09943315
v 0.17974165 0.08285493 -0.01380116
v 0.17895389 0.08833931 -0.01455825
v 0.18235447 0.08672121 -0.03645733
v 0.17960007 0.09300429 -0.01556723
v 0.18109111 0.09253483 -0.02537286
v 0.18436143 0.11048209 -0.03269437
v 0.18376604 0.10897445 -0.02259715
v 0.18504535 0.11088800 -0.02334362
v 0.18751954 0.10822502 -0.02041394
v 0.18426330 0.11342794 -0.01127392
v 0.03732192 0.34258953 0.00047782
v 0.03450137 0.33829039 -0.00651384
v 0.03051331 0.34542447 -0.00586184
v 0.02880546 0.35285971 -0.00548408
v 0.02389043 0.34901851 -0.01073370
v -0.00327891 0.37404031 -0.02650178
v -0.00577078 0.36959264 -0.02935340
v -0.00218080 0.36971840 -0.02588546
v -0.00837966 0.37134135 -0.03196977
v -0.00846707 0.36488518 -0.03358611
v 0.06093750 0.15246905 -0.12692252
v 0.04555641 0.15243109 -0.12663278
v 0.05166370 0.14112544 -0.12790556
v 0.04010359 0.16305336 -0.12358078
v 0.03123397 0.15141928 -0.12552406
v 0.19227578 0.13250719 -0.07291699
v 0.18765265 0.14344718 -0.09242410
v 0.19513473 0.12705757 -0.07229818
v 0.19203599 0.13514194 -0.08290242
v 0.18898819 0.13898279 -0.09459848
v 0.19077632 0.13069496 -0.06570589
v 0.18902224 0.13766477 -0.07418755
v 0.18776846 0.11744369 -0.04379204
v 0.19153491 0.12404277 -0.05653658
v 0.18891768 0.12942915 -0.06014473
v 0.18395057 0.11382406 -0.03939385
v 0.18521293 0.11604068 -0.04156315
v 0.18608065 0.12179264 -0.04893100
v 0.18618515 0.13450778 -0.06306328
v 0.18680915 0.12797230 -0.05608784
v 0.18497059 0.12634501 -0.05276903
v 0.18147267 0.10804843 -0.06108352
v 0.18269566 0.11828341 -0.05704593
v 0.18369369 0.10240310 -0.03461448
v 0.18485332 0.11091396 -0.04992708
v 0.18471533 0.11568017 -0.04897048
v 0.18302619 0.09942548 -0.05412011
v 0.18309259 0.09276436 -0.04594864
v 0.18269768 0.09252457 -0.03503564
v 0.18286338 0.09792010 -0.03445277
v 0.18428960 0.10538045 -0.05123527
v 0.18485531 0.10409103 -0.04260602
v 0.04808709 0.07431766 -0.12863812
v 0.06425905 0.07361060 -0.12556952
v 0.06197276 0.08899245 -0.12697074
v 0.06559445 0.05757462 -0.12358159
v 0.07955804 0.07270618 -0.12269146
v 0.19996224 0.10976836 0.01254610
v 0.20657992 0.11287804 0.02575714
v 0.19607204 0.11199946 0.01539749
v 0.20687070 0.11697909 0.03813649
v 0.21052843 0.11768666 0.03557503
v 0.11149892 0.18137328 -0.08623995
v 0.11506438 0.17641999 -0.08326966
v 0.11812745 0.18186580 -0.08187856
v 0.11277051 0.17143992 -0.08414928
v 0.11786363 0.17142491 -0.08156153
v 0.15228193 0.08241048 -0.03514966
v 0.15746126 0.08834621 -0.02204221
v 0.15503660 0.07954218 -0.02563296
v 0.17114228 0.10591407 0.00083473
v 0.15891124 0.09634545 -0.01712087
v 0.16128729 0.09297345 -0.00820748
v 0.07409953 0.30678624 -0.01882121
v 0.05643204 0.31863204 -0.01185626
v 0.06524804 0.31268808 -0.01530659
v 0.06264427 0.30925074 -0.02629943
v 0.09302438 0.29620057 -0.00221389
v 0.08460061 0.30406404 -0.01022489
v 0.08358831 0.30244032 -0.02188767
v 0.12868740 0.13603228 -0.09578633
v 0.13756293 0.11871201 -0.08685763
v 0.12812449 0.12533718 -0.08710903
v 0.13983750 0.10880210 -0.07988463
v 0.13354197 0.11738265 -0.08478748
v 0.13093269 0.11544520 -0.08282419
v 0.22750902 0.08068918 0.04445355
v 0.22593775 0.08641091 0.04513990
v 0.22309613 0.09382445 0.04570528
v 0.23123023 0.09618148 0.04567937
v 0.14469518 0.08167510 -0.05374130
v 0.13805151 0.09681190 -0.07261477
v 0.13764755 0.08146011 -0.06666888
v 0.12956955 0.11253089 -0.08098096
v 0.13349319 0.10422591 -0.07928598
v 0.13393171 0.08935935 -0.07269812
v 0.13553779 0.09355287 -0.07271922
v 0.13319477 0.08504675 -0.07294486
v 0.13126507 0.09682604 -0.07641341
v 0.18096282 0.06130179 -0.05038580
v 0.17274781 0.07709455 -0.07460015
v 0.17803174 0.06881391 -0.06322594
v 0.17601606 0.05897707 -0.05988024
v 0.17090830 -0.07348537 -0.02146932
v 0.18229087 -0.07657729 0.01821503
v 0.17087667 -0.07439414 -0.00617088
v 0.18228640 -0.06808938 -0.01167558
v 0.17129554 -0.09028104 0.02469232
v 0.17066146 -0.07823631 0.02263114
v 0.17203908 -0.08722574 -0.00333116
v 0.17139718 -0.07612620 0.00827104
v 0.16879265 -0.10749553 0.05364464
v 0.17487046 -0.11443386 0.05770871
v 0.17379701 -0.10280016 0.04120849
v 0.17500679 -0.09858330 -0.01507936
v 0.17839742 -0.09730841 -0.00145474
v 0.17782398 -0.09879793 0.02751426
v 0.17845799 -0.09772765 0.01289102
v 0.18284011 -0.10830738 0.03060059
v 0.18105790 -0.10909726 0.00189534
v 0.02286367 0.36498994 -0.00657676
v 0.01989953 0.37815315 -0.00868760
v 0.01518868 0.38257703 -0.02351592
v 0.16656637 -0.20190980 0.08637065
v 0.17047207 -0.20813242 0.08182757
v 0.16262467 -0.20527872 0.09232445
v 0.17899501 -0.21410167 0.07133190
v 0.17275025 -0.21415341 0.07981247
v -0.00780361 0.38967776 -0.04011842
v -0.00482940 0.38907924 -0.03778877
v 0.00683565 0.39039776 -0.02291741
v -0.00022010 0.39410102 -0.02809037
v 0.17358892 -0.19643299 0.07169959
v 0.16683565 -0.19607757 0.08408375
v 0.15959795 -0.19580190 0.09513027
v 0.16459210 -0.18898691 0.08288996
v 0.03479108 0.35539171 -0.00040535
v 0.02830736 0.35968661 -0.00425583
v 0.02863928 0.36654964 -0.00243040
v 0.05186834 0.33619565 0.02806630
v 0.04931719 0.34885117 0.01737667
v 0.04050219 0.35925040 0.00311406
v 0.05193303 0.33073479 0.03390184
v 0.05154172 0.32535702 0.03896842
v 0.15243727 -0.20287737 0.10170539
v 0.15432079 -0.20800160 0.09934185
v 0.15364054 -0.21461858 0.09790923
v 0.14581028 -0.21163939 0.10626727
v 0.15945257 -0.12273983 0.07010998
v 0.15245451 -0.12577516 0.08045503
v 0.16524990 -0.12101053 0.05790894
v 0.17194784 -0.12017970 0.04565706
v 0.16297673 -0.13019636 0.06135649
v 0.09456015 -0.20203462 -0.09979753
v 0.11481617 -0.18905064 -0.08962908
v 0.11126680 -0.20766328 -0.09387903
v 0.11270604 -0.19887921 -0.09171893
v 0.12894821 -0.19758254 -0.08164924
v 0.17842540 -0.11931226 0.03260299
v 0.18649793 -0.11826419 0.02008362
v 0.17582807 -0.12931609 0.03614759
v 0.18478942 -0.12093504 -0.00848283
v 0.18697914 -0.11881249 0.00546711
v 0.19055372 -0.12821272 0.01022380
v 0.14588663 -0.13018802 0.09138650
v 0.15061735 -0.13443895 0.08376066
v 0.07324684 -0.17840913 0.16720380
v 0.05972644 -0.19741343 0.17070296
v 0.08638701 -0.18573785 0.16749406
v 0.07344659 -0.19132964 0.17071940
v 0.07190666 -0.20402399 0.16705586
v -0.02398681 -0.22948729 0.16878729
v -0.00990369 -0.22557956 0.16968948
v -0.01060890 -0.23970728 0.16752580
v -0.00912208 -0.20935035 0.17081153
v 0.00372750 -0.22091565 0.17005248
v -0.01511794 -0.28204888 0.15804341
v -0.03747457 -0.27098361 0.16077904
v 0.13495483 -0.20971078 0.11467706
v 0.13627133 -0.21466137 0.11232997
v 0.13417277 -0.20490785 0.11645254
v 0.12456557 -0.20990144 0.12276229
v 0.11443792 -0.21568137 0.12989327
v 0.11554813 -0.21162362 0.13025981
v 0.11410679 -0.21915248 0.12866664
v 0.10511911 -0.22253369 0.13607879
v 0.17952318 -0.12358020 -0.02151555
v 0.18615277 -0.13266221 -0.01797981
v 0.16936344 -0.10080044 -0.02797537
v 0.17733085 -0.11094150 -0.02701767
v 0.17381865 -0.12543330 -0.03494986
v 0.16587293 -0.11347956 -0.05460769
v 0.15605631 -0.09929442 -0.07094953
v 0.16595088 -0.08717252 -0.03151481
v 0.17386408 -0.07480703 -0.03583289
v 0.16414046 -0.10161745 -0.04182478
v 0.15901430 -0.10055326 -0.05576985
v 0.16161239 -0.08490647 -0.05938878
v 0.13440831 0.11063358 -0.11515795
v 0.16599005 0.09755845 -0.08863969
v 0.14674267 0.10298532 -0.10682892
v 0.14503449 0.11545742 -0.10788671
v 0.16582100 0.08601721 -0.08600845
v 0.16512281 0.07516854 -0.08407813
v 0.14645168 0.09178591 -0.10516147
v 0.15750206 0.09464634 -0.09709281
v 0.01151657 0.25629753 -0.10073731
v 0.00976744 0.26776159 -0.09329999
v 0.01573108 0.24809976 -0.10716326
v 0.02009242 0.23953426 -0.11256520
v 0.01982278 0.24873164 -0.10428014
v 0.00475665 -0.18711460 0.16981395
v -0.02089388 -0.19763586 0.17085817
v -0.00830869 -0.19195177 0.17040503
v -0.00868157 -0.17344338 0.16980337
v 0.07285009 -0.15224633 0.16059397
v 0.07288025 -0.16630322 0.16205272
v 0.05939071 -0.16969571 0.16476019
v 0.04572226 -0.17327288 0.16756995
v 0.01763840 -0.16496140 0.16815281
v 0.04561832 -0.15722719 0.16705573
v 0.04577700 -0.18905200 0.16844986
v 0.04558639 -0.20322081 0.17140923
v 0.01772816 -0.19922884 0.17022884
v 0.01796411 -0.18208092 0.16981553
v 0.03168960 -0.17751391 0.16921706
v 0.01855963 -0.05877639 0.18580514
v 0.03448414 -0.05795077 0.18006887
v 0.02718187 -0.07056262 0.17103024
v 0.04088332 -0.04306021 0.18487620
v 0.04487527 -0.05355206 0.16894284
v 0.06106817 -0.02751426 0.18083924
v 0.03070549 -0.02841797 0.19317302
v 0.04761776 -0.02847861 0.18975566
v 0.05318655 -0.01305524 0.19103426
v 0.05641609 0.06558636 0.17538647
v 0.11005946 0.04770945 0.18247482
v 0.10497807 0.06018689 0.17279704
v 0.07901332 0.04522981 0.17660111
v 0.08255058 0.08928855 0.16679962
v 0.09551939 0.08772844 0.16568924
v 0.10007294 0.07505812 0.16877861
v 0.07023907 0.07844584 0.17102616
v 0.07338251 0.06224960 0.17062643
v 0.08996565 0.06081961 0.17104353
v 0.03315325 0.22762908 0.08553413
v 0.03249770 0.21834376 0.09026266
v 0.02317825 0.23341618 0.08342638
v 0.03197202 0.20830958 0.09487634
v 0.02245831 0.21522461 0.09275854
v 0.13782863 -0.21687326 0.10937715
v 0.12556928 -0.21649958 0.11901221
v 0.11387590 -0.22090448 0.12686053
v 0.15089810 -0.19750036 0.10310274
v 0.14936954 -0.19172192 0.10261314
v 0.14315894 -0.20056155 0.11038153
v 0.13334581 -0.19987211 0.11714496
v 0.15136351 -0.13245256 0.11538161
v 0.14444745 -0.13774776 0.12766573
v 0.15048112 -0.13647527 0.10253204
v 0.13812336 -0.14732517 0.12581974
v 0.13910376 -0.13521799 0.10236384
v 0.12727055 -0.14952138 0.12341155
v 0.13585788 -0.14409339 0.10308260
v 0.13308783 -0.14209071 0.11323782
v 0.17948157 0.05104435 0.05537988
v 0.18239206 0.03659195 0.05204550
v 0.18281326 0.02256179 0.04852413
v 0.17920700 0.04275311 0.06927697
v 0.07260019 0.13249187 0.15144974
v 0.06549758 0.12916490 0.15287444
v 0.06192042 0.13166532 0.14725909
v 0.06201502 0.13296261 0.13961966
v 0.06666965 0.13551611 0.14471839
v 0.17486961 -0.04953953 -0.02869128
v 0.17888731 -0.05421944 -0.01412244
v 0.18239915 -0.05965491 0.00018430
v 0.17757556 -0.06071239 -0.02283506
v 0.13638158 0.10673185 0.12957719
v 0.14067303 0.09742136 0.13184313
v 0.14897870 0.08778329 0.12865520
v 0.15012518 0.10003024 0.11540288
v 0.15506737 0.07641647 0.12446273
v 0.15759732 0.09079659 0.10949422
v 0.15402536 0.08919930 0.11909470
v 0.17073385 0.06960123 0.08359617
v 0.16026543 0.09277070 0.10028521
v 0.16360278 0.07945974 0.10331599
v 0.17126839 0.07422414 0.07394715
v 0.16725135 0.08496100 0.08438418
v 0.15156318 0.11664324 0.09659018
v 0.15553392 0.10408431 0.09936393
v 0.16190122 0.09549919 0.09227110
v 0.16293851 0.09924547 0.08577588
v 0.16742390 0.09516595 0.07171292
v 0.15235750 0.12562644 0.08949124
v 0.15177129 0.12089956 0.09252189
v 0.16317002 0.10392907 0.08033919
v 0.15775561 0.11165433 0.08816565
v 0.16336527 0.10875718 0.07603785
v 0.17302682 0.15130578 0.07477923
v 0.17564382 0.15288685 0.07366621
v 0.18078640 0.15251057 0.07260047
v 0.17948556 0.14546898 0.06479099
v 0.03969695 0.03886021 0.17136402
v 0.02493961 -0.00290069 0.18416850
v 0.01988099 0.01649633 0.16858654
v 0.05853256 0.00255381 0.19082741
v 0.04160719 0.00060141 0.18857506
v 0.05423782 0.02668652 0.17726599
v 0.03751216 0.02112461 0.17213628
v 0.03221407 0.00725027 0.17685509
v 0.04491935 -0.21742532 0.16896936
v 0.01694794 -0.22996853 0.16877760
v 0.01744512 -0.21519502 0.17063591
v 0.03136646 -0.20941609 0.17065133
v 0.06389517 -0.25600559 0.15598987
v 0.01013753 -0.26691139 0.16215768
v 0.04353355 -0.27032083 0.15766622
v 0.00502003 -0.26427481 0.16488802
v 0.01377457 -0.26075447 0.16565096
v 0.09504545 0.05426069 -0.11503501
v 0.09229899 0.08608921 -0.12212256
v 0.09394646 0.07100051 -0.11875552
v 0.12060528 0.09244640 -0.11656740
v 0.10832475 0.06741808 -0.11432058
v -0.00567996 0.26102257 -0.10446564
v -0.00087984 0.26308060 -0.10227961
v 0.00327479 0.26499027 -0.09955089
v 0.00297881 0.27713826 -0.09261031
v 0.00689233 0.26644284 -0.09668874
v -0.00388878 0.27383745 -0.09928111
v -0.00808381 0.30714834 -0.08018910
v -0.01296785 0.31592688 -0.08450191
v -0.01452308 0.32572031 -0.07910114
v -0.01556247 0.32434905 -0.08282258
v -0.01404682 0.32620662 -0.07436092
v -0.01560183 0.33530480 -0.07276691
v -0.01285432 0.39559394 -0.03936802
v 0.13109024 0.08653304 -0.07560915
v 0.13373390 0.07552940 -0.07518924
v 0.13683361 0.07904433 -0.07494708
v 0.13429780 0.08537445 -0.07562652
v 0.13921005 0.07205504 -0.07414247
v 0.14194372 0.08275823 -0.07466038
v 0.06796631 0.16437037 -0.12706456
v 0.07624149 0.15269038 -0.12777008
v 0.08876033 0.14017920 -0.12663573
v 0.11685986 0.13194865 -0.12143189
v 0.09375944 0.15119833 -0.12628731
v 0.04982460 0.33116117 0.02223422
v 0.05010175 0.33953768 0.02082217
v 0.04415493 0.33860525 0.00806850
v 0.04968671 0.33201984 0.01659527
v 0.03963429 0.34751993 0.00494511
v 0.04049215 0.35398275 0.00463779
v 0.04664060 0.35101113 0.01095641
v 0.09476377 0.30276275 -0.00453212
v 0.11238968 0.30633494 0.00026907
v 0.12162347 0.30372068 0.01027803
v 0.11107951 0.30394259 0.01037980
v 0.13243683 0.30095425 0.00851124
v 0.12907481 0.29930112 0.01984954
v 0.05684986 0.27075601 -0.08422629
v 0.06462404 0.27469441 -0.07514206
v 0.06626429 0.27909413 -0.06539919
v 0.05732906 0.28184828 -0.06692994
v 0.07427381 0.27714646 -0.06457395
v 0.06916471 0.28495088 -0.05644192
v 0.10994810 -0.21374512 -0.09506847
v 0.12516159 -0.21236977 -0.08558903
v 0.09299371 -0.21815437 -0.10437200
v 0.10863882 -0.21799642 -0.09634130
v 0.09628731 -0.02744481 -0.12375177
v 0.11281902 -0.02858463 -0.11540898
v 0.10040808 -0.02243203 -0.10338037
v 0.11020404 -0.03759203 -0.10159460
v 0.12719448 -0.02951426 -0.10547806
v 0.12678617 0.13805605 -0.11758979
v 0.10200890 0.15866175 -0.12479410
v 0.11077440 0.14601643 -0.12260205
v 0.14044759 0.12942669 -0.11112456
v 0.15207464 0.12064138 -0.10236947
v 0.13482967 0.14415127 -0.11373993
v 0.03822251 0.11916661 0.14151317
v 0.03113388 0.11358997 0.14630882
v 0.04440464 0.12450356 0.13761745
v 0.05020209 0.12910339 0.13505147
v 0.03461987 0.12983862 0.13455947
v 0.03910875 0.14473297 0.12853768
v 0.02487502 0.13631642 0.13172053
v 0.03219159 0.14078735 0.12982385
v 0.03054339 0.15154952 0.12610626
v 0.14039692 0.10216192 -0.07482246
v 0.14828055 0.12297082 -0.07389279
v 0.14034382 0.12855965 -0.07578736
v 0.13739352 0.11997339 -0.07565325
v 0.14205435 0.13607301 -0.07546781
v 0.13255814 0.13201147 -0.07771119
v 0.17597421 -0.05584801 0.00205925
v 0.18091209 -0.03083252 0.00481007
v 0.17147186 -0.04678398 -0.02709146
v 0.17484951 -0.05172247 -0.01279330
v 0.18059143 -0.02617306 -0.01029664
v 0.17868741 -0.04122791 -0.00437398
v 0.17898099 -0.00980802 -0.01476785
v 0.17758280 -0.02029599 -0.02442982
v 0.18577309 0.05332391 -0.01194035
v 0.18465728 0.06216256 -0.01330419
v 0.18399204 0.06401986 -0.03905369
v 0.18313457 0.05462290 -0.03696977
v 0.18003207 0.03302591 -0.00520086
v 0.18349443 0.04367145 -0.00913181
v 0.18040730 0.04449890 -0.03286645
v 0.18390584 0.04864418 -0.02318348
v 0.18117681 0.07694619 -0.01366012
v 0.18334270 0.07014632 -0.01357377
v 0.18256797 0.08012180 -0.03812490
v 0.18351559 0.07249580 -0.03930176
v 0.18131386 0.08119667 -0.02590492
v 0.18448836 0.06670032 -0.02677191
v 0.17880513 0.11364426 -0.08844059
v 0.15924950 0.13591023 -0.10885620
v 0.19177093 0.11001474 -0.08011474
v 0.19925782 0.10804033 -0.06793099
v 0.19557905 0.12460828 -0.08553569
v 0.18423574 0.12090367 -0.09543659
v 0.16392645 0.14381763 -0.11393686
v 0.18170282 0.14498547 -0.10713121
v 0.18962954 0.13469869 -0.09713632
v 0.17492008 0.13250874 -0.10642515
v 0.18825121 0.12831308 -0.09788390
v 0.15072721 0.08756110 -0.04672194
v 0.14772080 0.08590785 -0.05040406
v 0.14518119 0.10132909 -0.07060345
v 0.14117244 0.09924405 -0.07225126
v 0.14257476 0.08897182 -0.06394616
v 0.15458877 0.09510949 -0.04368988
v 0.15100564 0.10269873 -0.07136346
v 0.15048039 0.09290968 -0.05981005
v 0.18727337 0.11229974 -0.02573195
v 0.18550874 0.11391298 -0.01144800
v 0.19853495 0.10151707 -0.01579943
v 0.19982953 0.10303206 -0.03627599
v 0.19135283 0.10798442 -0.01800900
v 0.19670400 0.10481579 0.00521160
v 0.18773280 0.11237391 -0.00053750
v 0.19245240 0.10606169 -0.00705929
v 0.18340711 0.11820983 0.00085561
v 0.18559660 0.11566941 0.00194443
v 0.18528135 0.11786231 0.01511319
v 0.18822318 0.11306768 -0.03656652
v 0.19435853 0.11863504 -0.05238608
v 0.19082539 0.11809388 -0.04702232
v 0.18899833 0.11050680 -0.02771914
v 0.19413744 0.10878493 -0.03430745
v 0.20105065 0.10758321 -0.05575711
v 0.19659787 0.11942111 -0.06094627
v 0.19751246 0.12136135 -0.07236556
v 0.19913109 0.11520936 -0.07150249
v 0.19812615 0.10769585 -0.04368494
v 0.19639404 0.11292326 -0.04849330
v 0.16956778 0.22697559 0.08387087
v 0.17092215 0.23579247 0.07560558
v 0.16657552 0.22951607 0.09365449
v 0.17090221 0.24567880 0.06743047
v 0.16546817 0.24438445 0.08047055
v 0.15035687 0.25583974 0.07281707
v 0.15644714 0.23257558 0.09928490
v 0.14439677 0.23399794 0.09960964
v 0.15933496 0.23980889 0.09099337
v 0.15373823 0.24821867 0.08261150
v 0.14150736 0.24978630 0.07894370
v 0.12800327 0.22995345 0.09039026
v 0.13421175 0.23291890 0.09626363
v 0.13458046 0.23940271 0.08788110
v 0.13135208 0.25242442 0.06919602
v 0.13343279 0.24583632 0.07863126
v 0.12721291 0.24284109 0.07389524
v 0.09580217 0.25497133 0.05632376
v 0.09929954 0.25000507 0.06478158
v 0.12209740 0.23971714 0.06831697
v 0.12037512 0.24561310 0.05972691
v 0.10068294 0.24302085 0.07208671
v 0.12269036 0.22639206 0.08432824
v 0.11242910 0.22462441 0.08088502
v 0.10092213 0.23538134 0.07847809
v 0.12333984 0.23324266 0.07654286
v 0.11141529 0.23900680 0.06689519
v 0.05100149 0.30444261 0.03922027
v 0.05335525 0.31299007 0.03210638
v 0.06418359 0.29523340 0.03708190
v 0.05751367 0.31413880 0.02681180
v 0.06544861 0.30559966 0.02960036
v 0.04630529 0.29840910 0.04608101
v 0.05251908 0.28311965 0.04630533
v 0.05955184 0.28774104 0.04240395
v 0.03988466 0.29395497 0.05126357
v 0.05374299 0.29559341 0.04024113
v 0.04501139 0.27978060 0.05050019
v 0.03722329 0.27760532 0.05467324
v 0.03295983 0.29075518 0.05555064
v 0.04199031 0.28662413 0.04995024
v 0.02861097 0.27545753 0.05780523
v 0.01956521 0.27360922 0.06160703
v 0.02686287 0.28178743 0.05759996
v -0.01342145 0.38930446 -0.03733801
v -0.01623842 0.39189780 -0.04226003
v -0.00774240 0.37738332 -0.02997483
v -0.01067045 0.37369052 -0.03377036
v -0.00950418 0.38622043 -0.03221302
v -0.01378765 0.38261521 -0.03555647
v -0.01314459 0.36863512 -0.03809492
v -0.01579008 0.37670535 -0.03909116
v -0.01354826 0.37560913 -0.03604737
v -0.01652538 0.37739676 -0.04256199
v -0.01654191 0.36993533 -0.04428980
v -0.01759212 0.36764362 -0.05133367
v -0.01650239 0.38528985 -0.04378166
v -0.01708020 0.37704825 -0.04618180
v -0.01872788 0.37380955 -0.04983002
v 0.05055347 0.31893435 0.04288850
v 0.04726767 0.31542253 0.04774290
v 0.04351406 0.31099519 0.05189953
v 0.02601961 0.30077714 0.06219441
v 0.02560792 0.30689359 0.06337263
v 0.23888433 0.09425772 0.04303868
v 0.23658553 0.10259867 0.04334623
v 0.23298568 0.11152485 0.04415459
v 0.24051264 0.11121455 0.03886445
v 0.24682009 0.11170591 0.02915894
v 0.24329135 0.11942589 0.03156039
v 0.23909742 0.12884219 0.03282021
v 0.24429744 0.12697588 0.02346000
v 0.10583597 0.28230074 0.01770430
v 0.12272419 0.29569313 0.02727563
v 0.13425760 0.29460368 0.02927478
v 0.12287464 0.28348345 0.03336782
v 0.10382243 0.28971317 0.00719758
v 0.10396589 0.29813018 -0.00186890
v 0.10442279 0.30020040 0.00593583
v 0.11350334 0.29719016 0.01752890
v 0.11551803 0.28643531 0.01924967
v 0.11873610 0.29074070 0.02488294
v 0.16668914 -0.08267233 0.08016257
v 0.17348735 -0.07823867 0.06923053
v 0.15883964 -0.08782277 0.09057586
v 0.14953114 -0.09529477 0.09916422
v 0.15519033 -0.08058421 0.08345486
v -0.04595021 -0.06152677 0.19327126
v -0.00321935 -0.07554523 0.18473803
v -0.03075077 -0.05950504 0.19638157
v -0.03802620 -0.07370626 0.19327483
v 0.00776625 -0.04391197 0.19486298
v 0.00228395 -0.05999681 0.19177245
v -0.02600692 -0.04431847 0.19396029
v -0.01460778 -0.06018627 0.19457835
v 0.00357793 0.02866590 0.17173681
v 0.00165413 0.01247645 0.16624232
v -0.00097798 -0.00271668 0.16686222
v -0.01649811 0.00646662 0.16465566
v 0.00327488 -0.15108585 0.17094561
v 0.01701237 -0.14743806 0.16933669
v 0.00758427 -0.08854099 0.17100608
v -0.00854212 -0.08948990 0.17426185
v 0.00463023 -0.11942562 0.18200625
v -0.02451879 -0.09369904 0.17544493
v -0.01036397 -0.12208601 0.18421111
v -0.01029673 -0.10734916 0.17605259
v -0.01049128 -0.15482371 0.17239058
v -0.02250289 -0.15987772 0.17336920
v -0.01024707 -0.14001623 0.18463764
v -0.02512785 -0.12686583 0.18694797
v -0.03264830 -0.17749146 0.17100094
v -0.03248564 -0.20365982 0.17158641
v -0.03051630 -0.18962686 0.17035328
v -0.03836964 -0.18431501 0.17028776
v 0.20223686 0.13894968 0.05399138
v 0.20719424 0.16592796 0.04659547
v 0.20891491 0.14345036 0.04937711
v 0.20887925 0.15506278 0.04949991
v 0.21585996 0.17048621 0.04564329
v 0.07892884 -0.12439676 0.17154743
v 0.07474103 -0.13755202 0.16282152
v 0.06045497 -0.13927405 0.16493919
v 0.04600957 -0.14123268 0.16686405
v 0.03135106 -0.14397019 0.16847607
v 0.01899612 -0.13345595 0.18155614
v 0.01997257 -0.11653002 0.18111710
v 0.04940772 -0.12846807 0.17814042
v 0.16763654 0.15537143 0.08124901
v 0.16144976 0.15934084 0.08183087
v 0.16019031 0.15538472 0.08198373
v 0.17083170 0.14870574 0.07554330
v 0.17183848 0.14152184 0.06685226
v 0.16941430 0.14771241 0.07746929
v 0.02967726 0.08765109 0.17932945
v 0.04160574 0.07341930 0.18148513
v 0.04028526 0.05588082 0.17770162
v 0.02323782 0.04876950 0.17940898
v 0.05619117 0.13277087 0.13323878
v 0.06238363 0.13621260 0.13247257
v 0.04773626 0.13802740 0.13048799
v 0.04638378 0.14749742 0.12694123
v 0.04617760 0.15692523 0.12319523
v 0.05423754 0.14929387 0.12496096
v 0.06851362 0.13969544 0.13328569
v 0.06197740 0.14305136 0.12770261
v 0.06241685 0.15105852 0.12367533
v 0.06353269 0.15958862 0.11938946
v 0.07091638 0.15229440 0.12253438
v 0.14154266 0.21556652 -0.05332493
v 0.13433106 0.21875399 -0.05784196
v 0.13298191 0.21481460 -0.06273839
v 0.13587984 0.22245720 -0.05227410
v 0.12719208 0.22271304 -0.06227347
v 0.24500635 0.12375488 0.01297366
v 0.23893836 0.12931600 -0.00288922
v 0.23713362 0.13879004 -0.00359248
v 0.23128241 0.13859084 -0.01263006
v 0.24340469 0.13256937 0.01473447
v 0.23977393 0.14115195 0.01934584
v 0.24062353 0.13637695 0.00523462
v 0.23271675 0.14958704 -0.00533548
v 0.14759459 0.07430261 -0.04378688
v 0.14106254 0.07200900 -0.05834296
v 0.14253151 0.07718114 -0.05631696
v 0.14001626 0.06687694 -0.06034676
v 0.14489947 0.06250529 -0.04962390
v 0.15003392 0.06061460 -0.03699403
v 0.14854133 0.05411163 -0.03961083
v 0.15298480 0.07411299 -0.03029949
v 0.15876777 0.07548276 -0.01648670
v 0.15145878 0.06708800 -0.03397177
v 0.15660036 0.06117541 -0.02377355
v 0.14185257 0.05120901 -0.05509871
v 0.13594277 0.07340163 -0.06845288
v 0.13284805 0.08049164 -0.07328067
v 0.13296923 0.07553907 -0.07407869
v 0.13901225 0.06235234 -0.06262331
v 0.13789482 0.05784743 -0.06534541
v 0.13350369 0.06566573 -0.07537729
v 0.13338877 0.07078788 -0.07491744
v 0.13646486 0.05385909 -0.06895696
v 0.13476703 0.06494626 -0.07193832
v 0.15352145 0.07896329 -0.07258396
v 0.14484315 0.09441169 -0.07446632
v 0.14876592 0.08683752 -0.07356717
v 0.14829369 0.10539207 -0.07367319
v 0.15693539 0.09148671 -0.07204499
v 0.16142683 0.12535962 -0.06973813
v 0.15435901 0.11440971 -0.07239828
v 0.16608350 0.09725117 -0.07013199
v 0.15773372 0.10338719 -0.07181592
v 0.17084566 0.08945218 -0.06907233
v 0.17507274 0.10342477 -0.06720068
v 0.22416338 0.12927487 -0.02319798
v 0.18532935 0.10065065 -0.06313483
v 0.19798613 0.11656567 -0.05167232
v 0.17990202 0.12084255 -0.06476992
v 0.18387294 0.11055612 -0.06329613
v 0.20190524 0.12803118 -0.04828229
v 0.19216430 0.11643280 -0.05782307
v 0.22335956 0.13842037 -0.02372408
v 0.22042866 0.14802629 -0.02586301
v 0.21304426 0.13482782 -0.03577039
v 0.20400545 0.14038919 -0.04532623
v 0.19050935 0.05814901 0.02526754
v 0.19431412 0.07202899 0.02548858
v 0.19375449 0.06486559 0.02594051
v 0.18411350 0.05979680 0.01685367
v 0.16174395 0.05603156 -0.01433712
v 0.16359662 0.06441818 -0.01136393
v 0.17521107 0.05459152 0.00622502
v 0.17753667 0.06337512 0.00833150
v 0.15912306 0.04818111 -0.01741180
v 0.17189232 0.04589917 0.00296707
v 0.16710909 0.05084713 -0.00549063
v 0.19787818 0.16162282 0.04960170
v 0.20617393 0.17659974 0.04033226
v 0.20772512 0.19143713 0.04607369
v 0.20513389 0.18704166 0.03536678
v 0.18262005 0.15912479 0.07931831
v 0.18798916 0.15002637 0.07116525
v 0.20665127 0.13271447 0.05677445
v 0.19936812 0.14730941 0.07219732
v 0.19125144 0.15682450 0.07628441
v 0.20031731 0.14888407 0.06977160
v 0.17407364 0.16855325 0.08189524
v 0.16695027 0.17902391 0.08034641
v 0.18227112 0.16337800 0.08017305
v 0.18467559 0.16575196 0.07629639
v 0.22367954 0.11390890 0.04609625
v 0.22849303 0.12090559 0.04465317
v 0.23161528 0.12999946 0.04064079
v 0.22375196 0.13030195 0.04423805
v 0.20597905 0.15278614 0.04725736
v 0.20441335 0.16353658 0.04326801
v 0.21888100 0.14005168 0.04394063
v 0.22121122 0.14696580 0.04112907
v 0.20766492 0.13252871 0.04754815
v 0.20685248 0.14243938 0.04930078
v 0.21337858 0.13320859 0.04705367
v 0.21275750 0.14305891 0.04608707
v 0.19302322 0.08000722 0.02469467
v 0.18586984 0.07624356 0.01771976
v 0.18180704 0.09482684 0.01847951
v 0.16567923 0.09063000 -0.00180141
v 0.16591215 0.09895596 0.00327465
v 0.17681795 0.09098329 0.01221699
v 0.17449480 0.10104077 0.01495175
v 0.16526833 0.08116271 -0.00553780
v 0.16460149 0.07248833 -0.00840750
v 0.17842537 0.07225908 0.00964168
v 0.17102949 0.06804625 0.00005759
v 0.17814903 0.08131561 0.01084998
v 0.17116731 0.08644711 0.00449270
v 0.12649646 0.11919644 -0.08133057
v 0.12910855 0.10844233 -0.07915507
v 0.12946536 0.10320441 -0.07775429
v 0.12779148 0.11973301 -0.07812236
v 0.13057809 0.09735925 -0.07653967
v 0.13208155 0.09146722 -0.07595760
v 0.13527550 0.09658113 -0.07550118
v 0.13604625 0.10865225 -0.07549114
v 0.13175766 0.11475942 -0.07641433
v 0.12923633 0.10869765 -0.07738812
v 0.20836398 0.13523327 0.04465832
v 0.21126086 0.14561474 0.04488100
v 0.20188247 0.12076563 0.04507632
v 0.20404749 0.12686677 0.03957506
v 0.15878630 0.15059379 0.08213705
v 0.16458644 0.14883555 0.07991618
v 0.16920331 0.14147250 0.07505299
v 0.18089962 0.11822498 0.00112934
v 0.17911957 0.11366675 0.00262093
v 0.18057455 0.12392018 0.01482014
v 0.17736061 0.10886455 0.00370877
v 0.17504701 0.11552466 0.01675574
v 0.12962815 0.12290620 0.12863031
v 0.13232748 0.11508054 0.12900284
v 0.14639978 0.10900132 0.11560093
v 0.14191185 0.10778245 0.12271075
v 0.12812747 0.13051982 0.12856503
v 0.13576372 0.12331604 0.12432269
v 0.17296685 0.09464796 0.03233907
v 0.17359799 0.08909614 0.03411483
v 0.17408293 0.08299106 0.03647859
v 0.17476352 0.07641466 0.03915805
v 0.16999286 0.09309574 0.05823525
v 0.17213911 0.09294284 0.04518721
v 0.14078665 0.13363005 0.11517751
v 0.14232722 0.12659964 0.11027558
v 0.13889098 0.13028336 0.12106024
v 0.14606568 0.12026454 0.10594162
v 0.14927368 0.11066464 0.10841569
v 0.15070020 0.11315602 0.10179573
v 0.14313474 0.11680486 0.11777355
v 0.14048682 0.12386388 0.11966669
v 0.14271010 0.12470141 0.11462364
v 0.11948181 0.01777552 0.16080679
v 0.11141779 0.00353126 0.15697838
v 0.11640048 0.03204185 0.17564498
v 0.10307041 0.03307984 0.18496436
v 0.02560661 0.29460222 0.06062289
v 0.02566622 0.28811893 0.05882574
v 0.01832065 0.28619978 0.06300876
v 0.02000998 0.29879203 0.06598487
v 0.18358596 0.10645076 0.02676558
v 0.19294530 0.11561462 0.03181618
v 0.20733745 0.12381320 0.04437811
v 0.20837006 0.12190975 0.04562967
v 0.20800222 0.12618747 0.04620998
v 0.20362076 0.11733516 0.03681369
v 0.20032763 0.11120839 0.03667946
v 0.12532413 0.14076209 -0.07981318
v 0.12341613 0.12914357 -0.08393248
v 0.12643477 0.12921332 -0.07948781
v 0.12563339 0.13585660 -0.07985497
v 0.12487920 0.12483933 -0.08074657
v 0.12014361 0.14075065 -0.08199417
v 0.11643107 0.14909101 -0.09455568
v 0.12210128 0.14315778 -0.09585226
v 0.12507193 0.13464573 -0.09170640
v 0.12340130 0.13253689 -0.08777284
v 0.11967134 0.13836151 -0.08659755
v 0.11209349 0.15416288 -0.09226564
v 0.11665355 0.14655584 -0.08331928
v 0.11704671 0.14341208 -0.08498725
v 0.11568798 0.14650449 -0.08936637
v 0.15705632 0.15952632 -0.09810335
v 0.15214168 0.13993947 -0.10108708
v 0.15308055 0.15645112 -0.10187633
v 0.16113028 0.14869785 -0.09230178
v 0.13030140 0.15725495 -0.11559317
v 0.14188224 0.14872815 -0.10915697
v 0.14304498 0.16477746 -0.10894916
v 0.14754529 0.15294968 -0.10472357
v 0.15177612 0.22979559 -0.02063875
v 0.15818188 0.23009518 -0.01133959
v 0.15251449 0.23024546 -0.01302942
v 0.16461493 0.22067448 -0.00973240
v 0.16457266 0.22876862 -0.00152843
v 0.16649374 0.22544454 0.00534297
v 0.17239684 0.22622231 0.00771084
v 0.19388813 0.20564391 0.03512752
v 0.18128182 0.21666631 0.02112322
v 0.19310865 0.18221736 0.03771200
v 0.20237659 0.19803938 0.03085505
v 0.19670884 0.20826620 0.02786258
v 0.17674488 0.21218644 0.00748073
v 0.18005690 0.22177713 0.01616887
v 0.18916856 0.21610001 0.02274981
v 0.18718606 0.19964026 0.02291480
v 0.16711378 -0.22100186 0.08569597
v 0.17512915 -0.22101171 0.07780679
v 0.18350248 -0.22166763 0.06901455
v 0.10790144 -0.17463323 0.15401217
v 0.09857041 -0.18055476 0.16247641
v 0.09312414 -0.19008288 0.15635109
v 0.11643046 -0.16804098 0.14444277
v 0.12219591 -0.15888053 0.13390344
v 0.12147173 -0.15799820 0.12069169
v 0.10759170 -0.17374465 0.13943411
v 0.07316599 -0.24400589 0.15439618
v 0.06443586 -0.25509214 0.15668070
v 0.15723431 -0.22027549 0.09296434
v 0.14830138 -0.22370349 0.09979469
v 0.13858806 -0.21856627 0.10636196
v 0.12950274 -0.10265805 0.13743064
v 0.12145010 -0.10503560 0.15019496
v 0.11025748 -0.10669748 0.15972607
v 0.09672875 -0.10808137 0.16672103
v 0.11315692 -0.09321947 0.15761200
v 0.12195592 -0.02554391 0.13039340
v 0.13483152 -0.02486311 0.12301072
v 0.12818736 -0.07864828 0.14637570
v 0.13194609 -0.05271147 0.13476194
v 0.15274854 -0.07475898 0.10912396
v 0.14497651 -0.05044121 0.12850048
v 0.14247160 -0.06399719 0.13367042
v 0.14795795 -0.02344590 0.11535747
v 0.14690851 -0.03693525 0.12207798
v 0.15693420 -0.04940990 0.11770829
v 0.15844655 -0.06804253 0.06687680
v 0.16242161 -0.04275212 0.05840264
v 0.17858511 -0.04901595 0.02581001
v 0.16918196 -0.04062790 0.04630997
v 0.16798475 -0.05406847 0.05198004
v 0.17752880 -0.02007363 0.01401892
v 0.17991468 -0.03487077 0.01987679
v 0.17035684 -0.02656294 0.04129458
v 0.17576617 -0.03791091 0.03384580
v 0.18311661 -0.06868362 0.02969747
v 0.18372096 -0.06395619 0.01499952
v 0.17927210 -0.06906153 0.00794520
v 0.17538869 -0.05934101 0.01695593
v 0.17378776 -0.06226545 0.03188359
v 0.17757069 -0.07559356 0.05686255
v 0.18071637 -0.07195745 0.04413821
v 0.16703317 -0.07595534 0.06255921
v 0.16463274 -0.06677671 0.05596758
v 0.17326070 -0.06460690 0.04560874
v 0.17544049 -0.07453457 0.03750824
v 0.12697229 -0.01163577 -0.09458499
v 0.12187625 0.04669918 -0.10309927
v 0.13544625 0.02276109 -0.09255780
v 0.14590812 0.01634758 -0.08415493
v 0.14398228 0.03519212 -0.08646210
v 0.14844808 -0.00330554 -0.08232005
v 0.15507647 0.00911778 -0.07446330
v 0.17583060 0.10499564 -0.00788565
v 0.15714829 0.09799474 -0.02674456
v 0.16186903 0.10305979 -0.01260926
v 0.15742585 0.09984080 -0.03781863
v 0.16853021 0.16782308 -0.10874693
v 0.15988076 0.17575185 -0.11602396
v 0.15122752 0.18427430 -0.12168193
v 0.16326869 0.17237626 -0.11060303
v 0.20280689 0.17407031 0.03658376
v 0.21062475 0.16617484 0.03456543
v 0.19966282 0.18337642 0.02902013
v 0.19647808 0.19314769 0.02174046
v 0.19094610 0.20056771 0.01354213
v 0.20464461 0.18594168 0.01867632
v 0.19447999 0.11475873 0.02481113
v 0.17930718 0.11039129 0.02330822
v 0.19815309 0.11462806 0.03097526
v 0.18643330 0.11157089 0.02685396
v 0.18004678 0.19813479 0.04603109
v 0.20322119 0.18749939 0.04766156
v 0.19716720 0.19522156 0.04323333
v 0.17326099 0.19734816 0.04987806
v 0.18543436 0.19086297 0.05138827
v 0.20811453 0.17845526 0.05190812
v 0.21298739 0.16817138 0.05363593
v 0.19724180 0.18441850 0.05064788
v 0.19067092 0.18295966 0.05623999
v 0.09509762 -0.23367050 0.14072549
v 0.07933351 -0.23598485 0.15074688
v 0.08124777 -0.23821585 0.15129277
v 0.07626302 -0.23827994 0.14931795
v 0.08474511 -0.24034090 0.14345497
v 0.10078959 -0.22943406 0.13473091
v 0.11524747 -0.21982647 0.12267066
v 0.09328648 -0.24240881 0.13782158
v 0.08444348 0.27734107 0.03340767
v 0.08203197 0.28608555 0.02354429
v 0.09393643 0.28287572 0.01996999
v 0.10871721 0.27444094 0.02716561
v 0.17846218 0.13800745 0.05629114
v 0.18257038 0.13860366 0.05415466
v 0.17998609 0.12849329 0.02869819
v 0.17702419 0.12653625 0.03022233
v 0.18744178 0.13682291 0.05446024
v 0.18932490 0.11862607 0.02867231
v 0.18433459 0.12370826 0.02971768
v 0.18209977 0.13314471 0.04211450
v 0.20606923 0.12052046 0.03192746
v 0.21450247 0.12451236 0.04208720
v 0.21043292 0.13055581 0.03901891
v 0.20149036 0.12300313 0.03354330
v 0.19864577 0.11892250 0.02996342
v 0.21535359 0.15797976 -0.02868962
v 0.19693805 0.14721993 -0.05052655
v 0.20830594 0.15160431 -0.03864522
v 0.22150032 0.16053678 -0.01802427
v 0.22541265 0.16209377 -0.00720726
v 0.20869872 0.16685170 -0.03249070
v 0.18146753 0.10985903 0.01010463
v 0.19035408 0.11051823 0.01903080
v 0.16705735 0.10672175 0.00909699
v 0.17214820 0.11045846 0.01843238
v 0.16858634 0.10467026 0.01299936
v 0.18707684 0.11286608 0.02052681
v 0.19121611 0.14148876 0.06432980
v 0.19581053 0.14461710 0.06986335
v 0.20247951 0.13765311 0.06540164
v 0.19542454 0.13016294 0.05467045
v 0.20796502 0.11650807 0.03611733
v 0.20735040 0.12409990 0.04816326
v 0.20658836 0.13078777 0.05771752
v 0.20574814 0.12820011 0.05577148
v 0.13767877 0.06237195 -0.07482088
v 0.14224267 0.06460218 -0.07339417
v 0.14917052 0.06667092 -0.07252249
v 0.15831158 0.07245117 -0.07273433
v 0.14606550 0.05872315 -0.07390940
v 0.14584142 0.06655992 -0.07877116
v 0.13491960 0.05956852 -0.07534070
v 0.13404126 0.05584693 -0.07438788
v 0.13840851 0.05305615 -0.07545988
v 0.13698940 0.04284840 -0.06422997
v 0.13548908 0.04987784 -0.07215048
v 0.13620517 0.04439356 -0.07310984
v 0.17536226 0.04293975 0.01118107
v 0.16896617 0.03712168 -0.00092759
v 0.16056609 0.03476048 -0.01168098
v 0.16688532 0.03001820 -0.00253122
v 0.19804886 0.05799954 0.03350530
v 0.18403217 0.05089158 0.02370301
v 0.17646164 0.04381099 0.02103867
v 0.17229852 0.03959517 0.02127044
v 0.17856216 0.04281463 0.02910034
v 0.18829337 0.04700361 0.03701133
v 0.22141138 0.07150137 0.04328506
v 0.21258068 0.06533518 0.03990827
v 0.20957541 0.05841383 0.04055142
v 0.24616745 0.09820432 0.03596056
v 0.24850094 0.10661338 0.02554100
v 0.24762213 0.11273865 0.01939296
v 0.24538341 0.11582601 0.01202886
v 0.24812391 0.10256593 0.02341499
v 0.24270174 0.11868283 0.00452584
v 0.23894015 0.12075405 -0.00335961
v 0.24579135 0.10868981 0.00996663
v 0.23152801 0.09564085 0.03361401
v 0.20606953 0.11622803 -0.03918666
v 0.23346406 0.12115744 -0.01080704
v 0.22186768 0.12154734 -0.02445011
v 0.23751545 0.11320090 -0.00551535
v 0.21215948 0.11372615 -0.03300590
v 0.21184462 0.10826313 -0.02904197
v 0.20192376 0.10458294 -0.04369547
v 0.20852160 0.10707866 -0.03638336
v 0.19809318 0.11296646 -0.04918195
v 0.19035655 0.10478091 -0.05772058
v 0.19507793 0.10779025 -0.04950367
v 0.19550663 0.10168252 -0.05075034
v 0.18905309 0.09822285 -0.05711114
v 0.22820625 0.07659177 0.04396930
v 0.23467886 0.08249155 0.04476458
v 0.24025467 0.08704796 0.04328604
v 0.22717857 0.07146011 0.04425634
v 0.23894164 0.08281383 0.04403599
v 0.16695413 0.07926854 -0.07265046
v 0.17305920 0.08331382 -0.07163399
v 0.16237682 0.07221380 -0.07742234
v 0.17986235 0.08696231 -0.06994580
v 0.18522802 0.09486672 -0.06513879
v 0.18217176 0.09576233 -0.06494351
v 0.17420337 0.07887458 -0.07601651
v 0.18277261 0.09550609 -0.06374922
v 0.17628261 0.09271328 -0.07017250
v 0.14065179 0.03617124 -0.04913973
v 0.13218962 0.03426796 -0.05563044
v 0.15194312 0.02597515 -0.02578351
v 0.12765837 0.03149578 -0.05972962
v 0.13034445 0.02603804 -0.05111316
v 0.14660428 0.04774845 -0.04211390
v 0.15232539 0.04688540 -0.02958449
v 0.14413895 0.04185253 -0.04507934
v 0.15598977 0.04083600 -0.02042900
v 0.15329258 0.03355920 -0.02295973
v 0.14757505 0.03356145 -0.03407238
v -0.00999730 0.28222573 -0.09906612
v -0.00637603 0.28469896 -0.09629745
v -0.01308939 0.30387694 -0.09219849
v -0.01072344 0.25865781 -0.10685149
v -0.01231054 0.26857144 -0.10344598
v -0.01383998 0.27932948 -0.10109722
v -0.01520550 0.29025102 -0.09813351
v -0.01766395 0.27478832 -0.10237223
v 0.17771524 0.06050024 0.04692236
v 0.17575230 0.06908629 0.04244217
v 0.17479959 0.06585698 0.06156492
v 0.17102641 0.08071895 0.06697727
v 0.17019367 0.08726590 0.06186953
v 0.17262019 0.08088078 0.05130604
v 0.15123326 0.03432609 0.12272649
v 0.14976338 0.04678889 0.13648868
v 0.15378976 0.06163555 0.13131872
v 0.15987577 0.06308835 0.11919568
v 0.17254212 0.05390866 0.08369388
v 0.17187735 0.03855460 0.08209974
v 0.16446617 0.06473649 0.10725816
v 0.16803658 0.06675355 0.09526760
v 0.16253717 0.04994475 0.10981935
v 0.17484209 0.13555418 0.05706593
v 0.17251243 0.13173872 0.05688426
v 0.17485026 0.12286783 0.03098542
v 0.17341948 0.11844978 0.03100777
v 0.17618085 0.13055576 0.04450257
v 0.17069584 0.12709776 0.05583423
v 0.17295015 0.11382595 0.03087737
v 0.17253305 0.12255277 0.04419017
v 0.20309448 0.10091579 -0.00675798
v 0.20540589 0.10288816 0.00536382
v 0.20728156 0.10932690 0.02011592
v 0.21008530 0.11304139 0.03159817
v 0.20251572 0.10622977 0.01609659
v 0.19608003 0.11152592 0.02390019
v 0.19668199 0.11996544 0.04100417
v 0.20330136 0.12329064 0.05032627
v 0.20887524 0.11735101 0.04232456
v 0.20820272 0.10897557 0.02466837
v 0.16739607 0.10512631 0.06366338
v 0.16975865 0.10328341 0.05294834
v 0.16986974 0.09829965 0.05507000
v -0.03162268 -0.16513264 0.17358282
v -0.03413251 -0.15168628 0.18351990
v -0.03911993 -0.16965389 0.17379898
v -0.04800251 -0.19676279 0.17143506
v -0.03576442 -0.21828723 0.16866617
v -0.03854469 -0.23311996 0.16603521
v -0.04359404 -0.20715944 0.17082649
v -0.05298730 -0.20453438 0.17054236
v 0.11311647 -0.13477591 -0.09130121
v 0.09541421 -0.13425612 -0.09852719
v 0.10110179 -0.14729692 -0.09781539
v 0.09415810 -0.13863289 -0.11182368
v 0.07663837 -0.13420510 -0.10407734
v 0.06409964 -0.15954679 -0.10872293
v 0.06001994 -0.14743178 -0.10755261
v 0.05624852 -0.13369587 -0.10658401
v 0.04061299 -0.15656930 -0.11168826
v 0.10742947 -0.15936752 -0.09727335
v 0.08670728 -0.15979925 -0.10424577
v 0.06970476 -0.16374379 -0.11670906
v 0.19053239 -0.19061965 0.02080813
v 0.17435488 -0.18250640 0.05845116
v 0.18032594 -0.17844081 0.03151890
v 0.18022060 -0.20308363 0.05979583
v 0.17706560 -0.19262180 0.05906560
v 0.18973312 -0.20023023 0.03549340
v 0.18358776 -0.18993160 0.03333345
v 0.17931180 -0.18584773 0.04602702
v 0.17162292 -0.16490297 0.05572011
v 0.16889194 -0.17909867 0.06988222
v 0.17089683 -0.17332736 0.06050928
v 0.17035048 -0.16491775 0.06816095
v 0.17527622 -0.16286211 0.04237922
v 0.17803673 -0.15700382 0.05377822
v 0.16467804 -0.15797603 0.07686672
v 0.16440508 -0.16577609 0.07944095
v 0.16275381 -0.18155456 0.08122990
v 0.15658902 -0.18272093 0.09242892
v 0.16306530 -0.17379507 0.08037668
v 0.15559112 -0.16831838 0.08848938
v 0.14691474 -0.16474018 0.09408897
v 0.14736307 -0.17206591 0.09685236
v 0.14853507 -0.18557297 0.10120846
v 0.14106482 -0.18956158 0.10951021
v 0.14787790 -0.17912130 0.09917853
v 0.13969311 -0.17688692 0.10510308
v 0.12463216 -0.20098256 0.12307569
v 0.13281874 -0.19487408 0.11649814
v 0.13267280 -0.18932721 0.11505874
v 0.11653341 -0.20762745 0.12986165
v 0.10852461 -0.21427102 0.13598631
v 0.11712186 -0.20285097 0.12875831
v 0.09832111 -0.22598666 0.14201547
v 0.09680150 -0.22985853 0.14160869
v 0.08240175 -0.23915340 0.15174846
v 0.08916990 -0.23498014 0.14670694
v 0.10028549 -0.22179060 0.14168921
v 0.10171165 -0.21732606 0.14115962
v 0.09176214 -0.22975670 0.14726587
v 0.07464177 -0.24512972 0.15506284
v 0.08316275 -0.23744453 0.15207878
v 0.08427946 -0.23381837 0.15203121
v 0.05536497 -0.26249039 0.15704612
v 0.06557345 -0.25343633 0.15689501
v 0.06591565 -0.25037956 0.15762424
v 0.04592194 -0.26778942 0.15746005
v 0.03585754 -0.27071810 0.15742230
v 0.04593429 -0.26466131 0.15821911
v -0.00019034 -0.27736732 0.15821506
v 0.01928187 -0.27309865 0.15851662
v 0.02198349 -0.27331641 0.15773086
v -0.01434218 -0.28227794 0.15668248
v -0.02429416 -0.28351757 0.15530622
v -0.01171960 -0.28144765 0.15592986
v -0.04085791 -0.28438306 0.15262632
v -0.04189188 -0.28308752 0.15193211
v -0.04510441 -0.28302288 0.15407790
v -0.06090989 -0.28190953 0.14863174
v 0.09234592 0.26158163 0.04904646
v 0.08787903 0.26935881 0.04187040
v 0.11766664 0.25171697 0.05156072
v 0.10659604 0.25305390 0.05319487
v 0.09995206 0.26725668 0.03849505
v 0.01999287 0.34557053 -0.01613461
v 0.01742681 0.35382143 -0.01400762
v 0.04805563 0.32469222 -0.00911503
v 0.04048106 0.33125028 -0.00745007
v 0.03215918 0.33454540 -0.01340713
v 0.04598070 0.32205281 -0.01822038
v 0.02400711 0.33803049 -0.01839330
v 0.01589539 0.34177300 -0.02242109
v 0.02900412 0.33140272 -0.02070948
v 0.04050069 0.27237672 -0.08527587
v 0.04878101 0.27150851 -0.08442466
v 0.04786825 0.27777284 -0.07603027
v 0.03328003 0.27191705 -0.08540525
v 0.01696101 0.27924865 -0.08006406
v 0.01345902 0.28781906 -0.07368263
v 0.02655885 0.27130795 -0.08562111
v 0.03060898 0.27982804 -0.07803050
v 0.01065103 0.29576862 -0.06677452
v 0.02887545 0.28694069 -0.07011743
v 0.02064488 0.28758425 -0.07181444
v 0.04782295 0.28419599 -0.06802368
v 0.04885479 0.29199338 -0.06067172
v 0.03808794 0.28572640 -0.06856274
v 0.02753450 0.29435879 -0.06286219
v -0.00103816 0.35910389 -0.02699453
v 0.00698130 0.35344887 -0.02180502
v 0.00115286 0.37225622 -0.02234235
v 0.00045937 0.36635163 -0.02376078
v 0.00339426 0.36417931 -0.02109341
v 0.00842335 0.34547853 -0.02572342
v 0.01089948 0.33721015 -0.02956612
v 0.00242215 0.34832904 -0.02837741
v -0.00655815 0.35421479 -0.03425989
v -0.00239869 0.35124162 -0.03124010
v -0.00331372 0.34323704 -0.03517401
v -0.01019465 0.35746598 -0.03723175
v -0.01249149 0.36187983 -0.03880802
v -0.01563328 0.36157444 -0.04316043
v -0.01161690 0.34842569 -0.04063068
v 0.11353980 0.30659509 -0.01011828
v 0.10265310 0.30865294 -0.00957937
v 0.12379888 0.30432740 -0.01113190
v 0.11363148 0.30500966 -0.02041319
v 0.10512906 0.29775679 -0.02809767
v 0.11403365 0.29606014 -0.02859469
v 0.08260076 0.28830117 -0.04653110
v 0.09583095 0.30244854 -0.03015676
v 0.09734420 0.29126897 -0.03666580
v 0.06540915 0.26482612 -0.09270202
v 0.07085534 0.26888466 -0.08407769
v 0.06428657 0.27005428 -0.08437548
v 0.07625042 0.26788640 -0.08386388
v 0.07673358 0.26269656 -0.09198332
v 0.07824926 0.25778216 -0.10031793
v 0.08232139 0.25651413 -0.09929332
v 0.06756019 0.25894400 -0.10057371
v 0.07131857 0.25289732 -0.10804621
v 0.07336612 0.25887704 -0.10091501
v 0.08127274 0.25238192 -0.10762274
v 0.12802659 0.23910758 0.01746968
v 0.15004194 0.22567220 0.02705066
v 0.13840225 0.23168647 0.02176525
v 0.13261525 0.24065489 0.01602143
v 0.12695615 0.24641967 0.00634204
v 0.13770372 0.24104981 0.01306310
v 0.11782761 0.25074950 -0.00164612
v 0.12226355 0.24942645 -0.00519218
v 0.07740989 0.27293873 -0.07493733
v 0.08114237 0.27587736 -0.06426840
v 0.08076198 0.26761305 -0.08379844
v 0.09505137 0.16846554 -0.12565055
v 0.10880454 0.16411361 -0.12353391
v 0.11901154 0.16568466 -0.12060480
v 0.12669328 0.16917568 -0.11767936
v 0.10895521 0.17436445 -0.12433541
v 0.13809493 0.17544052 -0.11343334
v 0.13300127 0.17272386 -0.11538446
v 0.12280912 0.18045655 -0.12011146
v 0.14232297 0.19284923 -0.12592658
v 0.14677247 0.18916711 -0.12317782
v 0.16460644 0.16959539 -0.10524400
v 0.15719858 0.17780904 -0.11283503
v 0.14895310 0.18627769 -0.11947707
v 0.14014302 0.19482967 -0.12432774
v 0.14976808 0.18361105 -0.11566977
v 0.13585122 0.19819403 -0.12752739
v 0.13463290 0.20093702 -0.12813351
v 0.12744561 0.19931220 -0.12644580
v 0.13337411 0.19810155 -0.12714677
v 0.12718114 0.20509946 -0.12752919
v 0.16139483 0.20463946 0.04780749
v 0.15054937 0.21382445 0.04702897
v 0.16676961 0.19760081 0.05535715
v 0.16116579 0.18859208 0.07463340
v 0.16996679 0.18184163 0.07464229
v 0.17129266 0.19005741 0.06324115
v 0.16003382 0.19788708 0.06155922
v 0.19001380 0.16577145 0.06874019
v 0.17974210 0.17414378 0.07324342
v 0.18278444 0.18197659 0.06201896
v 0.19452998 0.17406152 0.05985656
v 0.17530452 0.18179017 0.06774651
v 0.10355244 0.19104581 -0.11042599
v 0.12455063 0.19345960 -0.12567285
v 0.13028178 0.18772021 -0.12629431
v 0.10707922 0.19494915 -0.11729082
v 0.10967757 0.18938492 -0.11807018
v 0.12056158 0.19915271 -0.12501822
v 0.11800928 0.20484576 -0.12467242
v 0.10595772 0.20016664 -0.11657678
v 0.11340827 0.19738378 -0.12240458
v 0.07278229 0.30763021 -0.02319712
v 0.08350819 0.30462968 -0.01365606
v 0.09157743 0.30882221 -0.01019548
v 0.09309648 0.30884156 -0.02045469
v 0.08565634 0.30648074 -0.03191791
v 0.12656172 0.24866645 -0.00944632
v 0.11817436 0.25197169 -0.01744366
v 0.11925490 0.25418201 -0.02916595
v 0.11230794 0.25683033 -0.03753182
v 0.11137961 0.25834888 -0.04356271
v 0.11044322 0.25779438 -0.02540125
v 0.11309560 0.25524151 -0.03093003
v 0.10650263 0.25928825 -0.04331962
v 0.11343622 0.25456721 -0.04883971
v 0.10755302 0.26042295 -0.05765206
v 0.10757247 0.24713075 -0.06768618
v 0.10222808 0.24514070 -0.08032528
v 0.10252914 0.26488990 -0.06701890
v 0.10503822 0.25593227 -0.06756859
v 0.10335059 0.25023407 -0.07411419
v 0.09977792 0.25230980 -0.07967225
v 0.10324228 0.20168623 -0.10896174
v 0.10521592 0.20529492 -0.11559989
v 0.11496255 0.21040955 -0.12351301
v 0.10991897 0.20788220 -0.12076686
v 0.10498086 0.20995452 -0.11437008
v 0.17410891 0.20517060 0.04072361
v 0.16816482 0.21261422 0.03672533
v 0.19112615 0.20175570 0.03763967
v 0.18511306 0.20700921 0.03144062
v 0.18607783 0.19964267 0.04207190
v 0.13365662 0.30140188 -0.00244077
v 0.14282805 0.29790381 0.00657746
v 0.13323459 0.30083907 -0.01271998
v 0.14979170 0.28832251 -0.00679610
v 0.15006198 0.29295594 0.01545929
v 0.15654826 0.28221443 0.00086531
v 0.15224808 0.29294062 0.00400838
v 0.15097465 0.27154890 0.00381647
v 0.16171987 0.27639839 0.00900008
v 0.19593653 0.09985828 -0.01801123
v 0.20161189 0.10698222 0.00883461
v 0.19124006 0.10695685 -0.00189320
v 0.18082234 0.10313385 -0.01740697
v 0.20276101 0.10414466 0.00183420
v 0.18101427 0.10135166 -0.06025030
v 0.18929808 0.09847531 -0.03902127
v 0.16060820 0.10128043 -0.05061640
v 0.17305885 0.09981038 -0.03343868
v 0.18519290 0.10007271 -0.02812273
v 0.17263734 0.10789847 -0.07734429
v 0.15140608 0.11003058 -0.08176604
v 0.16444945 0.11672201 -0.09180672
v 0.15748458 0.10451514 -0.06722309
v 0.16717647 0.10427221 -0.06582502
v 0.15185180 0.15404874 -0.11856225
v 0.13876982 0.16322148 -0.12017312
v 0.17171504 0.15502991 -0.11485165
v 0.16839042 0.15038937 -0.11607947
v 0.14504261 0.13739465 -0.10625646
v 0.13511384 0.13696098 -0.10077797
v 0.14351133 0.11921382 -0.08908622
v 0.13590670 0.12780973 -0.09374334
v 0.15481219 0.12730862 -0.10108890
v 0.15212886 0.11879069 -0.09137146
v 0.21002693 0.13245995 0.05238267
v 0.20394343 0.14101301 0.06264117
v 0.20230588 0.15087602 0.06105103
v 0.21644592 0.13881801 0.04865531
v 0.21610038 0.13190658 0.04531452
v 0.21538484 0.15720424 0.05354071
v 0.19959816 0.15821002 0.06165793
v 0.21574810 0.14725557 0.05007851
v 0.20519958 0.16614784 0.05622279
v 0.19753748 0.16562839 0.06154449
v 0.20856157 0.14950363 0.05372012
v 0.16387379 0.28140160 0.02035802
v 0.16559723 0.27034241 0.01728627
v 0.16094452 0.25983459 0.01955020
v 0.16807425 0.26302510 0.02618271
v 0.16221681 0.22037816 0.03205847
v 0.17182878 0.21968633 0.02066812
v 0.17864330 0.21327107 0.02629616
v 0.15612562 0.22814545 0.02612052
v 0.17424577 0.21383853 0.03316072
v 0.15756515 0.22900462 0.00443107
v 0.16475262 0.22547477 0.01328626
v 0.14955544 0.23490354 0.01817437
v 0.14292899 0.23987870 0.00847831
v 0.16132812 0.22741289 0.02079639
v 0.10833280 0.17073835 -0.08719808
v 0.11163381 0.16679521 -0.08417981
v 0.10559608 0.17520656 -0.09120375
v 0.10345441 0.18069583 -0.10268797
v 0.10581483 0.17008805 -0.09048629
v 0.10666026 0.18066466 -0.09107921
v 0.10818491 0.18645872 -0.09037487
v 0.10301711 0.19174053 -0.10307440
v 0.10267789 0.18617733 -0.10322390
v 0.10374790 0.18025398 -0.09656774
v 0.15400240 0.17419341 -0.12256967
v 0.16548984 0.16828111 -0.11584227
v 0.17377822 0.15735641 -0.11175914
v 0.16031611 0.16419205 -0.12056287
v 0.13798767 0.18093771 -0.12596661
v 0.12675846 0.17124410 -0.11954061
v 0.11311880 0.18385626 -0.11840104
v 0.12175053 0.18620837 -0.12405620
v 0.14254184 0.16958293 -0.12361924
v 0.14852868 0.17300056 -0.12425482
v 0.13074560 0.29723626 -0.02267729
v 0.13830391 0.28088966 -0.01208664
v 0.14081095 0.29331595 -0.01465118
v 0.13887210 0.23595499 -0.02429956
v 0.12593028 0.24596912 -0.02974388
v 0.14434925 0.23491959 -0.01490062
v 0.15039881 0.23243535 -0.00522801
v 0.13642083 0.24436188 -0.00229385
v 0.12881047 0.24868068 -0.01502384
v 0.12767348 0.24787664 -0.02211171
v 0.14726022 0.23663998 0.00226988
v 0.13501650 0.24062537 -0.01986287
v 0.09717904 0.25345671 -0.08462527
v 0.09750874 0.26037645 -0.07969070
v 0.08506895 0.26120520 -0.09003471
v 0.08510776 0.26782453 -0.08334497
v 0.09229113 0.26118612 -0.08624177
v 0.08670978 0.27400196 -0.07520270
v 0.09276738 0.26834840 -0.08014077
v 0.08922463 0.26811928 -0.08212126
v 0.10171151 0.27115619 -0.06341366
v 0.09830846 0.26753250 -0.07411259
v 0.09558678 0.26828989 -0.07764335
v 0.09438603 0.27538174 -0.07292166
v 0.11911673 0.22292547 -0.07237203
v 0.12034325 0.22714719 -0.06639877
v 0.12185156 0.23136969 -0.05986234
v 0.11260694 0.24325018 -0.06123054
v 0.10893112 0.24040167 -0.07014193
v 0.11388476 0.23164561 -0.07074833
v 0.08590760 0.25556803 -0.09773047
v 0.08817607 0.25097215 -0.10575075
v 0.08933083 0.25504762 -0.09563813
v 0.09711307 0.24782261 -0.09164976
v 0.09509103 0.25414634 -0.08903793
v 0.09247839 0.25459683 -0.09283660
v 0.09344395 0.24959213 -0.10084088
v 0.11039616 0.19231810 -0.08949196
v 0.10382933 0.19728209 -0.10249855
v 0.10443466 0.20221204 -0.10114138
v 0.10558219 0.19187009 -0.09606308
v 0.14536200 0.29166946 0.02694785
v 0.13822038 0.28800973 0.03782558
v 0.15553600 0.28803483 0.02416973
v 0.15960959 0.28161773 0.03263318
v 0.13555846 0.26474214 0.06039465
v 0.12613639 0.27544808 0.04147613
v 0.13010186 0.28132442 0.04400152
v 0.14140330 0.28040114 0.04620072
v 0.15919465 0.26164925 0.06182501
v 0.14719275 0.26402825 0.06326243
v 0.16356669 0.27400535 0.04086606
v 0.15290454 0.27814513 0.04365373
v 0.14428133 0.27196288 0.05396423
v 0.17024618 0.24556831 0.05569644
v 0.16961768 0.25611004 0.05866247
v 0.17029397 0.26539582 0.03664140
v 0.16873978 0.25439951 0.03543349
v 0.16671373 0.26528341 0.04937256
v 0.16150215 0.22488666 0.06224523
v 0.16639706 0.23521033 0.05688177
v 0.16377760 0.24454743 0.03894079
v 0.16775563 0.24515529 0.04592357
v 0.15695825 0.21324293 0.07018837
v 0.15438223 0.19881728 0.07559499
v 0.15327945 0.21001807 0.06190348
v 0.15559164 0.19825178 0.06876245
v 0.15829936 0.22453764 0.05768647
v 0.12935220 0.25939906 0.05981958
v 0.12250677 0.25558513 0.05667781
v 0.12028009 0.27048552 0.03810526
v 0.11152843 0.26643568 0.03583853
v 0.11461703 0.25843334 0.04338901
v 0.12827608 0.26685557 0.05004337
v 0.11044100 0.15575665 -0.08599883
v 0.10885336 0.16142875 -0.08541927
v 0.11544493 0.16384748 -0.08206201
v 0.11137447 0.16215090 -0.08333874
v 0.11181270 0.15794137 -0.08267609
v 0.11926413 0.14750104 -0.08140560
v 0.11427943 0.15094660 -0.08357935
v 0.11262052 0.15438533 -0.08285311
v 0.11647400 0.15523827 -0.08094737
v 0.16705017 0.14010224 -0.06743986
v 0.17390001 0.13067549 -0.06565045
v 0.18512547 0.13906299 -0.06017908
v 0.19032186 0.15525845 -0.05399315
v 0.01246230 0.25282031 0.07206634
v 0.01266628 0.24599287 0.07632907
v 0.01266765 0.23845510 0.08104174
v 0.01259598 0.23036645 0.08603292
v 0.00270540 0.24316444 0.07841341
v 0.21275461 0.09415096 0.04220584
v 0.21929704 0.10207126 0.04574927
v 0.21402362 0.11171652 0.04515999
v 0.19709751 0.10607348 0.03756811
v 0.20386738 0.11255753 0.04330934
v 0.20631820 0.08791644 0.03778717
v 0.19978844 0.08357482 0.03158066
v 0.19053671 0.08851509 0.02439957
v 0.18707453 0.09782992 0.02442960
v 0.19205704 0.10031541 0.03109883
v 0.20200384 0.09623768 0.03738363
v 0.23330462 0.13893148 0.03403620
v 0.23528585 0.14396998 0.02630013
v 0.23181652 0.15444331 0.01637311
v 0.22656649 0.14633806 0.03681659
v 0.21842781 0.15846266 0.03374938
v 0.21693504 0.16886590 0.02532570
v 0.22586307 0.16462854 0.00418233
v 0.21244308 0.17820559 0.01564215
v 0.20625085 0.18758421 0.00591325
v 0.21687815 0.17441531 -0.01043943
v 0.22209176 0.16769193 0.01503811
v 0.02397075 -0.08731587 0.16961843
v 0.04048673 -0.08586951 0.16892305
v 0.02146323 -0.10340697 0.17309475
v 0.05160837 -0.11255632 0.18012090
v 0.03560761 -0.11449062 0.18010823
v 0.16759735 -0.04100694 -0.04085970
v 0.17307046 -0.03046276 -0.03328054
v 0.17381893 -0.01383145 -0.03870545
v 0.16373298 -0.01701129 -0.05964159
v 0.17191631 0.00342618 -0.04250867
v 0.16057444 0.01981673 -0.06606020
v 0.16276975 0.00135078 -0.06360887
v 0.16885522 -0.00640887 -0.05166968
v 0.08212857 0.03879108 -0.11685313
v 0.09669232 0.03610693 -0.11240421
v 0.08552799 0.00009499 -0.11482779
v 0.11035911 0.03286111 -0.10609980
v 0.09995063 -0.00277201 -0.10801346
v 0.11427549 -0.00685989 -0.10205700
v 0.12583607 0.00851097 -0.09857212
v 0.12364059 0.02811476 -0.10045982
v 0.09849934 0.01712819 -0.11056131
v 0.16757315 -0.03559468 0.09880407
v 0.16427675 -0.03106648 0.06745492
v 0.15930583 -0.04406385 0.07143048
v 0.15271997 -0.06957763 0.07876702
v 0.15031339 -0.07112607 0.09335113
v 0.15840164 -0.06209172 0.10592957
v 0.16365261 -0.04921652 0.10249164
v 0.15524346 -0.05689859 0.07505769
v 0.16188008 -0.04687925 0.08615842
v 0.10967976 -0.02529234 0.13955858
v 0.12029060 -0.04057123 0.13391954
v 0.11874575 -0.05468015 0.13935301
v 0.11526538 -0.08023159 0.15283103
v 0.10105032 -0.08211027 0.15674633
v 0.11707592 -0.06776121 0.14605838
v 0.10470455 -0.05532289 0.14484602
v 0.14795518 -0.09798916 0.11422556
v 0.13904081 -0.10057732 0.12592930
v 0.14620629 -0.08659759 0.11140656
v 0.13576198 -0.09058703 0.13912117
v 0.13974650 -0.07738331 0.13761203
v 0.14916056 -0.07626677 0.12533197
v 0.14700711 -0.06587054 -0.06758767
v 0.13763294 -0.04541024 -0.08429345
v 0.12642962 -0.03095728 -0.08795417
v 0.13992476 -0.03057730 -0.09504275
v 0.13807397 -0.01663650 -0.08569442
v 0.14992602 -0.02322113 -0.07883288
v 0.15037784 -0.03280266 -0.08316769
v 0.16760582 -0.05155410 -0.05019801
v 0.15604855 -0.02844550 -0.06602220
v 0.16221693 -0.03463101 -0.05326833
v 0.15895614 -0.03560422 -0.06990270
v 0.15004013 -0.04242712 -0.07304449
v 0.17511371 -0.05923676 -0.04053990
v 0.15653612 -0.06887846 -0.05673962
v 0.16513558 -0.07155012 -0.04618910
v 0.17002466 -0.04432462 -0.04271125
v 0.16006148 -0.05382263 -0.06484398
v 0.16534789 -0.03984589 -0.05640568
v 0.07083003 -0.01698047 -0.11765537
v 0.06995271 0.00288224 -0.11933836
v 0.05100434 0.04125050 -0.12562388
v 0.06694136 0.04030342 -0.12163619
v 0.06839176 0.02194524 -0.11994042
v 0.05376157 0.00531481 -0.12248305
v 0.17669873 0.01150687 0.04057725
v 0.18018772 0.00935557 0.05515505
v 0.16748230 -0.01463234 0.04949030
v 0.16990373 -0.01261837 0.03591678
v 0.17447130 0.01413812 0.02698076
v 0.17520827 0.01724897 0.01304025
v 0.17514849 -0.00545052 0.00863281
v 0.17312858 -0.00974398 0.02236583
v 0.17116670 0.00144219 0.03118444
v 0.17563669 0.04044630 -0.04145286
v 0.17481145 0.01248339 -0.03284685
v 0.17666854 0.03361400 -0.02775766
v 0.17092994 0.01991418 -0.04628700
v 0.17297144 0.04806072 -0.05495762
v 0.16901346 0.05578882 -0.06759214
v 0.16001453 0.03680823 -0.06943734
v 0.16579919 0.02833780 -0.05808024
v 0.17080034 0.03512947 -0.05006056
v 0.13447991 0.08672318 -0.10974634
v 0.14604411 0.07949992 -0.10130179
v 0.12173796 0.06306937 -0.10809495
v 0.12133026 0.07866184 -0.11301851
v 0.13419202 0.05808717 -0.10024479
v 0.16349979 0.06395501 -0.07989343
v 0.15553866 0.07199092 -0.09111471
v 0.14402956 0.05205650 -0.09064426
v 0.15245974 0.04493764 -0.08033638
v 0.16102725 0.05172689 -0.07409608
v 0.14543134 0.06668616 -0.09653055
v 0.10376517 -0.01066889 0.15285188
v 0.08176460 -0.01285185 0.17616339
v 0.10112066 0.00263814 0.16922760
v 0.09739593 -0.02483142 0.14935599
v 0.07445075 0.00236209 0.18733554
v 0.07007717 0.03202618 0.18328758
v 0.08664640 0.03360080 0.18620253
v 0.06384286 0.01756715 0.18771522
v 0.09628206 0.01755724 0.18317875
v 0.08934308 0.00195752 0.18042183
v 0.17905867 0.00871973 0.07148376
v 0.16949384 -0.01789385 0.06321498
v 0.17207596 -0.02050856 0.07805094
v 0.17487101 -0.00430700 0.05896878
v 0.01311539 -0.02840743 0.19476786
v 0.01866378 -0.01476754 0.19041416
v 0.00895194 -0.00800303 0.17880489
v -0.00417906 -0.02975741 0.19209680
v -0.00481812 -0.01533500 0.17195855
v 0.07208996 0.12488092 -0.12818331
v 0.05951655 0.10306484 -0.12814373
v 0.07500425 0.10220360 -0.12668355
v 0.08713236 0.12708275 -0.12674478
v 0.09006992 0.10015468 -0.12432922
v 0.11915817 0.10579143 -0.11959767
v 0.11861242 0.11791031 -0.12046909
v 0.10574704 0.09757188 -0.12134206
v 0.10307409 0.12764113 -0.12524661
v 0.08357158 0.11437499 -0.12687184
v 0.17547165 0.02184390 -0.00073502
v 0.17702743 0.00006261 -0.00498607
v 0.17729765 0.00604180 -0.01895338
v 0.17675541 0.02727824 -0.01405346
v 0.17430681 0.00882823 0.00383990
v 0.17555799 0.02072332 -0.02301497
v 0.02152788 0.19450624 0.10245336
v 0.02964321 0.16157600 0.12230887
v 0.02168012 0.15786415 0.12328415
v 0.02074005 0.17630309 0.11363488
v 0.03805036 0.16431065 0.12084983
v 0.04684545 0.16564061 0.11825335
v 0.02988453 0.17962049 0.11189952
v 0.02949678 0.17105599 0.11776377
v 0.05019962 0.19407471 0.10250323
v 0.04117899 0.20131724 0.09839202
v 0.03139818 0.19824736 0.10028158
v 0.03059922 0.18865456 0.10609969
v 0.03942891 0.18205884 0.10951106
v 0.05882002 0.18610692 0.10619179
v 0.05591864 0.16689241 0.11607654
v 0.06516291 0.16838628 0.11468815
v 0.04792824 0.17456844 0.11280592
v 0.04902983 0.18431734 0.10775543
v 0.07944189 0.18777043 0.10273898
v 0.06890544 0.18720454 0.10440037
v 0.07456526 0.16949527 0.11329676
v 0.06699722 0.17765504 0.10968988
v 0.09021551 0.18882859 0.10239188
v 0.09973770 0.19207492 0.10531053
v 0.08711571 0.17983569 0.10768445
v 0.15184791 0.19912940 0.11842716
v 0.14217296 0.20331314 0.12209144
v 0.12086062 0.20447347 0.12033191
v 0.13119334 0.20514114 0.12284349
v 0.13662037 0.19592698 0.12571982
v 0.14823771 0.16877066 0.09600937
v 0.15062283 0.17638221 0.10176571
v 0.14903988 0.15933332 0.09033586
v 0.15462431 0.18477535 0.10605402
v 0.15646261 0.19250597 0.11169315
v 0.15211189 0.18724942 0.11632027
v 0.14869921 0.17265794 0.10450230
v 0.15352570 0.15231785 0.08599656
v 0.15780929 0.14595315 0.08219890
v 0.14856905 0.15312883 0.09049296
v 0.16180094 0.13903090 0.07731970
v 0.15667763 0.14208132 0.08255967
v 0.16952509 0.10840440 0.05229285
v 0.16787389 0.11326424 0.06114307
v 0.16621353 0.12717211 0.07063134
v 0.16794281 0.13154316 0.06514601
v 0.16834965 0.13640812 0.07335626
v 0.16990478 0.12222672 0.05426176
v 0.16742319 0.13188377 0.07184753
v 0.16823968 0.12298758 0.06232728
v 0.15319568 0.13009612 0.08690116
v 0.16387157 0.11303939 0.07217309
v 0.15876842 0.12071940 0.08077143
v 0.16575736 0.11518855 0.06758609
v 0.15975900 0.13044377 0.07655454
v 0.16551334 0.12228994 0.06952220
v 0.14642088 0.13762343 0.09324996
v 0.14040996 0.14495632 0.09965625
v 0.14509532 0.15246557 0.09456799
v 0.15065356 0.14614603 0.08828026
v 0.15519951 0.13875806 0.08363099
v 0.15399888 0.13461618 0.08499345
v 0.14063537 0.15458229 0.10607999
v 0.14334875 0.16096267 0.10165633
v 0.14633273 0.16913246 0.10734791
v 0.14143169 0.15172908 0.09900319
v 0.02247192 0.10829794 0.15071197
v 0.01927765 0.11991667 0.14064856
v 0.02129870 0.09892684 0.16696037
v 0.01575422 0.08550218 0.17945437
v 0.01267363 0.10354781 0.15366510
v 0.01190942 0.25917315 0.06853449
v 0.01112051 0.26550120 0.06641699
v 0.00235573 0.25754863 0.07165840
v -0.01641618 0.34456819 -0.06148281
v -0.01653880 0.36196870 -0.04727037
v -0.01681595 0.36188066 -0.05162500
v -0.01650580 0.35313520 -0.04970030
v -0.01669655 0.34333241 -0.07005249
v -0.01655770 0.34459937 -0.06632084
v -0.01718497 0.36089998 -0.05546806
v -0.01780171 0.35866153 -0.05840155
v -0.01687878 0.35325363 -0.05900959
v -0.01706237 0.32200897 -0.08519831
v -0.01708467 0.33177629 -0.07911608
v -0.01717618 0.34101701 -0.07239629
v -0.01864645 0.35489348 -0.06105553
v -0.01744639 0.34981465 -0.06547855
v -0.01845538 0.33725816 -0.07510843
v 0.04170897 0.31721655 -0.02739367
v 0.03489066 0.32483345 -0.02359213
v 0.02418093 0.32696158 -0.02882276
v 0.01413722 0.32929406 -0.03370925
v 0.00498718 0.33156022 -0.03737431
v 0.01736103 0.32156852 -0.03788645
v -0.00297164 0.33461079 -0.03990535
v -0.00902689 0.33983624 -0.04122709
v -0.01335705 0.34040013 -0.04595469
v 0.00067607 0.32590476 -0.04492402
v -0.01513810 0.33482495 -0.06311840
v -0.01539843 0.34246293 -0.05099593
v -0.01605674 0.34389874 -0.05653987
v -0.01188375 0.33165026 -0.05228537
v 0.15380007 0.02109159 0.10689608
v 0.17368054 0.02331434 0.08380497
v 0.15795586 0.03593733 0.10861076
v 0.16471665 0.03725848 0.09522326
v 0.17347151 0.00835094 0.08675084
v -0.00065456 0.28757274 -0.08890719
v -0.00442099 0.29765484 -0.08483628
v -0.00309993 0.28643391 -0.09299669
v -0.00932060 0.30710107 -0.08529199
v -0.01080884 0.30592984 -0.08918739
v -0.00867996 0.29548728 -0.09312387
v -0.00635957 0.30634564 -0.07450997
v -0.00355768 0.30558604 -0.06897723
v -0.01099541 0.31623232 -0.07477058
v -0.01341810 0.32554755 -0.06917308
v -0.01202139 0.32449108 -0.06387644
v 0.00101019 0.30453408 -0.06402235
v 0.00770153 0.30391905 -0.06094298
v -0.00560844 0.32234493 -0.05480103
v -0.00946340 0.32336897 -0.05874649
v -0.00654897 0.31436378 -0.06387585
v 0.01589363 0.30343801 -0.05918687
v 0.02601095 0.30340937 -0.05765280
v 0.02127852 0.31419480 -0.04355004
v 0.00906794 0.31905624 -0.04676098
v 0.00065421 0.32109943 -0.05204617
v 0.00394440 0.31341267 -0.05783167
v 0.05836990 0.30515164 -0.03844298
v 0.04915942 0.30947214 -0.03283501
v 0.05140226 0.30161908 -0.05517504
v 0.03850478 0.30337051 -0.05604800
v 0.03549353 0.31107271 -0.03879739
v 0.02694207 0.31380439 -0.05151603
v 0.06303453 0.31111208 -0.03490597
v 0.06312039 0.29691824 -0.05205262
v 0.07350761 0.29238248 -0.04895554
v 0.07921827 0.30024484 -0.04178093
v 0.07476909 0.30937490 -0.03333140
v 0.05672724 0.31046000 -0.04810187
v 0.08554032 0.27983895 -0.05421972
v 0.09839729 0.28426641 -0.04534771
v 0.09085882 0.28496888 -0.04505760
v 0.08695666 0.27587247 -0.06455863
v 0.09130427 0.27777106 -0.06502300
v 0.10244696 0.28721556 -0.04692474
v 0.09464731 0.27992582 -0.06525901
v 0.09779140 0.28124297 -0.06469569
v 0.09647566 0.28213951 -0.05570501
v 0.11920413 0.29846144 -0.03104436
v 0.10969500 0.29300928 -0.03882291
v 0.12543339 0.29074919 -0.03102867
v 0.10588297 0.29009345 -0.04828209
v 0.10690179 0.26201773 -0.02103901
v 0.10438827 0.26442838 -0.03331761
v 0.11885650 0.28122172 -0.02479401
v 0.11670110 0.28281513 -0.03612995
v 0.10132097 0.26767486 -0.05344806
v 0.10289613 0.26606834 -0.04396325
v 0.10249364 0.27869272 -0.06086699
v 0.10390267 0.28558359 -0.05611654
v 0.11231269 0.28631836 -0.04687898
v 0.10686933 0.27596882 -0.04045654
v 0.17765227 0.21279871 -0.00265558
v 0.18457155 0.20723180 0.00543990
v 0.19145346 0.20226367 0.00240822
v 0.19763248 0.19681151 -0.00242720
v 0.20318459 0.19042312 -0.00807741
v 0.18875240 0.20270938 -0.00996634
v 0.20466164 0.18115424 -0.02663135
v 0.20613585 0.18542399 -0.01614473
v 0.19521818 0.19412112 -0.02293954
v 0.19559932 0.16763516 -0.04603676
v 0.20086744 0.17528184 -0.03657435
v 0.18336233 0.16228357 -0.05699412
v 0.19168049 0.18252076 -0.04121578
v 0.16145799 0.14833260 -0.06967398
v 0.17222671 0.15530716 -0.06480293
v 0.17630376 0.16867885 -0.05936889
v 0.15129110 0.14444877 -0.07353020
v 0.14137720 0.14358416 -0.07675375
v 0.15716588 0.15591429 -0.07160731
v 0.13253392 0.14375979 -0.07833824
v 0.12498069 0.14518665 -0.07983667
v 0.12394696 0.14950946 -0.07979003
v 0.13948600 0.14992148 -0.07740979
v 0.10900684 0.16202539 -0.09584862
v 0.10930036 0.15842047 -0.09006935
v 0.10682876 0.16541958 -0.08927616
v 0.10560988 0.16999657 -0.09456324
v 0.10824098 0.16092181 -0.08785023
v 0.11604133 0.16969426 -0.11166369
v 0.11040440 0.16614026 -0.10312261
v 0.10706802 0.18036355 -0.10980688
v 0.10491423 0.17554842 -0.10120931
v 0.11573958 0.17755726 -0.11635897
v 0.10682838 0.16960342 -0.09904499
v 0.17236648 0.16384111 -0.10820251
v 0.18525149 0.14793952 -0.09144735
v 0.18169765 0.15178832 -0.10125063
v 0.17575547 0.16001460 -0.10089622
v 0.17438774 0.16021128 -0.10909916
v 0.18604392 0.14482298 -0.08316778
v 0.18552481 0.14276084 -0.07640600
v 0.17706409 0.15702547 -0.09416027
v 0.18198112 0.15235099 -0.09202473
v 0.17653863 0.11379610 -0.07153686
v 0.17971414 0.11797733 -0.06509747
v 0.17944957 0.12581682 -0.06493436
v 0.16887034 0.14034469 -0.08220952
v 0.16551362 0.13628386 -0.08686285
v 0.17966092 0.13010809 -0.06345905
v 0.17239615 0.14220937 -0.07728465
v 0.17556600 0.13466135 -0.07233173
v 0.17067371 0.10223956 -0.08250010
v 0.17362814 0.10820126 -0.07717458
v 0.16250508 0.11167005 -0.09321845
v 0.15674728 0.12646919 -0.09730516
v 0.16170087 0.13142991 -0.09208312
v 0.17000988 0.12281024 -0.08197117
v 0.16619147 -0.13382529 -0.03356315
v 0.16938411 -0.15993559 -0.03812836
v 0.17742315 -0.13377026 -0.00711990
v 0.17238550 -0.13368340 -0.02053200
v 0.16987661 -0.14543647 -0.02631183
v 0.18066478 -0.17265306 0.00230840
v 0.17846309 -0.16560857 -0.02704285
v 0.17592102 -0.15402737 -0.02917550
v 0.17533970 -0.15509322 -0.01453513
v 0.07135516 -0.11900696 -0.12299234
v 0.10852467 -0.12485116 -0.10740645
v 0.09051082 -0.12168045 -0.11664050
v 0.08375346 -0.11005096 -0.10845748
v 0.15621482 -0.13942215 0.07666655
v 0.14896090 -0.14218807 0.08674611
v 0.16405316 -0.15078333 0.07336806
v 0.15492077 -0.15367612 0.08272937
v 0.16236155 -0.13845585 0.06520432
v 0.17092772 -0.13602927 0.05417349
v 0.17288779 -0.14902641 0.06303202
v 0.18027148 -0.14884064 0.05133125
v 0.16298321 -0.14457689 0.06926189
v 0.17947657 -0.13390851 0.04225470
v 0.18577394 -0.13538066 0.02884908
v 0.17827827 -0.15122730 0.03891354
v 0.18049759 -0.14126694 0.04735728
v 0.18907976 -0.13776076 0.01516196
v 0.18488683 -0.13752961 0.00327817
v 0.17463098 -0.14347100 0.00129075
v 0.18181686 -0.14492828 0.02081430
v 0.14198762 -0.14657074 0.09639612
v 0.13447206 -0.15196201 0.10501508
v 0.14681304 -0.15720695 0.09150774
v 0.13969225 -0.16186692 0.10044594
v 0.14734866 -0.14967392 0.08917630
v 0.05732101 -0.22231904 0.16489626
v 0.04393901 -0.22953749 0.16602252
v 0.06984574 -0.21470539 0.16276458
v 0.08068094 -0.20720896 0.15886259
v 0.06836868 -0.22463895 0.16067746
v -0.02553872 -0.25531700 0.16365629
v -0.01077552 -0.25161785 0.16491733
v 0.00314070 -0.24750899 0.16602443
v -0.01070868 -0.26156098 0.16213937
v 0.12735711 -0.15889180 0.11364527
v 0.12040188 -0.16672909 0.12206699
v 0.13220429 -0.16787636 0.10882469
v 0.13306360 -0.15984845 0.10691126
v 0.01672652 -0.24235880 0.16649595
v 0.03046412 -0.23623225 0.16636606
v 0.04364305 -0.23983470 0.16452110
v 0.01714142 -0.25236726 0.16430011
v 0.08958899 -0.19950879 0.15244815
v 0.09825693 -0.19141386 0.14567792
v 0.08913215 -0.20826095 0.15197660
v 0.10603562 -0.18308258 0.13826814
v 0.11335842 -0.17490566 0.13036361
v 0.11907811 -0.17502648 0.12308149
v 0.10527682 -0.19137837 0.13876151
v 0.17333266 -0.13740706 -0.04483280
v 0.16591164 -0.12701818 -0.04704603
v 0.15784928 -0.12813514 -0.05988879
v 0.15952021 -0.13443279 -0.04693563
v 0.14750841 -0.12877376 -0.07187852
v 0.12940729 -0.14152898 -0.09393127
v 0.12916040 -0.13370872 -0.08393454
v 0.15558982 -0.14007376 -0.07095757
v 0.14490083 -0.11359799 -0.07480770
v 0.14518157 -0.09855807 -0.08214480
v 0.12506260 -0.12618673 -0.09782498
v 0.11789410 -0.11301333 -0.09396507
v 0.13799891 -0.12759617 -0.08569159
v 0.04704602 0.17377017 -0.12155626
v 0.03434403 0.17285405 -0.12063591
v 0.05995965 0.17469831 -0.12325979
v 0.07211183 0.17553049 -0.12507197
v 0.05183701 0.18404353 -0.11972094
v 0.08292815 0.17663951 -0.12602642
v 0.09151556 0.17948224 -0.12670946
v 0.07338940 0.18552615 -0.12430850
v 0.08203965 0.21450751 -0.12619352
v 0.11206108 0.18834732 -0.12427896
v 0.12043308 0.18916243 -0.12211706
v 0.09232409 0.20605192 -0.12731159
v 0.09728962 0.20830619 -0.12748843
v 0.09881935 0.18275784 -0.12645534
v 0.10624231 0.18571658 -0.12618433
v 0.08759586 0.19032013 -0.12715760
v 0.08668547 0.20329118 -0.12690124
v 0.10069625 0.19649175 -0.12724015
v 0.10471193 0.22657107 -0.12659481
v 0.12909053 0.20553578 -0.12854764
v 0.12643242 0.20834959 -0.12847088
v 0.11248985 0.21902108 -0.12818876
v 0.11319311 0.22049175 -0.12781441
v 0.13068633 0.20295049 -0.12759927
v 0.13076757 0.20062284 -0.12593305
v 0.11108106 0.21716887 -0.12815440
v 0.12126918 0.21120319 -0.12856659
v 0.12230244 0.21231923 -0.12761164
v 0.11303714 0.22187790 -0.12693237
v 0.11981013 0.21542662 -0.12788741
v 0.12097031 0.21203479 -0.12683696
v 0.11816634 0.21202369 -0.12525274
v 0.11164065 0.21586901 -0.12198744
v 0.11579226 0.21797369 -0.12608922
v 0.10692567 0.21717454 -0.11737479
v 0.10845484 0.22032729 -0.11973851
v 0.10388391 0.21094328 -0.10614876
v 0.10464531 0.21430214 -0.11266379
v 0.10398348 0.21828683 -0.11083888
v 0.10461767 0.23968406 -0.07959414
v 0.10111246 0.24071303 -0.08711164
v 0.10777364 0.23128009 -0.08199419
v 0.10852913 0.23559299 -0.07538107
v 0.09853999 0.24187824 -0.09334207
v 0.09734432 0.24288261 -0.09912567
v 0.10061093 0.23607229 -0.09402535
v 0.07648015 0.24619226 -0.11495299
v 0.08138405 0.24677472 -0.11486043
v 0.09447601 0.23262933 -0.12405436
v 0.09749538 0.23365165 -0.12418316
v 0.07067325 0.24481848 -0.11459655
v 0.06488044 0.24332255 -0.11493631
v 0.09049615 0.23103705 -0.12397322
v 0.08306487 0.23891617 -0.12020455
v 0.01855765 0.22800639 -0.11145357
v 0.01144164 0.22631364 -0.11218446
v 0.00422346 0.22480917 -0.11269139
v 0.01468396 0.21652961 -0.11308885
v 0.17245878 0.09947362 0.03143897
v 0.17126267 0.10352169 0.04243576
v 0.17133573 0.11308925 0.04293677
v 0.16928434 0.11307235 0.05238029
v 0.16932064 0.11757010 0.05308617
v 0.17540647 0.09494200 0.00728464
v 0.17388389 0.09656700 0.01966993
v 0.17392690 0.10590395 0.01800506
v 0.17251529 0.10895899 0.03093934
v 0.17250925 0.10416802 0.03114801
v 0.17745911 0.09518067 -0.00538286
v 0.18045720 0.09739057 -0.01694135
v 0.17929909 0.10453200 -0.00822426
v 0.17641242 0.10418053 0.00482539
v 0.17575951 0.09945945 0.00605647
v 0.18284954 0.10154463 -0.02714312
v 0.18850127 0.10671756 -0.02946896
v 0.18310897 0.10604359 -0.01991652
v 0.18467733 0.10626556 -0.03518472
v 0.18149780 0.10163760 -0.01848444
v 0.18412620 0.11104348 -0.03765056
v 0.18328859 0.11793534 -0.04434104
v 0.18353130 0.11924313 -0.04835998
v 0.18687630 0.11221293 -0.04247860
v 0.18744101 0.10845312 -0.03641231
v 0.18355565 0.12441906 -0.05019502
v 0.18323402 0.13119112 -0.05679109
v 0.18195437 0.12645054 -0.05509385
v 0.17997560 0.13300806 -0.06253427
v 0.18310259 0.12203793 -0.04886400
v 0.18204285 0.13768883 -0.06411081
v 0.17262277 0.14688805 -0.07834659
v 0.17675495 0.14011198 -0.07046925
v 0.18076156 0.13551690 -0.06287719
v 0.18450254 0.14117229 -0.07104442
v 0.18332088 0.13951793 -0.06705645
v 0.18135999 0.14810237 -0.07966401
v 0.17935647 0.14483708 -0.07215662
v 0.16821249 0.15458907 -0.08597591
v 0.17420317 0.14923847 -0.07865719
v 0.17547238 0.15116674 -0.08042065
v 0.17120245 0.16211851 -0.09711180
v 0.16477321 0.16717134 -0.10059293
v 0.17694668 0.15470824 -0.08837084
v 0.17623103 0.15289465 -0.08390270
v 0.17046595 0.15776360 -0.08857308
v 0.15329699 0.16873419 -0.10374144
v 0.16109380 0.16118148 -0.09469116
v 0.15740831 0.17292263 -0.10485387
v 0.16520046 0.16134080 -0.09240252
v 0.16458635 0.16499673 -0.09672638
v 0.14395206 0.17707661 -0.11177538
v 0.13235895 0.18444701 -0.11751087
v 0.14936695 0.18072549 -0.11220609
v 0.13992144 0.18972076 -0.11911098
v 0.12346351 0.19287044 -0.12210988
v 0.14971592 0.17657648 -0.10900439
v 0.12904163 0.19801268 -0.12400378
v 0.10109618 0.21046585 -0.12705152
v 0.11222967 0.20181094 -0.12560168
v 0.11837487 0.20658250 -0.12685278
v 0.12675518 0.19533788 -0.12260775
v 0.09110823 0.21935554 -0.12707326
v 0.09895539 0.22337306 -0.12640774
v 0.10838655 0.21518782 -0.12802410
v 0.08595765 0.22936051 -0.12441641
v 0.10487394 0.21268031 -0.12718034
v 0.04902879 0.23726739 -0.11289107
v 0.06686250 0.22049277 -0.12310145
v 0.07193466 0.22295077 -0.12423396
v 0.05910175 0.24194932 -0.11576304
v 0.05409757 0.23947513 -0.11427357
v 0.07644527 0.22524720 -0.12440007
v 0.07254930 0.23543696 -0.12016166
v 0.08122582 0.22737315 -0.12434331
v 0.06239201 0.23159973 -0.12049526
v 0.03678604 0.24423324 -0.10641544
v 0.02314695 0.24971299 -0.10173707
v 0.02861439 0.24206184 -0.10942883
v 0.04413673 0.23530252 -0.11225602
v 0.01572610 0.26922619 -0.08704123
v 0.01246217 0.26856238 -0.08983381
v 0.02498302 0.26147622 -0.09267732
v 0.03026744 0.25257212 -0.09957433
v 0.01762788 0.25905442 -0.09547085
v 0.02611235 0.25110000 -0.09966066
v 0.06523096 0.19484712 -0.12379641
v 0.07570227 0.19500756 -0.12547268
v 0.07124305 0.20881692 -0.12420519
v 0.08075690 0.19995366 -0.12673303
v 0.03528382 0.23224106 -0.11154722
v 0.06143887 0.21782450 -0.12125287
v 0.05232752 0.22672193 -0.11717062
v 0.03946283 0.23364080 -0.11161525
v 0.05587075 0.21492968 -0.11973687
v 0.01682606 0.36304736 -0.01196213
v 0.01754035 0.37160751 -0.00977741
v 0.01437338 0.37876967 -0.01240679
v 0.01160691 0.35941738 -0.01692174
v 0.00671967 0.36233559 -0.01877726
v 0.00584368 0.37042221 -0.01753970
v -0.00378845 0.37872982 -0.02630401
v -0.00009149 0.37674212 -0.02318362
v 0.00838421 0.38553485 -0.01779719
v -0.00363906 0.38882545 -0.02762101
v 0.00218081 0.39044493 -0.02393155
v -0.00562016 0.38333791 -0.02752479
v 0.00323562 0.37591988 -0.01955695
v 0.00714960 0.37806606 -0.01658784
v 0.12678592 0.17461599 -0.07825629
v 0.14464429 0.15806162 -0.07568390
v 0.13655822 0.15541449 -0.07754639
v 0.13633949 0.16779153 -0.07577771
v 0.12075746 0.15817429 -0.07999324
v 0.12237151 0.15397693 -0.07965924
v 0.12908810 0.15405264 -0.07886920
v 0.12988470 0.16422728 -0.07758669
v 0.13314982 0.16030283 -0.07733899
v 0.12249221 0.17017226 -0.07972589
v 0.11898270 0.16650116 -0.08086802
v 0.11957151 0.16219333 -0.08055709
v 0.12646604 0.16758876 -0.07851455
v 0.12437750 0.16216302 -0.07905246
v 0.16046724 0.16713735 -0.06810107
v 0.15270184 0.16198787 -0.07249190
v 0.14815792 0.16735667 -0.07295226
v 0.18208933 0.18835744 -0.04568832
v 0.17922884 0.17978446 -0.05309812
v 0.16879678 0.17355868 -0.06183774
v 0.16053087 0.17646571 -0.06510568
v 0.16031095 0.19049071 -0.05845953
v 0.13833497 0.17651933 -0.07377868
v 0.14349878 0.17235321 -0.07305823
v 0.15162015 0.17615204 -0.06954335
v 0.14920679 0.18810730 -0.06537426
v 0.15625140 0.18343723 -0.06429616
v 0.18486023 0.19937055 -0.02922952
v 0.18431778 0.19403465 -0.03687678
v 0.16327712 0.19656079 -0.05153584
v 0.17241564 0.19277769 -0.04882935
v 0.14820679 0.20835802 -0.05299297
v 0.15466444 0.20019393 -0.05434939
v 0.16519532 0.20222092 -0.04510789
v 0.18022671 0.20776251 -0.01709481
v 0.18335426 0.20310603 -0.02228637
v 0.17525376 0.20322800 -0.03406370
v 0.16599189 0.20655800 -0.03893219
v 0.14995863 0.21561018 -0.04349908
v 0.14919595 0.21249013 -0.04839600
v 0.15729819 0.20977616 -0.04357067
v 0.16575295 0.21014707 -0.03340314
v 0.15066713 0.21786767 -0.03880607
v 0.15798360 0.22013482 -0.02591736
v 0.15728246 0.21545188 -0.03437057
v 0.16439500 0.21838444 -0.01831718
v 0.17088269 0.21587923 -0.01060477
v 0.17635238 0.21166314 -0.01298457
v 0.17212453 0.21171837 -0.02353760
v 0.16449806 0.21355942 -0.02914977
v 0.16220032 0.21682599 -0.02636827
v 0.11985146 0.24754402 -0.04179595
v 0.11596734 0.24639043 -0.05269023
v 0.12637506 0.24173403 -0.03716492
v 0.11901029 0.23927347 -0.05393707
v 0.13101092 0.22919638 -0.04879725
v 0.13958786 0.23235565 -0.03167635
v 0.13279361 0.23707883 -0.03412877
v 0.12421542 0.23377426 -0.05205102
v 0.12635326 0.23697680 -0.04453001
v 0.14435169 0.22092327 -0.04223759
v 0.13780831 0.22478418 -0.04558613
v 0.15215467 0.22361317 -0.02736890
v 0.14579619 0.22932921 -0.02988579
v 0.15168124 0.22003001 -0.03348172
v 0.13924228 0.22828200 -0.03881188
v 0.10522373 0.20695484 -0.09955595
v 0.10831725 0.20282263 -0.09367607
v 0.10592279 0.21175706 -0.09797145
v 0.11731768 0.19311908 -0.08314787
v 0.11256473 0.19808224 -0.08795982
v 0.11430293 0.20362036 -0.08597707
v 0.12197277 0.18787299 -0.07977277
v 0.12547089 0.18182731 -0.07817178
v 0.13240071 0.17991653 -0.07545254
v 0.14186768 0.19204894 -0.06758676
v 0.13983208 0.18518244 -0.07149915
v 0.12552419 0.19449046 -0.07749002
v 0.13876647 0.20737445 -0.06227956
v 0.14430851 0.19822487 -0.06299233
v 0.14651072 0.20375559 -0.05789243
v 0.12802739 0.20059319 -0.07399265
v 0.13467452 0.19618872 -0.07038339
v 0.13145754 0.21091193 -0.06686949
v 0.12449624 0.21444835 -0.07179578
v 0.11569692 0.20876172 -0.08316186
v 0.12175702 0.20469512 -0.07795940
v 0.12994294 0.20603354 -0.07030639
v 0.11811803 0.21826932 -0.07684702
v 0.11219482 0.22270788 -0.08270323
v 0.10677024 0.21640152 -0.09555454
v 0.11063714 0.21277577 -0.08909414
v 0.11698407 0.21369630 -0.08035888
v 0.03478802 0.19193608 -0.11892746
v 0.02630589 0.20918837 -0.11600485
v 0.01757951 0.20774673 -0.11601309
v 0.04534686 0.19314998 -0.12119775
v 0.05515451 0.19395210 -0.12141139
v 0.03474926 0.20957690 -0.11554509
v 0.05493229 0.20232278 -0.11898503
v 0.03687803 0.19947462 -0.11464633
v 0.10660622 0.22821748 -0.12478182
v 0.11179395 0.22308870 -0.12545428
v 0.11002360 0.22405608 -0.12379845
v 0.10807501 0.22538155 -0.12151475
v 0.10627060 0.22909831 -0.12181789
v 0.10711641 0.22407578 -0.11938618
v 0.10485914 0.22367190 -0.11508261
v 0.10060529 0.23281655 -0.10820502
v 0.10470224 0.22863744 -0.11811873
v 0.10694700 0.22675653 -0.08867354
v 0.10360426 0.22233117 -0.10908365
v 0.10412566 0.21981183 -0.10250213
v 0.10317181 0.23068012 -0.09304481
v 0.10088545 0.23143961 -0.10155144
v 0.10699379 0.22136107 -0.09282920
v 0.10236436 0.22708607 -0.10855762
v 0.09529532 0.24432893 -0.10759465
v 0.09658575 0.24371243 -0.10401904
v 0.09877200 0.23820902 -0.10639384
v 0.10194652 0.23404008 -0.11686499
v 0.10135291 0.23353466 -0.11341759
v 0.09145912 0.24552746 -0.11224674
v 0.09352918 0.24489838 -0.11029925
v 0.10178515 0.23442695 -0.12074085
v 0.10213456 0.23423606 -0.11918860
v 0.09821159 0.23930235 -0.11390303
v 0.08875871 0.24599987 -0.11337989
v 0.08537975 0.24654119 -0.11415568
v 0.09949122 0.23417731 -0.12370649
v 0.09106617 0.24045713 -0.11977686
v 0.10085855 0.23447077 -0.12229486
v 0.09589428 0.24021453 -0.11770292
v 0.02515681 0.22938153 -0.11133731
v 0.03084844 0.23057781 -0.11108094
v 0.03014201 0.21888666 -0.11188318
v 0.04999746 0.21223974 -0.11774290
v 0.04255819 0.22226141 -0.11427382
v 0.04282561 0.21120003 -0.11658728
v 0.00924663 0.20727001 -0.11719862
v 0.01817448 0.19745943 -0.11366793
v 0.14702582 0.22868484 0.04474456
v 0.15099740 0.22035572 0.05345641
v 0.15776646 0.24384950 0.03607005
v 0.15874282 0.23504317 0.04623026
v 0.15499224 0.22372898 0.05515669
v 0.13458675 0.24082570 0.02988983
v 0.14172558 0.23531657 0.03698928
v 0.15060148 0.25692174 0.01801630
v 0.15505649 0.25099677 0.02623341
v 0.15016000 0.24156569 0.03579309
v 0.12748820 0.24519709 0.02223849
v 0.12046500 0.24979174 0.01341815
v 0.13711625 0.26801866 0.00448355
v 0.14449365 0.26227283 0.01083074
v 0.13858078 0.25293890 0.02021834
v 0.11476199 0.25433713 0.00272960
v 0.11021809 0.25829801 -0.00909926
v 0.13100322 0.27211300 -0.00478398
v 0.12483795 0.27626389 -0.01476910
v 0.11286327 0.27069667 -0.01718649
v 0.12439995 0.26212907 0.00420885
v -0.01806311 0.39587781 -0.04605284
v -0.01625145 0.39156669 -0.04438977
v -0.01756492 0.39111045 -0.04690799
v 0.02167162 0.13977548 -0.12578729
v 0.01865928 0.15025994 -0.12532976
v 0.01499848 0.16068333 -0.12264595
v 0.00609985 0.15131485 -0.12450103
v 0.03346821 0.05888970 -0.13021255
v 0.03211696 0.07464385 -0.13032009
v 0.03040648 0.08979837 -0.12984994
v 0.01791642 0.07783741 -0.13061780
v 0.09632881 -0.05524180 -0.10899940
v 0.11121485 -0.05765758 -0.09911513
v 0.08163257 -0.09132466 -0.10997201
v 0.09954900 -0.09389787 -0.10545424
v 0.07915062 -0.05239312 -0.11460080
v 0.06363022 -0.08874656 -0.11453391
v 0.08047841 -0.07246781 -0.11341075
v 0.07817227 -0.03283179 -0.11846254
v 0.07998551 -0.02662912 -0.13240391
v 0.06304386 -0.02566812 -0.13992199
v 0.06203920 -0.04959171 -0.12047607
v 0.05356934 -0.13261595 -0.12191829
v 0.03582633 -0.13018857 -0.11024076
v 0.05222619 -0.11542875 -0.12981164
v 0.04711885 -0.10393617 -0.12171403
v 0.04547178 -0.08577121 -0.11801277
v 0.03264697 -0.10961041 -0.13392486
v 0.04587802 -0.02453654 -0.14741144
v 0.04472343 -0.03150823 -0.13394469
v 0.03905873 -0.01165268 -0.13283071
v 0.03732974 0.00754414 -0.12741649
v 0.02834713 -0.02012664 -0.15020606
v 0.05531976 0.12890637 -0.12833093
v 0.03899654 0.12888193 -0.12758727
v 0.04373120 0.10330617 -0.12881719
v 0.05774293 0.11598299 -0.12841997
v 0.02868864 0.10366322 -0.12893681
v 0.02280361 0.17143475 -0.11986545
v 0.02950888 0.18213370 -0.11602673
v 0.02498652 0.19088222 -0.11939570
v 0.01500292 0.18967058 -0.11784099
v 0.01211280 0.17065117 -0.11986617
v 0.00147741 0.19599968 -0.11394936
v -0.00054299 0.21434288 -0.11563459
v 0.00146423 0.20561668 -0.11734962
v -0.00518309 0.20252222 -0.11747980
v -0.00456648 0.23238954 -0.11582942
v -0.00252998 0.22290781 -0.11405606
v -0.00898974 0.21961275 -0.11415316
v 0.09722889 0.18099464 0.12067100
v 0.09595178 0.17015381 0.13446102
v 0.08137323 0.16280389 0.11835625
v 0.08405335 0.17116420 0.11301297
v 0.09140763 0.17574218 0.11630981
v 0.08906726 0.16615735 0.13122752
v 0.09279122 0.17337188 0.12593484
v 0.07630754 0.14888597 0.12965359
v 0.07884433 0.15529600 0.12390152
v 0.08630516 0.15932110 0.13654894
v 0.08390301 0.16087782 0.12742227
v 0.14038847 0.18590765 0.12568432
v 0.13120824 0.18834400 0.12855355
v 0.13033068 0.17118314 0.12988260
v 0.12149527 0.18939960 0.12971553
v 0.10767354 0.18074125 0.13256359
v 0.12218016 0.17247856 0.13268641
v 0.12632164 0.18061657 0.13100570
v 0.10244656 0.16392878 0.13853635
v 0.10458435 0.17238331 0.13581398
v 0.11894331 0.16401900 0.13390800
v 0.11358950 0.17289761 0.13478753
v 0.14261928 0.15985361 0.11307200
v 0.14713025 0.18175814 0.12032329
v 0.14904527 0.17600523 0.11328576
v 0.14421222 0.16501027 0.11021211
v 0.14225392 0.17567705 0.12357836
v 0.14126141 0.15411904 0.11571393
v 0.14010538 0.14804092 0.11800053
v 0.13389736 0.16148764 0.12738456
v 0.13763282 0.16884777 0.12587552
v 0.14248686 0.16507572 0.11992574
v 0.09282785 0.13836429 0.14559686
v 0.10016057 0.13850561 0.14273140
v 0.09299252 0.15438086 0.14184785
v 0.08504163 0.15260673 0.14144166
v 0.11433285 0.13866809 0.13548484
v 0.10732312 0.13862340 0.13921124
v 0.10114641 0.15538594 0.14048067
v 0.10903332 0.15561369 0.13767686
v 0.10046861 0.14686915 0.14180273
v 0.08552974 0.13812131 0.14775054
v 0.07890052 0.13631427 0.14892036
v 0.07195880 0.13774350 0.14782523
v 0.07106453 0.13965195 0.14108196
v 0.07393513 0.14381942 0.13565750
v 0.07844040 0.14897209 0.13885775
v 0.08500905 0.14553607 0.14535879
v 0.13916156 0.14202458 0.11984522
v 0.13392721 0.13759521 0.12523189
v 0.13848069 0.13628182 0.12112213
v 0.13083467 0.15372711 0.12814254
v 0.13689403 0.15165994 0.12389166
v 0.12117209 0.13854173 0.13188168
v 0.12785211 0.13820395 0.12856933
v 0.12381028 0.15483472 0.13144416
v 0.11658096 0.15539742 0.13454323
v 0.11504846 0.14700282 0.13500842
v 0.12881975 0.14594340 0.12847911
v 0.01446102 0.30376086 0.07154226
v 0.01323949 0.29710504 0.07083189
v 0.01092577 0.28484592 0.06765309
v 0.01181208 0.29089707 0.06953457
v 0.00647251 0.29589519 0.07673445
v 0.01679292 0.13216664 0.13444218
v 0.01503278 0.14388955 0.12987857
v 0.00825694 0.12838960 0.13723183
v 0.01207423 0.20066303 0.09985238
v 0.01192828 0.19031246 0.10473635
v 0.01202945 0.18090422 0.10949824
v 0.01212948 0.17253868 0.11516621
v 0.00309315 0.18658023 0.10665362
v 0.01245841 0.22160839 0.09099409
v 0.01227387 0.21151935 0.09532987
v 0.00266041 0.22750825 0.08857780
v 0.00252480 0.20788135 0.09828848
v 0.01054396 0.27202100 0.06556657
v 0.01048994 0.27852875 0.06616577
v 0.00207194 0.27086353 0.07093751
v 0.00390708 0.28372043 0.07369711
v -0.00665726 0.24880077 0.07679369
v -0.00658141 0.24084772 0.08023793
v -0.00653206 0.23320650 0.08531501
v -0.00667090 0.22509150 0.09099498
v -0.01552458 0.23834461 0.08334588
v 0.01356024 0.15453249 0.12554865
v 0.01242650 0.16456933 0.12154258
v 0.00557357 0.15121740 0.12783217
v 0.00373828 0.16933240 0.11735531
v 0.00107981 0.11226597 0.14624172
v 0.00261987 0.09920334 0.15535587
v 0.00463460 0.07537005 0.18395290
v 0.00316086 0.08831151 0.16940965
v -0.00876984 0.09307926 0.15822752
v -0.00651223 0.25657877 0.07532579
v -0.00601872 0.26381201 0.07572974
v -0.01404029 0.25476074 0.08123042
v 0.00596346 0.04238563 0.18079835
v -0.01230520 0.03499179 0.18072991
v 0.00687026 0.05721168 0.18723279
v -0.01014376 0.06688824 0.18592481
v 0.18836248 -0.23713419 0.05486770
v 0.18313414 -0.21327987 0.06000922
v 0.18569222 -0.22381799 0.05884184
v 0.19094861 -0.21204111 0.03639523
v 0.18637788 -0.20834441 0.04823849
v 0.19186825 -0.22997983 0.04668561
v 0.19298568 -0.21339092 0.02400751
v 0.19529313 -0.23019193 0.03566222
v 0.19339317 -0.22267489 0.03653621
v 0.19550765 -0.23794414 0.03256610
v 0.19706520 -0.23144865 0.02409878
v 0.12559702 -0.15917490 -0.08763935
v 0.11487373 -0.16970551 -0.09896165
v 0.13291411 -0.17936972 -0.07761734
v 0.14033616 -0.16814251 -0.09137708
v 0.09836006 -0.18001053 -0.09534296
v 0.11743399 -0.17938505 -0.08702692
v 0.10234870 -0.16156915 -0.11047406
v 0.12254798 -0.16354074 -0.10060158
v 0.12792268 -0.17482099 -0.09543585
v 0.17920205 -0.17042793 0.01607205
v 0.17755054 -0.16730309 0.02984431
v 0.18216190 -0.15713324 0.03080269
v 0.17624564 -0.15331236 -0.00046649
v 0.18261029 -0.16053139 -0.00087558
v 0.17636213 -0.15325674 0.02592881
v 0.17570554 -0.15022925 0.01255326
v 0.18922356 -0.19143203 0.00768477
v 0.18887447 -0.17989081 0.00432530
v 0.18032959 -0.17661873 -0.02456657
v 0.18126129 -0.17505866 -0.01122000
v 0.14356546 -0.19739464 -0.07176618
v 0.14216508 -0.20497517 -0.07437051
v 0.16477433 -0.20569757 -0.05229698
v 0.16225037 -0.21205108 -0.05561026
v 0.17030443 -0.21267241 -0.04337084
v 0.13940763 -0.21178994 -0.07633688
v 0.13728210 -0.21794504 -0.07813998
v 0.15132917 -0.21236537 -0.06597412
v 0.15694258 -0.21844642 -0.06073467
v 0.19555388 -0.22142097 0.00986859
v 0.19545241 -0.22708061 0.00652016
v 0.18355531 -0.21101466 -0.02454663
v 0.19101369 -0.20236349 0.00964743
v 0.19411050 -0.21252544 0.01004290
v 0.18516536 -0.19108152 -0.00520178
v 0.19047175 -0.20989639 -0.00483501
v 0.14496300 -0.18888825 -0.06958320
v 0.14577287 -0.18019390 -0.06811799
v 0.15536459 -0.19791616 -0.06051835
v 0.16612694 -0.19938271 -0.04903754
v 0.17580223 -0.20210014 -0.03552128
v 0.18512550 -0.20582750 -0.02089087
v 0.18358231 -0.19827797 -0.01916314
v 0.16672587 -0.19214785 -0.04662251
v 0.17782572 -0.17392591 -0.03830815
v 0.18781422 -0.18152960 -0.02519119
v 0.18136698 -0.18941200 -0.01924657
v 0.17481916 -0.18696705 -0.03257829
v 0.19064218 -0.22386305 -0.00368045
v 0.17961459 -0.21412465 -0.02960458
v 0.17426655 -0.21837276 -0.03732583
v 0.18769173 -0.21847968 -0.01316118
v 0.13623798 -0.22219311 -0.08030536
v 0.15929362 -0.22363749 -0.05952553
v 0.14783762 -0.22616984 -0.07045405
v 0.12271331 -0.22225662 -0.09002093
v 0.10774565 -0.22249015 -0.09903678
v 0.09246561 -0.22353841 -0.10732829
v 0.07478564 -0.23635952 -0.11430876
v 0.15195671 -0.16935703 -0.07871273
v 0.15289268 -0.17863120 -0.07879819
v 0.15655918 -0.18179476 -0.05719004
v 0.16659740 -0.18429439 -0.04533476
v 0.17468362 -0.18037835 -0.05356004
v 0.13521743 -0.14578101 -0.08133758
v 0.15820399 -0.14504716 -0.05744544
v 0.15094209 -0.13443264 -0.05969041
v 0.14032622 -0.13541305 -0.07142082
v 0.14052266 -0.15845628 -0.07634524
v 0.16758862 -0.16875556 -0.04554092
v 0.16160883 -0.15785176 -0.05111372
v 0.14937001 -0.16971269 -0.07090279
v 0.17210937 -0.17217669 -0.05205256
v 0.16337585 -0.16997913 -0.06602529
v 0.15263429 -0.15806636 -0.06428513
v 0.13985687 -0.08214718 -0.07911605
v 0.12481929 -0.06035403 -0.08929131
v 0.13669840 -0.06329666 -0.07879526
v 0.11665891 -0.09602889 -0.10021742
v 0.13176316 -0.09748280 -0.09179963
v 0.11348979 -0.07733691 -0.09928067
v 0.12905063 -0.21822362 0.11053052
v 0.12095796 -0.21759528 0.11440214
v 0.11442599 -0.21654761 0.11892150
v 0.18881135 -0.22491133 -0.00038949
v 0.18626708 -0.22504264 -0.01198179
v 0.18256645 -0.22184758 -0.02335866
v 0.16847163 -0.22424027 -0.04768903
v 0.17598546 -0.22492297 -0.03586130
v 0.06640629 -0.24566658 0.15822917
v 0.05566585 -0.25382501 0.15902811
v 0.05586305 -0.24083848 0.16168505
v 0.04372077 -0.24822594 0.16259092
v 0.08558259 -0.22920647 0.15197545
v 0.07597459 -0.23745164 0.15564676
v 0.06784728 -0.23311907 0.16054587
v 0.07847384 -0.22499196 0.15648834
v 0.06683117 -0.23995638 0.15925193
v -0.00983035 -0.27943444 0.15628922
v -0.02599751 -0.28143954 0.15468387
v -0.02543838 -0.27293468 0.15823931
v 0.02141505 -0.27082342 0.15845528
v 0.00659057 -0.27558863 0.15749416
v -0.01012838 -0.26959461 0.15961143
v 0.00460960 -0.26544148 0.16086400
v -0.00947329 -0.27555138 0.15780467
v 0.13166842 -0.17571829 0.11069644
v 0.13213308 -0.18291165 0.11313126
v 0.12463352 -0.18984608 0.12018863
v 0.12483394 -0.17516208 0.11660225
v 0.11793360 -0.18296148 0.12433381
v 0.04494913 -0.26093525 0.15959522
v 0.03388702 -0.26617396 0.15874946
v 0.01823666 -0.26036316 0.16171533
v 0.03117714 -0.25468510 0.16218565
v 0.04422531 -0.25521189 0.16090260
v 0.01978466 -0.26682502 0.15995061
v 0.10301705 -0.21242663 0.14071022
v 0.09489956 -0.22073117 0.14670640
v 0.08834369 -0.21644004 0.15194884
v 0.09687848 -0.20783368 0.14609236
v 0.08746598 -0.22365387 0.15199824
v 0.11738369 -0.19733343 0.12744507
v 0.11027846 -0.20474850 0.13432887
v 0.10438967 -0.19934742 0.13931176
v 0.11138257 -0.19101021 0.13188824
v 0.11751616 -0.19059902 0.12568231
v 0.10356324 -0.20643628 0.14020136
v 0.07604811 -0.20619956 -0.10585880
v 0.07600453 -0.19447954 -0.10324711
v 0.07672781 -0.18137136 -0.10322043
v 0.05161375 -0.15262291 -0.12502594
v 0.07788430 -0.15832207 -0.12054951
v 0.08594111 -0.17179435 -0.11247338
v 0.05508263 -0.18711151 -0.10649887
v -0.04238394 -0.28170362 0.15192871
v -0.05948253 -0.27985191 0.14816350
v -0.04171575 -0.27955657 0.15312371
v 0.00123101 0.30261278 0.08376917
v 0.00019674 0.29583576 0.08373776
v -0.00117418 0.28931332 0.08259071
v -0.00262302 0.28286046 0.08078744
v -0.00559962 0.29436964 0.09107812
v -0.00526278 0.27024305 0.07697044
v -0.00400304 0.27645439 0.07875027
v -0.01050699 0.26866043 0.08393967
v -0.00758580 0.28084993 0.08790054
v 0.03470450 0.04280243 -0.12859911
v 0.03611260 0.02570972 -0.12673722
v 0.01979983 0.04655425 -0.12990135
v 0.02149349 0.01206940 -0.12877491
v -0.02874795 0.38831416 -0.05277982
v -0.01665181 0.31168044 -0.09012191
v -0.01596940 0.30110556 -0.09433629
v -0.01915438 0.29618427 -0.09638373
v -0.01924170 0.31753129 -0.08760213
v 0.08201528 -0.10942379 0.17240459
v 0.05656528 -0.08230802 0.17328139
v 0.06668509 -0.11130772 0.17589514
v 0.08356383 -0.09659053 0.16649131
v 0.05367149 -0.09760492 0.17661580
v 0.06495292 -0.03817985 0.16461156
v 0.07416452 -0.02676944 0.17155127
v 0.09297335 -0.03983354 0.14810684
v 0.09023935 -0.05498307 0.15080708
v 0.08587920 -0.02528335 0.16040459
v 0.05969002 -0.06727654 0.16944516
v 0.06005988 -0.05353542 0.16289265
v 0.08548889 -0.08365510 0.16009766
v 0.08757649 -0.06974460 0.15455025
v 0.06989406 -0.08387899 0.16509569
v 0.07554455 -0.05427150 0.15748292
v 0.15071203 0.00572432 0.10742028
v 0.14904194 -0.00918574 0.11051448
v 0.16078848 -0.02162669 0.10776845
v 0.17061102 -0.02116443 0.09489757
v 0.17210388 -0.00650397 0.09054680
v 0.16238576 0.00696152 0.09744136
v -0.00893868 0.25045311 -0.11164642
v -0.00688660 0.24195652 -0.11565282
v -0.01605342 0.25500298 -0.10894266
v -0.01261447 0.23801388 -0.11658322
v 0.11331959 0.20115988 0.11528271
v 0.10697300 0.19666074 0.11003111
v 0.10208706 0.18881653 0.11540673
v 0.11622078 0.19674565 0.12468597
v 0.10362018 0.18568163 0.12511036
v 0.11177064 0.18883853 0.12875053
v 0.07564860 -0.21618229 -0.10883832
v 0.07507280 -0.22579421 -0.11127137
v 0.05828509 -0.23003888 -0.11553870
v 0.05728440 -0.21124694 -0.11047944
v -0.00658422 0.20501153 0.10104021
v -0.00671298 0.21569797 0.09651934
v -0.01552598 0.22144996 0.09393919
v -0.00608235 0.19413118 0.10494095
v -0.00551867 0.18387704 0.10872803
v -0.01499483 0.20126325 0.10377027
v -0.00488957 0.17457598 0.11339950
v -0.00426833 0.16673295 0.11966781
v -0.01353061 0.18041016 0.11140936
v -0.00223134 0.14838341 0.13019814
v -0.00331495 0.15823993 0.12541544
v -0.01175337 0.16335155 0.12250519
v -0.04428589 -0.17638013 0.17215203
v -0.04629084 -0.18641660 0.17044775
v -0.04719972 -0.16599080 0.17805265
v -0.05359859 -0.18878098 0.17112915
v -0.04995455 -0.15459767 0.18333222
v -0.05517902 -0.16117418 0.18049470
v 0.04496422 -0.06617852 -0.12181021
v 0.04456101 -0.04618052 -0.12451263
v 0.02745061 -0.07977272 -0.12071887
v 0.02767075 -0.04073154 -0.12800319
v -0.03957979 -0.24689305 0.16304237
v -0.05280198 -0.23767869 0.16167073
v -0.04004327 -0.25838703 0.16058895
v -0.03998447 -0.11733389 0.18679786
v -0.03834261 -0.13500786 0.18714124
v -0.04610868 -0.14492667 0.18563314
v -0.05547522 -0.14463347 0.18307935
v 0.02432691 0.12853910 -0.12699878
v 0.01077182 0.12939128 -0.12633297
v 0.01484099 0.10561977 -0.12806061
v 0.02687822 0.11650534 -0.12776703
v -0.00035873 0.12516414 0.14008352
v -0.00136162 0.13730894 0.13501066
v -0.00920638 0.12061466 0.14325993
v -0.01020295 0.14419773 0.13309613
v -0.03997417 -0.26784176 0.15767376
v -0.04070748 -0.27501172 0.15524095
v -0.05577455 -0.27592725 0.15123464
v -0.05330854 -0.26118773 0.15673912
v 0.00591892 0.18889898 -0.11836442
v 0.00166045 0.17128918 -0.11887912
v 0.00918187 0.17997846 -0.11532077
v -0.00271293 0.18940328 -0.11742316
v -0.04935427 -0.08263431 0.18777609
v -0.03757513 -0.08363304 0.17898892
v -0.03858054 -0.10003920 0.18339406
v -0.04789808 -0.11134684 0.17383628
v -0.05831518 -0.26631001 0.15799072
v -0.03302214 -0.04091702 0.18067524
v -0.02016011 -0.03224282 0.18729037
v -0.02039423 -0.02254963 0.16667397
v -0.01294512 -0.02286777 0.17977886
v -0.05482100 0.29615885 0.05529002
v -0.05759824 0.30959797 0.04335696
v -0.05889698 0.29574731 0.05004995
v -0.05844551 0.30251113 0.04676897
v -0.05947313 0.31075889 0.03915843
v -0.07678175 0.26111317 0.06133182
v -0.08139483 0.25256264 0.06608577
v -0.09357885 0.25547114 0.06252652
v -0.06899470 0.25152576 0.07156882
v -0.08395112 0.24435444 0.07190522
v -0.09796010 0.24047431 0.07757690
v -0.08481730 0.23798528 0.07954571
v -0.07181446 0.23960419 0.08629729
v -0.08486604 0.23199882 0.08722093
v -0.08380385 0.19627924 0.13701156
v -0.08504646 0.20290901 0.12923598
v -0.07327337 0.20406385 0.13360152
v -0.09644761 0.20035590 0.12423962
v -0.08546299 0.20836638 0.12053614
v -0.11701055 0.10665122 0.15365694
v -0.10783173 0.09970056 0.16168663
v -0.11122724 0.11491580 0.15483758
v -0.11050092 0.10723341 0.15765439
v -0.10303422 0.10700038 0.16043241
v -0.15250866 0.21137179 0.08914328
v -0.15748902 0.20335495 0.08335431
v -0.16438630 0.21358611 0.08379894
v -0.15855066 0.19446267 0.08555987
v -0.16744435 0.19651200 0.08124174
v -0.08944725 0.27609512 0.04518756
v -0.08381855 0.29628676 0.02106602
v -0.06437147 0.30394197 0.03566256
v -0.07416578 0.30311519 0.02073108
v -0.07744621 0.29447418 0.03101574
v -0.06946196 0.31012741 0.01119831
v -0.06599496 0.31127471 0.01956254
v -0.14820279 0.11987492 0.09362013
v -0.14341995 0.12443800 0.09917007
v -0.14295891 0.11908174 0.10153569
v -0.14416943 0.13008142 0.09706089
v -0.13868885 0.12983698 0.10410741
v -0.17969075 0.00140083 0.10150090
v -0.17514870 -0.01558191 0.11216246
v -0.17488506 0.01251773 0.11927939
v -0.17533648 -0.00131371 0.11577305
v -0.16574143 -0.00367315 0.12744643
v -0.18365459 0.03338053 0.00683597
v -0.18045846 0.02394184 0.00688139
v -0.18217447 0.02242542 -0.00807874
v -0.18422125 0.02267027 0.02081072
v -0.17873412 0.01328742 0.00611392
v -0.10670685 0.19387332 0.12951019
v -0.10873085 0.20085457 0.12186448
v -0.12843359 0.19946337 0.13134634
v -0.11011118 0.20842248 0.11485673
v -0.13045961 0.20762475 0.12579864
v -0.12001476 0.20407131 0.12308807
v -0.14174166 0.20979460 0.12702779
v -0.13203841 0.21579403 0.11984611
v -0.24679369 0.09897631 0.05366126
v -0.24718446 0.10347091 0.05352769
v -0.23609319 0.09927048 0.05386164
v -0.25849280 0.10799229 0.05328801
v -0.24810782 0.10288399 0.05364487
v -0.18545541 -0.06445137 -0.01357606
v -0.19497740 -0.06804483 -0.01430569
v -0.18956184 -0.06451055 -0.02691231
v -0.19723915 -0.07070605 -0.00012835
v -0.19003625 -0.07803505 -0.01069755
v -0.19083893 0.23575982 0.05008646
v -0.17877698 0.24218534 0.03525961
v -0.19564117 0.23621710 0.04249159
v -0.18596795 0.24079910 0.04092500
v -0.18205167 0.24440975 0.03123735
v -0.15199989 0.16587795 0.09258008
v -0.15190731 0.19260396 0.09236867
v -0.15844063 0.18663323 0.08798350
v -0.14858052 0.18026748 0.09561968
v -0.16655385 0.18120685 0.08756806
v -0.16047288 0.16806151 0.08945476
v -0.15328926 0.17287959 0.09153911
v -0.15590857 0.17956647 0.08949053
v -0.18624492 0.06560367 0.00521122
v -0.18497702 0.07249617 0.00442900
v -0.18264398 0.07759370 0.01622849
v -0.18172401 0.06179529 -0.00146006
v -0.18030381 0.07091669 0.00994190
v -0.18365090 0.04684183 0.02062237
v -0.18403611 0.04259366 0.00584204
v -0.18175671 0.06392575 0.01709042
v -0.18386544 0.04069155 -0.00889787
v -0.18719774 0.05462567 -0.00717053
v -0.18284565 0.05979474 0.00399443
v -0.18360995 0.05128603 0.00472612
v -0.14198893 0.17891692 0.10628098
v -0.14919987 0.19952746 0.12711951
v -0.15264638 0.20814991 0.12238274
v -0.14851396 0.19010641 0.11415442
v -0.15542632 0.21684578 0.11701506
v -0.15226418 0.19752659 0.10955020
v -0.15535530 0.20285682 0.11414944
v -0.15142354 0.20059896 0.09824078
v -0.14558828 0.18515198 0.10306436
v -0.14836840 0.19020601 0.09901534
v -0.14824989 0.19200407 0.10751086
v -0.15623520 0.20538896 0.10447466
v -0.11836139 0.09065400 0.15975593
v -0.11002951 0.09162305 0.16419196
v -0.10144842 0.09369658 0.16762783
v -0.11231080 0.08275521 0.16766272
v -0.19526112 -0.08482470 0.01610323
v -0.19089967 -0.09590434 0.04524460
v -0.19344611 -0.08322649 0.04519530
v -0.19021200 -0.08852484 0.05943184
v -0.19390824 -0.06274356 0.01327896
v -0.19756132 -0.07321808 0.01474004
v -0.19613023 -0.07791796 0.03006221
v -0.19436148 -0.07035790 0.04492350
v -0.15675005 0.02275690 0.14616226
v -0.12717977 0.07171816 0.16488035
v -0.14002377 0.04828267 0.16365243
v -0.15012354 0.04838032 0.15469557
v -0.14366619 0.06026355 0.15771553
v -0.17397094 0.02568434 0.12297255
v -0.16646153 0.02404623 0.13514555
v -0.15766390 0.03596678 0.14777948
v -0.15822008 0.04903239 0.14420429
v -0.18028946 -0.10577115 0.07164986
v -0.17755616 -0.11720207 0.09903853
v -0.17884097 -0.10301004 0.10061761
v -0.17078274 -0.10837839 0.11184940
v -0.18590295 -0.09330297 0.07310492
v -0.18983464 -0.08010548 0.07466884
v -0.18286538 -0.09806358 0.08709271
v -0.18016678 -0.08883815 0.10192289
v -0.09829936 0.22803959 0.09334727
v -0.08509006 0.22619897 0.09540784
v -0.09843713 0.21332757 0.10800865
v -0.11078642 0.21625227 0.10818507
v -0.07243104 0.22840457 0.10168415
v -0.07428774 0.21741062 0.11829534
v -0.08542465 0.21371390 0.11175565
v -0.08524872 0.21962757 0.10339190
v -0.12957366 0.10458364 0.12919620
v -0.12361741 0.10627971 0.14952332
v -0.12209694 0.09839042 0.15338208
v -0.12648021 0.09001248 0.15493056
v -0.13357389 0.09792499 0.14091669
v -0.12428425 0.11417323 0.14697953
v -0.12955970 0.11296152 0.13424556
v -0.13130012 0.10550424 0.13626863
v -0.12966791 0.10603596 0.14413610
v -0.17649364 0.18143259 0.09081571
v -0.17382477 0.17478846 0.09137458
v -0.18110715 0.16339476 0.08834428
v -0.17566970 0.19871332 0.07952712
v -0.17765976 0.18943629 0.08867065
v -0.18656909 0.17892021 0.09557997
v -0.17706680 0.15434994 0.08236356
v -0.18491317 0.16756751 0.08870935
v -0.18895061 0.17380755 0.08938182
v -0.18093301 -0.08403172 -0.02001687
v -0.18234484 -0.08570007 -0.00629044
v -0.18593824 -0.09021791 0.00637988
v -0.19285375 -0.09654654 0.01732825
v -0.17739968 -0.09597116 -0.00278429
v -0.17933969 -0.12454890 0.08453556
v -0.17622782 -0.13114151 0.09708782
v -0.16775350 -0.13801911 0.10738925
v -0.17461333 -0.14467056 0.09497297
v -0.19439138 0.08959871 -0.05079883
v -0.20101322 0.09274773 -0.01840558
v -0.19179201 0.09167223 -0.04009476
v -0.19892058 0.09235539 -0.02916272
v -0.20281646 0.09745645 -0.00617599
v -0.07549401 0.11665737 0.14629467
v -0.09467408 0.10412729 0.15996207
v -0.09709804 0.11041819 0.15519166
v -0.07953266 0.10808950 0.15211833
v -0.08460841 0.11284193 0.14743276
v -0.09247875 0.09754942 0.16660383
v -0.09097187 0.08901918 0.17256594
v -0.07440394 0.10296514 0.15892908
v -0.08520977 0.10175706 0.15961912
v -0.14929160 0.07168887 0.13997585
v -0.13972144 0.08763683 0.13108088
v -0.15630275 0.06162195 0.13732904
v -0.16396299 0.05042157 0.13261960
v -0.15114771 0.07277614 0.12967853
v -0.13125584 0.08098362 0.15697612
v -0.13710143 0.07114697 0.15810587
v -0.14498602 0.07105785 0.15005562
v -0.13784574 0.08959309 0.14019915
v -0.13397023 0.08970426 0.14905919
v -0.14326242 0.08093956 0.14057726
v -0.06287957 0.10642260 0.15678789
v -0.06925203 0.09570361 0.16642244
v -0.09020470 0.07832933 0.17831124
v -0.07817937 0.08570889 0.17514940
v -0.06443676 0.08317436 0.17464782
v -0.06390114 0.22085091 0.12536937
v -0.06295726 0.22617045 0.11704582
v -0.06392129 0.20077421 0.12894738
v -0.06246812 0.21153785 0.13010280
v -0.05201695 0.21847829 0.12559706
v -0.06180778 0.23828466 0.10240387
v -0.06236061 0.23246758 0.10954672
v -0.05370126 0.23653680 0.11798057
v -0.04156487 0.23475285 0.11960898
v -0.04261473 0.24380276 0.11708087
v -0.04415120 0.25106320 0.11259661
v -0.03238281 0.24860699 0.11268017
v -0.06043034 0.24877515 0.08795527
v -0.06116022 0.24354036 0.09510611
v -0.05309054 0.24809919 0.10437395
v -0.04469004 0.25704837 0.10669468
v -0.03482708 0.26379433 0.10745282
v -0.04434667 0.26251411 0.10071165
v -0.05710137 0.26008034 0.07508697
v -0.05900722 0.25418156 0.08095242
v -0.05124857 0.25844848 0.09114001
v -0.04389295 0.26746863 0.09508380
v -0.04813845 0.28744796 0.06805323
v -0.04774865 0.29327148 0.06533821
v -0.05189110 0.29722971 0.05947903
v -0.04179681 0.29250169 0.07364652
v -0.16726086 0.16355161 0.09061833
v -0.17051049 0.16906263 0.09107526
v -0.17849447 0.15970448 0.08717686
v -0.18046591 0.16803639 0.09498355
v -0.16379951 0.15845512 0.09022961
v -0.17337674 0.15863170 0.09316475
v -0.17914809 -0.11244207 0.05747304
v -0.17651817 -0.11857700 0.07102577
v -0.17624578 -0.13082874 0.07050173
v -0.08778585 0.24614310 -0.10435825
v -0.09416004 0.24708652 -0.10313191
v -0.09718446 0.23717248 -0.10810550
v -0.09164395 0.25576162 -0.09718379
v -0.10060945 0.24737419 -0.10251219
v -0.08804426 0.29961222 0.00948627
v -0.09409480 0.29196113 0.01993310
v -0.10250282 0.28294963 0.03017420
v -0.10492662 0.28940371 0.01757588
v -0.16038984 0.15868606 -0.10984284
v -0.16969655 0.14003052 -0.10550131
v -0.15947667 0.15549836 -0.11049199
v -0.16571653 0.14746012 -0.10828146
v -0.17093873 0.13679571 -0.10564350
v -0.14634697 0.11698332 -0.10060219
v -0.13464810 0.12416554 -0.09502900
v -0.15008432 0.12484282 -0.10759754
v -0.14041416 0.12519273 -0.10209811
v -0.13545378 0.13322124 -0.10123452
v -0.18211648 -0.06303611 -0.03813708
v -0.18543549 -0.07427575 -0.03857152
v -0.17437628 -0.05719773 -0.03363230
v -0.17456795 -0.06178630 -0.04994297
v -0.15911222 0.03100273 -0.06311636
v -0.16247398 0.03820734 -0.06035483
v -0.16821392 0.03451459 -0.05008474
v -0.15877648 0.04695072 -0.06920049
v -0.16614123 0.04462571 -0.05617374
v -0.02185142 0.25710449 -0.10686243
v -0.02094267 0.24851100 -0.11191128
v -0.01813137 0.23005465 -0.11477916
v -0.01997140 0.23984079 -0.11573191
v -0.02672968 0.23950760 -0.11409134
v -0.03402574 0.23941910 -0.11293658
v -0.03352508 0.22906217 -0.11251058
v -0.03379055 0.24865934 -0.10857052
v -0.04113914 0.23909825 -0.11131650
v -0.05319804 0.27904853 -0.08325125
v -0.04840047 0.27918333 -0.08611002
v -0.04588756 0.28791976 -0.07954275
v -0.05088865 0.26991034 -0.09180430
v -0.04403258 0.27963829 -0.08978251
v -0.07800325 0.25449109 -0.09897149
v -0.08116398 0.24488956 -0.10482942
v -0.06325842 0.26181197 -0.09487741
v -0.08450422 0.23435462 -0.10976321
v -0.07475385 0.24358606 -0.10594331
v -0.18361333 0.06363583 -0.01235628
v -0.18199432 0.05094918 -0.01192035
v -0.18134822 0.05781582 -0.01122660
v -0.17584735 0.04400127 -0.03339190
v -0.18129660 0.05814677 -0.02234371
v -0.18581645 0.07670049 -0.01268777
v -0.18665947 0.07787160 -0.01324129
v -0.18559079 0.08322166 -0.00264744
v -0.18601111 0.07557384 -0.02274179
v -0.18746880 0.07931025 -0.01439662
v -0.05488022 0.32553482 0.01057541
v -0.04750984 0.33839324 0.00467605
v -0.05701470 0.32309267 0.00343108
v -0.05109014 0.33077103 0.00400563
v -0.04711599 0.33572671 -0.00215202
v -0.03641367 0.36883855 -0.03805189
v -0.03753176 0.36427981 -0.03419542
v -0.03645139 0.36105400 -0.04027264
v -0.03858217 0.36719444 -0.02991926
v -0.03871235 0.36139089 -0.02911689
v -0.00529271 0.14663179 -0.12459405
v -0.00680300 0.15734619 -0.12261729
v -0.03281019 0.15144375 -0.12298884
v -0.00406601 0.13566303 -0.12533364
v -0.00230615 0.12462214 -0.12663695
v -0.03383059 0.13991997 -0.12505347
v -0.01894927 0.14353466 -0.12495804
v -0.04948657 0.13498890 -0.12560755
v -0.03475908 0.12775826 -0.12583756
v -0.19207959 0.08627270 -0.06585597
v -0.18919389 0.09859300 -0.08443233
v -0.18948475 0.08638381 -0.06671813
v -0.19016318 0.09130767 -0.07511156
v -0.18770498 0.09879026 -0.08269471
v -0.18799415 0.08231228 -0.05984941
v -0.18681142 0.08803064 -0.06897573
v -0.18307497 0.08104430 -0.05996220
v -0.18451273 0.07365635 -0.03140289
v -0.18564598 0.07489608 -0.03329229
v -0.18261661 0.07535379 -0.04810800
v -0.18726748 0.07633404 -0.03624834
v -0.18885642 0.07894807 -0.05076744
v -0.18587089 0.07917228 -0.05488474
v -0.18398148 0.07712765 -0.05057008
v -0.18499170 0.07505682 -0.04199377
v -0.16697046 0.05715848 -0.05990239
v -0.17379934 0.04716401 -0.04323965
v -0.17029555 0.05072484 -0.05210336
v -0.17984547 0.05707594 -0.03055521
v -0.18029748 0.05011594 -0.03282377
v -0.17363569 0.05725207 -0.04957751
v -0.18106800 0.06350563 -0.03164423
v -0.17582256 0.06311119 -0.04761798
v -0.17755663 0.06040123 -0.03933967
v -0.17240490 0.06627010 -0.05479811
v -0.17736848 0.06771004 -0.04636560
v 0.00522022 0.05532697 -0.12962484
v 0.00562670 0.03957982 -0.12663093
v -0.02779898 0.04512358 -0.12329474
v -0.02897716 0.06153076 -0.12463770
v -0.04450237 0.05558152 -0.12247043
v 0.00426272 0.07133459 -0.12937912
v 0.00301665 0.08627427 -0.12900661
v -0.01212740 0.06699812 -0.12669167
v -0.02969158 0.07684304 -0.12578824
v -0.20183788 0.12597530 0.05101210
v -0.20498115 0.12171426 0.04154165
v -0.20419471 0.12678607 0.05276492
v -0.19721480 0.11220036 0.03347749
v -0.19934709 0.11201374 0.03957660
v -0.13545448 0.15286119 -0.08197128
v -0.13809773 0.15807135 -0.08176941
v -0.14035273 0.15372221 -0.07948302
v -0.13590591 0.16212471 -0.08485787
v -0.14207169 0.16454338 -0.08090718
v -0.19232483 0.10502417 0.01750669
v -0.18186793 0.09216978 0.00181788
v -0.17493591 0.09625109 -0.00030091
v -0.18722041 0.09349891 0.01295006
v -0.16875941 0.09253176 -0.01374643
v -0.17528278 0.09170789 -0.00245418
v -0.10033847 0.29964444 -0.00532165
v -0.10803861 0.29399371 0.00471819
v -0.11603840 0.28785706 0.01501134
v -0.10963387 0.29591799 -0.00794071
v -0.08212502 0.30639666 0.00002217
v -0.09137904 0.30350637 -0.00220777
v -0.09260900 0.30522841 -0.01573241
v -0.14714856 0.09045151 -0.05669045
v -0.13899744 0.09475528 -0.05867879
v -0.13873175 0.10827827 -0.08579108
v -0.14437789 0.09444378 -0.06889658
v -0.14116105 0.09423017 -0.06421252
v -0.13739607 0.09998004 -0.07082883
v -0.26886442 0.10703449 0.05017881
v -0.26755813 0.11227231 0.05017007
v -0.26456255 0.11641554 0.05154456
v -0.27447122 0.12006157 0.04736289
v -0.14512254 0.07925787 -0.03289245
v -0.14250188 0.08846483 -0.04735173
v -0.13867496 0.09338015 -0.05386023
v -0.14434558 0.08416951 -0.03316296
v -0.14208631 0.08447728 -0.04083902
v -0.15530154 0.08255223 -0.01552491
v -0.14751460 0.08542712 -0.03946484
v -0.14952621 0.08285433 -0.02500634
v -0.14747013 0.08286917 -0.03781507
v -0.14988279 0.03093014 -0.07623523
v -0.16332909 0.03057083 -0.07274936
v -0.16867386 0.02925297 -0.06144998
v -0.15517643 0.02688239 -0.07076611
v -0.16929609 -0.07270628 -0.06172203
v -0.16525525 -0.06153194 -0.06048398
v -0.15269029 -0.08061842 -0.07912454
v -0.16001551 -0.06707340 -0.05520189
v -0.15038112 -0.06888771 -0.08367939
v -0.15807869 -0.06426562 -0.07234953
v -0.14194342 -0.07295114 -0.09511942
v -0.14854451 -0.07688807 -0.07887557
v -0.17995873 -0.08400498 -0.03429401
v -0.17022410 -0.08830206 -0.02892324
v -0.17889741 -0.08501679 -0.04884477
v -0.13820955 -0.09045473 -0.07880903
v -0.15042298 -0.09028569 -0.07200514
v -0.17205282 -0.08450209 -0.06197348
v -0.16198100 -0.08476973 -0.07146999
v -0.16823703 -0.09584388 -0.05789815
v -0.15296294 -0.09504463 -0.08173493
v -0.04205136 0.35169592 0.00298400
v -0.04034464 0.36645293 -0.00023568
v -0.17010865 -0.18473800 -0.03605554
v -0.17447548 -0.17753972 -0.02542259
v -0.17557314 -0.18356894 -0.02909602
v -0.17365333 -0.17211106 -0.01973353
v -0.17870469 -0.17402014 -0.01477071
v -0.04223060 0.37908813 -0.00916668
v -0.04226839 0.38507149 -0.02747331
v -0.04313572 0.38812029 -0.03106045
v -0.04201571 0.38436040 -0.02692696
v -0.04420125 0.39083204 -0.03543263
v -0.16972356 -0.16877997 -0.02061223
v -0.17530803 -0.16695511 -0.01064828
v -0.16337989 -0.16997957 -0.03144558
v -0.16754544 -0.16305588 -0.02069917
v -0.04903642 0.33904979 0.00966890
v -0.04559958 0.34564504 0.00626725
v -0.04511569 0.35328296 0.00856063
v -0.05888586 0.32490349 0.02947730
v -0.05273015 0.34372923 0.01318180
v -0.05656923 0.32307479 0.03390480
v -0.05680326 0.32766023 0.02902319
v -0.05484029 0.31221792 0.04401394
v -0.05585934 0.31775969 0.03901087
v -0.18385173 -0.18308310 -0.00565886
v -0.18292968 -0.17626236 -0.00530588
v -0.18129370 -0.17171299 -0.00253693
v -0.18503201 -0.17929122 0.00555749
v -0.16570179 -0.09868774 -0.02501918
v -0.15979107 -0.09605979 -0.03780933
v -0.17078412 -0.10239654 -0.01291380
v -0.17966346 -0.10551819 -0.00399365
v -0.16407493 -0.10947118 -0.02252075
v 0.03847826 -0.20744960 -0.11061108
v 0.03991351 -0.21686818 -0.11312164
v 0.00555060 -0.21177429 -0.10960026
v -0.01234672 -0.20181590 -0.10543598
v 0.03650092 -0.19630288 -0.10808715
v 0.03263859 -0.18324742 -0.10930389
v 0.01990312 -0.20517687 -0.10967765
v 0.00294859 -0.20325415 -0.10784873
v -0.00054727 -0.19328161 -0.10577021
v -0.14243320 -0.10670035 -0.09156791
v -0.15092283 -0.10717122 -0.07936646
v -0.15709376 -0.09571294 -0.05270833
v -0.15471420 -0.10318815 -0.06546056
v -0.15191735 -0.10562338 -0.04666768
v -0.14024250 -0.10680197 -0.07194124
v -0.18722661 -0.11061765 0.00572296
v -0.18221232 -0.11392805 -0.00576981
v -0.15356749 -0.15907043 0.11088438
v -0.15751785 -0.16248608 0.09598365
v -0.14679384 -0.17036493 0.10277966
v -0.13884616 -0.18014646 0.11127289
v -0.15130517 -0.18200745 0.10473441
v -0.06858585 -0.21396323 0.16078995
v -0.09402040 -0.19886768 0.15500765
v -0.09029344 -0.21525097 0.14822643
v -0.10259126 -0.20831096 0.14441349
v -0.06578767 -0.22958963 0.15752867
v -0.06536676 -0.24361105 0.15518150
v -0.07805674 -0.22230606 0.15227854
v -0.08869776 -0.23006292 0.14421543
v -0.07076604 -0.26754981 0.15294871
v -0.08086527 -0.27835995 0.14309967
v -0.08482915 -0.27830535 0.14498609
v -0.09557280 -0.27280265 0.13821609
v -0.18585321 -0.18101443 0.01625086
v -0.18600138 -0.17671920 0.01842451
v -0.18496704 -0.18262225 0.04122853
v -0.18382043 -0.18196386 0.04291008
v -0.18096378 -0.18846670 0.05434680
v -0.18397884 -0.17325172 0.02088604
v -0.18392114 -0.17711452 0.03169820
v -0.18209015 -0.18019313 0.04427757
v -0.12681164 -0.09205429 -0.08815042
v -0.12843437 -0.10542019 -0.08491287
v -0.12900686 -0.10798670 -0.09451246
v -0.12892136 -0.11907206 -0.09662780
v -0.11746521 -0.11534214 -0.09628578
v -0.10165502 -0.10486858 -0.09567672
v -0.13154176 -0.08924448 -0.09871633
v -0.13178715 -0.07690426 -0.10551351
v -0.11483358 -0.09323765 -0.09735060
v -0.10310084 -0.09568145 -0.10650764
v -0.09184781 -0.10036748 -0.11480036
v -0.10712602 -0.09091401 -0.11803766
v -0.14230321 0.04058032 -0.08547211
v -0.13898349 0.02993947 -0.08620561
v -0.12029219 0.05165889 -0.10238312
v -0.14484663 0.05162303 -0.08650243
v -0.12413386 0.06213983 -0.10286220
v -0.13439500 0.05096030 -0.09514691
v -0.11266285 0.07290718 -0.11027936
v -0.12710249 0.07370886 -0.10355983
v -0.04826792 0.22870070 -0.11095199
v -0.04724022 0.23969007 -0.10979784
v -0.04564519 0.24954019 -0.10520593
v -0.04838308 0.26024133 -0.09905552
v -0.05278458 0.23994900 -0.10820675
v -0.17618406 -0.20993154 0.09043225
v -0.08536850 -0.18915740 0.16307193
v -0.09544219 -0.18052366 0.15672880
v -0.10320713 -0.17397642 0.14727020
v -0.09116730 -0.16380914 0.15316068
v -0.12878564 -0.17242113 0.11954924
v -0.13453570 -0.18498518 0.12377961
v -0.11537793 -0.18361242 0.14154021
v -0.11004278 -0.16875145 0.13669483
v -0.13016161 -0.15555367 0.12121925
v -0.10736895 -0.15140273 0.13423134
v -0.11823975 -0.16234571 0.12700635
v -0.15983868 -0.12952787 0.11962739
v -0.15720794 -0.14470319 0.11571291
v -0.14373805 -0.14970762 0.11850441
v -0.13385502 -0.13996106 0.12884855
v -0.09306085 -0.05707121 0.15039478
v -0.09001207 -0.07059458 0.14400588
v -0.10178448 -0.06702945 0.13549623
v -0.07999943 -0.07099266 0.15415089
v -0.09931948 -0.07616031 0.15148793
v -0.08111583 -0.04358012 0.16032924
v -0.09618549 -0.04357222 0.15750232
v -0.11093467 -0.04245552 0.15155527
v -0.09701684 -0.02862524 0.15982625
v -0.07828668 0.05496050 0.18584631
v -0.11592279 0.07269593 0.17079349
v -0.10351291 0.07456701 0.17572437
v -0.12122371 0.06133026 0.17254257
v -0.09174708 0.06539585 0.18205424
v -0.09615798 0.04989825 0.18286608
v -0.13598360 0.03497940 0.16701505
v -0.12770939 0.04846466 0.17186145
v -0.10491039 0.03416356 0.18031566
v -0.11296866 0.04879612 0.17852356
v -0.04300990 0.22505714 0.11927681
v -0.04760601 0.21617398 0.11720936
v -0.03603457 0.23146154 0.11158551
v -0.05338147 0.20753413 0.11467897
v -0.04625107 0.21467461 0.10849383
v -0.18680824 -0.18439363 0.01349207
v -0.18567847 -0.18104807 0.02761174
v -0.18521644 -0.18253835 0.03852706
v -0.17875871 -0.16790019 -0.00020633
v -0.17590083 -0.16394365 0.00118564
v -0.18216160 -0.16994083 0.01037726
v -0.18164583 -0.16981280 0.02270769
v -0.19179520 -0.10240099 0.03156317
v -0.18540767 -0.10752121 0.04478870
v -0.19155465 -0.10777368 0.01826273
v -0.17764910 -0.11742599 0.04421954
v -0.18314332 -0.11684931 0.01883372
v -0.17281649 -0.12808302 0.04427034
v -0.17272049 -0.12366711 0.01916465
v -0.17525351 -0.12073304 0.03142308
v -0.18574533 0.04458556 0.04378176
v -0.18690623 0.02911331 0.03810871
v -0.18594003 0.01556047 0.03090267
v -0.18038306 0.03752561 0.05616019
v -0.08793190 0.12373737 0.14059816
v -0.09861170 0.11661330 0.15258375
v -0.08943157 0.11731066 0.14511263
v -0.09250589 0.11269157 0.15016073
v -0.09401701 0.12239619 0.14525791
v -0.15254614 -0.07829677 -0.06218065
v -0.14230826 -0.07859016 -0.07165329
v -0.13211024 -0.07785247 -0.07998624
v -0.14602935 -0.06690632 -0.07711533
v -0.17989866 0.06554702 0.07408824
v -0.16176431 0.08513108 0.09163599
v -0.16404046 0.06542154 0.11554634
v -0.15993761 0.08090553 0.10069533
v -0.16674806 0.07151151 0.09290534
v -0.13917860 0.09065319 0.12257981
v -0.14528099 0.08256464 0.12425547
v -0.15458086 0.07486652 0.12015953
v -0.15227751 0.08820346 0.10803378
v -0.15842701 0.07759389 0.11083651
v -0.17449112 0.07130352 0.06429918
v -0.17145000 0.08177596 0.07534119
v -0.15287159 0.10918149 0.09176530
v -0.15668480 0.09653581 0.09279552
v -0.16362146 0.09028177 0.08417083
v -0.16500999 0.09611666 0.07834862
v -0.15622003 0.12073736 0.08592015
v -0.15435034 0.11493223 0.08839849
v -0.16454791 0.10202078 0.07305057
v -0.15910843 0.10741722 0.08239516
v -0.16937751 0.09457969 0.06312311
v -0.16525616 0.10784744 0.06914383
v -0.17706083 0.14554943 0.07238160
v -0.18080720 0.14791976 0.07302664
v -0.18617228 0.14841387 0.07283670
v -0.18342708 0.14046557 0.06243709
v -0.08184236 -0.01456857 0.15850723
v -0.09830102 -0.01328588 0.16024369
v -0.08304518 0.01749910 0.17277059
v -0.03269281 0.01093123 0.16644479
v -0.03383468 -0.00441588 0.16163816
v -0.06598619 -0.01618742 0.15803175
v -0.06620438 -0.00038455 0.16185588
v -0.03100288 0.02471266 0.17635597
v -0.02880374 0.03844284 0.18523245
v -0.06502137 0.03005080 0.18125735
v -0.06599922 0.01501726 0.17077668
v -0.04934499 0.01289178 0.16842952
v -0.13554502 -0.19959117 0.12388970
v -0.11468452 -0.20074008 0.13953862
v -0.11123244 -0.21579704 0.13396521
v -0.12600267 -0.19262458 0.13348751
v -0.15337631 -0.23844726 0.10819201
v -0.11088938 -0.25172231 0.13653482
v -0.12551215 -0.26250869 0.12487994
v -0.13953429 -0.25529945 0.11631446
v -0.05676057 0.03143967 -0.11832843
v -0.05889342 0.04822404 -0.11998247
v -0.06065398 0.06409467 -0.12205420
v -0.09179302 0.06028965 -0.11480217
v -0.07274785 0.04010424 -0.11695362
v -0.03862624 0.25889349 -0.10199983
v -0.04183329 0.26958627 -0.09636587
v -0.04359068 0.25958264 -0.10060820
v -0.02195621 0.26707214 -0.10332705
v -0.02214833 0.27752230 -0.10097501
v -0.02721938 0.25774276 -0.10519876
v -0.03306654 0.25818086 -0.10353749
v -0.03193994 0.26877397 -0.09997027
v -0.03532014 0.29910567 -0.08233222
v -0.02772851 0.31941071 -0.07477415
v -0.02066006 0.33004880 -0.07952496
v -0.01995859 0.33909836 -0.07220407
v -0.02539844 0.32010025 -0.07900692
v -0.02408834 0.32972896 -0.07267560
v -0.02125944 0.31986994 -0.08560693
v -0.02192184 0.30915135 -0.09073924
v -0.02702267 0.30996484 -0.08513141
v -0.02324154 0.32027715 -0.08282929
v -0.03101737 0.39140016 -0.05090686
v -0.03892045 0.39880902 -0.04496336
v -0.04187261 0.39831415 -0.03735122
v -0.15358776 0.05558262 -0.04927986
v -0.15034753 0.06189512 -0.04807252
v -0.15382531 0.06491654 -0.05399058
v -0.14476848 0.07366799 -0.03974615
v -0.14862762 0.06065185 -0.04181579
v -0.14757448 0.06831595 -0.04692223
v -0.06150414 0.14379156 -0.12407342
v -0.06517123 0.13063911 -0.12411949
v -0.07344682 0.11529093 -0.12361698
v -0.10183489 0.09809802 -0.11645708
v -0.08270857 0.12378080 -0.12155663
v -0.05947258 0.32046145 0.03072637
v -0.06121279 0.31298384 0.03269793
v -0.06303994 0.31282282 0.02670342
v -0.05947400 0.32004496 0.01806001
v -0.05403151 0.33024320 0.01455994
v -0.05354938 0.33720770 0.01392387
v -0.05755190 0.33251020 0.02007806
v -0.15932024 0.29927683 0.01900462
v -0.14953053 0.29949385 0.01873944
v -0.15554410 0.29572019 0.02998199
v -0.12852718 0.29355305 0.00211316
v -0.14137751 0.30200735 0.00758110
v -0.14133124 0.29679921 0.01716656
v -0.11142200 0.27250192 -0.06799190
v -0.10374957 0.27476853 -0.07021166
v -0.10605374 0.28141907 -0.06145498
v -0.09647435 0.26300120 -0.08884434
v -0.10275555 0.26834515 -0.07898100
v -0.09592336 0.27632818 -0.07136553
v 0.04202463 -0.22675300 -0.11584561
v 0.04092839 -0.22366460 -0.11465745
v 0.02414181 -0.22045466 -0.11320084
v 0.00761308 -0.21823156 -0.11109053
v -0.00727119 -0.21751080 -0.10944176
v 0.00963205 -0.22350909 -0.11288937
v -0.04533065 -0.05873627 -0.12549403
v -0.04114299 -0.04597842 -0.11234985
v -0.05468645 -0.05241090 -0.10889397
v -0.02712527 -0.04052565 -0.11651864
v -0.04162814 -0.02778552 -0.11523792
v -0.11456978 0.09999683 -0.11241926
v -0.09469400 0.12804894 -0.11939714
v -0.10005950 0.11303200 -0.11768498
v -0.13606092 0.07621165 -0.09823606
v -0.12589815 0.08805835 -0.10600394
v -0.12425156 0.10288783 -0.10781042
v -0.05865711 0.11808067 0.14934115
v -0.05057028 0.11255176 0.15301153
v -0.04616130 0.13671410 0.13978066
v -0.05449251 0.14970423 0.13179748
v -0.06601232 0.12263944 0.14549787
v -0.07315718 0.12629962 0.14192480
v -0.05609073 0.12944341 0.14295806
v -0.05488809 0.14000267 0.13725382
v -0.06338139 0.14241448 0.13461630
v -0.15891986 0.12003177 -0.06930625
v -0.15551613 0.11163995 -0.06812672
v -0.14816818 0.11430472 -0.07003572
v -0.15167177 0.08363034 -0.05930042
v -0.16182594 0.10616121 -0.06662843
v -0.15069897 0.10164990 -0.06502236
v -0.16127008 -0.02400012 -0.05121356
v -0.15652339 -0.05705943 -0.06735785
v -0.14349473 -0.05472052 -0.07109186
v -0.16056064 -0.03610706 -0.05041989
v -0.15334371 -0.03245585 -0.06244925
v -0.15689300 -0.05454083 -0.05316677
v -0.17217916 -0.03803623 -0.04256873
v -0.16547956 -0.04782178 -0.05601527
v -0.18090588 0.03184020 -0.02369080
v -0.18484195 0.03859591 -0.02298035
v -0.18123606 0.03198057 -0.05075881
v -0.17848584 0.02347912 -0.05181105
v -0.17729948 0.02354449 -0.02285944
v -0.17759465 0.01370837 -0.02353967
v -0.17401761 0.01444113 -0.05163071
v -0.17854103 0.02261879 -0.03780838
v -0.18660621 0.05236450 -0.01938052
v -0.18866679 0.04401590 -0.02052409
v -0.17741580 0.03883129 -0.04477565
v -0.17411545 0.03672684 -0.03590431
v -0.17854321 0.04495664 -0.02420754
v -0.18658973 0.03629351 -0.03597896
v -0.17074156 0.11211343 -0.10406272
v -0.19036427 0.09884799 -0.08601843
v -0.18572207 0.10750145 -0.09505889
v -0.19053432 0.09035906 -0.06945445
v -0.19701736 0.08893530 -0.05824682
v -0.19402122 0.09202365 -0.07590117
v -0.18903680 0.09764055 -0.08690220
v -0.17913561 0.09266263 -0.07745367
v -0.16432765 0.10671186 -0.09913863
v -0.17770986 0.10301462 -0.09630056
v -0.18440193 0.09506486 -0.08453590
v -0.16741124 0.09577796 -0.02551127
v -0.15714425 0.09330777 -0.05107478
v -0.16381112 0.09337714 -0.02582327
v -0.16047092 0.08871695 -0.02152913
v -0.15336397 0.09096751 -0.04714098
v -0.14908801 0.08472236 -0.04234795
v -0.15260443 0.08485825 -0.02962098
v -0.15978464 0.09274796 -0.03813596
v -0.18794625 0.08492472 -0.00454871
v -0.18913402 0.08016739 -0.01743180
v -0.18679915 0.09157196 0.00741009
v -0.18838440 0.09221148 0.00578133
v -0.19634704 0.09958027 0.00876235
v -0.19094416 0.09160300 0.00171105
v -0.18888406 0.09964468 0.01683287
v -0.19873875 0.08835180 -0.02976296
v -0.19832611 0.09259469 -0.01057025
v -0.19294861 0.08599328 -0.01405247
v -0.19446790 0.09200136 -0.00462275
v -0.19821835 0.08663769 -0.04808424
v -0.19323850 0.08245052 -0.05544019
v -0.19454193 0.08754915 -0.06575190
v -0.19659281 0.08832023 -0.06299330
v -0.19670145 0.08408485 -0.03805720
v -0.18931612 0.07811585 -0.02911801
v -0.19115156 0.07987828 -0.04714794
v -0.18907060 0.07726479 -0.04064191
v -0.19132911 0.08127475 -0.02185510
v -0.19407870 0.08242702 -0.02897403
v -0.19401667 0.08111570 -0.04314187
v -0.15400788 0.21062867 0.09553315
v -0.15658970 0.22100988 0.08939426
v -0.15645520 0.21091376 0.09806526
v -0.16312225 0.22019848 0.10255255
v -0.16011460 0.21435973 0.09885788
v -0.16219692 0.22251211 0.09220575
v -0.16515557 0.24390136 0.08922935
v -0.15922481 0.23150106 0.08097723
v -0.16145512 0.22798462 0.08579089
v -0.16622497 0.23410849 0.08385221
v -0.16867520 0.24552691 0.07682061
v -0.14473590 0.22628163 0.11455765
v -0.15719108 0.22575930 0.11115194
v -0.15715349 0.23449723 0.10442837
v -0.10997052 0.23185523 0.09469070
v -0.12206784 0.22018717 0.11054062
v -0.13305385 0.22383274 0.11328032
v -0.11079849 0.22412395 0.10145444
v -0.13327494 0.23148534 0.10587752
v -0.10862970 0.24504516 0.07839146
v -0.10877032 0.23933692 0.08780435
v -0.13245270 0.23886842 0.09803139
v -0.12141569 0.23565538 0.09649433
v -0.15522757 0.24326293 0.09743840
v -0.15210311 0.25114822 0.08831090
v -0.14346406 0.24149670 0.09877501
v -0.13093874 0.24576506 0.08936004
v -0.06011537 0.28771269 0.05270623
v -0.06312053 0.29503277 0.04418162
v -0.07580108 0.27661473 0.05009280
v -0.07811170 0.28535390 0.04082620
v -0.06945472 0.29445568 0.03836808
v -0.05493340 0.28235197 0.06104253
v -0.06169672 0.26574883 0.06355099
v -0.07018199 0.26977906 0.05757822
v -0.04988344 0.28051457 0.06921545
v -0.06372572 0.27837190 0.05483174
v -0.05472790 0.26606569 0.07186809
v -0.04902364 0.26886547 0.08136994
v -0.04582803 0.28098899 0.07719453
v -0.05233914 0.27309838 0.07024960
v -0.03666136 0.27502882 0.09898263
v -0.04372128 0.27246571 0.09061548
v -0.04320144 0.27750915 0.08753978
v -0.02273834 0.38731533 -0.04809962
v -0.02752522 0.39457557 -0.04681976
v -0.03850522 0.39344707 -0.04039934
v -0.03777282 0.39672449 -0.04351073
v -0.02084395 0.36716866 -0.05369823
v -0.02119771 0.37756512 -0.05016300
v -0.02570884 0.37961817 -0.04994382
v -0.03338804 0.36803034 -0.04703663
v -0.03038943 0.38017598 -0.04828996
v -0.02744333 0.37035605 -0.05266186
v -0.03753150 0.37524047 -0.03551160
v -0.03557714 0.37368011 -0.04117230
v -0.03922721 0.38695580 -0.03576644
v -0.03512007 0.38681757 -0.04298915
v -0.03381066 0.37783384 -0.04501693
v -0.05356359 0.30593410 0.04893764
v -0.05170086 0.30259871 0.05499367
v -0.04988758 0.29931930 0.06081821
v -0.04028980 0.29350117 0.08010592
v -0.03732736 0.29965481 0.07648569
v -0.28193310 0.11738190 0.04101421
v -0.27967662 0.12414134 0.04106505
v -0.27575198 0.13089599 0.04155896
v -0.28306460 0.13035235 0.03373340
v -0.28376925 0.13438354 0.02263354
v -0.27989322 0.14185482 0.02363695
v -0.28662536 0.12858392 0.01984250
v -0.28242961 0.13866583 0.01134637
v -0.12685597 0.27497736 0.03679270
v -0.12604386 0.28200126 0.02544390
v -0.12734696 0.28825545 0.01330244
v -0.14249238 0.29085028 0.02733633
v -0.13534373 0.29249781 0.01465757
v -0.13606954 0.28050783 0.03750235
v -0.15964739 0.29107016 0.04042466
v -0.15034039 0.29028887 0.03710464
v -0.14480807 0.27983749 0.04907575
v -0.14389125 0.28544942 0.03837160
v -0.18824066 -0.06903654 0.01287801
v -0.18561548 -0.06528598 0.02761323
v -0.18357815 -0.06821592 -0.00081267
v -0.17855209 -0.05749281 -0.00948836
v -0.18124014 -0.07414076 0.01257401
v -0.04640689 -0.05397055 0.17725928
v -0.03820225 -0.04685687 0.16899166
v -0.06510511 -0.05829049 0.15774789
v -0.07163332 -0.06863976 0.16495645
v -0.05692500 -0.05738110 0.18479353
v -0.05806988 -0.07078755 0.19071843
v -0.06353929 -0.08595888 0.18629962
v -0.08333644 -0.06783760 0.17098747
v -0.06491579 -0.06123705 0.17353061
v -0.09639874 -0.14023781 0.14236253
v -0.10970298 -0.13407877 0.14023873
v -0.06639800 -0.13048588 0.16904218
v -0.08078460 -0.15323868 0.16070305
v -0.08634147 -0.14720786 0.15056521
v -0.08523881 -0.12870207 0.15124726
v -0.06120658 -0.11466042 0.16676468
v -0.06366883 -0.10155143 0.17844009
v -0.07744068 -0.08913407 0.18100905
v -0.08807961 -0.11261315 0.16103888
v -0.07401037 -0.11892008 0.15944143
v -0.10133604 -0.07553936 0.16927733
v -0.09019120 -0.08066183 0.17761625
v -0.10202682 -0.10828663 0.16086520
v -0.09037204 -0.09794170 0.17231931
v -0.06493174 -0.17342395 0.17521885
v -0.07607040 -0.17128001 0.17092459
v -0.05869981 -0.19557020 0.17139319
v -0.06254601 -0.20525350 0.16816229
v -0.06156064 -0.18422531 0.17200466
v -0.07408646 -0.19871606 0.16603889
v -0.07745676 -0.18322590 0.16878884
v -0.07015374 -0.17981493 0.17250846
v -0.22446574 0.16070354 0.05659035
v -0.21848950 0.18101321 0.05322147
v -0.23503025 0.16248181 0.05298818
v -0.22738479 0.17159571 0.05319548
v -0.22869009 0.18230037 0.04750029
v -0.12362872 -0.12940452 0.13933243
v -0.13785589 -0.12474721 0.13689826
v -0.11314512 -0.11903456 0.15027577
v -0.11581314 -0.10306489 0.15815909
v -0.16107234 -0.11382166 0.12215909
v -0.16224506 -0.09819288 0.12452859
v -0.15055656 -0.11935682 0.13084455
v -0.14029022 -0.10853747 0.14215018
v -0.17230612 0.14947028 0.08052959
v -0.17526956 0.15618899 0.08625565
v -0.17300075 0.15229107 0.08552999
v -0.17359300 0.14295039 0.07191221
v -0.17717691 0.13654238 0.06227658
v -0.17057723 0.14168476 0.07275683
v -0.02425822 0.06960224 0.17728749
v -0.02658761 0.05451189 0.18987052
v -0.05042143 0.07853451 0.17352377
v -0.06167212 0.06622180 0.18595707
v -0.06279579 0.04709888 0.18712817
v -0.04575911 0.04198450 0.18688878
v -0.08024269 0.12853837 0.13816832
v -0.08754051 0.13093664 0.13682279
v -0.07197186 0.14419539 0.13236763
v -0.07198280 0.13527849 0.13682991
v -0.07281537 0.15262355 0.12780732
v -0.08075593 0.14492759 0.13017584
v -0.08917045 0.15704264 0.13200299
v -0.09383283 0.13364607 0.13963723
v -0.08804987 0.13868338 0.13383877
v -0.08902799 0.14734602 0.13209631
v -0.09456754 0.15042886 0.13779436
v -0.17251545 0.21364366 -0.06077490
v -0.16944601 0.20916556 -0.06513415
v -0.16345911 0.21247868 -0.06936896
v -0.17570998 0.20624407 -0.06131328
v -0.16640417 0.20398630 -0.06890696
v -0.28032053 0.13186967 -0.00336078
v -0.27505672 0.14706193 0.00427925
v -0.27841789 0.13897963 -0.00036285
v -0.27302444 0.13924539 -0.01130395
v -0.26615846 0.13630538 -0.02012742
v -0.26220918 0.14607581 -0.02087091
v -0.26843232 0.12750737 -0.02098622
v -0.25871924 0.13234921 -0.02833300
v -0.16170099 0.08357187 -0.00569796
v -0.15364574 0.08337413 -0.01455303
v -0.15540624 0.08156030 -0.01533115
v -0.18041430 0.09295952 0.00993247
v -0.17122300 0.08807501 0.00039929
v -0.16656002 0.08312538 0.00798703
v -0.16731478 0.07955505 0.00715080
v -0.17589979 0.08350950 0.01659616
v -0.15426870 0.07725609 -0.01510906
v -0.16029117 0.07922865 -0.00420585
v -0.16745213 0.07767162 0.00479108
v -0.16054147 0.06554836 -0.00831704
v -0.15075693 0.05367220 -0.03844076
v -0.14909896 0.06038138 -0.03572359
v -0.15515044 0.05422654 -0.02417347
v -0.14974654 0.07493836 -0.02485623
v -0.14643882 0.07351677 -0.03292639
v -0.14778575 0.06693860 -0.03372085
v -0.15507454 0.06986491 -0.01652208
v -0.15549970 0.06262523 -0.01941806
v -0.15127063 0.06099949 -0.02854738
v -0.16346110 0.06279785 -0.05926173
v -0.18036991 0.07305063 -0.06448305
v -0.17633122 0.10974402 -0.06629673
v -0.16673356 0.09767581 -0.06529175
v -0.17602435 0.08143839 -0.06445323
v -0.18745615 0.08796133 -0.06530645
v -0.15900865 0.06964871 -0.05873685
v -0.15524179 0.07725226 -0.05845441
v -0.15904826 0.08815726 -0.06295857
v -0.16633752 0.07515547 -0.06215380
v -0.16851874 0.08748925 -0.06445797
v -0.25107473 0.11951558 -0.03738073
v -0.24679723 0.13769960 -0.03769188
v -0.24953544 0.12834999 -0.03735115
v -0.23822334 0.12165885 -0.04580168
v -0.19918373 0.09498874 -0.06395125
v -0.19572717 0.10539090 -0.06405674
v -0.22428775 0.11226179 -0.05477637
v -0.22698763 0.12585285 -0.05176382
v -0.20077261 0.08396430 -0.06409269
v -0.21976694 0.09945957 -0.05774514
v -0.21083218 0.09902863 -0.06127600
v -0.22232449 0.08947791 0.05131243
v -0.18361646 0.07731567 0.02430089
v -0.20252824 0.07805211 0.03912224
v -0.18560688 0.08791763 0.02316496
v -0.18404862 0.08280015 0.02671137
v -0.20332894 0.08495349 0.04149089
v -0.19330937 0.08114509 0.03334973
v -0.22412872 0.09491649 0.05178016
v -0.22541499 0.09677011 0.05075128
v -0.21337825 0.08952332 0.04813978
v -0.20356220 0.08984058 0.04180578
v -0.22045781 0.20088999 0.03940357
v -0.22962539 0.19215578 0.03976782
v -0.23804706 0.18317918 0.04001265
v -0.22846033 0.20044282 0.03102387
v -0.18677720 0.15350249 0.08376227
v -0.19090001 0.14649491 0.07320355
v -0.19466211 0.18268400 0.08923229
v -0.18843880 0.16807416 0.08669689
v -0.19015087 0.16234270 0.08282741
v -0.19330123 0.15828314 0.07913496
v -0.19447914 0.17003216 0.07898074
v -0.20488584 0.13860144 0.06231102
v -0.19701670 0.14606769 0.07768726
v -0.19666453 0.15175496 0.07438107
v -0.26554945 0.13274236 0.04863893
v -0.24185082 0.15389174 0.05335207
v -0.24483028 0.16361739 0.04828017
v -0.25490499 0.14914231 0.04895928
v -0.24606952 0.17350648 0.04108314
v -0.24575372 0.18331307 0.03124788
v -0.25962391 0.15579435 0.04199098
v -0.25275505 0.16167155 0.04496682
v -0.27080619 0.13842845 0.04226266
v -0.27370214 0.14550862 0.03471195
v -0.26547703 0.14701508 0.04232571
v -0.26267272 0.16128670 0.03394172
v -0.22526503 0.09877650 0.04950026
v -0.21547359 0.09508900 0.04604615
v -0.18925539 0.09702992 0.02137419
v -0.18723555 0.09265861 0.02158691
v -0.19485310 0.09157545 0.03213852
v -0.20574862 0.09342520 0.03963271
v -0.20562819 0.09736242 0.03885097
v -0.19420068 0.10226867 0.02394382
v -0.19355254 0.09300174 0.02204095
v -0.20798376 0.10045707 0.03730882
v -0.19890399 0.09670267 0.03008888
v -0.21386831 0.10536022 0.04395977
v -0.20639996 0.10830211 0.03883611
v -0.14299330 0.08000387 -0.04652827
v -0.14729662 0.07786784 -0.05313206
v -0.14513561 0.07464568 -0.04598346
v -0.14430283 0.09438293 -0.06058656
v -0.14807895 0.08970839 -0.05958857
v -0.13761725 0.09593412 -0.06097146
v -0.14111914 0.08565845 -0.04759433
v -0.13969882 0.09037291 -0.04985100
v -0.14041294 0.09837031 -0.06294553
v -0.14151211 0.08814884 -0.05437037
v -0.22097386 0.15029962 0.05759529
v -0.21402106 0.15922326 0.05908327
v -0.22738098 0.14098720 0.05655457
v -0.21805897 0.14069927 0.05584074
v -0.17155224 0.14823946 0.08470775
v -0.16959956 0.14412501 0.07815160
v -0.16924009 0.13633627 0.06872702
v -0.18453249 0.08861113 0.00647438
v -0.18479499 0.08975256 0.00764664
v -0.18561056 0.09089340 0.00800863
v -0.18462688 0.09979337 0.01977283
v -0.18296924 0.09717493 0.01900228
v -0.13099381 0.10481812 0.12241784
v -0.13452993 0.09783096 0.12263121
v -0.14699148 0.09613708 0.10877939
v -0.14328571 0.09308130 0.11575732
v -0.12818299 0.11168543 0.12212297
v -0.13499075 0.10645110 0.11722799
v -0.17853470 0.07818411 0.02727750
v -0.17997432 0.07060302 0.02965278
v -0.17305060 0.09270210 0.04903402
v -0.17786106 0.08519925 0.02543795
v -0.18121842 0.09016436 0.02681780
v -0.17514277 0.09139166 0.03637967
v -0.14687984 0.10965182 0.10061600
v -0.14966857 0.09985936 0.10214614
v -0.15157889 0.10417194 0.09643980
v -0.14226334 0.10251305 0.11070818
v -0.13834922 0.10834010 0.11216260
v -0.14262189 0.11429894 0.10427950
v -0.13822997 0.11883872 0.10791431
v -0.13550717 0.11362825 0.11300217
v -0.14110579 0.11069684 0.10778763
v -0.15421598 -0.00565759 0.13701440
v -0.15569744 0.00886061 0.14185120
v -0.14576599 0.02181374 0.15580842
v -0.13341449 0.02055634 0.16525790
v -0.04113764 0.28861576 0.08292134
v -0.04206570 0.28305501 0.08527419
v -0.03715497 0.28546917 0.09300168
v -0.03706434 0.29533896 0.08733580
v -0.23804529 0.14416054 0.05555474
v -0.25056595 0.13843314 0.05341830
v -0.24746290 0.14519548 0.05369551
v -0.23137540 0.13458897 0.05628344
v -0.21890189 0.11319120 0.04856984
v -0.22468486 0.12667914 0.05339313
v -0.23542559 0.12589626 0.05567482
v -0.14283666 0.12324349 -0.07383281
v -0.12924996 0.12971514 -0.08770179
v -0.13352485 0.12680642 -0.07872745
v -0.13483836 0.11579660 -0.08843845
v -0.13133831 0.12286135 -0.08879478
v -0.13461894 0.10628112 -0.07545558
v -0.13546707 0.10767132 -0.08058462
v -0.13043578 0.12205058 -0.08348947
v -0.13546233 0.10452622 -0.07098915
v -0.14151640 0.11655696 -0.07276014
v -0.14052457 0.10853935 -0.06963712
v -0.13758233 0.10160428 -0.06643020
v -0.13611008 0.12088168 -0.07618973
v -0.13200037 0.12096144 -0.07927981
v -0.13315456 0.11359843 -0.07834575
v -0.12414556 0.11644101 -0.10962371
v -0.13338938 0.10451078 -0.10402483
v -0.13966331 0.11880209 -0.10303763
v -0.14201671 0.09232400 -0.09753155
v -0.14699118 0.10750017 -0.09708232
v -0.14052373 0.10596404 -0.09981429
v -0.15293053 0.10801007 -0.09521419
v -0.15393557 0.09651358 -0.09002490
v -0.20247149 0.22139189 -0.02822578
v -0.19687070 0.22701095 -0.02835134
v -0.20296112 0.22750723 -0.02034795
v -0.19073240 0.22619368 -0.03635196
v -0.19061133 0.23245820 -0.02951606
v -0.20883451 0.22545296 -0.01125669
v -0.20201141 0.23209947 -0.01084229
v -0.21532664 0.21887995 -0.01242162
v -0.21434854 0.22281872 -0.00256721
v -0.22680186 0.20828186 0.02246754
v -0.23503849 0.19997041 0.02133182
v -0.22700191 0.21219194 0.00393520
v -0.21828173 0.21616247 0.02408777
v -0.21167129 0.22657710 0.00756632
v -0.21931803 0.21929839 0.00596384
v -0.22333750 0.21338308 0.01395759
v -0.17199309 -0.19316658 -0.03978758
v -0.17689870 -0.19187845 -0.03176080
v -0.17948937 -0.19028974 -0.02320549
v -0.17959774 -0.14084084 0.06953144
v -0.17533796 -0.13487324 0.05699902
v -0.17439839 -0.13758355 0.04445986
v -0.17934304 -0.14884603 0.08187495
v -0.16933936 -0.15623337 0.08985391
v -0.16293335 -0.16601531 0.08383406
v -0.18233448 -0.15051140 0.06874948
v -0.15925905 -0.22723702 0.10038981
v -0.15269814 -0.23930877 0.10580549
v -0.18307298 -0.18941139 -0.01319931
v -0.18506825 -0.19259650 -0.00159594
v -0.18613762 -0.18749106 0.01048658
v -0.17328256 -0.07874721 0.11552433
v -0.18126605 -0.07470901 0.10320532
v -0.18726830 -0.06753249 0.07438286
v -0.18518277 -0.07100609 0.08921006
v -0.17464715 -0.07882895 0.09858562
v -0.18076658 -0.02620048 0.09448662
v -0.17416027 -0.02986171 0.10817316
v -0.17552577 -0.02267297 0.07991885
v -0.17488293 -0.03645137 0.07691888
v -0.17344573 -0.06794650 0.04024328
v -0.17448011 -0.05049178 0.07418288
v -0.17389677 -0.04562594 0.05900521
v -0.17670085 -0.08339494 0.08362170
v -0.18030423 -0.05479538 0.08826552
v -0.17373534 -0.06458742 0.07165617
v -0.17817388 -0.02762331 -0.02801047
v -0.17100711 -0.03595625 -0.02848983
v -0.17665622 -0.02731312 -0.00070670
v -0.16935058 -0.04787892 -0.02771672
v -0.18006884 -0.03931645 -0.00191118
v -0.17425546 -0.03756588 -0.01451703
v -0.17895031 -0.05390898 0.00328505
v -0.18997653 -0.03224732 0.00372751
v -0.18654175 -0.04295627 -0.01201949
v -0.18248273 -0.06261870 -0.02082530
v -0.17781675 -0.06562223 -0.03326765
v -0.17308533 -0.06128655 -0.01008764
v -0.18142372 -0.05754996 -0.02273829
v -0.17912430 -0.05232424 -0.01087426
v -0.17154856 -0.07069795 -0.04508504
v -0.16357572 -0.07605387 -0.05477548
v -0.15735330 -0.06727483 -0.05176276
v -0.16342215 -0.05767273 -0.04045498
v -0.16947904 -0.06059775 -0.02738822
v -0.17343165 -0.07170399 -0.02977067
v -0.07027845 -0.02412996 -0.11195669
v -0.09984147 -0.02075705 -0.10472859
v -0.10199859 -0.00460733 -0.10646220
v -0.11487234 -0.01162451 -0.09997706
v -0.08451997 0.01499044 -0.11850125
v -0.08850514 0.00274151 -0.11172496
v -0.10385008 0.01222059 -0.10636149
v -0.18886779 0.10268312 0.00790983
v -0.17698120 0.09247480 -0.00941073
v -0.18351443 0.10036026 0.00437189
v -0.17399949 0.09209657 -0.02208292
v -0.16660580 0.14460069 -0.10661535
v -0.17151901 0.13246024 -0.10222553
v -0.17557766 0.12156536 -0.09719388
v -0.17070258 0.12605946 -0.09957307
v -0.22794443 0.20804918 -0.00725028
v -0.23405923 0.20411734 0.00112749
v -0.24287367 0.19134647 0.02038858
v -0.25150186 0.18177779 0.02087677
v -0.23925331 0.19799389 0.01044417
v -0.24129629 0.19487821 -0.00125616
v -0.21102522 0.12140088 0.04547286
v -0.21221763 0.11635627 0.04616250
v -0.21613525 0.12522234 0.05060187
v -0.21934032 0.11994909 0.05005839
v -0.19910024 0.22083139 0.05274216
v -0.21096145 0.19946587 0.04657706
v -0.21189366 0.20887685 0.03965093
v -0.20793582 0.17833495 0.05821977
v -0.20972444 0.18976365 0.05286624
v -0.19996068 0.19831935 0.05305069
v -0.19440578 0.21764389 0.05560405
v -0.20463407 0.21168260 0.05428230
v -0.20536351 0.20037363 0.05518571
v -0.18075603 -0.19727731 0.06254685
v -0.17207424 -0.21604496 0.08695778
v -0.16850838 -0.21729809 0.08812085
v -0.18363613 -0.18736790 0.04810314
v -0.18494263 -0.18227200 0.03538624
v -0.18301249 -0.19758750 0.05742157
v -0.17926846 -0.21140651 0.07958341
v -0.18281138 -0.21216768 0.06717353
v -0.18348537 -0.19991627 0.05495106
v -0.10365026 0.26479784 0.05023967
v -0.10265028 0.27466440 0.04098560
v -0.11505934 0.27320778 0.03815621
v -0.12827343 0.26821971 0.04733282
v -0.18043461 0.12947431 0.05272765
v -0.18364662 0.12980393 0.05363343
v -0.18420388 0.10953958 0.03137600
v -0.18217777 0.10860425 0.03149689
v -0.18729481 0.12903331 0.05403569
v -0.18689646 0.10959090 0.03059845
v -0.19060677 0.10817885 0.02843092
v -0.18552171 0.11895888 0.04352569
v -0.20288856 0.13351321 0.05832043
v -0.20732686 0.12911749 0.05043385
v -0.20892033 0.14137100 0.05613939
v -0.21448565 0.13317700 0.05328136
v -0.21091837 0.12816989 0.04991966
v -0.24127987 0.14699322 -0.03958346
v -0.23319617 0.13846964 -0.04714327
v -0.21905318 0.13255298 -0.05480579
v -0.25525406 0.15665062 -0.02275668
v -0.24950016 0.15276381 -0.03169537
v -0.23460051 0.15722851 -0.04249235
v -0.20293422 0.11283004 0.04351410
v -0.20113942 0.10898982 0.02983418
v -0.19718748 0.10716955 0.02567031
v -0.20093091 0.10925256 0.03320132
v -0.20964234 0.11162309 0.03937255
v -0.20699666 0.11563219 0.04579471
v -0.19166344 0.13890769 0.06420197
v -0.19577163 0.14413662 0.07184327
v -0.20002750 0.14062379 0.06913120
v -0.19253331 0.12863243 0.05408617
v -0.20327727 0.12372106 0.04677319
v -0.20265113 0.13108814 0.05703992
v -0.20288070 0.13616078 0.06354796
v -0.20070711 0.13350482 0.06036683
v -0.16133177 0.05032301 -0.05757316
v -0.16709064 0.05378168 -0.06239664
v -0.15413862 0.04683810 -0.04638852
v -0.15695886 0.04823583 -0.05179352
v -0.16019538 0.03939724 -0.05705783
v -0.15278555 0.04609479 -0.04129764
v -0.15320499 0.04596891 -0.03629770
v -0.15552184 0.03682629 -0.04546856
v -0.15721628 0.04800600 -0.01986888
v -0.15526602 0.04577550 -0.03046156
v -0.15558946 0.03719760 -0.03389165
v -0.19106469 0.06625606 0.02867734
v -0.21143630 0.07532684 0.04544691
v -0.20242327 0.06944342 0.03701448
v -0.20138180 0.06081127 0.03407025
v -0.23082870 0.08979132 0.05444841
v -0.21975085 0.08411625 0.05091229
v -0.21732309 0.07927175 0.05089874
v -0.25868309 0.09961858 0.05327766
v -0.24355245 0.09459843 0.05406613
v -0.23905319 0.09082185 0.05480019
v -0.23666245 0.08614022 0.05562777
v -0.24949142 0.09216333 0.05551638
v -0.21576518 0.07566251 0.05130049
v -0.22694159 0.08058611 0.05505564
v -0.28798494 0.11959413 0.02947826
v -0.28815541 0.12495004 0.01433505
v -0.28518963 0.12538064 0.00377484
v -0.28192896 0.12500200 -0.00586863
v -0.28806251 0.12113457 0.00938650
v -0.27653256 0.12224795 -0.01445116
v -0.26950806 0.11899077 -0.02266629
v -0.28256473 0.11854244 -0.00965613
v -0.27305880 0.12032838 0.02812660
v -0.23886570 0.10585004 -0.04574369
v -0.23215273 0.09801313 -0.04830026
v -0.26091525 0.11646256 -0.03075658
v -0.25222459 0.11213592 -0.03708301
v -0.26927495 0.11164795 -0.02594450
v -0.25223500 0.10491011 -0.03817483
v -0.22276759 0.09813537 -0.05506228
v -0.21094862 0.08482044 -0.06193690
v -0.22147188 0.09697764 -0.05379668
v -0.22165000 0.09272525 -0.05379059
v -0.21203539 0.08680250 -0.05906338
v -0.26954758 0.10332440 0.04981438
v -0.27773562 0.10869598 0.04746711
v -0.28295270 0.11122448 0.04241225
v -0.26751423 0.09887253 0.05088349
v -0.28182951 0.10874473 0.04319591
v -0.20268178 0.08072267 -0.06320356
v -0.19227639 0.06918047 -0.06524428
v -0.20157552 0.07403476 -0.06452066
v -0.20364496 0.06772000 -0.06527600
v -0.17454413 0.05854362 -0.06470642
v -0.18302912 0.06392356 -0.06544312
v -0.17057791 0.04583136 -0.06652003
v -0.18656036 0.05591698 -0.06775185
v -0.16282406 0.05270775 -0.00475409
v -0.15443400 0.04588573 -0.01262829
v -0.17975205 0.05182930 0.01408087
v -0.14924464 0.04015822 -0.01774618
v -0.15383968 0.04234150 -0.00958857
v -0.17487246 0.07413293 0.01399974
v -0.16678938 0.06987610 0.00307069
v -0.16589695 0.06147623 0.00007725
v -0.18261889 0.07035750 0.02177513
v -0.18133974 0.06193875 0.01867529
v -0.17294848 0.05731931 0.00892301
v -0.02252319 0.28799272 -0.09829167
v -0.02236773 0.29851010 -0.09493055
v -0.03101736 0.27910542 -0.09758839
v -0.02637091 0.27852684 -0.09938640
v -0.02534391 0.29892319 -0.09317381
v -0.18173537 0.05371664 0.03571064
v -0.18058020 0.06245968 0.03203838
v -0.18030562 0.06179645 0.05116374
v -0.17515193 0.07875523 0.05769126
v -0.17380956 0.08614138 0.05276665
v -0.17738260 0.07802664 0.04153228
v -0.17747924 0.02761519 0.10947391
v -0.17201112 0.03871235 0.12434155
v -0.16880298 0.05221613 0.12107520
v -0.17103770 0.05436946 0.10847724
v -0.18639071 0.04938903 0.07336210
v -0.19026785 0.03445147 0.07025089
v -0.17620543 0.06072984 0.08489918
v -0.17154610 0.05704518 0.09586313
v -0.17555344 0.04315409 0.09753630
v -0.17522277 0.12285841 0.04891110
v -0.18167372 0.10262576 0.02981141
v -0.17801857 0.12858823 0.05163749
v -0.17645919 0.12625757 0.04957164
v -0.18033911 0.10539015 0.03012823
v -0.18081449 0.10641561 0.03193481
v -0.18054760 0.11821457 0.04233317
v -0.17717436 0.11363628 0.04128316
v -0.20032606 0.10703303 0.02195329
v -0.19498764 0.10778897 0.02607594
v -0.19489194 0.11765441 0.04146052
v -0.19865885 0.12661290 0.05257610
v -0.20347896 0.12366275 0.04863485
v -0.20406133 0.10542844 0.01503019
v -0.20254228 0.10260779 0.00500569
v -0.20343387 0.11496415 0.03371298
v -0.20527001 0.11930743 0.04181664
v -0.20455687 0.11349396 0.03423853
v -0.16879332 0.10557053 0.05551922
v -0.17224127 0.09846392 0.04630675
v -0.17124537 0.10320907 0.04429088
v -0.06295066 -0.16324714 0.17853846
v -0.06084286 -0.15221140 0.18058230
v -0.06372030 -0.14141178 0.17731324
v -0.07638922 -0.15902478 0.16912708
v -0.07212584 -0.14511219 0.16878755
v -0.07068601 -0.16499320 0.17462924
v 0.01714140 -0.13761529 -0.10750230
v 0.01646568 -0.12414531 -0.11708594
v -0.01777274 -0.12896040 -0.10704204
v 0.02115238 -0.15283716 -0.12000745
v 0.01808352 -0.15075339 -0.11063791
v -0.01869324 -0.14284968 -0.11073935
v -0.00178829 -0.14186230 -0.10812388
v -0.03417019 -0.13992190 -0.11433241
v -0.01663762 -0.14363286 -0.12032675
v 0.02658411 -0.14602450 -0.12430662
v 0.02806816 -0.15891771 -0.12764521
v 0.00392132 -0.14330035 -0.12197576
v -0.01288839 -0.13967365 -0.12801659
v -0.15703399 -0.17753004 -0.04169185
v -0.15288298 -0.16813438 -0.03997196
v -0.13649212 -0.18034661 -0.05981126
v -0.15392330 -0.15781845 -0.04241443
v -0.14231648 -0.16287756 -0.04776940
v -0.12394717 -0.17339700 -0.06787930
v -0.13295104 -0.16871233 -0.05714665
v -0.13144955 -0.15665568 -0.05539354
v -0.15399657 -0.14086255 -0.04553480
v -0.14512883 -0.13986079 -0.05435412
v -0.15378313 -0.13309711 -0.04631769
v -0.16172075 -0.15349835 -0.03292743
v -0.15636170 -0.14821684 -0.04157770
v -0.15611787 -0.14268611 -0.03283254
v -0.17090341 -0.15727136 -0.00954092
v -0.16665763 -0.15590146 -0.02116396
v -0.16289482 -0.15017317 -0.02076866
v -0.16079821 -0.13803455 -0.02274985
v -0.15875076 -0.14530155 -0.02071849
v -0.16338702 -0.14727284 -0.00894609
v -0.17451806 -0.15926236 0.00168121
v -0.17758009 -0.16217001 0.01279896
v -0.17337158 -0.15349418 0.00178533
v -0.16963568 -0.14894597 0.00196419
v -0.16592446 -0.14441481 0.00159235
v -0.17594048 -0.15148175 0.01273961
v -0.17994264 -0.17172913 0.03444647
v -0.17932072 -0.16642307 0.02364260
v -0.17907053 -0.16177028 0.02411736
v -0.17807925 -0.18552427 0.05577953
v -0.18043904 -0.17785080 0.04515836
v -0.17863584 -0.17475423 0.04529645
v -0.17820756 -0.19655751 0.06581395
v -0.17636916 -0.19574396 0.06695696
v -0.16669358 -0.21619247 0.08812270
v -0.17416905 -0.20672548 0.07641051
v -0.15850517 -0.22538798 0.09678110
v -0.16538386 -0.21439974 0.08787534
v -0.17529105 -0.19409585 0.06686132
v -0.17439106 -0.19134672 0.06667156
v -0.17058732 -0.20376496 0.07743517
v -0.16483977 -0.21175230 0.08689646
v -0.13862908 -0.25314283 0.11430560
v -0.13218558 -0.25526994 0.11871901
v -0.14486009 -0.24738818 0.11024463
v -0.15157491 -0.23638786 0.10432923
v -0.15042490 -0.23315562 0.10345429
v -0.13641369 -0.24997109 0.11381637
v -0.07613325 -0.27760565 0.14331129
v -0.07283878 -0.27690625 0.14401515
v -0.08873148 -0.27432010 0.13949434
v -0.09599707 -0.27153659 0.13594618
v -0.11042918 -0.26705557 0.12947990
v -0.12447780 -0.26057494 0.12295564
v -0.12147337 -0.25960979 0.12292512
v -0.09781224 -0.27068686 0.13407154
v -0.10568316 0.25491044 0.05813034
v -0.10933068 0.24773504 0.06668293
v -0.11965275 0.24822341 0.07859205
v -0.12978756 0.25140271 0.07905588
v -0.11899991 0.25611120 0.05665692
v -0.04343757 0.34103316 -0.00807569
v -0.04840069 0.33388099 -0.01055181
v -0.05401848 0.32703027 -0.01284268
v -0.04880836 0.33144096 -0.02005376
v -0.07332050 0.31093770 0.00194789
v -0.06478450 0.31662950 0.00298636
v -0.05964539 0.32210103 -0.00500267
v -0.07508709 0.31129315 -0.00926283
v -0.06063131 0.32196575 -0.01524132
v -0.08302837 0.26383877 -0.09093666
v -0.08994372 0.26364419 -0.08994948
v -0.08873712 0.27075833 -0.08143299
v -0.08834632 0.28503105 -0.06374257
v -0.08813132 0.27753732 -0.07246111
v -0.08059084 0.27865571 -0.07408318
v -0.05678233 0.28709048 -0.07316653
v -0.07321026 0.27872473 -0.07577147
v -0.07148403 0.28613558 -0.06767869
v -0.07588642 0.26336363 -0.09208004
v -0.06104718 0.27083331 -0.08822637
v -0.05891567 0.27907801 -0.08058947
v -0.06918631 0.26299486 -0.09390019
v -0.07449022 0.27124614 -0.08406464
v -0.06583717 0.27900344 -0.07805891
v -0.03901386 0.34980845 -0.03098592
v -0.04077561 0.34107760 -0.02175782
v -0.03924960 0.35577548 -0.02642580
v -0.03949859 0.36142290 -0.02397486
v -0.03917390 0.35180849 -0.02275613
v -0.04377920 0.33350962 -0.02521840
v -0.04746176 0.32649246 -0.02941043
v -0.04058865 0.33766866 -0.03071663
v -0.03395189 0.35955250 -0.04783285
v -0.03584766 0.35368428 -0.04561983
v -0.03070569 0.35969999 -0.05284739
v -0.03747474 0.34866199 -0.04120908
v -0.03877272 0.34317049 -0.03624661
v -0.03914259 0.33647621 -0.04133331
v -0.03487314 0.34496441 -0.05044190
v -0.14406452 0.30057529 -0.00342672
v -0.13333906 0.30265009 -0.00436465
v -0.11778595 0.28212911 -0.04736695
v -0.12923680 0.29232565 -0.02607671
v -0.13780513 0.28607148 -0.02223340
v -0.13142924 0.28221533 -0.03346051
v -0.15413596 0.29572552 -0.00202528
v -0.14572099 0.29027939 -0.01176840
v -0.14650728 0.28567016 -0.02177855
v -0.10427591 0.25497508 -0.09555037
v -0.10968097 0.26110077 -0.08690684
v -0.10303679 0.26202548 -0.08781505
v -0.10914484 0.23888208 -0.10749245
v -0.10676335 0.24757214 -0.10252932
v -0.11236872 0.24681336 -0.10143451
v -0.11781179 0.24568580 -0.09960642
v -0.11964628 0.23782235 -0.10485845
v -0.11593647 0.25946617 -0.08480287
v -0.11623688 0.25256383 -0.09240466
v -0.12296933 0.24436514 -0.09764674
v -0.16975257 0.25559980 0.01955455
v -0.16461346 0.26007438 -0.00312970
v -0.17215995 0.25586399 0.00194703
v -0.16848351 0.25977674 -0.00980154
v -0.17826578 0.24797128 0.02192279
v -0.18510836 0.24729398 0.02685213
v -0.17450015 0.25517765 0.01307499
v -0.17957081 0.25400060 0.00625906
v -0.11643535 0.26557893 -0.07583299
v -0.11846741 0.27096975 -0.06614917
v -0.12181239 0.25789714 -0.08250098
v -0.09085955 0.14043444 -0.12033390
v -0.10408000 0.13127054 -0.11686554
v -0.11587453 0.12812552 -0.11386853
v -0.12458556 0.12852111 -0.11075240
v -0.10824408 0.13933861 -0.11668289
v -0.13930628 0.13012981 -0.10670905
v -0.13235442 0.12935723 -0.10856462
v -0.12557584 0.14007191 -0.11318504
v -0.16162111 0.15616922 -0.10969837
v -0.16135985 0.14965798 -0.10878130
v -0.15983199 0.14370902 -0.10728244
v -0.15459524 0.15621476 -0.11144250
v -0.16445558 0.13168806 -0.10273261
v -0.16858271 0.12060206 -0.09740377
v -0.15713201 0.13870010 -0.10577847
v -0.15927589 0.16449408 -0.11068408
v -0.15685311 0.16743888 -0.11190297
v -0.15454401 0.16935302 -0.11058846
v -0.15797065 0.16612154 -0.11056861
v -0.15477890 0.17541316 -0.11114630
v -0.20188151 0.18251272 0.07717215
v -0.19784616 0.17440429 0.07377167
v -0.20231761 0.18760297 0.06266097
v -0.20650266 0.19957152 0.06492679
v -0.18938054 0.19486097 0.08331335
v -0.19870968 0.18913905 0.08022869
v -0.19640270 0.20465745 0.06682000
v -0.20215043 0.19467568 0.07096162
v -0.18592393 0.22156712 0.04918534
v -0.18773308 0.23314422 0.05449006
v -0.19158125 0.21362165 0.05640598
v -0.18676783 0.20969218 0.06236544
v -0.15014555 0.17118971 -0.11071952
v -0.14876193 0.17821835 -0.11036406
v -0.13831712 0.17665407 -0.10773851
v -0.15205838 0.16425787 -0.11145875
v -0.15486708 0.15602770 -0.11203414
v -0.13849542 0.17065470 -0.10858086
v -0.14456059 0.17155817 -0.11058735
v -0.13378219 0.16789176 -0.10422220
v -0.13908207 0.16401881 -0.10919257
v -0.11028582 0.29549786 -0.02079590
v -0.11975298 0.29444176 -0.00953407
v -0.12467190 0.29962632 -0.00638996
v -0.12621638 0.30157086 -0.01750934
v -0.11998028 0.29839346 -0.03030458
v -0.16573590 0.26038766 -0.02226441
v -0.17220417 0.25589931 -0.01811111
v -0.16026284 0.26301578 -0.02674149
v -0.16255219 0.26064843 -0.03466195
v -0.16148746 0.25818044 -0.04330758
v -0.15750051 0.26376200 -0.04588518
v -0.16640289 0.25344247 -0.03864450
v -0.15923479 0.25357544 -0.04996524
v -0.15442482 0.24987191 -0.06041396
v -0.15920052 0.24659429 -0.05614301
v -0.14985144 0.25175911 -0.06476469
v -0.15093169 0.24409077 -0.06980062
v -0.14473125 0.23998947 -0.08141413
v -0.15176354 0.23651269 -0.07394381
v -0.14815885 0.23877940 -0.07827905
v -0.14575695 0.23324481 -0.08419271
v -0.13492213 0.17994891 -0.10326466
v -0.13837212 0.18268479 -0.10679152
v -0.14737260 0.18490490 -0.10986465
v -0.14327304 0.18390971 -0.10896654
v -0.13864572 0.18831924 -0.10588700
v -0.20165429 0.22350137 0.03891984
v -0.19693445 0.22952251 0.03357089
v -0.21103512 0.21656364 0.03299001
v -0.21089010 0.22632819 0.02700817
v -0.20775278 0.22183165 0.04485032
v -0.16011176 0.26687098 0.02215315
v -0.17439280 0.28736523 0.02766051
v -0.16752641 0.27475715 0.01857741
v -0.16680358 0.26835275 0.02928361
v -0.16157469 0.30003986 0.00855843
v -0.16931120 0.29500344 0.01826503
v -0.16150349 0.29749149 -0.00262921
v -0.16779743 0.28052714 0.00758515
v -0.17340901 0.28381732 0.01671208
v -0.18279792 0.09157488 -0.04754351
v -0.19020489 0.09383541 -0.02677409
v -0.17252751 0.09316769 -0.03730261
v -0.18073569 0.09491606 -0.01889301
v -0.19648063 0.09942967 -0.00518995
v -0.19882254 0.11022791 0.02438100
v -0.19561620 0.10625544 0.01526896
v -0.18797195 0.10039564 -0.00156583
v -0.20163037 0.10697570 0.01501557
v -0.18871091 0.09697812 -0.01287785
v -0.17536250 0.09146265 -0.06567826
v -0.15633203 0.09362116 -0.06477962
v -0.16723786 0.09458563 -0.07982717
v -0.16420943 0.09412833 -0.05295876
v -0.17321342 0.09219712 -0.05166310
v -0.16353585 0.12157897 -0.10895791
v -0.15542488 0.13132174 -0.11147943
v -0.18034816 0.11649034 -0.10177071
v -0.17686753 0.11561516 -0.10457461
v -0.15251310 0.10859116 -0.09675650
v -0.14422588 0.10880817 -0.09146191
v -0.14988062 0.09625912 -0.07373714
v -0.14372535 0.10131031 -0.08105738
v -0.15976338 0.10079150 -0.09034760
v -0.15715493 0.09605928 -0.07823086
v -0.20673764 0.14014228 0.06045473
v -0.19851673 0.15606318 0.06915783
v -0.20035613 0.14575808 0.06901366
v -0.20425667 0.14992501 0.06072687
v -0.20246309 0.14140648 0.06069604
v -0.20504570 0.16757725 0.06140435
v -0.19779445 0.16565196 0.06988831
v -0.20474243 0.15838964 0.06356303
v -0.19683991 0.17592585 0.06526242
v -0.20035508 0.17636640 0.07052372
v -0.19969928 0.15710737 0.06576172
v -0.15879694 0.25242907 0.04275076
v -0.16458799 0.26182455 0.04001905
v -0.17057760 0.26985237 0.03766194
v -0.16211426 0.25412908 0.05029303
v -0.19369127 0.23715910 0.02669673
v -0.20431554 0.23349358 0.00883837
v -0.20779297 0.23064741 0.01805798
v -0.19141194 0.24524976 0.01858947
v -0.20311445 0.23001309 0.02679846
v -0.19503519 0.23874123 -0.01107952
v -0.20013934 0.23706235 -0.00084751
v -0.18424983 0.24995910 -0.00269529
v -0.18851621 0.24602413 0.00827879
v -0.19671734 0.24227974 0.00944973
v -0.13241944 0.16014674 -0.08854603
v -0.13451998 0.16640244 -0.08868514
v -0.13258812 0.16951193 -0.09883962
v -0.13146991 0.16350253 -0.09865358
v -0.13059092 0.15429895 -0.08806489
v -0.13074544 0.15738793 -0.09801307
v -0.13048802 0.15841466 -0.09287371
v -0.13164726 0.15103446 -0.08434191
v -0.13375051 0.14825112 -0.08154085
v -0.12948965 0.14881913 -0.08721516
v -0.17641163 0.12600295 -0.10155172
v -0.16961026 0.13578902 -0.10760530
v -0.18131162 0.11564018 -0.09844227
v -0.17369084 0.12614515 -0.10709774
v -0.15885814 0.14693835 -0.11203432
v -0.14694916 0.14098692 -0.11138988
v -0.14769720 0.15708157 -0.11223636
v -0.13953522 0.15703617 -0.10952412
v -0.16074306 0.13547854 -0.11228561
v -0.16563275 0.13672137 -0.11063530
v -0.15999994 0.29394132 -0.01351835
v -0.16008128 0.27844813 -0.00054428
v -0.16712515 0.28716215 -0.00336240
v -0.18932970 0.24001060 -0.02198225
v -0.18397047 0.23807913 -0.03130697
v -0.17955303 0.25095177 -0.01469733
v -0.17363502 0.25268769 -0.02743595
v -0.17174782 0.24864569 -0.03565099
v -0.18744835 0.24493122 -0.01235771
v -0.17851213 0.23589222 -0.04033522
v -0.16916770 0.24450783 -0.04354192
v -0.17653842 0.24251835 -0.03579899
v -0.14318290 0.24681957 -0.07677764
v -0.14148168 0.24103099 -0.08455694
v -0.14836118 0.26033574 -0.06086902
v -0.14559805 0.25316471 -0.06858297
v -0.14167735 0.25391096 -0.07161961
v -0.12878834 0.26324975 -0.07187717
v -0.13739564 0.25456655 -0.07448885
v -0.13942812 0.26160705 -0.06690584
v -0.12681930 0.24984498 -0.08758621
v -0.12745813 0.25665170 -0.07987129
v -0.13592476 0.24802282 -0.08221196
v -0.13282388 0.25538984 -0.07723875
v -0.16101620 0.22075118 -0.06808638
v -0.15559646 0.23358795 -0.06955718
v -0.15075690 0.22934252 -0.07701385
v -0.15771256 0.21593460 -0.07340877
v -0.15466474 0.21043934 -0.07769287
v -0.15243363 0.21955107 -0.07751642
v -0.12841675 0.23593242 -0.10062654
v -0.12744594 0.24331145 -0.09505989
v -0.13163386 0.24238077 -0.09241104
v -0.13997409 0.23479056 -0.09064101
v -0.13858229 0.24136434 -0.08722821
v -0.13544685 0.24193911 -0.08979958
v -0.13534021 0.23508568 -0.09570924
v -0.13684201 0.17264251 -0.08828017
v -0.13357693 0.17581809 -0.09868180
v -0.13485210 0.18194090 -0.09798905
v -0.13355474 0.17085397 -0.09337508
v -0.17004243 0.28923157 0.03965294
v -0.16240151 0.28553939 0.05067904
v -0.17518172 0.27895316 0.03688783
v -0.17228849 0.27081555 0.04650544
v -0.17049348 0.25748283 0.07158348
v -0.16654649 0.24983838 0.07149778
v -0.16834939 0.26270401 0.05607821
v -0.17289852 0.27013481 0.05465866
v -0.15893735 0.26290572 0.07449482
v -0.14553961 0.27277878 0.05856169
v -0.15415823 0.27839515 0.05667084
v -0.16464648 0.27818823 0.05932513
v -0.16822444 0.26886255 0.06618797
v -0.15997134 0.22152989 0.07267183
v -0.17081490 0.21711253 0.07741225
v -0.16182871 0.23148885 0.05601731
v -0.15711704 0.23352006 0.07566131
v -0.16197377 0.24210145 0.07270992
v -0.15966257 0.24385837 0.05856733
v -0.16391288 0.25393650 0.05730077
v -0.16505857 0.25236025 0.06430082
v -0.15729956 0.23227932 0.06617717
v -0.16833107 0.20805846 0.07062562
v -0.17972036 0.20102856 0.07775549
v -0.18223669 0.20564717 0.07081838
v -0.17637073 0.21559969 0.06021699
v -0.17542985 0.22127627 0.07135975
v -0.14923105 0.25853169 0.07849699
v -0.13957405 0.25486833 0.07923376
v -0.13704416 0.26750189 0.05841371
v -0.12882382 0.26163909 0.05763034
v -0.13008797 0.25530034 0.06760866
v -0.14730564 0.26523322 0.06779291
v -0.12891185 0.13511424 -0.08223049
v -0.12967078 0.14167681 -0.08251225
v -0.13703065 0.13007826 -0.07717074
v -0.13216558 0.13174067 -0.07961080
v -0.13194789 0.13601999 -0.07950069
v -0.13668935 0.14636499 -0.07898518
v -0.13270609 0.14388105 -0.08056984
v -0.13216943 0.13986050 -0.07972900
v -0.13633825 0.13853189 -0.07748349
v -0.18410587 0.12518710 -0.06592814
v -0.19019064 0.11522148 -0.06509772
v -0.20462240 0.12363358 -0.06101815
v -0.21219051 0.14092368 -0.05700186
v -0.02041116 0.25030482 0.08803291
v -0.01760195 0.25764221 0.08929592
v -0.02714907 0.24550615 0.10465945
v -0.02510779 0.25339603 0.10558840
v -0.02281668 0.24209510 0.08738773
v -0.02388911 0.23308448 0.08828402
v -0.03071501 0.23771654 0.10349704
v -0.03524759 0.22985511 0.10252851
v -0.02585291 0.24391818 0.09556892
v -0.23529088 0.10278796 0.05261389
v -0.24470142 0.10791308 0.05426459
v -0.22249094 0.10334488 0.04922479
v -0.22203012 0.10804244 0.04877483
v -0.22936343 0.11384889 0.05236348
v -0.25337189 0.11474392 0.05418285
v -0.26066390 0.12266754 0.05244907
v -0.25597957 0.13002160 0.05307110
v -0.24513265 0.12933862 0.05501533
v -0.23938102 0.12001215 0.05523217
v -0.24046361 0.11301847 0.05497675
v -0.27439499 0.15097511 0.02409176
v -0.27438495 0.15341178 0.01283224
v -0.26678768 0.15830623 -0.00042699
v -0.26007864 0.17070554 0.02251996
v -0.26799190 0.15898617 0.02654789
v -0.25557125 0.17882863 0.00988375
v -0.25897780 0.16365498 -0.01379225
v -0.24076632 0.19109789 -0.01348177
v -0.24918628 0.18436006 -0.00297725
v -0.24694599 0.16965477 -0.02617431
v -0.25783879 0.17178117 -0.00245730
v -0.11840567 -0.07456355 0.14698076
v -0.10976039 -0.07429575 0.15792346
v -0.11675328 -0.08666417 0.16331880
v -0.12916005 -0.09776485 0.15296964
v -0.14091098 -0.09240077 0.14518024
v -0.13278949 -0.05029295 -0.08060260
v -0.14509210 -0.02803273 -0.07333710
v -0.14335704 -0.04069250 -0.07134594
v -0.12560719 -0.03329494 -0.09373180
v -0.14826564 -0.01601453 -0.07516011
v -0.12625539 -0.01783885 -0.09178238
v -0.12893701 -0.00414452 -0.09396246
v -0.13711430 -0.02386189 -0.08447394
v -0.04165938 0.02097577 -0.11822590
v -0.05499265 0.01276341 -0.12035111
v -0.03567263 -0.01517208 -0.13497290
v -0.06848187 0.00613787 -0.12462740
v -0.05677666 -0.01709858 -0.11557858
v -0.04775059 -0.01992687 -0.12615496
v -0.07214126 -0.00667275 -0.11474729
v -0.08169981 -0.00280712 -0.12233850
v -0.05229267 -0.00399942 -0.13145563
v -0.17748322 -0.06333132 0.02574815
v -0.18674621 -0.06152629 0.01338836
v -0.18167539 -0.04281899 0.04605390
v -0.17550336 -0.05442594 0.04211238
v -0.19062053 -0.04890970 0.01584143
v -0.18565761 -0.03061567 0.05004708
v -0.19324490 -0.02351409 0.02126290
v -0.19178027 -0.03610840 0.01823896
v -0.18891113 -0.04014277 0.03289195
v -0.15911993 -0.08037642 0.10586159
v -0.16718310 -0.08292317 0.09402386
v -0.16509400 -0.06992747 0.09072165
v -0.16200323 -0.03193118 0.11708969
v -0.17207238 -0.04388206 0.10364212
v -0.16881336 -0.05730255 0.09775547
v -0.15524857 -0.05780754 0.10346070
v -0.18706146 -0.06453638 0.05894352
v -0.18627766 -0.06365543 0.04318844
v -0.18270151 -0.07187736 0.04301615
v -0.18285924 -0.07464920 0.07104187
v -0.17146464 -0.07297923 0.05479305
v -0.17432952 -0.07857780 0.06915321
v -0.09098253 -0.07423321 -0.11733835
v -0.07460302 -0.05895910 -0.11972641
v -0.12750906 -0.07042942 -0.09452230
v -0.11826747 -0.07602902 -0.11144492
v -0.10467640 -0.07556941 -0.11476372
v -0.12063999 -0.07506086 -0.08802880
v -0.10168918 -0.06194842 -0.10715774
v -0.12101076 -0.06099164 -0.08878584
v -0.11091118 -0.04266657 -0.09913680
v -0.12169457 -0.04609690 -0.08956068
v -0.09494469 -0.06856503 -0.10100203
v -0.10775284 -0.07216227 -0.09465466
v -0.06815122 -0.05899747 -0.10670060
v -0.06879798 -0.04159638 -0.10924219
v -0.08393598 -0.03083535 -0.10776778
v -0.09764817 -0.03675982 -0.10308417
v -0.08153535 -0.06423710 -0.10366049
v -0.09568690 -0.05273106 -0.10115593
v 0.00737677 0.00405715 -0.13187402
v 0.00624243 0.02211520 -0.12547874
v -0.01071889 0.03469765 -0.12214682
v -0.02692297 0.02844195 -0.11962378
v -0.02503972 0.00908589 -0.12481043
v 0.01400035 -0.02953083 -0.14506701
v 0.01101240 -0.01007123 -0.14612021
v -0.01813686 -0.02568063 -0.13645929
v -0.02180346 -0.00706014 -0.13707459
v -0.00705834 -0.00049443 -0.13541575
v -0.18459170 0.00390207 0.01781938
v -0.17879455 0.00690630 0.03175349
v -0.17735560 -0.01654881 0.01433049
v -0.17745104 -0.01563870 -0.00005941
v -0.17674741 0.00291354 -0.00905834
v -0.18086606 0.00318600 0.00424115
v -0.17277014 -0.01743824 -0.02407358
v -0.18113008 -0.01741439 -0.01309316
v -0.18364044 -0.00727458 0.00226127
v -0.16456662 0.01046233 -0.06516948
v -0.15628375 -0.00795094 -0.06367791
v -0.16482657 0.00999477 -0.05041467
v -0.14851211 -0.00264555 -0.07371592
v -0.14458890 0.02522651 -0.08092227
v -0.15451537 0.01698755 -0.07282295
v -0.13032538 0.01051513 -0.09176594
v -0.14143671 0.00248127 -0.08545411
v -0.15424748 0.00663649 -0.07658561
v -0.14235899 0.02118939 -0.09281706
v -0.12849276 0.02895911 -0.09587129
v -0.11894542 0.01896208 -0.09967769
v -0.11464845 0.01260476 -0.11038461
v -0.13211456 0.02358009 -0.09034611
v -0.10533077 0.05013018 -0.10921232
v -0.11662792 0.03976096 -0.10164911
v -0.08616454 0.03091304 -0.11232718
v -0.08887396 0.04658129 -0.11359975
v -0.10040114 0.02120685 -0.11040037
v -0.11500912 0.02632149 -0.10315257
v -0.15204315 -0.02015041 0.13123336
v -0.12750763 -0.02548521 0.14935224
v -0.14233528 -0.00779453 0.14578772
v -0.14911145 -0.03358232 0.12450255
v -0.11509404 -0.01265072 0.16296463
v -0.10092087 0.01889756 0.17417328
v -0.11866689 0.01930314 0.17343079
v -0.09951466 0.00274059 0.16643693
v -0.13164115 0.00526071 0.16043811
v -0.12991241 -0.01038157 0.15525167
v -0.18459867 0.00752775 0.04753830
v -0.18508306 -0.01559625 0.02732289
v -0.19403456 -0.01513281 0.04007147
v -0.17917532 -0.00511337 0.03089358
v -0.03535948 -0.01857779 0.16345501
v -0.03691494 -0.03290120 0.16528307
v -0.06686629 -0.04380095 0.16364117
v -0.06615360 -0.03069131 0.15946785
v -0.05052075 -0.01761451 0.15974990
v -0.05259493 -0.04466427 0.16687398
v -0.06701165 0.10364919 -0.12367186
v -0.06205799 0.07846665 -0.12310764
v -0.09497407 0.07321616 -0.11582517
v -0.09860371 0.08490755 -0.11615649
v -0.07751779 0.07029642 -0.12003203
v -0.08468413 0.09872923 -0.12092089
v -0.04936130 0.10695419 -0.12597498
v -0.04645082 0.08509444 -0.12501407
v -0.03034533 0.09083791 -0.12612997
v -0.05879740 0.09343135 -0.12443551
v -0.17445806 0.00380636 -0.02328325
v -0.16882220 -0.01537147 -0.03829324
v -0.16262782 -0.01231792 -0.05134154
v -0.17053005 0.00626704 -0.03739355
v -0.17316037 -0.00663364 -0.02370731
v -0.16366604 -0.00101363 -0.05105538
v -0.04905255 0.19358440 0.10914399
v -0.06878136 0.19156240 0.12590137
v -0.06075412 0.19967820 0.12040513
v -0.05767286 0.19760436 0.11215528
v -0.05808105 0.18647625 0.11260720
v -0.06443646 0.16033033 0.12498623
v -0.07429969 0.16128457 0.12344107
v -0.05691579 0.17729323 0.11749607
v -0.06711068 0.17914292 0.11671089
v -0.04537315 0.15653217 0.12865672
v -0.05471811 0.15881045 0.12700930
v -0.04685834 0.17495781 0.11873756
v -0.05568211 0.16793375 0.12223494
v -0.07691096 0.18365568 0.13136876
v -0.08282471 0.16412096 0.12657461
v -0.08740468 0.16671470 0.13384740
v -0.07361950 0.18233807 0.12294392
v -0.07552750 0.17160624 0.12137610
v -0.09336718 0.18858004 0.14064831
v -0.08270181 0.18594682 0.13901961
v -0.09217730 0.16896428 0.14139505
v -0.08474466 0.17612427 0.13662215
v -0.10442729 0.18773532 0.13744205
v -0.11564694 0.18842237 0.13565448
v -0.10224546 0.18113223 0.14418972
v -0.14122067 0.17832710 0.11434425
v -0.14515099 0.18272421 0.11807994
v -0.14556447 0.19089261 0.13124901
v -0.14793654 0.18691224 0.12352303
v -0.14186740 0.17540549 0.12138170
v -0.15434706 0.15868373 0.09138814
v -0.14677872 0.16210608 0.09618541
v -0.16018252 0.15308888 0.08965535
v -0.14043203 0.16715340 0.10226545
v -0.13859311 0.17298277 0.10942867
v -0.13558312 0.16714028 0.11220579
v -0.14244775 0.15735701 0.09908915
v -0.16666421 0.14864425 0.09119784
v -0.16992402 0.14392079 0.08379283
v -0.15781514 0.14704469 0.08924772
v -0.16703425 0.13648674 0.07511947
v -0.16738044 0.13965595 0.08355203
v -0.17229077 0.12885652 0.05877381
v -0.16785915 0.13238645 0.06655326
v -0.17614761 0.12017305 0.04824974
v -0.16621910 0.12903315 0.06486289
v -0.17111224 0.10781859 0.04349165
v -0.16784289 0.11300039 0.05272833
v -0.16494916 0.12515186 0.06389441
v -0.16915160 0.12226588 0.05494684
v -0.15914558 0.12612849 0.08455186
v -0.16175506 0.11859048 0.07582269
v -0.16557655 0.11272290 0.06558165
v -0.16553609 0.11473471 0.06044740
v -0.16436519 0.12891325 0.07344354
v -0.16443536 0.12078316 0.06276287
v -0.15152068 0.13072771 0.08947322
v -0.14545114 0.13554950 0.09533813
v -0.15149526 0.14425701 0.09110162
v -0.15977201 0.14112876 0.08904500
v -0.16481353 0.13582166 0.08366746
v -0.16192885 0.13123962 0.08383394
v -0.14063896 0.14121982 0.10067959
v -0.14560755 0.14915583 0.09700473
v -0.13891150 0.15292685 0.10190326
v -0.14654571 0.14179745 0.09511563
v -0.02033359 0.09804259 0.15563011
v -0.02190982 0.08363111 0.16498771
v -0.04182696 0.09090701 0.16317926
v -0.03602278 0.07698994 0.17186402
v -0.01915744 0.11263164 0.14900796
v -0.01861134 0.12578388 0.14352058
v -0.04110254 0.10690414 0.15514344
v -0.03825070 0.12102866 0.14884441
v -0.03086023 0.10208343 0.15565133
v -0.01513856 0.26450855 0.09070999
v -0.01324451 0.27079237 0.09231253
v -0.02453171 0.26123542 0.10564493
v -0.02524633 0.26843923 0.10478900
v -0.01981996 0.25892183 0.09773186
v -0.02025770 0.35752183 -0.05862357
v -0.01974917 0.34824854 -0.06501272
v -0.02351731 0.33955887 -0.06632660
v -0.02155459 0.33930618 -0.06926622
v -0.02251439 0.35888639 -0.05749102
v -0.02593284 0.33938554 -0.06396013
v -0.02516411 0.35987130 -0.05670977
v -0.02805104 0.36030045 -0.05549528
v -0.02889384 0.34957352 -0.05782290
v -0.02386516 0.34974405 -0.06106844
v -0.05182788 0.32001063 -0.03389055
v -0.04554901 0.32335517 -0.04073534
v -0.07513973 0.31265590 -0.02207229
v -0.05950512 0.31983095 -0.02701077
v -0.06743205 0.31661364 -0.01813994
v -0.05672082 0.31427795 -0.03826398
v -0.04069673 0.32931259 -0.04683965
v -0.03356524 0.33718088 -0.05644318
v -0.03667527 0.33642370 -0.05086607
v -0.04486734 0.32035565 -0.05079930
v -0.02916324 0.32830516 -0.06617821
v -0.03101596 0.33831185 -0.05980612
v -0.02856164 0.33882385 -0.06205297
v -0.03473376 0.32701436 -0.06094398
v -0.17715693 0.01698921 0.09060048
v -0.19178438 0.02078558 0.06550355
v -0.17693000 0.03012284 0.09491318
v -0.18364605 0.03228084 0.08297464
v -0.19265088 0.00745406 0.06205862
v -0.03779392 0.28922486 -0.08773617
v -0.04000089 0.27955562 -0.09288842
v -0.03572941 0.27926809 -0.09559366
v -0.03206603 0.29959363 -0.08702085
v -0.02876752 0.29929772 -0.09059780
v -0.03009401 0.28888822 -0.09438130
v -0.04318593 0.29672199 -0.07347336
v -0.03904779 0.29792538 -0.07774659
v -0.03286621 0.30850977 -0.07642023
v -0.03065689 0.31814396 -0.07092201
v -0.03394036 0.31702849 -0.06734928
v -0.04803511 0.29588640 -0.06940536
v -0.05396498 0.29607287 -0.06711946
v -0.04119501 0.31614494 -0.06160499
v -0.03727064 0.31653932 -0.06453098
v -0.04021475 0.30625510 -0.06831543
v -0.06951081 0.29344651 -0.05903031
v -0.06114275 0.29542908 -0.06390095
v -0.05254497 0.31209555 -0.04918949
v -0.06229486 0.30806166 -0.04297097
v -0.04682402 0.31394473 -0.05682250
v -0.05047952 0.30547568 -0.06191394
v -0.09233481 0.30485040 -0.03094937
v -0.08331283 0.30827737 -0.02693640
v -0.08944123 0.29273149 -0.05470474
v -0.07962942 0.29206976 -0.05461180
v -0.07279781 0.30787608 -0.03586385
v -0.06988395 0.30008459 -0.04800658
v -0.10130698 0.29679975 -0.03261077
v -0.10947810 0.28764135 -0.05198619
v -0.09969691 0.29088211 -0.05424681
v -0.11444686 0.29366025 -0.04206834
v -0.10966412 0.29997474 -0.03203916
v -0.09318808 0.29970914 -0.04524450
v -0.12192142 0.27526927 -0.05570215
v -0.12616217 0.27865416 -0.04461975
v -0.13409165 0.27603811 -0.04230158
v -0.12500650 0.26991990 -0.06458674
v -0.13123679 0.26939753 -0.06326371
v -0.14105743 0.27675003 -0.04161061
v -0.14221700 0.26870328 -0.05908151
v -0.13679543 0.26940596 -0.06211047
v -0.13639979 0.27182519 -0.05186294
v -0.15355214 0.26642641 -0.04311503
v -0.15202163 0.26756960 -0.05411466
v -0.14693455 0.26882678 -0.05711245
v -0.14543468 0.27570140 -0.05074479
v -0.15618414 0.26596662 -0.02046682
v -0.15484279 0.26523992 -0.03171333
v -0.15266585 0.27920261 -0.02038141
v -0.15527716 0.27537465 -0.03718147
v -0.14518163 0.28293434 -0.03214101
v -0.15044896 0.28953376 -0.02298398
v -0.15795144 0.28934464 -0.02305742
v -0.14403498 0.28053364 -0.04225013
v -0.14964511 0.28160188 -0.04153170
v -0.15663056 0.28213632 -0.03038350
v -0.21451025 0.21463470 -0.02230507
v -0.22125675 0.21221307 -0.01492149
v -0.22674218 0.20547815 -0.01805689
v -0.23108619 0.19686846 -0.02113799
v -0.23540889 0.18817218 -0.02496624
v -0.22240637 0.20141965 -0.02817459
v -0.23295468 0.17290169 -0.03841798
v -0.23665771 0.18041141 -0.03095172
v -0.22556528 0.18722051 -0.03701193
v -0.21909937 0.15509434 -0.05206476
v -0.22669823 0.16527550 -0.04562144
v -0.20503132 0.14874689 -0.05868178
v -0.21774945 0.17271484 -0.04928255
v -0.17939436 0.13320546 -0.06713775
v -0.19179346 0.14049771 -0.06384590
v -0.19830972 0.15528241 -0.06059836
v -0.16895336 0.12934968 -0.06885287
v -0.15943624 0.12821525 -0.07043981
v -0.17610298 0.14132205 -0.06801182
v -0.15092316 0.12850130 -0.07251363
v -0.14343892 0.12912671 -0.07484299
v -0.14296846 0.13359873 -0.07541833
v -0.15835738 0.13516369 -0.07176186
v -0.12897782 0.13766557 -0.09156332
v -0.12795618 0.13572949 -0.08618212
v -0.12879995 0.14730108 -0.09080883
v -0.12879065 0.14403833 -0.08606021
v -0.12851498 0.13970837 -0.08453962
v -0.13173828 0.14057511 -0.09858886
v -0.13728710 0.14231327 -0.10601044
v -0.13342209 0.15548874 -0.10370037
v -0.13028830 0.15172887 -0.09690573
v -0.13926552 0.14997172 -0.10872605
v -0.12991418 0.14551674 -0.09489273
v -0.17905726 0.11821631 -0.09615378
v -0.18482183 0.10691193 -0.08989675
v -0.18555476 0.09996811 -0.08282658
v -0.17936184 0.11142105 -0.09121644
v -0.18092199 0.11636291 -0.09655818
v -0.18495895 0.09432779 -0.07678145
v -0.18337655 0.09022126 -0.07231192
v -0.17814785 0.10603872 -0.08752272
v -0.18236184 0.10260379 -0.08459234
v -0.17258297 0.07435501 -0.06213435
v -0.16563714 0.08609416 -0.07785226
v -0.16156366 0.06226014 -0.07038330
v -0.16677348 0.06511083 -0.06470948
v -0.16967946 0.07078433 -0.06301526
v -0.15548377 0.08431289 -0.08493351
v -0.16032255 0.08615538 -0.08150610
v -0.16637258 0.07872499 -0.07202865
v -0.15174192 0.05474975 -0.08034874
v -0.15677242 0.05841976 -0.07555450
v -0.14485309 0.06524675 -0.09025870
v -0.14333034 0.07958963 -0.09382980
v -0.14975767 0.08211710 -0.08917297
v -0.15619406 0.07125533 -0.08027880
v -0.10941272 -0.15556791 -0.07080411
v -0.08823276 -0.15314099 -0.08524336
v -0.12063193 -0.12153346 -0.08600020
v -0.11224519 -0.12720096 -0.09723306
v -0.10167494 -0.13732117 -0.08068223
v -0.10262199 -0.12698051 -0.10955966
v -0.07897474 -0.14674652 -0.09499349
v -0.08958178 -0.14069834 -0.08786049
v -0.09707274 -0.13007566 -0.09503193
v -0.03279361 -0.11729799 -0.11518052
v -0.01836837 -0.11987750 -0.12185242
v 0.01502722 -0.11706944 -0.13366482
v 0.01373489 -0.09925940 -0.13359605
v -0.00236436 -0.12024553 -0.12808254
v -0.01914523 -0.10763223 -0.13535485
v -0.15676808 -0.11743303 -0.03168654
v -0.16632792 -0.11725812 -0.02389531
v -0.16132675 -0.12708575 -0.03683394
v -0.15133888 -0.12931019 -0.04304755
v -0.17607898 -0.11774690 -0.01657027
v -0.17608967 -0.12336749 -0.00415070
v -0.16610791 -0.13062185 -0.02545032
v -0.16380289 -0.13372765 -0.01233655
v -0.16908181 -0.12207786 -0.02705579
v -0.12610856 -0.11508480 -0.07445043
v -0.13355461 -0.11432660 -0.06332445
v -0.11487272 -0.12477772 -0.07262053
v -0.15019768 -0.11635270 -0.04295519
v -0.14254019 -0.11488193 -0.05390987
v -0.14172657 -0.13283512 -0.04975802
v -0.14875194 -0.12605307 -0.03999053
v -0.13164073 -0.12460724 -0.05907430
v -0.16981392 -0.12655622 0.00795554
v -0.17046407 -0.13307886 0.02043447
v -0.16505221 -0.13777351 0.00003494
v -0.16936733 -0.14199644 0.01157486
v -0.16673751 -0.12988099 -0.00221204
v -0.15896191 -0.18509392 0.09502682
v -0.15282166 -0.19413669 0.10531510
v -0.14325836 -0.20354238 0.11328840
v -0.13176098 -0.21256860 0.11945333
v -0.15058707 -0.20517467 0.10343617
v -0.09944354 -0.23606139 0.13665436
v -0.08894330 -0.24280952 0.14236565
v -0.06556220 -0.25517195 0.15302846
v -0.06668352 -0.26454002 0.15004034
v -0.07739456 -0.24925496 0.14761545
v -0.08997397 -0.25341189 0.14003368
v -0.17298724 -0.13945816 0.03272190
v -0.17842704 -0.14469901 0.04438528
v -0.17461450 -0.14633787 0.02273997
v -0.17125125 -0.14076857 0.02173749
v -0.10950650 -0.22882825 0.13067594
v -0.12030703 -0.22110152 0.12503859
v -0.12993424 -0.22406064 0.11701810
v -0.11020496 -0.23973854 0.12902965
v -0.18330160 -0.15071894 0.05600826
v -0.17822805 -0.15992939 0.06618353
v -0.18227965 -0.15080085 0.04435621
v -0.16262360 -0.17733246 0.08319835
v -0.16826789 -0.16811918 0.07298975
v -0.16582868 -0.18606983 0.08573892
v -0.17403378 -0.16846484 0.06363245
v -0.07532774 -0.10453848 -0.10941212
v -0.07905659 -0.10121966 -0.12274218
v -0.04732453 -0.11699020 -0.10915152
v -0.04954687 -0.11203565 -0.12440947
v -0.07614666 -0.11827847 -0.10106225
v -0.04943637 -0.13276839 -0.10519344
v -0.04846717 -0.13345522 -0.11525300
v -0.06181528 -0.11713286 -0.10346124
v -0.10388033 -0.11866853 -0.09731834
v -0.10219891 -0.11664337 -0.10546211
v -0.08981966 -0.11944367 -0.09785677
v -0.08899784 -0.12425653 -0.11570867
v -0.07794132 -0.12849542 -0.10811632
v -0.04446301 0.15931869 -0.12233089
v -0.03141778 0.16257000 -0.12073544
v -0.05764126 0.15598555 -0.12362819
v -0.07048322 0.15270467 -0.12359777
v -0.05495984 0.16708502 -0.11929590
v -0.08176757 0.15100127 -0.12206163
v -0.09250385 0.15032473 -0.12080700
v -0.07751799 0.16239956 -0.12250699
v -0.10223137 0.15047731 -0.11904195
v -0.11117764 0.15092686 -0.11788096
v -0.09444948 0.16056278 -0.12165406
v -0.10095216 0.17316037 -0.12146187
v -0.11918864 0.15123521 -0.11608970
v -0.12824680 0.14910468 -0.11487713
v -0.10839341 0.17450212 -0.12053369
v -0.11134136 0.16204093 -0.11954347
v -0.10337266 0.18682128 -0.12106994
v -0.11505190 0.17633227 -0.11948935
v -0.14905772 0.16862810 -0.11445524
v -0.14648655 0.16410629 -0.11421352
v -0.13552715 0.18872203 -0.11782789
v -0.15123352 0.17294589 -0.11404961
v -0.15241417 0.17756893 -0.11313660
v -0.13893567 0.19136058 -0.11663140
v -0.14364131 0.18019190 -0.11632174
v -0.13422529 0.20164163 -0.11606709
v -0.14193346 0.19350515 -0.11514910
v -0.15132564 0.18365493 -0.11229442
v -0.14804783 0.18704067 -0.11375690
v -0.14394207 0.19577619 -0.11349312
v -0.15092598 0.18452260 -0.11137635
v -0.14950672 0.18572758 -0.11052965
v -0.14552452 0.19215471 -0.10904198
v -0.14781930 0.19198258 -0.11145740
v -0.14167657 0.19569634 -0.10699894
v -0.14341742 0.19880477 -0.10784076
v -0.13675259 0.19153978 -0.10123190
v -0.13875027 0.19372807 -0.10481001
v -0.13869303 0.19906040 -0.10368275
v -0.14277017 0.22802579 -0.08908139
v -0.14631930 0.22758459 -0.08417971
v -0.14832507 0.22357836 -0.08139753
v -0.14558323 0.21797089 -0.08633222
v -0.14056449 0.22840546 -0.09253242
v -0.13939376 0.22844930 -0.09580619
v -0.14088121 0.22233185 -0.09385302
v -0.11264138 0.22941618 -0.11132763
v -0.11771961 0.22986320 -0.11041278
v -0.12582439 0.21054356 -0.11614202
v -0.12992388 0.21146010 -0.11499538
v -0.10114790 0.22652426 -0.11244703
v -0.10713365 0.22818285 -0.11172185
v -0.12123230 0.20844506 -0.11673135
v -0.11681624 0.21916221 -0.11428522
v -0.03272121 0.21893018 -0.11117341
v -0.04130686 0.21812841 -0.11128294
v -0.01525442 0.21191294 -0.11546036
v -0.01658200 0.22054958 -0.11300675
v -0.02438716 0.22002302 -0.11208460
v -0.03205345 0.20968866 -0.11338054
v -0.18131487 0.09508909 0.02649117
v -0.17681138 0.10170218 0.03595850
v -0.17585464 0.10789215 0.03845947
v -0.17540720 0.11673991 0.04685359
v -0.17417964 0.11266118 0.04560198
v -0.17910674 0.08415131 0.01876227
v -0.18138097 0.07600635 0.00927559
v -0.18161228 0.09154299 0.01846790
v -0.17814937 0.09885973 0.02895981
v -0.17713739 0.09487020 0.02957914
v -0.18291031 0.07186072 -0.00224014
v -0.18328360 0.06895278 -0.01179483
v -0.18486086 0.07956015 -0.00309773
v -0.18366338 0.08485264 0.00781568
v -0.18405287 0.08084852 0.00841422
v -0.18278854 0.06800570 -0.02150249
v -0.18419562 0.07270990 -0.02121510
v -0.18492217 0.07546955 -0.01144900
v -0.18194151 0.06630445 -0.02856168
v -0.18462363 0.07333928 -0.01350926
v -0.18344012 0.07135417 -0.02885166
v -0.18271448 0.07238559 -0.03829523
v -0.18002687 0.06828173 -0.03718308
v -0.17815401 0.06991839 -0.04402341
v -0.18296038 0.06990284 -0.02993046
v -0.17999800 0.07639995 -0.05495867
v -0.18152341 0.07344239 -0.04583901
v -0.17645380 0.07248611 -0.05279827
v -0.17441615 0.07708921 -0.06209759
v -0.17981821 0.07256596 -0.04569057
v -0.18099998 0.08669409 -0.06879874
v -0.17914012 0.08381077 -0.06592941
v -0.17906345 0.09351699 -0.07683192
v -0.17747934 0.08116718 -0.06412489
v -0.16713144 0.09047793 -0.07945993
v -0.17102328 0.08279123 -0.07077271
v -0.17569862 0.07888493 -0.06264950
v -0.17481168 0.08717608 -0.07274133
v -0.17252706 0.11029532 -0.09135110
v -0.16628039 0.11590558 -0.09553728
v -0.17621362 0.10154160 -0.08477459
v -0.17412639 0.09782828 -0.08232842
v -0.16274011 0.09855649 -0.08669692
v -0.17205262 0.09469321 -0.08094301
v -0.16945446 0.09236100 -0.07966475
v -0.16821863 0.10224395 -0.08808574
v -0.15127309 0.11829178 -0.09958101
v -0.15750554 0.10769963 -0.09348352
v -0.15923440 0.12205707 -0.09978501
v -0.16412595 0.11170554 -0.09419744
v -0.16193987 0.10643398 -0.09187614
v -0.14554629 0.12965021 -0.10480289
v -0.13734882 0.14030957 -0.11017153
v -0.14866887 0.14641072 -0.10944122
v -0.15389296 0.13389823 -0.10463911
v -0.13301182 0.15274855 -0.11384650
v -0.15186419 0.12766379 -0.10316509
v -0.14329971 0.15947573 -0.11364276
v -0.12699097 0.16558947 -0.11699369
v -0.12147143 0.17856728 -0.11876439
v -0.13730645 0.17251259 -0.11717317
v -0.13881597 0.15556748 -0.11335751
v -0.11599395 0.19144963 -0.11924984
v -0.12608387 0.19723885 -0.11794578
v -0.13148732 0.18534015 -0.11822601
v -0.11616075 0.20617640 -0.11765824
v -0.12684610 0.18162273 -0.11791180
v -0.09502389 0.22531024 -0.11398207
v -0.08867589 0.22337881 -0.11431194
v -0.10439479 0.20168689 -0.11912476
v -0.10573295 0.21555324 -0.11585395
v -0.11048380 0.20380926 -0.11832778
v -0.08253039 0.22169761 -0.11484267
v -0.09157134 0.19735342 -0.11998377
v -0.09830629 0.19933146 -0.12030467
v -0.09367458 0.21173047 -0.11776939
v -0.07204937 0.23163298 -0.11088026
v -0.06060699 0.22928779 -0.11042961
v -0.05818355 0.24037299 -0.10678155
v -0.07632162 0.22034155 -0.11560603
v -0.05785946 0.26096117 -0.09553522
v -0.05310791 0.26059574 -0.09740862
v -0.06567698 0.25247622 -0.10089944
v -0.06854979 0.24250312 -0.10615046
v -0.05542695 0.25104389 -0.10276941
v -0.06324948 0.24118513 -0.10592189
v -0.06316389 0.21775274 -0.11359090
v -0.08387987 0.19567470 -0.12062827
v -0.08049153 0.20796435 -0.11874646
v -0.06982625 0.21839298 -0.11440581
v -0.07281059 0.17350581 -0.12055769
v -0.08390103 0.16936257 -0.12199245
v -0.08783597 0.18382375 -0.12130132
v -0.09235364 0.17219688 -0.12153554
v -0.07560166 0.19471480 -0.11936440
v -0.04083188 0.35001096 -0.00550457
v -0.03920364 0.36591446 -0.00757298
v -0.03954352 0.35892394 -0.00235181
v -0.04034286 0.34602806 -0.01393840
v -0.03896279 0.34920555 -0.01874088
v -0.03873798 0.35708266 -0.01743827
v -0.03892351 0.37265363 -0.02948634
v -0.03953731 0.36745930 -0.02479822
v -0.04047183 0.37325218 -0.01220535
v -0.04085396 0.38295317 -0.02791724
v -0.04209095 0.38030633 -0.01810138
v -0.03921903 0.37954888 -0.03076877
v -0.03932238 0.36377600 -0.01980753
v -0.03901085 0.36535895 -0.01491139
v -0.15003157 0.15808879 -0.07594169
v -0.14082091 0.14894137 -0.07777876
v -0.14535797 0.15282100 -0.07708517
v -0.14079812 0.14498833 -0.07665917
v -0.14869268 0.15097986 -0.07509744
v -0.14222930 0.13773122 -0.07555185
v -0.14134435 0.14144313 -0.07591475
v -0.14901267 0.13865323 -0.07398934
v -0.15144809 0.14814790 -0.07375673
v -0.14584081 0.14560664 -0.07488928
v -0.16436788 0.14367636 -0.07075281
v -0.15625542 0.14056991 -0.07247075
v -0.15769729 0.15292142 -0.07251903
v -0.15394880 0.14513816 -0.07287306
v -0.18100017 0.15338862 -0.06643754
v -0.17267209 0.14763358 -0.06894364
v -0.16907974 0.15316269 -0.06999297
v -0.16091475 0.16178982 -0.07214317
v -0.16501851 0.15827042 -0.07086106
v -0.17330950 0.16239464 -0.06883028
v -0.17373163 0.17579231 -0.06761442
v -0.20858291 0.17831916 -0.05266532
v -0.20320420 0.16814028 -0.05702531
v -0.19110718 0.16068850 -0.06281974
v -0.18287593 0.16390987 -0.06541613
v -0.18606122 0.17936322 -0.06258206
v -0.17967367 0.17099003 -0.06626213
v -0.21511525 0.19232485 -0.04205133
v -0.21280341 0.18570155 -0.04715793
v -0.19117405 0.18685687 -0.05833254
v -0.19955839 0.18294029 -0.05570459
v -0.17942786 0.19865032 -0.06095270
v -0.18326856 0.18991107 -0.06103586
v -0.19471657 0.19331501 -0.05411505
v -0.21348847 0.20497113 -0.03387881
v -0.21510099 0.19868813 -0.03744194
v -0.20583744 0.19614145 -0.04638319
v -0.19710369 0.19901562 -0.05003750
v -0.18433009 0.20812917 -0.05390480
v -0.18218970 0.20364963 -0.05732603
v -0.18929820 0.20127824 -0.05360711
v -0.19814521 0.20405182 -0.04628215
v -0.20083323 0.21675855 -0.03542040
v -0.20724215 0.21594073 -0.02912307
v -0.21119580 0.21039304 -0.03087906
v -0.20573016 0.20699051 -0.03900832
v -0.19847275 0.20847020 -0.04331554
v -0.18639283 0.21180810 -0.05057002
v -0.19486189 0.21625149 -0.04091238
v -0.19213486 0.20971350 -0.04725460
v -0.19748214 0.21238418 -0.04149576
v -0.16392535 0.24261697 -0.05295016
v -0.15977356 0.23816130 -0.06140644
v -0.16868590 0.23740867 -0.05047650
v -0.16092658 0.23058793 -0.06407181
v -0.17016903 0.22123431 -0.05973907
v -0.17914201 0.22806627 -0.04593313
v -0.17366834 0.23265560 -0.04821099
v -0.16469295 0.22534907 -0.06268086
v -0.16764562 0.23026514 -0.05631925
v -0.18111803 0.21434054 -0.05355994
v -0.17564060 0.21739137 -0.05610429
v -0.19023706 0.21987349 -0.04207025
v -0.18489611 0.22393660 -0.04369877
v -0.18857992 0.21514527 -0.04657027
v -0.17827015 0.22177832 -0.05098051
v -0.13646558 0.18780723 -0.09698608
v -0.13741659 0.18351215 -0.09191300
v -0.13791218 0.19368756 -0.09583111
v -0.14306901 0.17526300 -0.08318211
v -0.13963066 0.17926259 -0.08728381
v -0.14267406 0.18591376 -0.08609355
v -0.15002032 0.16577815 -0.07714415
v -0.14704779 0.17084663 -0.07945909
v -0.15590660 0.16474260 -0.07413390
v -0.16750278 0.17908679 -0.06961410
v -0.16338164 0.17087129 -0.07152537
v -0.15153985 0.17846677 -0.07759813
v -0.16941786 0.19550073 -0.06753521
v -0.17196941 0.18635342 -0.06701969
v -0.17607732 0.19273078 -0.06379870
v -0.15578365 0.18555517 -0.07561602
v -0.16142985 0.18235379 -0.07216112
v -0.15722665 0.20132898 -0.07613671
v -0.16313986 0.19836135 -0.07162844
v -0.14588994 0.19230914 -0.08460733
v -0.15053670 0.18892379 -0.08001675
v -0.15949991 0.19230346 -0.07393207
v -0.15180218 0.20446490 -0.08062489
v -0.14705500 0.20793386 -0.08585106
v -0.14001650 0.19933291 -0.09474832
v -0.14243747 0.19572447 -0.08958416
v -0.14886400 0.19857630 -0.08317295
v -0.04158932 0.18027917 -0.11696954
v -0.04090267 0.19958366 -0.11562925
v -0.03130069 0.20113042 -0.11640058
v -0.05220356 0.17803042 -0.11727500
v -0.06293888 0.17550598 -0.11909337
v -0.05011351 0.19805264 -0.11595326
v -0.06748231 0.18459761 -0.11828752
v -0.04847861 0.18804045 -0.11338511
v -0.13958764 0.20431858 -0.11260852
v -0.14462771 0.19801523 -0.11183363
v -0.14447658 0.20051375 -0.11022659
v -0.14398617 0.20328631 -0.10866722
v -0.14207850 0.20723754 -0.10903186
v -0.14337620 0.20315140 -0.10787714
v -0.14162965 0.20418331 -0.10597126
v -0.14038219 0.21576849 -0.10179355
v -0.14252590 0.20850213 -0.10697874
v -0.14361165 0.21184827 -0.09047212
v -0.13976412 0.20415619 -0.10304421
v -0.13913155 0.20244364 -0.09911706
v -0.14152949 0.21637748 -0.09321844
v -0.14016627 0.21579506 -0.09826741
v -0.14181046 0.20541687 -0.09347676
v -0.14043823 0.20967810 -0.10288107
v -0.13638833 0.22802560 -0.10072270
v -0.13840097 0.22813936 -0.09836081
v -0.13970500 0.22192644 -0.10061383
v -0.14077888 0.21443403 -0.10574971
v -0.14094748 0.21514168 -0.10421957
v -0.13073531 0.22844021 -0.10514396
v -0.13369691 0.22797574 -0.10296720
v -0.13837284 0.21333377 -0.10910127
v -0.13984275 0.21375938 -0.10739464
v -0.13782437 0.22082041 -0.10472576
v -0.12266832 0.22964634 -0.10912489
v -0.12720874 0.22894575 -0.10732008
v -0.13334486 0.21209857 -0.11314059
v -0.12598851 0.22082332 -0.11261851
v -0.13609648 0.21273650 -0.11112863
v -0.13324988 0.22073278 -0.10864768
v -0.04940088 0.21780835 -0.11131867
v -0.05652969 0.21753252 -0.11241514
v -0.04963529 0.20738064 -0.11290637
v -0.06536135 0.20618874 -0.11587818
v -0.06747358 0.19504130 -0.11747236
v -0.05914582 0.19641486 -0.11593429
v -0.00959242 0.19386543 -0.11347593
v -0.01343139 0.20337521 -0.11777391
v -0.01036546 0.18587333 -0.11630404
v -0.02200196 0.20219560 -0.11638582
v -0.02815895 0.19110854 -0.11209171
v -0.17896834 0.23613149 0.04968355
v -0.18372868 0.23000845 0.06027276
v -0.16815998 0.23428582 0.04894857
v -0.17092925 0.22884637 0.05991191
v -0.17968200 0.22566061 0.06553888
v -0.17413065 0.24169473 0.04117310
v -0.16976565 0.24733877 0.03290090
v -0.15854627 0.24718371 0.03338143
v -0.16340509 0.24097939 0.04141125
v -0.17181638 0.23793207 0.04398246
v -0.16542840 0.25365391 0.02458419
v -0.16378427 0.25645083 0.01362069
v -0.15236518 0.26269579 0.01521390
v -0.15452611 0.25530255 0.02514591
v -0.16208881 0.25066581 0.02863128
v -0.16084701 0.26018205 0.00244933
v -0.15799578 0.26366186 -0.00883959
v -0.15150210 0.26991621 0.00379330
v -0.15170699 0.27493975 -0.00836997
v -0.15183291 0.26782924 -0.01508707
v -0.15680189 0.26056525 0.00849316
v 0.01604514 -0.04499360 -0.13585919
v 0.01148378 -0.04798487 -0.12252600
v -0.01531194 -0.05495046 -0.12816086
v -0.01393225 -0.03552152 -0.12499914
v 0.00019417 -0.03143360 -0.13400936
v 0.01055848 -0.08700649 -0.12292618
v 0.01050918 -0.06739402 -0.11945809
v -0.02078247 -0.05780363 -0.11580101
v -0.00505614 -0.08967036 -0.12618929
v -0.00499508 -0.05302852 -0.11826314
v -0.03562892 -0.06222201 -0.11441708
v -0.04980277 -0.06685668 -0.11470013
v -0.03480709 -0.09352288 -0.13228321
v -0.02002654 -0.09139477 -0.12967975
v -0.02167527 -0.07703687 -0.11802672
v 0.00149360 0.10031053 -0.12786049
v -0.00039025 0.11273906 -0.12704441
v -0.01746388 0.12054048 -0.12676159
v -0.03380857 0.11572024 -0.12653148
v -0.01402362 0.09583365 -0.12681600
v -0.03184262 0.10347894 -0.12629688
v -0.00799475 0.16764727 -0.11983871
v -0.00940377 0.17648172 -0.11505776
v -0.01920376 0.16523489 -0.12050812
v -0.03113998 0.17218387 -0.11546459
v -0.03068529 0.18228765 -0.11631679
v -0.02017997 0.18383685 -0.11681158
v -0.09926022 0.15312786 0.14444801
v -0.09931566 0.14425668 0.14397921
v -0.11411304 0.14781114 0.14897540
v -0.09926944 0.16223633 0.14566955
v -0.10044495 0.17173739 0.14597958
v -0.11045074 0.17333223 0.14597820
v -0.11562794 0.15653425 0.14778909
v -0.10671092 0.15560754 0.14870775
v -0.12023942 0.17411730 0.14435025
v -0.12399477 0.15664425 0.14499287
v -0.11765194 0.16523206 0.14617938
v -0.12911810 0.14742059 0.14184575
v -0.13147616 0.15615867 0.14077882
v -0.13115570 0.14451741 0.12937777
v -0.14085123 0.17105892 0.12988479
v -0.13422883 0.16492911 0.13908856
v -0.13330650 0.15257636 0.12782256
v -0.13497627 0.15457991 0.13396029
v -0.13520399 0.16492920 0.11939067
v -0.13875493 0.16804658 0.12390237
v -0.13008767 0.15042374 0.12293730
v -0.13578540 0.16047460 0.12605827
v -0.13306476 0.13044994 0.10935134
v -0.13338129 0.13669744 0.10759777
v -0.12623823 0.14052621 0.11902035
v -0.12777120 0.14768201 0.11763808
v -0.13438322 0.14255387 0.10582816
v -0.13262098 0.16109562 0.11435311
v -0.13374314 0.15677501 0.10784605
v -0.13611329 0.14797623 0.10403059
v -0.13007838 0.15462664 0.11607838
v -0.12935922 0.14477268 0.11122867
v -0.12890945 0.12054875 0.13283010
v -0.12983865 0.12158064 0.13927832
v -0.12759569 0.13874707 0.14289738
v -0.13134190 0.13771766 0.13656814
v -0.11861129 0.12238578 0.14941202
v -0.12520389 0.12213343 0.14517720
v -0.12072024 0.13909799 0.14708032
v -0.11300933 0.13910297 0.15011993
v -0.12618482 0.13025366 0.14372459
v -0.11167283 0.12263561 0.15304095
v -0.10448139 0.12115832 0.15405795
v -0.09751984 0.12854920 0.14555353
v -0.09885333 0.12281290 0.15001318
v -0.09893399 0.13589101 0.14473057
v -0.10459581 0.13814566 0.14988850
v -0.11217246 0.13059491 0.15120113
v -0.13302372 0.12440667 0.11111186
v -0.12977000 0.11875007 0.11691340
v -0.13382690 0.11896093 0.11268464
v -0.12530607 0.13310985 0.12022134
v -0.12787345 0.13148770 0.11423077
v -0.12632202 0.11947124 0.12758020
v -0.12617072 0.11860676 0.12177436
v -0.12677380 0.13495071 0.12572941
v -0.12974359 0.13635397 0.13055965
v -0.12885946 0.12832996 0.13172421
v -0.12532704 0.12577239 0.12117992
v -0.01190456 0.29685059 0.09767017
v -0.01164782 0.29024753 0.09712058
v -0.02915589 0.28687179 0.09938883
v -0.03020805 0.29212400 0.09750004
v -0.01250699 0.30345970 0.09675296
v -0.03070011 0.30282378 0.09056924
v -0.03105445 0.29702836 0.09491444
v -0.02166906 0.29758239 0.09956116
v -0.01882163 0.14799437 0.13225843
v -0.01865084 0.13747993 0.13806117
v -0.03700370 0.13294294 0.14210999
v -0.03646713 0.14378557 0.13598736
v -0.02777826 0.12932330 0.14362857
v -0.02178267 0.18471962 0.11102540
v -0.02081438 0.17495155 0.11532992
v -0.03845956 0.18135034 0.11464078
v -0.03724499 0.17205030 0.11966735
v -0.02358073 0.20527215 0.10274524
v -0.02274644 0.19498037 0.10710508
v -0.04036168 0.20030913 0.10539750
v -0.03957528 0.19085078 0.11006092
v -0.03042444 0.18781453 0.11078767
v -0.02384044 0.22405420 0.09230366
v -0.02377655 0.21500219 0.09774626
v -0.03918535 0.22103031 0.10176236
v -0.04061168 0.21058053 0.10221958
v -0.03166591 0.22684151 0.09482194
v -0.03179403 0.20739019 0.10178237
v -0.01171695 0.28347903 0.09586021
v -0.01215648 0.27706268 0.09409851
v -0.02654565 0.27500212 0.10326621
v -0.02796866 0.28101695 0.10123692
v -0.01759490 0.27261177 0.09970389
v -0.01914780 0.28580767 0.10075064
v -0.01994697 0.16626157 0.12091704
v -0.01925586 0.15758951 0.12670533
v -0.03623374 0.15388186 0.13039695
v -0.03638823 0.16289493 0.12498893
v -0.02733114 0.15072134 0.13170409
v -0.02826070 0.16886882 0.12036429
v -0.16679735 -0.20927729 -0.05075475
v -0.14699318 -0.19749077 -0.07420231
v -0.16097637 -0.18717633 -0.04358424
v -0.16426302 -0.19722313 -0.04651269
v -0.14060856 -0.19237752 -0.06181831
v -0.15009795 -0.18489020 -0.05227805
v -0.15828288 -0.20648441 -0.05619250
v -0.12919782 -0.19735746 -0.07177664
v -0.14536928 -0.21111798 -0.06943555
v -0.14442298 -0.20325916 -0.06492366
v -0.13806792 -0.21407644 -0.08258697
v -0.12995161 -0.21415268 -0.08206907
v -0.03032959 -0.14125408 -0.13021567
v -0.01285240 -0.15231730 -0.13073400
v 0.02306414 -0.17194518 -0.11844125
v -0.00559743 -0.18267369 -0.10528777
v 0.01203113 -0.18289050 -0.10825130
v 0.00587721 -0.16202083 -0.12595510
v -0.01252533 -0.16369289 -0.12118055
v -0.02061711 -0.18260902 -0.10273985
v -0.02671044 -0.16683981 -0.11303212
v -0.01386579 -0.17257734 -0.10977083
v -0.13437738 -0.14534441 -0.06080624
v -0.12118947 -0.14991072 -0.06419450
v -0.13719302 -0.13512671 -0.05959942
v -0.11265247 -0.14382437 -0.07754938
v -0.11422272 -0.13210243 -0.07800673
v -0.12196842 -0.13173106 -0.06633270
v -0.13177879 -0.13360605 -0.05801896
v -0.11339564 -0.17702915 -0.07722414
v -0.11164843 -0.16556533 -0.07514340
v -0.08831047 -0.16392620 -0.08667105
v -0.09875207 -0.16104269 -0.07859419
v -0.02325142 -0.20863774 -0.10612973
v -0.02654015 -0.19984667 -0.10331488
v -0.02078345 -0.21717080 -0.10859470
v -0.01930787 -0.22430725 -0.11111277
v -0.03388221 -0.21538688 -0.10777623
v -0.04729974 -0.21164335 -0.10645001
v -0.04178078 -0.22142379 -0.11060193
v -0.05075651 -0.20344973 -0.10217538
v -0.06092359 -0.20794730 -0.10493000
v -0.11397616 -0.18903053 -0.07713179
v -0.11571082 -0.19895510 -0.08074179
v -0.10063212 -0.18031278 -0.08245067
v -0.11625917 -0.20634523 -0.08599021
v -0.11387746 -0.20970491 -0.09095126
v -0.08123827 -0.20085709 -0.09677998
v -0.10059197 -0.19870245 -0.08723849
v -0.03024970 -0.19126052 -0.10086520
v -0.03411319 -0.18226518 -0.10043732
v -0.04044972 -0.19808580 -0.10096420
v -0.05465764 -0.19649695 -0.09838735
v -0.06935308 -0.19619069 -0.09567931
v -0.08627584 -0.19034268 -0.08873689
v -0.08495020 -0.19680209 -0.09229214
v -0.05791554 -0.18983591 -0.09562425
v -0.07883263 -0.16290674 -0.09574000
v -0.08940379 -0.17164107 -0.09139750
v -0.08730149 -0.18192327 -0.08629973
v -0.07413052 -0.18264015 -0.09049625
v -0.10469496 -0.20656142 -0.09861034
v -0.06864748 -0.21224619 -0.10812992
v -0.07607605 -0.20476335 -0.10202496
v -0.09361941 -0.20462814 -0.09794679
v 0.01149775 -0.22940141 -0.11508214
v -0.00326724 -0.22916336 -0.11370739
v -0.01791503 -0.22900145 -0.11323005
v -0.03165732 -0.23083040 -0.11344091
v -0.04535897 -0.22488616 -0.11301637
v 0.04273940 -0.22745769 -0.11725201
v 0.02726674 -0.22880299 -0.11634630
v -0.04159404 -0.16677022 -0.11247799
v -0.03727279 -0.17315179 -0.10133313
v -0.04747812 -0.18218130 -0.09706900
v -0.06077970 -0.18216322 -0.09429414
v -0.06411013 -0.17308404 -0.09570950
v -0.07008743 -0.15650414 -0.09626822
v -0.07146685 -0.14665458 -0.10783089
v -0.04642247 -0.15475227 -0.11356094
v -0.06788254 -0.16346051 -0.10279071
v -0.05533294 -0.16545226 -0.10777899
v -0.04646665 -0.13164401 -0.12403566
v -0.07571623 -0.13710108 -0.11943435
v -0.06210802 -0.12763050 -0.11499736
v -0.07533021 -0.12494735 -0.11572287
v -0.04679823 -0.14464414 -0.12647673
v -0.06049053 -0.14712912 -0.11816911
v -0.07855704 -0.08601145 -0.12735017
v -0.06376113 -0.07124820 -0.11476455
v -0.07760865 -0.07382957 -0.11595136
v -0.04976774 -0.09734990 -0.13241194
v -0.06503899 -0.10032740 -0.13000186
v -0.05000044 -0.08274888 -0.12340954
v -0.18597254 -0.18723693 0.02183954
v -0.18516876 -0.18652691 0.03267979
v -0.18383127 -0.18613458 0.04346001
v -0.11063468 -0.20666212 -0.10216601
v -0.09859549 -0.21054004 -0.10632449
v -0.08542252 -0.21048139 -0.11000152
v -0.05897282 -0.22151624 -0.11335693
v -0.07210961 -0.21755214 -0.11194546
v -0.15738574 -0.21847495 0.09499804
v -0.16442147 -0.20771872 0.08633467
v -0.15743560 -0.20483817 0.09436767
v -0.14904353 -0.21483906 0.10238691
v -0.14947671 -0.22878756 0.10271022
v -0.14133656 -0.23814043 0.10907090
v -0.13967109 -0.22455151 0.10973503
v -0.13010125 -0.23337145 0.11612761
v -0.14888054 -0.22270042 0.10256680
v -0.11758263 -0.25808626 0.12357767
v -0.10793082 -0.26350397 0.12879883
v -0.10224149 -0.25496942 0.13244061
v -0.09186451 -0.26135337 0.13759464
v -0.07043203 -0.27535656 0.14538930
v -0.06830867 -0.27158934 0.14755827
v -0.08469029 -0.27349702 0.13949907
v -0.09646861 -0.26913390 0.13403285
v -0.08067662 -0.26688933 0.14289625
v -0.09423517 -0.26637268 0.13557370
v -0.17935862 -0.15634455 0.02386791
v -0.17857298 -0.15083000 0.02328251
v -0.18009663 -0.16291280 0.03483107
v -0.18048732 -0.15089646 0.03366677
v -0.18219015 -0.15818618 0.04479215
v -0.12585938 -0.25231975 0.11872622
v -0.13374126 -0.24600936 0.11411707
v -0.11170360 -0.24806768 0.12703136
v -0.12084739 -0.24099419 0.12172408
v -0.13126251 -0.24053495 0.11482252
v -0.11402579 -0.25433719 0.12508355
v -0.17856604 -0.17043054 0.04525987
v -0.17587218 -0.17865404 0.05525543
v -0.18079595 -0.16704306 0.05583873
v -0.17610480 -0.17577386 0.06603397
v -0.18101414 -0.16502874 0.04527372
v -0.17380866 -0.18756829 0.06609277
v -0.16959737 -0.19737403 0.07652490
v -0.16472492 -0.19488858 0.08561570
v -0.17109510 -0.18523219 0.07625850
v -0.16423444 -0.20215540 0.08585835
v -0.17340827 -0.18235353 0.06552565
v -0.16283482 -0.08300011 0.12634106
v -0.12819836 -0.07678087 0.13711077
v -0.15226635 -0.08743072 0.13641565
v -0.15673579 -0.07285812 0.12133125
v -0.13770729 -0.07736620 0.14413266
v -0.11979847 -0.05193198 0.13490903
v -0.12437802 -0.03947169 0.14269456
v -0.14209408 -0.05954156 0.11088641
v -0.14572766 -0.04657084 0.11749998
v -0.13683233 -0.03623991 0.13314714
v -0.11491898 -0.06397366 0.12722488
v -0.11887367 -0.07690109 0.13034254
v -0.14912915 -0.07737006 0.11663166
v -0.14138848 -0.07381479 0.10903700
v -0.13805059 -0.07355027 0.12609203
v -0.12860584 -0.06157067 0.11891571
v -0.17673315 0.00384014 0.08663712
v -0.17624442 -0.00929683 0.08307773
v -0.18022890 -0.01962434 0.06587401
v -0.18924402 -0.01826482 0.05431719
v -0.19200905 -0.00583623 0.05876134
v -0.18387696 0.00607741 0.07405604
v -0.13650201 0.19253683 0.13614021
v -0.12592877 0.19126630 0.13662988
v -0.12325511 0.18292917 0.14132972
v -0.14158620 0.18222117 0.13450488
v -0.12970820 0.17452802 0.14181113
v -0.13786022 0.17367531 0.13716930
f 1925 2 1928
f 1928 4 1927
f 1927 1 1925
f 1925 1928 1927
f 1928 2 1926
f 1926 3 1929
f 1929 4 1928
f 1928 1926 1929
f 1932 7 1931
f 1931 5 1930
f 1930 6 1932
f 1932 1931 1930
f 1931 7 1934
f 1934 8 1933
f 1933 5 1931
f 1931 1934 1933
f 1932 6 1935
f 1935 9 1936
f 1936 7 1932
f 1932 1935 1936
f 1935 6 1937
f 1937 10 1938
f 1938 9 1935
f 1935 1937 1938
f 1941 13 1940
f 1940 11 1939
f 1939 12 1941
f 1941 1940 1939
f 1940 13 1943
f 1943 14 1942
f 1942 11 1940
f 1940 1943 1942
f 1944 16 1947
f 1947 18 1946
f 1946 15 1944
f 1944 1947 1946
f 1947 16 1945
f 1945 17 1948
f 1948 18 1947
f 1947 1945 1948
f 1951 21 1950
f 1950 19 1949
f 1949 20 1951
f 1951 1950 1949
f 1950 21 1953
f 1953 22 1952
f 1952 19 1950
f 1950 1953 1952
f 1957 25 1956
f 1956 23 1954
f 1954 24 1957
f 1957 1956 1954
f 1956 25 1960
f 1960 26 1959
f 1959 23 1956
f 1956 1960 1959
f 1963 29 1962
f 1962 27 1961
f 1961 28 1963
f 1963 1962 1961
f 1962 29 1965
f 1965 30 1964
f 1964 27 1962
f 1962 1965 1964
f 1966 32 1969
f 1969 34 1968
f 1968 31 1966
f 1966 1969 1968
f 1969 32 1967
f 1967 33 1970
f 1970 34 1969
f 1969 1967 1970
f 1973 37 1972
f 1972 35 1971
f 1971 36 1973
f 1973 1972 1971
f 1972 37 1975
f 1975 38 1974
f 1974 35 1972
f 1972 1975 1974
f 1979 41 1978
f 1978 39 1976
f 1976 40 1979
f 1979 1978 1976
f 1978 41 1983
f 1983 42 1982
f 1982 39 1978
f 1978 1983 1982
f 1986 45 1985
f 1985 43 1984
f 1984 44 1986
f 1986 1985 1984
f 1985 45 1988
f 1988 46 1987
f 1987 43 1985
f 1985 1988 1987
f 1991 49 1990
f 1990 47 1989
f 1989 48 1991
f 1991 1990 1989
f 1990 49 1993
f 1993 50 1992
f 1992 47 1990
f 1990 1993 1992
f 1994 52 1997
f 1997 54 1996
f 1996 51 1994
f 1994 1997 1996
f 1997 52 1995
f 1995 53 1998
f 1998 54 1997
f 1997 1995 1998
f 2000 56 2005
f 2005 58 2004
f 2004 55 2000
f 2000 2005 2004
f 2005 56 2003
f 2003 57 2006
f 2006 58 2005
f 2005 2003 2006
f 2009 61 2008
f 2008 59 2007
f 2007 60 2009
f 2009 2008 2007
f 2008 61 2011
f 2011 62 2010
f 2010 59 2008
f 2008 2011 2010
f 1974 38 2013
f 2013 63 2012
f 2012 35 1974
f 1974 2013 2012
f 2013 38 2015
f 2015 64 2018
f 2018 63 2013
f 2013 2015 2018
f 2026 67 2025
f 2025 65 2023
f 2023 66 2026
f 2026 2025 2023
f 2025 67 2030
f 2030 68 2029
f 2029 65 2025
f 2025 2030 2029
f 2031 69 2032
f 2032 18 1948
f 1948 17 2031
f 2031 2032 1948
f 2032 69 2034
f 2034 70 2033
f 2033 18 2032
f 2032 2034 2033
f 2040 73 2039
f 2039 71 2038
f 2038 72 2040
f 2040 2039 2038
f 2039 73 2042
f 2042 74 2041
f 2041 71 2039
f 2039 2042 2041
f 2048 77 2047
f 2047 75 2046
f 2046 76 2048
f 2048 2047 2046
f 2047 77 2051
f 2051 78 2050
f 2050 75 2047
f 2047 2051 2050
f 2057 81 2056
f 2056 79 2055
f 2055 80 2057
f 2057 2056 2055
f 2056 81 2059
f 2059 82 2058
f 2058 79 2056
f 2056 2059 2058
f 1938 10 2061
f 2061 83 2060
f 2060 9 1938
f 1938 2061 2060
f 2061 10 2064
f 2064 84 2067
f 2067 83 2061
f 2061 2064 2067
f 2069 86 2075
f 2075 88 2074
f 2074 85 2069
f 2069 2075 2074
f 2075 86 2073
f 2073 87 2076
f 2076 88 2075
f 2075 2073 2076
f 2077 90 2084
f 2084 92 2083
f 2083 89 2077
f 2077 2084 2083
f 2084 90 2080
f 2080 91 2085
f 2085 92 2084
f 2084 2080 2085
f 1991 48 2086
f 2086 93 2087
f 2087 49 1991
f 1991 2086 2087
f 2086 48 2088
f 2088 94 2090
f 2090 93 2086
f 2086 2088 2090
f 2058 82 2092
f 2092 95 2091
f 2091 79 2058
f 2058 2092 2091
f 2092 82 2093
f 2093 96 2094
f 2094 95 2092
f 2092 2093 2094
f 2095 98 2098
f 2098 100 2097
f 2097 97 2095
f 2095 2098 2097
f 2098 98 2096
f 2096 99 2099
f 2099 100 2098
f 2098 2096 2099
f 2106 103 2105
f 2105 101 2102
f 2102 102 2106
f 2106 2105 2102
f 2105 103 2108
f 2108 104 2107
f 2107 101 2105
f 2105 2108 2107
f 2112 77 2109
f 2109 105 2116
f 2116 106 2112
f 2112 2109 2116
f 2109 77 2118
f 2118 107 2119
f 2119 105 2109
f 2109 2118 2119
f 2123 102 2121
f 2121 108 2124
f 2124 109 2123
f 2123 2121 2124
f 2121 102 2102
f 2102 101 2120
f 2120 108 2121
f 2121 2102 2120
f 2127 13 2125
f 2125 110 2129
f 2129 111 2127
f 2127 2125 2129
f 2125 13 2066
f 2066 84 2126
f 2126 110 2125
f 2125 2066 2126
f 2130 112 2131
f 2131 84 2064
f 2064 10 2130
f 2130 2131 2064
f 2131 112 2132
f 2132 110 2126
f 2126 84 2131
f 2131 2132 2126
f 2137 114 2136
f 2136 112 2135
f 2135 113 2137
f 2137 2136 2135
f 2136 114 2140
f 2140 115 2139
f 2139 112 2136
f 2136 2140 2139
f 2146 117 2144
f 2144 113 2143
f 2143 116 2146
f 2146 2144 2143
f 2144 117 2145
f 2145 114 2137
f 2137 113 2144
f 2144 2145 2137
f 2147 1 2148
f 2148 119 2150
f 2150 118 2147
f 2147 2148 2150
f 2148 1 1927
f 1927 4 2149
f 2149 119 2148
f 2148 1927 2149
f 2114 106 2115
f 2115 88 2076
f 2076 87 2114
f 2114 2115 2076
f 2115 106 2116
f 2116 105 2110
f 2110 88 2115
f 2115 2116 2110
f 2000 55 2151
f 2151 120 2152
f 2152 56 2000
f 2000 2151 2152
f 2151 55 2155
f 2155 121 2156
f 2156 120 2151
f 2151 2155 2156
f 2159 122 2158
f 2158 79 2091
f 2091 95 2159
f 2159 2158 2091
f 2158 122 2157
f 2157 74 2052
f 2052 79 2158
f 2158 2157 2052
f 2162 125 2161
f 2161 123 2160
f 2160 124 2162
f 2162 2161 2160
f 2161 125 2164
f 2164 126 2163
f 2163 123 2161
f 2161 2164 2163
f 2168 128 2167
f 2167 26 2165
f 2165 127 2168
f 2168 2167 2165
f 2167 128 2166
f 2166 23 1959
f 1959 26 2167
f 2167 2166 1959
f 2169 130 2172
f 2172 132 2171
f 2171 129 2169
f 2169 2172 2171
f 2172 130 2170
f 2170 131 2173
f 2173 132 2172
f 2172 2170 2173
f 2174 134 2177
f 2177 136 2176
f 2176 133 2174
f 2174 2177 2176
f 2177 134 2175
f 2175 135 2178
f 2178 136 2177
f 2177 2175 2178
f 2181 50 2180
f 2180 137 2182
f 2182 138 2181
f 2181 2180 2182
f 2180 50 1993
f 1993 49 2179
f 2179 137 2180
f 2180 1993 2179
f 2185 141 2184
f 2184 139 2183
f 2183 140 2185
f 2185 2184 2183
f 2184 141 2187
f 2187 142 2186
f 2186 139 2184
f 2184 2187 2186
f 2190 145 2189
f 2189 143 2188
f 2188 144 2190
f 2190 2189 2188
f 2189 145 2192
f 2192 146 2191
f 2191 143 2189
f 2189 2192 2191
f 2195 149 2194
f 2194 147 2193
f 2193 148 2195
f 2195 2194 2193
f 2194 149 2197
f 2197 150 2196
f 2196 147 2194
f 2194 2197 2196
f 2163 126 2199
f 2199 151 2198
f 2198 123 2163
f 2163 2199 2198
f 2199 126 2201
f 2201 152 2202
f 2202 151 2199
f 2199 2201 2202
f 2203 153 2204
f 2204 60 2007
f 2007 59 2203
f 2203 2204 2007
f 2204 153 2207
f 2207 154 2206
f 2206 60 2204
f 2204 2207 2206
f 2210 157 2209
f 2209 155 2208
f 2208 156 2210
f 2210 2209 2208
f 2209 157 2212
f 2212 158 2211
f 2211 155 2209
f 2209 2212 2211
f 2214 160 2215
f 2215 159 2213
f 2213 24 2214
f 2214 2215 2213
f 2215 160 2217
f 2217 161 2216
f 2216 159 2215
f 2215 2217 2216
f 2220 164 2219
f 2219 162 2218
f 2218 163 2220
f 2220 2219 2218
f 2219 164 2222
f 2222 165 2221
f 2221 162 2219
f 2219 2222 2221
f 2225 168 2224
f 2224 166 2223
f 2223 167 2225
f 2225 2224 2223
f 2224 168 2227
f 2227 169 2226
f 2226 166 2224
f 2224 2227 2226
f 2228 171 2231
f 2231 173 2230
f 2230 170 2228
f 2228 2231 2230
f 2231 171 2229
f 2229 172 2232
f 2232 173 2231
f 2231 2229 2232
f 2237 175 2242
f 2242 177 2241
f 2241 174 2237
f 2237 2242 2241
f 2242 175 2240
f 2240 176 2243
f 2243 177 2242
f 2242 2240 2243
f 2248 180 2247
f 2247 178 2245
f 2245 179 2248
f 2248 2247 2245
f 2247 180 2254
f 2254 181 2253
f 2253 178 2247
f 2247 2254 2253
f 2257 184 2256
f 2256 182 2255
f 2255 183 2257
f 2257 2256 2255
f 2256 184 2259
f 2259 185 2258
f 2258 182 2256
f 2256 2259 2258
f 2262 188 2261
f 2261 186 2260
f 2260 187 2262
f 2262 2261 2260
f 2261 188 2264
f 2264 189 2263
f 2263 186 2261
f 2261 2264 2263
f 2267 192 2266
f 2266 190 2265
f 2265 191 2267
f 2267 2266 2265
f 2266 192 2269
f 2269 193 2268
f 2268 190 2266
f 2266 2269 2268
f 2272 196 2271
f 2271 194 2270
f 2270 195 2272
f 2272 2271 2270
f 2271 196 2275
f 2275 197 2274
f 2274 194 2271
f 2271 2275 2274
f 2278 128 2276
f 2276 198 2279
f 2279 199 2278
f 2278 2276 2279
f 2276 128 2281
f 2281 200 2282
f 2282 198 2276
f 2276 2281 2282
f 2284 202 2287
f 2287 204 2286
f 2286 201 2284
f 2284 2287 2286
f 2287 202 2285
f 2285 203 2288
f 2288 204 2287
f 2287 2285 2288
f 2291 44 2290
f 2290 205 2292
f 2292 206 2291
f 2291 2290 2292
f 2290 44 1984
f 1984 43 2289
f 2289 205 2290
f 2290 1984 2289
f 2299 209 2298
f 2298 207 2295
f 2295 208 2299
f 2299 2298 2295
f 2298 209 2301
f 2301 210 2300
f 2300 207 2298
f 2298 2301 2300
f 2305 212 2304
f 2304 142 2302
f 2302 211 2305
f 2305 2304 2302
f 2304 212 2303
f 2303 139 2186
f 2186 142 2304
f 2304 2303 2186
f 2309 215 2308
f 2308 213 2306
f 2306 214 2309
f 2309 2308 2306
f 2308 215 2313
f 2313 216 2312
f 2312 213 2308
f 2308 2313 2312
f 2179 49 2314
f 2314 217 2316
f 2316 137 2179
f 2179 2314 2316
f 2314 49 2087
f 2087 93 2315
f 2315 217 2314
f 2314 2087 2315
f 2312 216 2318
f 2318 218 2317
f 2317 213 2312
f 2312 2318 2317
f 2318 216 2320
f 2320 219 2322
f 2322 218 2318
f 2318 2320 2322
f 2328 224 2327
f 2327 222 2326
f 2326 223 2328
f 2328 2327 2326
f 2327 224 2330
f 2330 225 2329
f 2329 222 2327
f 2327 2330 2329
f 2332 226 2331
f 2334 226 2332
f 2326 222 2336
f 2336 229 2337
f 2337 223 2326
f 2326 2336 2337
f 2336 222 2335
f 2335 228 2338
f 2338 229 2336
f 2336 2335 2338
f 2342 3 2343
f 2345 3 2342
f 2347 232 2348
f 2348 224 2328
f 2328 223 2347
f 2347 2348 2328
f 2348 232 2350
f 2350 233 2349
f 2349 224 2348
f 2348 2350 2349
f 2325 221 2333
f 2355 235 2353
f 2353 93 2351
f 2351 234 2355
f 2355 2353 2351
f 2353 235 2354
f 2354 217 2315
f 2315 93 2353
f 2353 2354 2315
f 2356 237 2359
f 2359 239 2358
f 2358 236 2356
f 2356 2359 2358
f 2359 237 2357
f 2357 238 2360
f 2360 239 2359
f 2359 2357 2360
f 2366 241 2365
f 2365 219 2362
f 2362 240 2366
f 2366 2365 2362
f 2365 241 2364
f 2364 218 2322
f 2322 219 2365
f 2365 2364 2322
f 2368 234 2352
f 2352 94 2367
f 2367 242 2368
f 2368 2352 2367
f 2352 234 2351
f 2351 93 2090
f 2090 94 2352
f 2352 2351 2090
f 2373 245 2372
f 2372 243 2370
f 2370 244 2373
f 2373 2372 2370
f 2372 245 2371
f 2371 96 2369
f 2369 243 2372
f 2372 2371 2369
f 2376 248 2375
f 2375 246 2374
f 2374 247 2376
f 2376 2375 2374
f 2375 248 2378
f 2378 249 2377
f 2377 246 2375
f 2375 2378 2377
f 2386 254 2385
f 2385 252 2384
f 2384 253 2386
f 2386 2385 2384
f 2385 254 2388
f 2388 255 2387
f 2387 252 2385
f 2385 2388 2387
f 2390 256 2389
f 2389 218 2364
f 2364 241 2390
f 2390 2389 2364
f 2389 256 2393
f 2393 257 2392
f 2392 218 2389
f 2389 2393 2392
f 2400 260 2399
f 2399 258 2395
f 2395 259 2400
f 2400 2399 2395
f 2399 260 2398
f 2398 257 2394
f 2394 258 2399
f 2399 2398 2394
f 2404 263 2403
f 2403 261 2401
f 2401 262 2404
f 2404 2403 2401
f 2403 263 2408
f 2408 264 2407
f 2407 261 2403
f 2403 2408 2407
f 2413 266 2411
f 2411 144 2409
f 2409 265 2413
f 2413 2411 2409
f 2411 266 2412
f 2412 145 2190
f 2190 144 2411
f 2411 2412 2190
f 2417 269 2416
f 2416 249 2414
f 2414 268 2417
f 2417 2416 2414
f 2416 269 2415
f 2415 246 2377
f 2377 249 2416
f 2416 2415 2377
f 2423 271 2421
f 2421 243 2420
f 2420 270 2423
f 2423 2421 2420
f 2421 271 2428
f 2428 272 2424
f 2424 243 2421
f 2421 2428 2424
f 2431 275 2430
f 2430 273 2429
f 2429 274 2431
f 2431 2430 2429
f 2430 275 2433
f 2433 276 2432
f 2432 273 2430
f 2430 2433 2432
f 2437 278 2436
f 2436 276 2434
f 2434 277 2437
f 2437 2436 2434
f 2436 278 2435
f 2435 273 2432
f 2432 276 2436
f 2436 2435 2432
f 2447 281 2446
f 2446 279 2441
f 2441 280 2447
f 2447 2446 2441
f 2446 281 2445
f 2445 109 2438
f 2438 279 2446
f 2446 2445 2438
f 2451 111 2449
f 2449 282 2452
f 2452 283 2451
f 2451 2449 2452
f 2449 111 2129
f 2129 110 2448
f 2448 282 2449
f 2449 2129 2448
f 2381 252 2382
f 2382 233 2350
f 2350 232 2381
f 2381 2382 2350
f 2382 252 2454
f 2454 284 2453
f 2453 233 2382
f 2382 2454 2453
f 2459 253 2383
f 2383 232 2458
f 2458 285 2459
f 2459 2383 2458
f 2383 253 2384
f 2384 252 2381
f 2381 232 2383
f 2383 2384 2381
f 2466 242 2464
f 2464 286 2467
f 2467 287 2466
f 2466 2464 2467
f 2464 242 2367
f 2367 94 2462
f 2462 286 2464
f 2464 2367 2462
f 2035 71 2089
f 2089 94 2088
f 2088 48 2035
f 2035 2089 2088
f 2089 71 2460
f 2460 286 2462
f 2462 94 2089
f 2089 2460 2462
f 2471 289 2469
f 2469 35 2468
f 2468 288 2471
f 2471 2469 2468
f 2469 289 2470
f 2470 36 1971
f 1971 35 2469
f 2469 2470 1971
f 2473 290 2474
f 2474 104 2108
f 2108 103 2473
f 2473 2474 2108
f 2474 290 2476
f 2476 291 2475
f 2475 104 2474
f 2474 2476 2475
f 2480 293 2478
f 2478 214 2477
f 2477 292 2480
f 2480 2478 2477
f 2478 293 2479
f 2479 215 2309
f 2309 214 2478
f 2478 2479 2309
f 2487 296 2486
f 2486 294 2484
f 2484 295 2487
f 2487 2486 2484
f 2486 296 2490
f 2490 297 2489
f 2489 294 2486
f 2486 2490 2489
f 2496 299 2495
f 2495 297 2492
f 2492 298 2496
f 2496 2495 2492
f 2495 299 2494
f 2494 294 2489
f 2489 297 2495
f 2495 2494 2489
f 2496 298 2500
f 2500 301 2501
f 2501 299 2496
f 2496 2500 2501
f 2500 298 2497
f 2497 300 2502
f 2502 301 2500
f 2500 2497 2502
f 2505 90 2504
f 2504 302 2506
f 2506 303 2505
f 2505 2504 2506
f 2504 90 2077
f 2077 89 2503
f 2503 302 2504
f 2504 2077 2503
f 2507 304 2513
f 2513 306 2512
f 2512 279 2507
f 2507 2513 2512
f 2513 304 2509
f 2509 305 2514
f 2514 306 2513
f 2513 2509 2514
f 2516 307 2517
f 2517 249 2378
f 2378 248 2516
f 2516 2517 2378
f 2517 307 2518
f 2518 272 2426
f 2426 249 2517
f 2517 2518 2426
f 2524 185 2526
f 2526 311 2528
f 2528 310 2524
f 2524 2526 2528
f 2526 185 2259
f 2259 184 2525
f 2525 311 2526
f 2526 2259 2525
f 2529 312 2530
f 2530 144 2188
f 2188 143 2529
f 2529 2530 2188
f 2530 312 2534
f 2534 313 2531
f 2531 144 2530
f 2530 2534 2531
f 2538 316 2537
f 2537 314 2536
f 2536 315 2538
f 2538 2537 2536
f 2537 316 2540
f 2540 317 2539
f 2539 314 2537
f 2537 2540 2539
f 2331 226 2541
f 2545 321 2544
f 2544 319 2543
f 2543 320 2545
f 2545 2544 2543
f 2544 321 2547
f 2547 322 2546
f 2546 319 2544
f 2544 2547 2546
f 2550 167 2549
f 2549 323 2552
f 2552 324 2550
f 2550 2549 2552
f 2549 167 2223
f 2223 166 2548
f 2548 323 2549
f 2549 2223 2548
f 2339 230 2558
f 2558 325 2557
f 2557 159 2339
f 2339 2558 2557
f 2558 230 2344
f 2344 231 2559
f 2559 325 2558
f 2558 2344 2559
f 2563 328 2562
f 2562 326 2561
f 2561 327 2563
f 2563 2562 2561
f 2562 328 2565
f 2565 329 2564
f 2564 326 2562
f 2562 2565 2564
f 2569 332 2568
f 2568 330 2567
f 2567 331 2569
f 2569 2568 2567
f 2568 332 2571
f 2571 333 2570
f 2570 330 2568
f 2568 2571 2570
f 2573 334 2572
f 2572 236 2358
f 2358 239 2573
f 2573 2572 2358
f 2572 334 2575
f 2575 335 2574
f 2574 236 2572
f 2572 2575 2574
f 2578 338 2577
f 2577 336 2576
f 2576 337 2578
f 2578 2577 2576
f 2577 338 2580
f 2580 339 2579
f 2579 336 2577
f 2577 2580 2579
f 2584 262 2581
f 2581 340 2586
f 2586 341 2584
f 2584 2581 2586
f 2581 262 2551
f 2551 324 2583
f 2583 340 2581
f 2581 2551 2583
f 2591 343 2594
f 2594 345 2593
f 2593 342 2591
f 2591 2594 2593
f 2594 343 2592
f 2592 344 2595
f 2595 345 2594
f 2594 2592 2595
f 2599 348 2598
f 2598 346 2597
f 2597 347 2599
f 2599 2598 2597
f 2598 348 2601
f 2601 349 2600
f 2600 346 2598
f 2598 2601 2600
f 2363 240 2361
f 2361 217 2354
f 2354 235 2363
f 2363 2361 2354
f 2361 240 2362
f 2362 219 2321
f 2321 217 2361
f 2361 2362 2321
f 2310 137 2319
f 2319 219 2320
f 2320 216 2310
f 2310 2319 2320
f 2319 137 2316
f 2316 217 2321
f 2321 219 2319
f 2319 2316 2321
f 2310 216 2311
f 2311 138 2182
f 2182 137 2310
f 2310 2311 2182
f 2311 216 2313
f 2313 215 2307
f 2307 138 2311
f 2311 2313 2307
f 2607 352 2606
f 2606 350 2603
f 2603 351 2607
f 2607 2606 2603
f 2606 352 2609
f 2609 353 2608
f 2608 350 2606
f 2606 2609 2608
f 2616 211 2613
f 2613 354 2617
f 2617 355 2616
f 2616 2613 2617
f 2613 211 2302
f 2302 142 2612
f 2612 354 2613
f 2613 2302 2612
f 2620 356 2621
f 2621 142 2187
f 2187 141 2620
f 2620 2621 2187
f 2621 356 2623
f 2623 354 2612
f 2612 142 2621
f 2621 2623 2612
f 2251 181 2252
f 2252 154 2207
f 2207 153 2251
f 2251 2252 2207
f 2252 181 2254
f 2254 180 2246
f 2246 154 2252
f 2252 2254 2246
f 2235 156 2239
f 2239 176 2240
f 2240 175 2235
f 2235 2239 2240
f 2239 156 2208
f 2208 155 2238
f 2238 176 2239
f 2239 2208 2238
f 2625 357 2633
f 2633 359 2630
f 2630 133 2625
f 2625 2633 2630
f 2633 357 2629
f 2629 358 2634
f 2634 359 2633
f 2633 2629 2634
f 2638 360 2637
f 2637 201 2286
f 2286 204 2638
f 2638 2637 2286
f 2637 360 2642
f 2642 361 2641
f 2641 201 2637
f 2637 2642 2641
f 2650 364 2649
f 2649 362 2647
f 2647 363 2650
f 2650 2649 2647
f 2649 364 2653
f 2653 365 2652
f 2652 362 2649
f 2649 2653 2652
f 2657 366 2658
f 2658 363 2647
f 2647 362 2657
f 2657 2658 2647
f 2658 366 2664
f 2664 367 2663
f 2663 363 2658
f 2658 2664 2663
f 2661 367 2660
f 2660 170 2230
f 2230 173 2661
f 2661 2660 2230
f 2660 367 2664
f 2664 366 2655
f 2655 170 2660
f 2660 2664 2655
f 1951 20 2078
f 2078 91 2079
f 2079 21 1951
f 1951 2078 2079
f 2078 20 2081
f 2081 92 2085
f 2085 91 2078
f 2078 2081 2085
f 2669 369 2674
f 2674 371 2673
f 2673 368 2669
f 2669 2674 2673
f 2674 369 2670
f 2670 370 2675
f 2675 371 2674
f 2674 2670 2675
f 2685 374 2684
f 2684 372 2681
f 2681 373 2685
f 2685 2684 2681
f 2684 374 2691
f 2691 375 2690
f 2690 372 2684
f 2684 2691 2690
f 2139 115 2138
f 2138 110 2132
f 2132 112 2139
f 2139 2138 2132
f 2138 115 2450
f 2450 282 2448
f 2448 110 2138
f 2138 2450 2448
f 2701 377 2699
f 2699 8 2694
f 2694 376 2701
f 2701 2699 2694
f 2699 377 2698
f 2698 5 1933
f 1933 8 2699
f 2699 2698 1933
f 2705 378 2702
f 2702 5 2698
f 2698 377 2705
f 2705 2702 2698
f 2702 378 2703
f 2703 116 2141
f 2141 5 2702
f 2702 2703 2141
f 2708 379 2706
f 2706 116 2703
f 2703 378 2708
f 2708 2706 2703
f 2706 379 2707
f 2707 117 2146
f 2146 116 2706
f 2706 2707 2146
f 2216 161 2340
f 2340 230 2339
f 2339 159 2216
f 2216 2340 2339
f 2340 161 2323
f 2323 220 2341
f 2341 230 2340
f 2340 2323 2341
f 2717 382 2716
f 2716 380 2714
f 2714 381 2717
f 2717 2716 2714
f 2716 382 2719
f 2719 383 2718
f 2718 380 2716
f 2716 2719 2718
f 2723 385 2722
f 2722 383 2720
f 2720 384 2723
f 2723 2722 2720
f 2722 385 2721
f 2721 380 2718
f 2718 383 2722
f 2722 2721 2718
f 2695 376 2696
f 2696 26 1960
f 1960 25 2695
f 2695 2696 1960
f 2696 376 2694
f 2694 8 1958
f 1958 26 2696
f 2696 2694 1958
f 2346 4 1929
f 1929 3 2345
f 2345 2346 1929
f 2724 4 2346
f 2149 4 2725
f 2726 119 2149
f 2149 2725 2726
f 2725 4 2724
f 2732 388 2730
f 2730 205 2729
f 2729 387 2732
f 2732 2730 2729
f 2730 388 2731
f 2731 206 2292
f 2292 205 2730
f 2730 2731 2292
f 2736 390 2734
f 2734 387 2733
f 2733 389 2736
f 2736 2734 2733
f 2734 390 2735
f 2735 388 2732
f 2732 387 2734
f 2734 2735 2732
f 2740 392 2746
f 2746 393 2745
f 2745 391 2740
f 2740 2746 2745
f 2746 392 2738
f 2738 328 2744
f 2744 393 2746
f 2746 2738 2744
f 2751 395 2749
f 2749 47 2747
f 2747 394 2751
f 2751 2749 2747
f 2749 395 2750
f 2750 72 2036
f 2036 47 2749
f 2749 2750 2036
f 2755 398 2754
f 2754 396 2752
f 2752 397 2755
f 2755 2754 2752
f 2754 398 2759
f 2759 399 2758
f 2758 396 2754
f 2754 2759 2758
f 2762 305 2761
f 2761 400 2763
f 2763 401 2762
f 2762 2761 2763
f 2761 305 2509
f 2509 304 2760
f 2760 400 2761
f 2761 2509 2760
f 2771 404 2770
f 2770 402 2768
f 2768 403 2771
f 2771 2770 2768
f 2770 404 2775
f 2775 405 2774
f 2774 402 2770
f 2770 2775 2774
f 2779 407 2778
f 2778 269 2776
f 2776 406 2779
f 2779 2778 2776
f 2778 407 2777
f 2777 246 2415
f 2415 269 2778
f 2778 2777 2415
f 2780 409 2783
f 2783 411 2782
f 2782 408 2780
f 2780 2783 2782
f 2783 409 2781
f 2781 410 2784
f 2784 411 2783
f 2783 2781 2784
f 2792 413 2788
f 2788 270 2787
f 2787 412 2792
f 2792 2788 2787
f 2788 413 2789
f 2789 271 2423
f 2423 270 2788
f 2788 2789 2423
f 2798 415 2796
f 2796 89 2793
f 2793 414 2798
f 2798 2796 2793
f 2796 415 2797
f 2797 302 2503
f 2503 89 2796
f 2796 2797 2503
f 2800 416 2801
f 2801 279 2438
f 2438 109 2800
f 2800 2801 2438
f 2801 416 2802
f 2802 304 2507
f 2507 279 2801
f 2801 2802 2507
f 2807 344 2806
f 2806 417 2808
f 2808 418 2807
f 2807 2806 2808
f 2806 344 2592
f 2592 343 2805
f 2805 417 2806
f 2806 2592 2805
f 2810 419 2811
f 2811 418 2808
f 2808 417 2810
f 2810 2811 2808
f 2811 419 2813
f 2813 420 2812
f 2812 418 2811
f 2811 2813 2812
f 2442 281 2443
f 2443 70 2034
f 2034 69 2442
f 2442 2443 2034
f 2443 281 2444
f 2444 78 2049
f 2049 70 2443
f 2443 2444 2049
f 2816 423 2815
f 2815 421 2814
f 2814 422 2816
f 2816 2815 2814
f 2815 423 2818
f 2818 424 2817
f 2817 421 2815
f 2815 2818 2817
f 2822 427 2821
f 2821 425 2820
f 2820 426 2822
f 2822 2821 2820
f 2821 427 2826
f 2826 428 2825
f 2825 425 2821
f 2821 2826 2825
f 2833 431 2832
f 2832 429 2831
f 2831 430 2833
f 2833 2832 2831
f 2832 431 2837
f 2837 432 2836
f 2836 429 2832
f 2832 2837 2836
f 2842 434 2843
f 2843 433 2838
f 2838 430 2842
f 2842 2843 2838
f 2843 434 2847
f 2847 435 2846
f 2846 433 2843
f 2843 2847 2846
f 2841 320 2845
f 2845 435 2847
f 2847 434 2841
f 2841 2845 2847
f 2845 320 2543
f 2543 319 2844
f 2844 435 2845
f 2845 2543 2844
f 2856 438 2855
f 2855 436 2852
f 2852 437 2856
f 2856 2855 2852
f 2855 438 2858
f 2858 439 2857
f 2857 436 2855
f 2855 2858 2857
f 2865 442 2864
f 2864 440 2861
f 2861 441 2865
f 2865 2864 2861
f 2864 442 2869
f 2869 443 2868
f 2868 440 2864
f 2864 2869 2868
f 2877 446 2876
f 2876 444 2873
f 2873 445 2877
f 2877 2876 2873
f 2876 446 2880
f 2880 447 2879
f 2879 444 2876
f 2876 2880 2879
f 2871 445 2872
f 2872 46 1988
f 1988 45 2871
f 2871 2872 1988
f 2872 445 2873
f 2873 444 2870
f 2870 46 2872
f 2872 2873 2870
f 2881 448 2882
f 2882 410 2781
f 2781 409 2881
f 2881 2882 2781
f 2882 448 2884
f 2884 449 2883
f 2883 410 2882
f 2882 2884 2883
f 2890 452 2889
f 2889 450 2888
f 2888 451 2890
f 2890 2889 2888
f 2889 452 2894
f 2894 453 2893
f 2893 450 2889
f 2889 2894 2893
f 2902 456 2901
f 2901 454 2898
f 2898 455 2902
f 2902 2901 2898
f 2901 456 2906
f 2906 457 2905
f 2905 454 2901
f 2901 2906 2905
f 2913 460 2912
f 2912 458 2909
f 2909 459 2913
f 2913 2912 2909
f 2912 460 2919
f 2919 461 2918
f 2918 458 2912
f 2912 2919 2918
f 2921 462 2922
f 2922 210 2301
f 2301 209 2921
f 2921 2922 2301
f 2922 462 2929
f 2929 463 2924
f 2924 210 2922
f 2922 2929 2924
f 2932 408 2930
f 2930 464 2933
f 2933 465 2932
f 2932 2930 2933
f 2930 408 2782
f 2782 411 2931
f 2931 464 2930
f 2930 2782 2931
f 2156 121 2795
f 2795 414 2794
f 2794 120 2156
f 2156 2795 2794
f 2795 121 2934
f 2934 466 2935
f 2935 414 2795
f 2795 2934 2935
f 2937 467 2938
f 2938 158 2212
f 2212 157 2937
f 2937 2938 2212
f 2938 467 2941
f 2941 468 2940
f 2940 158 2938
f 2938 2941 2940
f 2946 85 2942
f 2942 469 2947
f 2947 470 2946
f 2946 2942 2947
f 2942 85 2074
f 2074 88 2943
f 2943 469 2942
f 2942 2074 2943
f 2948 471 2949
f 2949 62 2011
f 2011 61 2948
f 2948 2949 2011
f 2949 471 2953
f 2953 472 2950
f 2950 62 2949
f 2949 2953 2950
f 2501 301 2499
f 2499 30 2493
f 2493 299 2501
f 2501 2499 2493
f 2499 301 2498
f 2498 27 1964
f 1964 30 2499
f 2499 2498 1964
f 2954 473 2955
f 2955 30 1965
f 1965 29 2954
f 2954 2955 1965
f 2955 473 2962
f 2962 474 2957
f 2957 30 2955
f 2955 2962 2957
f 2963 32 2043
f 2043 75 2965
f 2965 475 2963
f 2963 2043 2965
f 2043 32 2045
f 2045 76 2046
f 2046 75 2043
f 2043 2045 2046
f 2957 474 2959
f 2959 299 2493
f 2493 30 2957
f 2957 2959 2493
f 2959 474 2958
f 2958 294 2494
f 2494 299 2959
f 2959 2958 2494
f 2130 10 2134
f 2134 113 2135
f 2135 112 2130
f 2130 2134 2135
f 2134 10 1937
f 1937 6 2133
f 2133 113 2134
f 2134 1937 2133
f 2133 6 2142
f 2142 116 2143
f 2143 113 2133
f 2133 2142 2143
f 2142 6 1930
f 1930 5 2141
f 2141 116 2142
f 2142 1930 2141
f 2728 386 2727
f 2727 118 2150
f 2150 119 2728
f 2728 2727 2150
f 2727 386 2970
f 2970 476 2967
f 2967 118 2727
f 2727 2970 2967
f 2943 88 2481
f 2481 295 2945
f 2945 469 2943
f 2943 2481 2945
f 2481 88 2110
f 2110 105 2482
f 2482 295 2481
f 2481 2110 2482
f 2619 64 2611
f 2611 354 2623
f 2623 356 2619
f 2619 2611 2623
f 2611 64 2015
f 2015 38 2610
f 2610 354 2611
f 2611 2015 2610
f 2614 355 2615
f 2615 38 1975
f 1975 37 2614
f 2614 2615 1975
f 2615 355 2617
f 2617 354 2610
f 2610 38 2615
f 2615 2617 2610
f 2977 478 2976
f 2976 465 2972
f 2972 477 2977
f 2977 2976 2972
f 2976 478 2973
f 2973 408 2932
f 2932 465 2976
f 2976 2973 2932
f 2983 480 2991
f 2991 482 2990
f 2990 479 2983
f 2983 2991 2990
f 2991 480 2988
f 2988 481 2992
f 2992 482 2991
f 2991 2988 2992
f 2996 485 2995
f 2995 483 2993
f 2993 484 2996
f 2996 2995 2993
f 2995 485 3000
f 3000 486 2999
f 2999 483 2995
f 2995 3000 2999
f 3003 489 3002
f 3002 487 3001
f 3001 488 3003
f 3003 3002 3001
f 3002 489 3005
f 3005 490 3004
f 3004 487 3002
f 3002 3005 3004
f 3009 492 3015
f 3015 494 3014
f 3014 491 3009
f 3009 3015 3014
f 3015 492 3012
f 3012 493 3016
f 3016 494 3015
f 3015 3012 3016
f 2347 223 2456
f 2456 285 2458
f 2458 232 2347
f 2347 2456 2458
f 2456 223 2337
f 2337 229 2457
f 2457 285 2456
f 2456 2337 2457
f 3018 225 2330
f 2330 224 3017
f 3017 3018 2330
f 3019 225 3018
f 3026 496 3023
f 3023 95 3020
f 3020 495 3026
f 3026 3023 3020
f 3023 496 3024
f 3024 122 2159
f 2159 95 3023
f 3023 3024 2159
f 2519 267 3027
f 3027 497 3028
f 3028 308 2519
f 2519 3027 3028
f 3008 449 3011
f 3011 493 3012
f 3012 492 3008
f 3008 3011 3012
f 3011 449 2884
f 2884 448 3010
f 3010 493 3011
f 3011 2884 3010
f 3029 224 2349
f 2349 233 3030
f 3030 3029 2349
f 3017 224 3029
f 2036 72 2037
f 2037 48 1989
f 1989 47 2036
f 2036 2037 1989
f 2037 72 2038
f 2038 71 2035
f 2035 48 2037
f 2037 2038 2035
f 3036 499 3034
f 3034 80 3033
f 3033 498 3036
f 3036 3034 3033
f 3034 499 3035
f 3035 81 2057
f 2057 80 3034
f 3034 3035 2057
f 3043 502 3042
f 3042 500 3040
f 3040 501 3043
f 3043 3042 3040
f 3042 502 3046
f 3046 503 3045
f 3045 500 3042
f 3042 3046 3045
f 3051 506 3050
f 3050 504 3048
f 3048 505 3051
f 3051 3050 3048
f 3050 506 3055
f 3055 507 3054
f 3054 504 3050
f 3050 3055 3054
f 3066 509 3062
f 3062 138 3056
f 3056 508 3066
f 3066 3062 3056
f 3062 509 3061
f 3061 50 2181
f 2181 138 3062
f 3062 3061 2181
f 3071 512 3070
f 3070 510 3069
f 3069 511 3071
f 3071 3070 3069
f 3070 512 3073
f 3073 513 3072
f 3072 510 3070
f 3070 3073 3072
f 3077 361 2640
f 2640 194 3075
f 3075 514 3077
f 3077 2640 3075
f 2640 361 2642
f 2642 360 2635
f 2635 194 2640
f 2640 2642 2635
f 2173 131 3079
f 3079 516 3080
f 3080 132 2173
f 2173 3079 3080
f 3079 131 3078
f 3078 515 3081
f 3081 516 3079
f 3079 3078 3081
f 3016 493 3085
f 3085 518 3086
f 3086 494 3016
f 3016 3085 3086
f 3085 493 3084
f 3084 517 3087
f 3087 518 3085
f 3085 3084 3087
f 2293 208 2829
f 2829 429 2827
f 2827 195 2293
f 2293 2829 2827
f 2829 208 2295
f 2295 207 2828
f 2828 429 2829
f 2829 2295 2828
f 2975 457 2903
f 2903 408 2973
f 2973 478 2975
f 2975 2903 2973
f 2903 457 2904
f 2904 409 2780
f 2780 408 2903
f 2903 2904 2780
f 2971 477 3091
f 3091 519 3089
f 3089 459 2971
f 2971 3091 3089
f 3091 477 2972
f 2972 465 3090
f 3090 519 3091
f 3091 2972 3090
f 3095 521 3096
f 3096 520 3092
f 3092 51 3095
f 3095 3096 3092
f 3096 521 3100
f 3100 522 3099
f 3099 520 3096
f 3096 3100 3099
f 2825 428 2823
f 2823 389 2819
f 2819 425 2825
f 2825 2823 2819
f 2823 428 2824
f 2824 390 2736
f 2736 389 2823
f 2823 2824 2736
f 3010 448 3082
f 3082 517 3084
f 3084 493 3010
f 3010 3082 3084
f 3082 448 2900
f 2900 456 3083
f 3083 517 3082
f 3082 2900 3083
f 2417 268 2772
f 2772 405 2773
f 2773 269 2417
f 2417 2772 2773
f 2772 268 2764
f 2764 402 2774
f 2774 405 2772
f 2772 2764 2774
f 3108 523 3105
f 3108 524 3106
f 3106 255 3101
f 3101 523 3108
f 3108 3106 3101
f 2343 3 2554
f 2554 325 2559
f 2559 231 2343
f 2343 2554 2559
f 2554 3 1926
f 1926 2 2553
f 2553 325 2554
f 2554 1926 2553
f 2741 127 2737
f 2737 391 2745
f 2745 393 2741
f 2741 2737 2745
f 2737 127 3111
f 3111 525 3112
f 3112 391 2737
f 2737 3111 3112
f 3117 303 3114
f 3114 526 3120
f 3120 527 3117
f 3117 3114 3120
f 3114 303 2506
f 2506 302 3113
f 3113 526 3114
f 3114 2506 3113
f 3090 465 3124
f 3124 528 3125
f 3125 519 3090
f 3090 3124 3125
f 3124 465 2933
f 2933 464 3123
f 3123 528 3124
f 3124 2933 3123
f 3129 427 3126
f 3126 529 3131
f 3131 530 3129
f 3129 3126 3131
f 3126 427 2867
f 2867 443 3128
f 3128 529 3126
f 3126 2867 3128
f 3121 188 3088
f 3088 519 3125
f 3125 528 3121
f 3121 3088 3125
f 3088 188 3133
f 3133 531 3137
f 3137 519 3088
f 3088 3133 3137
f 3144 451 3140
f 3140 532 3145
f 3145 533 3144
f 3144 3140 3145
f 3140 451 2888
f 2888 450 3139
f 3139 532 3140
f 3140 2888 3139
f 3167 540 3166
f 3170 540 3167
f 3150 534 3147
f 3147 322 3148
f 3148 535 3150
f 3150 3147 3148
f 3147 534 3146
f 3146 319 2546
f 2546 322 3147
f 3147 3146 2546
f 2879 447 3159
f 3159 538 3158
f 3158 444 2879
f 2879 3159 3158
f 3159 447 3160
f 3160 539 3161
f 3161 538 3159
f 3159 3160 3161
f 1987 46 3169
f 3169 541 3168
f 3168 43 1987
f 1987 3169 3168
f 3169 46 3162
f 3162 540 3170
f 3170 541 3169
f 3169 3162 3170
f 3173 389 3172
f 3172 542 3175
f 3175 543 3173
f 3173 3172 3175
f 3172 389 2733
f 2733 387 3171
f 3171 542 3172
f 3172 2733 3171
f 3176 425 3174
f 3174 543 3178
f 3178 544 3176
f 3176 3174 3178
f 3174 425 2819
f 2819 389 3173
f 3173 543 3174
f 3174 2819 3173
f 3157 537 3156
f 3156 435 3153
f 3153 536 3157
f 3157 3156 3153
f 3156 537 3155
f 3155 433 2846
f 2846 435 3156
f 3156 3155 2846
f 3184 546 3187
f 3186 545 3184
f 3184 3187 3186
f 3187 546 3185
f 3190 545 3191
f 3192 547 3190
f 3190 3191 3192
f 3191 545 3186
f 3179 542 3197
f 2861 440 3188
f 3188 547 3189
f 3189 441 2861
f 2861 3188 3189
f 3188 440 3180
f 3180 545 3190
f 3190 547 3188
f 3188 3180 3190
f 3171 387 3195
f 3195 548 3197
f 3197 542 3171
f 3171 3195 3197
f 3195 387 2729
f 2729 205 3194
f 3194 548 3195
f 3195 2729 3194
f 3181 546 3182
f 3182 440 2859
f 2859 426 3181
f 3181 3182 2859
f 3182 546 3184
f 3184 545 3180
f 3180 440 3182
f 3182 3184 3180
f 2857 439 3199
f 3199 549 3198
f 3198 436 2857
f 2857 3199 3198
f 3199 439 3201
f 3201 550 3204
f 3204 549 3199
f 3199 3201 3204
f 3215 552 3216
f 3216 539 3160
f 3160 447 3215
f 3215 3216 3160
f 3216 552 3217
f 3217 551 3209
f 3209 539 3216
f 3216 3217 3209
f 3208 551 3207
f 3207 433 3155
f 3155 537 3208
f 3208 3207 3155
f 3207 551 3217
f 3217 552 3214
f 3214 433 3207
f 3207 3217 3214
f 2844 319 3152
f 3152 536 3153
f 3153 435 2844
f 2844 3152 3153
f 3152 319 3146
f 3146 534 3154
f 3154 536 3152
f 3152 3146 3154
f 3176 544 3177
f 3177 426 2820
f 2820 425 3176
f 3176 3177 2820
f 3177 544 3183
f 3183 546 3181
f 3181 426 3177
f 3177 3183 3181
f 2289 43 3193
f 3193 548 3194
f 3194 205 2289
f 2289 3193 3194
f 3193 43 3168
f 3168 541 3196
f 3196 548 3193
f 3193 3168 3196
f 3164 540 3163
f 3163 444 3158
f 3158 538 3164
f 3164 3163 3158
f 3163 540 3162
f 3162 46 2870
f 2870 444 3163
f 3163 3162 2870
f 3164 538 3165
f 3166 540 3164
f 3164 3165 3166
f 3218 312 3223
f 3223 555 3224
f 3224 553 3218
f 3218 3223 3224
f 3223 312 3222
f 3222 554 3225
f 3225 555 3223
f 3223 3222 3225
f 3227 556 3226
f 3226 35 2012
f 2012 63 3227
f 3227 3226 2012
f 3226 556 3228
f 3228 288 2468
f 2468 35 3226
f 3226 3228 2468
f 3238 296 3235
f 3235 557 3240
f 3240 558 3238
f 3238 3235 3240
f 3235 296 2485
f 2485 107 3234
f 3234 557 3235
f 3235 2485 3234
f 3243 559 3244
f 3244 468 2941
f 2941 467 3243
f 3243 3244 2941
f 3244 559 3248
f 3248 560 3247
f 3247 468 3244
f 3244 3248 3247
f 3249 561 3250
f 3250 99 2096
f 2096 98 3249
f 3249 3250 2096
f 3250 561 3258
f 3258 562 3253
f 3253 99 3250
f 3250 3258 3253
f 2910 196 2914
f 2914 461 2919
f 2919 460 2910
f 2910 2914 2919
f 2914 196 2835
f 2835 432 2915
f 2915 461 2914
f 2914 2835 2915
f 2874 446 2875
f 2875 432 2837
f 2837 431 2874
f 2874 2875 2837
f 2875 446 2917
f 2917 461 2915
f 2915 432 2875
f 2875 2917 2915
f 2952 472 3261
f 3261 563 3259
f 3259 300 2952
f 2952 3261 3259
f 3261 472 2953
f 2953 471 3260
f 3260 563 3261
f 3261 2953 3260
f 3115 365 3119
f 3119 527 3120
f 3120 526 3115
f 3115 3119 3120
f 3119 365 2653
f 2653 364 3118
f 3118 527 3119
f 3119 2653 3118
f 3208 537 3210
f 3211 551 3208
f 3208 3210 3211
f 3229 298 2491
f 2491 288 3228
f 3228 556 3229
f 3229 2491 3228
f 2491 298 2492
f 2492 297 2488
f 2488 288 2491
f 2491 2492 2488
f 2776 269 3262
f 3262 564 3264
f 3264 406 2776
f 2776 3262 3264
f 3262 269 2773
f 2773 405 3263
f 3263 564 3262
f 3262 2773 3263
f 3269 566 3268
f 3268 407 3265
f 3265 565 3269
f 3269 3268 3265
f 3268 566 3266
f 3266 246 2777
f 2777 407 3268
f 3268 3266 2777
f 3272 569 3271
f 3271 567 3270
f 3270 568 3272
f 3272 3271 3270
f 3271 569 3274
f 3274 570 3273
f 3273 567 3271
f 3271 3274 3273
f 3276 569 3275
f 3275 571 3278
f 3278 572 3276
f 3276 3275 3278
f 3275 569 3280
f 3280 573 3281
f 3281 571 3275
f 3275 3280 3281
f 3282 575 3288
f 3288 577 3287
f 3287 574 3282
f 3282 3288 3287
f 3288 575 3284
f 3284 576 3289
f 3289 577 3288
f 3288 3284 3289
f 3292 576 3290
f 3290 578 3293
f 3293 579 3292
f 3292 3290 3293
f 3290 576 3294
f 3294 580 3295
f 3295 578 3290
f 3290 3294 3295
f 3296 581 3297
f 3297 579 3293
f 3293 578 3296
f 3296 3297 3293
f 3297 581 3301
f 3301 582 3300
f 3300 579 3297
f 3297 3301 3300
f 3302 583 3303
f 3303 582 3301
f 3301 581 3302
f 3302 3303 3301
f 3303 583 3307
f 3307 584 3306
f 3306 582 3303
f 3303 3307 3306
f 3310 585 3309
f 3309 285 3305
f 3305 584 3310
f 3310 3309 3305
f 3309 585 3308
f 3308 253 2459
f 2459 285 3309
f 3309 3308 2459
f 3313 586 3311
f 3311 253 3308
f 3308 585 3313
f 3313 3311 3308
f 3311 586 3312
f 3312 254 2386
f 2386 253 3311
f 3311 3312 2386
f 3323 589 3322
f 3322 587 3320
f 3320 588 3323
f 3323 3322 3320
f 3322 589 3321
f 3321 497 3316
f 3316 587 3322
f 3322 3321 3316
f 3329 591 3327
f 3327 308 3324
f 3324 590 3329
f 3329 3327 3324
f 3327 591 3328
f 3328 309 2521
f 2521 308 3327
f 3327 3328 2521
f 3335 593 3333
f 3333 250 3330
f 3330 592 3335
f 3335 3333 3330
f 3333 593 3334
f 3334 251 2379
f 2379 250 3333
f 3333 3334 2379
f 3337 594 3336
f 3336 251 3334
f 3334 593 3337
f 3337 3336 3334
f 3336 594 3339
f 3339 595 3338
f 3338 251 3336
f 3336 3339 3338
f 3109 8 3341
f 3341 596 3344
f 3344 525 3109
f 3109 3341 3344
f 3341 8 1934
f 1934 7 3340
f 3340 596 3341
f 3341 1934 3340
f 3345 160 3351
f 3351 599 3352
f 3352 597 3345
f 3345 3351 3352
f 3351 160 3349
f 3349 598 3353
f 3353 599 3351
f 3351 3349 3353
f 3364 602 3363
f 3363 600 3361
f 3361 601 3364
f 3364 3363 3361
f 3363 602 3368
f 3368 603 3367
f 3367 600 3363
f 3363 3368 3367
f 3369 164 3372
f 3372 605 3373
f 3373 604 3369
f 3369 3372 3373
f 3372 164 2220
f 2220 163 3371
f 3371 605 3372
f 3372 2220 3371
f 3375 606 3374
f 3374 597 3352
f 3352 599 3375
f 3375 3374 3352
f 3374 606 3376
f 3376 604 3370
f 3370 597 3374
f 3374 3376 3370
f 3383 608 3380
f 3380 164 3377
f 3377 607 3383
f 3383 3380 3377
f 3380 608 3381
f 3381 165 2222
f 2222 164 3380
f 3380 3381 2222
f 3389 611 3388
f 3388 609 3387
f 3387 610 3389
f 3389 3388 3387
f 3388 611 3392
f 3392 612 3391
f 3391 609 3388
f 3388 3392 3391
f 3399 615 3398
f 3398 613 3397
f 3397 614 3399
f 3399 3398 3397
f 3398 615 3403
f 3403 616 3402
f 3402 613 3398
f 3398 3403 3402
f 3409 619 3408
f 3408 617 3407
f 3407 618 3409
f 3409 3408 3407
f 3408 619 3411
f 3411 620 3410
f 3410 617 3408
f 3408 3411 3410
f 3414 614 3396
f 3396 330 3412
f 3412 621 3414
f 3414 3396 3412
f 3396 614 3397
f 3397 613 3394
f 3394 330 3396
f 3396 3397 3394
f 3416 340 2582
f 2582 323 3415
f 3415 622 3416
f 3416 2582 3415
f 2582 340 2583
f 2583 324 2552
f 2552 323 2582
f 2582 2583 2552
f 3422 624 3421
f 3421 486 3418
f 3418 623 3422
f 3422 3421 3418
f 3421 624 3420
f 3420 483 2999
f 2999 486 3421
f 3421 3420 2999
f 3424 516 3427
f 3427 627 3428
f 3428 625 3424
f 3424 3427 3428
f 3427 516 3426
f 3426 626 3429
f 3429 627 3427
f 3427 3426 3429
f 3434 629 3433
f 3433 132 3430
f 3430 628 3434
f 3434 3433 3430
f 3433 629 3432
f 3432 129 2171
f 2171 132 3433
f 3433 3432 2171
f 3441 631 3440
f 3440 521 3437
f 3437 630 3441
f 3441 3440 3437
f 3440 631 3446
f 3446 632 3444
f 3444 521 3440
f 3440 3446 3444
f 3451 635 3450
f 3450 633 3447
f 3447 634 3451
f 3451 3450 3447
f 3450 635 3455
f 3455 636 3454
f 3454 633 3450
f 3450 3455 3454
f 3458 327 3385
f 3385 609 3459
f 3459 637 3458
f 3458 3385 3459
f 3385 327 2561
f 2561 326 3384
f 3384 609 3385
f 3385 2561 3384
f 3405 618 3406
f 3406 53 1995
f 1995 52 3405
f 3405 3406 1995
f 3406 618 3407
f 3407 617 3404
f 3404 53 3406
f 3406 3407 3404
f 3465 640 3464
f 3464 638 3463
f 3463 639 3465
f 3465 3464 3463
f 3464 640 3468
f 3468 641 3467
f 3467 638 3464
f 3464 3468 3467
f 3471 643 3475
f 3475 645 3474
f 3474 642 3471
f 3471 3475 3474
f 3475 643 3472
f 3472 644 3476
f 3476 645 3475
f 3475 3472 3476
f 3454 636 3478
f 3478 646 3477
f 3477 633 3454
f 3454 3478 3477
f 3478 636 3480
f 3480 647 3481
f 3481 646 3478
f 3478 3480 3481
f 2883 449 3094
f 3094 520 3093
f 3093 410 2883
f 2883 3094 3093
f 3094 449 3484
f 3484 648 3486
f 3486 520 3094
f 3094 3484 3486
f 3486 648 3482
f 3482 51 3092
f 3092 520 3486
f 3486 3482 3092
f 3482 648 3483
f 3483 52 1994
f 1994 51 3482
f 3482 3483 1994
f 3493 651 3492
f 3492 649 3490
f 3490 650 3493
f 3493 3492 3490
f 3492 651 3495
f 3495 652 3494
f 3494 649 3492
f 3492 3495 3494
f 3077 514 3504
f 3504 654 3503
f 3503 361 3077
f 3077 3504 3503
f 3504 514 3499
f 3499 653 3505
f 3505 654 3504
f 3504 3499 3505
f 3510 654 3501
f 3501 97 3506
f 3506 655 3510
f 3510 3501 3506
f 3501 654 3502
f 3502 98 2095
f 2095 97 3501
f 3501 3502 2095
f 2650 363 2645
f 2645 99 2648
f 2648 364 2650
f 2650 2645 2648
f 2645 363 2646
f 2646 100 2099
f 2099 99 2645
f 2645 2646 2099
f 2232 172 2631
f 2631 359 2632
f 2632 173 2232
f 2232 2631 2632
f 2631 172 3513
f 3513 656 3514
f 3514 359 2631
f 2631 3513 3514
f 3514 656 3511
f 3511 133 2630
f 2630 359 3514
f 3514 3511 2630
f 3511 656 3512
f 3512 134 2174
f 2174 133 3511
f 3511 3512 2174
f 2992 481 2984
f 2984 135 2989
f 2989 482 2992
f 2992 2984 2989
f 2984 481 2985
f 2985 136 2178
f 2178 135 2984
f 2984 2985 2178
f 3117 527 3141
f 3141 532 3138
f 3138 303 3117
f 3117 3141 3138
f 3141 527 3255
f 3255 562 3256
f 3256 532 3141
f 3141 3255 3256
f 2663 367 2659
f 2659 100 2646
f 2646 363 2663
f 2663 2659 2646
f 2659 367 2662
f 2662 358 2627
f 2627 100 2659
f 2659 2662 2627
f 2627 358 2626
f 2626 97 2097
f 2097 100 2627
f 2627 2626 2097
f 2626 358 2629
f 2629 357 2624
f 2624 97 2626
f 2626 2629 2624
f 2641 361 3509
f 3509 655 3507
f 3507 201 2641
f 2641 3509 3507
f 3509 361 3503
f 3503 654 3510
f 3510 655 3509
f 3509 3503 3510
f 2284 201 3517
f 3517 657 3518
f 3518 202 2284
f 2284 3517 3518
f 3517 201 3507
f 3507 655 3520
f 3520 657 3517
f 3517 3507 3520
f 2661 173 2628
f 2628 358 2662
f 2662 367 2661
f 2661 2628 2662
f 2628 173 2632
f 2632 359 2634
f 2634 358 2628
f 2628 2632 2634
f 3123 464 3524
f 3524 658 3525
f 3525 528 3123
f 3123 3524 3525
f 3524 464 3528
f 3528 659 3531
f 3531 658 3524
f 3524 3528 3531
f 3521 658 3522
f 3522 451 2887
f 2887 189 3521
f 3521 3522 2887
f 3522 658 3523
f 3523 452 2890
f 2890 451 3522
f 3522 3523 2890
f 2080 90 2891
f 2891 453 2892
f 2892 91 2080
f 2080 2891 2892
f 2891 90 2885
f 2885 450 2893
f 2893 453 2891
f 2891 2885 2893
f 3532 660 3533
f 3533 652 3495
f 3495 651 3532
f 3532 3533 3495
f 3533 660 3535
f 3535 661 3534
f 3534 652 3533
f 3533 3535 3534
f 3436 630 3435
f 3435 51 1996
f 1996 54 3436
f 3436 3435 1996
f 3435 630 3437
f 3437 521 3095
f 3095 51 3435
f 3435 3437 3095
f 2784 410 3097
f 3097 522 3098
f 3098 411 2784
f 2784 3097 3098
f 3097 410 3093
f 3093 520 3099
f 3099 522 3097
f 3097 3093 3099
f 3121 528 3122
f 3122 189 2264
f 2264 188 3121
f 3121 3122 2264
f 3122 528 3525
f 3525 658 3521
f 3521 189 3122
f 3122 3525 3521
f 2505 303 2886
f 2886 450 2885
f 2885 90 2505
f 2505 2886 2885
f 2886 303 3138
f 3138 532 3139
f 3139 450 2886
f 2886 3138 3139
f 3118 364 3254
f 3254 562 3255
f 3255 527 3118
f 3118 3254 3255
f 3254 364 2648
f 2648 99 3253
f 3253 562 3254
f 3254 2648 3253
f 3009 491 3537
f 3537 662 3538
f 3538 492 3009
f 3009 3537 3538
f 3537 491 3542
f 3542 663 3545
f 3545 662 3537
f 3537 3542 3545
f 3545 663 3543
f 3543 618 3539
f 3539 662 3545
f 3545 3543 3539
f 3543 663 3544
f 3544 619 3409
f 3409 618 3543
f 3543 3544 3409
f 2931 411 3526
f 3526 659 3528
f 3528 464 2931
f 2931 3526 3528
f 3526 411 3098
f 3098 522 3529
f 3529 659 3526
f 3526 3098 3529
f 3550 665 3548
f 3548 190 3546
f 3546 664 3550
f 3550 3548 3546
f 3548 665 3555
f 3555 666 3551
f 3551 190 3548
f 3548 3555 3551
f 3549 634 3554
f 3554 666 3555
f 3555 665 3549
f 3549 3554 3555
f 3554 634 3447
f 3447 633 3553
f 3553 666 3554
f 3554 3447 3553
f 3556 130 3560
f 3560 668 3565
f 3565 667 3556
f 3556 3560 3565
f 3560 130 3449
f 3449 635 3563
f 3563 668 3560
f 3560 3449 3563
f 3008 492 3485
f 3485 648 3484
f 3484 449 3008
f 3008 3485 3484
f 3485 492 3538
f 3538 662 3540
f 3540 648 3485
f 3485 3538 3540
f 3540 662 3536
f 3536 52 3483
f 3483 648 3540
f 3540 3536 3483
f 3536 662 3539
f 3539 618 3405
f 3405 52 3536
f 3536 3539 3405
f 3489 650 3568
f 3568 669 3566
f 3566 610 3489
f 3489 3568 3566
f 3568 650 3490
f 3490 649 3567
f 3567 669 3568
f 3568 3490 3567
f 3003 488 3571
f 3571 671 3572
f 3572 489 3003
f 3003 3571 3572
f 3571 488 3569
f 3569 670 3577
f 3577 671 3571
f 3571 3569 3577
f 3570 639 3575
f 3575 671 3577
f 3577 670 3570
f 3570 3575 3577
f 3575 639 3463
f 3463 638 3574
f 3574 671 3575
f 3575 3463 3574
f 3585 674 3584
f 3584 672 3582
f 3582 673 3585
f 3585 3584 3582
f 3584 674 3589
f 3589 675 3588
f 3588 672 3584
f 3584 3589 3588
f 3590 676 3591
f 3591 424 2818
f 2818 423 3590
f 3590 3591 2818
f 3591 676 3595
f 3595 677 3592
f 3592 424 3591
f 3591 3595 3592
f 3598 673 3601
f 3601 679 3602
f 3602 678 3598
f 3598 3601 3602
f 3601 673 3582
f 3582 672 3600
f 3600 679 3601
f 3601 3582 3600
f 3551 666 3552
f 3552 191 2265
f 2265 190 3551
f 3551 3552 2265
f 3552 666 3606
f 3606 680 3603
f 3603 191 3552
f 3552 3606 3603
f 3605 680 3604
f 3604 633 3477
f 3477 646 3605
f 3605 3604 3477
f 3604 680 3606
f 3606 666 3553
f 3553 633 3604
f 3604 3606 3553
f 3432 629 3453
f 3453 636 3452
f 3452 129 3432
f 3432 3453 3452
f 3453 629 3479
f 3479 647 3480
f 3480 636 3453
f 3453 3479 3480
f 3613 682 3614
f 3614 681 3608
f 3608 392 3613
f 3613 3614 3608
f 3614 682 3619
f 3619 683 3618
f 3618 681 3614
f 3614 3619 3618
f 3622 684 3623
f 3623 661 3535
f 3535 660 3622
f 3622 3623 3535
f 3623 684 3628
f 3628 685 3627
f 3627 661 3623
f 3623 3628 3627
f 3625 21 3629
f 3629 686 3633
f 3633 685 3625
f 3625 3629 3633
f 3629 21 2079
f 2079 91 3630
f 3630 686 3629
f 3629 2079 3630
f 3439 631 3438
f 3438 91 2892
f 2892 453 3439
f 3439 3438 2892
f 3438 631 3632
f 3632 686 3630
f 3630 91 3438
f 3438 3632 3630
f 3442 632 3443
f 3443 453 2894
f 2894 452 3442
f 3442 3443 2894
f 3443 632 3446
f 3446 631 3439
f 3439 453 3443
f 3443 3446 3439
f 2683 374 2682
f 2682 7 1936
f 1936 9 2683
f 2683 2682 1936
f 2682 374 3343
f 3343 596 3340
f 3340 7 2682
f 2682 3343 3340
f 2679 370 3634
f 3634 687 3635
f 3635 373 2679
f 2679 3634 3635
f 3634 370 3611
f 3611 682 3639
f 3639 687 3634
f 3634 3611 3639
f 3620 684 3621
f 3621 369 2668
f 2668 22 3620
f 3620 3621 2668
f 3621 684 3624
f 3624 683 3615
f 3615 369 3621
f 3621 3624 3615
f 3444 632 3445
f 3445 522 3100
f 3100 521 3444
f 3444 3445 3100
f 3445 632 3530
f 3530 659 3529
f 3529 522 3445
f 3445 3530 3529
f 3531 659 3527
f 3527 452 3523
f 3523 658 3531
f 3531 3527 3523
f 3527 659 3530
f 3530 632 3442
f 3442 452 3527
f 3527 3530 3442
f 3497 186 3251
f 3251 561 3500
f 3500 653 3497
f 3497 3251 3500
f 3251 186 3142
f 3142 533 3252
f 3252 561 3251
f 3251 3142 3252
f 3249 98 3496
f 3496 653 3500
f 3500 561 3249
f 3249 3496 3500
f 3496 98 3502
f 3502 654 3505
f 3505 653 3496
f 3496 3502 3505
f 3520 655 3508
f 3508 357 3519
f 3519 657 3520
f 3520 3508 3519
f 3508 655 3506
f 3506 97 2624
f 2624 357 3508
f 3508 3506 2624
f 2625 133 3515
f 3515 657 3519
f 3519 357 2625
f 2625 3515 3519
f 3515 133 2176
f 2176 136 3516
f 3516 657 3515
f 3515 2176 3516
f 3516 136 2283
f 2283 202 3518
f 3518 657 3516
f 3516 2283 3518
f 2283 136 2985
f 2985 481 2986
f 2986 202 2283
f 2283 2985 2986
f 2986 481 2987
f 2987 203 2285
f 2285 202 2986
f 2986 2987 2285
f 2987 481 2988
f 2988 480 2979
f 2979 203 2987
f 2987 2988 2979
f 2923 462 2982
f 2982 480 2980
f 2980 348 2923
f 2923 2982 2980
f 2982 462 2920
f 2920 203 2979
f 2979 480 2982
f 2982 2920 2979
f 2849 321 2596
f 2596 347 2851
f 2851 437 2849
f 2849 2596 2851
f 2596 321 2926
f 2926 463 2927
f 2927 347 2596
f 2596 2926 2927
f 3200 535 3149
f 3149 436 3198
f 3198 549 3200
f 3200 3149 3198
f 3149 535 3148
f 3148 322 2848
f 2848 436 3149
f 3149 3148 2848
f 3151 535 3200
f 3643 689 3644
f 3644 688 3641
f 3641 664 3643
f 3643 3644 3641
f 3644 689 3648
f 3648 690 3647
f 3647 688 3644
f 3644 3648 3647
f 3649 691 3650
f 3650 438 2853
f 2853 346 3649
f 3649 3650 2853
f 3650 691 3651
f 3651 442 2862
f 2862 438 3650
f 3650 3651 2862
f 3203 550 3202
f 3202 441 3189
f 3189 547 3203
f 3203 3202 3189
f 3202 550 3201
f 3201 439 2860
f 2860 441 3202
f 3202 3201 2860
f 3205 547 3192
f 3206 550 3203
f 3203 547 3205
f 3205 3206 3203
f 3655 115 3654
f 3654 692 3657
f 3657 693 3655
f 3655 3654 3657
f 3654 115 2140
f 2140 114 3653
f 3653 692 3654
f 3654 2140 3653
f 3668 695 3663
f 3663 44 3658
f 3658 694 3668
f 3668 3663 3658
f 3663 695 3664
f 3664 45 1986
f 1986 44 3663
f 3663 3664 1986
f 3660 694 3659
f 3659 206 2895
f 2895 454 3660
f 3660 3659 2895
f 3659 694 3658
f 3658 44 2291
f 2291 206 3659
f 3659 3658 2291
f 2924 463 2925
f 2925 320 2542
f 2542 210 2924
f 2924 2925 2542
f 2925 463 2926
f 2926 321 2545
f 2545 320 2925
f 2925 2926 2545
f 2895 206 2896
f 2896 455 2898
f 2898 454 2895
f 2895 2896 2898
f 2896 206 2731
f 2731 388 2897
f 2897 455 2896
f 2896 2731 2897
f 2897 388 3669
f 3669 696 3672
f 3672 455 2897
f 2897 3669 3672
f 3669 388 2735
f 2735 390 3670
f 3670 696 3669
f 3669 2735 3670
f 3675 428 3130
f 3130 530 3678
f 3678 697 3675
f 3675 3130 3678
f 3130 428 2826
f 2826 427 3129
f 3129 530 3130
f 3130 2826 3129
f 3214 552 3212
f 3212 430 2838
f 2838 433 3214
f 3214 3212 2838
f 3212 552 3213
f 3213 431 2833
f 2833 430 3212
f 3212 3213 2833
f 2828 207 2830
f 2830 430 2831
f 2831 429 2828
f 2828 2830 2831
f 2830 207 2839
f 2839 434 2842
f 2842 430 2830
f 2830 2839 2842
f 2300 210 2840
f 2840 434 2839
f 2839 207 2300
f 2300 2840 2839
f 2840 210 2542
f 2542 320 2841
f 2841 434 2840
f 2840 2542 2841
f 2853 438 2854
f 2854 347 2597
f 2597 346 2853
f 2853 2854 2597
f 2854 438 2856
f 2856 437 2851
f 2851 347 2854
f 2854 2856 2851
f 3652 529 3127
f 3127 442 3651
f 3651 691 3652
f 3652 3127 3651
f 3127 529 3128
f 3128 443 2869
f 2869 442 3127
f 3127 3128 2869
f 2918 461 2916
f 2916 445 2908
f 2908 458 2918
f 2918 2916 2908
f 2916 461 2917
f 2917 446 2877
f 2877 445 2916
f 2916 2917 2877
f 3665 458 2907
f 2907 45 3664
f 3664 695 3665
f 3665 2907 3664
f 2907 458 2908
f 2908 445 2871
f 2871 45 2907
f 2907 2908 2871
f 3679 696 3671
f 3671 428 3675
f 3675 697 3679
f 3679 3671 3675
f 3671 696 3670
f 3670 390 2824
f 2824 428 3671
f 3671 3670 2824
f 2868 443 2866
f 2866 426 2859
f 2859 440 2868
f 2868 2866 2859
f 2866 443 2867
f 2867 427 2822
f 2822 426 2866
f 2866 2867 2822
f 3215 447 2878
f 2878 431 3213
f 3213 552 3215
f 3215 2878 3213
f 2878 447 2880
f 2880 446 2874
f 2874 431 2878
f 2878 2880 2874
f 2848 322 2850
f 2850 437 2852
f 2852 436 2848
f 2848 2850 2852
f 2850 322 2547
f 2547 321 2849
f 2849 437 2850
f 2850 2547 2849
f 2860 439 2863
f 2863 442 2865
f 2865 441 2860
f 2860 2863 2865
f 2863 439 2858
f 2858 438 2862
f 2862 442 2863
f 2863 2858 2862
f 2836 432 2834
f 2834 195 2827
f 2827 429 2836
f 2836 2834 2827
f 2834 432 2835
f 2835 196 2272
f 2272 195 2834
f 2834 2835 2272
f 2638 204 2294
f 2294 208 2639
f 2639 360 2638
f 2638 2294 2639
f 2294 204 2297
f 2297 209 2299
f 2299 208 2294
f 2294 2297 2299
f 2978 349 2981
f 2981 480 2983
f 2983 479 2978
f 2978 2981 2983
f 2981 349 2601
f 2601 348 2980
f 2980 480 2981
f 2981 2601 2980
f 2881 409 2899
f 2899 456 2900
f 2900 448 2881
f 2881 2899 2900
f 2899 409 2904
f 2904 457 2906
f 2906 456 2899
f 2899 2904 2906
f 3137 531 3135
f 3135 459 3089
f 3089 519 3137
f 3137 3135 3089
f 3135 531 3136
f 3136 460 2913
f 2913 459 3135
f 3135 3136 2913
f 2288 203 2296
f 2296 209 2297
f 2297 204 2288
f 2288 2296 2297
f 2296 203 2920
f 2920 462 2921
f 2921 209 2296
f 2296 2920 2921
f 3668 694 3661
f 3661 477 3667
f 3667 695 3668
f 3668 3661 3667
f 3661 694 3662
f 3662 478 2977
f 2977 477 3661
f 3661 3662 2977
f 3679 697 3676
f 3676 517 3674
f 3674 696 3679
f 3679 3676 3674
f 3676 697 3677
f 3677 518 3087
f 3087 517 3676
f 3676 3677 3087
f 2635 360 2636
f 2636 195 2270
f 2270 194 2635
f 2635 2636 2270
f 2636 360 2639
f 2639 208 2293
f 2293 195 2636
f 2636 2639 2293
f 3660 454 2974
f 2974 478 3662
f 3662 694 3660
f 3660 2974 3662
f 2974 454 2905
f 2905 457 2975
f 2975 478 2974
f 2974 2905 2975
f 3665 695 3666
f 3666 459 2909
f 2909 458 3665
f 3665 3666 2909
f 3666 695 3667
f 3667 477 2971
f 2971 459 3666
f 3666 3667 2971
f 3672 696 3673
f 3673 456 2902
f 2902 455 3672
f 3672 3673 2902
f 3673 696 3674
f 3674 517 3083
f 3083 456 3673
f 3673 3674 3083
f 3134 197 2911
f 2911 460 3136
f 3136 531 3134
f 3134 2911 3136
f 2911 197 2275
f 2275 196 2910
f 2910 460 2911
f 2911 2275 2910
f 2927 463 2928
f 2928 348 2599
f 2599 347 2927
f 2927 2928 2599
f 2928 463 2929
f 2929 462 2923
f 2923 348 2928
f 2928 2929 2923
f 3682 698 3680
f 3680 274 2766
f 2766 403 3682
f 3682 3680 2766
f 3680 698 3681
f 3681 275 2431
f 2431 274 3680
f 3680 3681 2431
f 3689 353 3687
f 3687 699 3692
f 3692 700 3689
f 3689 3687 3692
f 3687 353 2609
f 2609 352 3686
f 3686 699 3687
f 3687 2609 3686
f 2524 310 3694
f 3694 701 3693
f 3693 185 2524
f 2524 3694 3693
f 3694 310 3696
f 3696 702 3701
f 3701 701 3694
f 3694 3696 3701
f 3058 293 2602
f 2602 351 3059
f 3059 508 3058
f 3058 2602 3059
f 2602 293 2605
f 2605 352 2607
f 2607 351 2602
f 2602 2605 2607
f 3703 703 3704
f 3704 505 3048
f 3048 504 3703
f 3703 3704 3048
f 3704 703 3710
f 3710 704 3709
f 3709 505 3704
f 3704 3710 3709
f 2756 399 2757
f 2757 274 2429
f 2429 273 2756
f 2756 2757 2429
f 2757 399 2759
f 2759 398 2753
f 2753 274 2757
f 2757 2759 2753
f 3712 705 3713
f 3713 501 3040
f 3040 500 3712
f 3712 3713 3040
f 3713 705 3717
f 3717 706 3716
f 3716 501 3713
f 3713 3717 3716
f 3721 707 3722
f 3722 501 3039
f 3039 498 3721
f 3721 3722 3039
f 3722 707 3723
f 3723 502 3043
f 3043 501 3722
f 3722 3723 3043
f 3063 509 3064
f 3064 505 3047
f 3047 394 3063
f 3063 3064 3047
f 3064 509 3065
f 3065 506 3051
f 3051 505 3064
f 3064 3065 3051
f 3052 507 3053
f 3053 351 2603
f 2603 350 3052
f 3052 3053 2603
f 3053 507 3055
f 3055 506 3049
f 3049 351 3053
f 3053 3055 3049
f 3735 710 3734
f 3734 708 3730
f 3730 709 3735
f 3735 3734 3730
f 3734 710 3741
f 3741 711 3740
f 3740 708 3734
f 3734 3741 3740
f 3742 712 3743
f 3743 701 3695
f 3695 337 3742
f 3742 3743 3695
f 3743 712 3747
f 3747 713 3746
f 3746 701 3743
f 3743 3747 3746
f 3054 507 3751
f 3751 714 3750
f 3750 504 3054
f 3054 3751 3750
f 3751 507 3755
f 3755 715 3756
f 3756 714 3751
f 3751 3755 3756
f 3689 700 3760
f 3760 716 3758
f 3758 353 3689
f 3689 3760 3758
f 3760 700 3764
f 3764 717 3765
f 3765 716 3760
f 3760 3764 3765
f 3776 719 3773
f 3773 511 3770
f 3770 718 3776
f 3776 3773 3770
f 3773 719 3774
f 3774 512 3071
f 3071 511 3773
f 3773 3774 3071
f 3785 721 3786
f 3786 720 3779
f 3779 475 3785
f 3785 3786 3779
f 3786 721 3781
f 3781 277 3778
f 3778 720 3786
f 3786 3781 3778
f 3703 504 3788
f 3788 722 3789
f 3789 703 3703
f 3703 3788 3789
f 3788 504 3750
f 3750 714 3790
f 3790 722 3788
f 3788 3750 3790
f 2756 273 3791
f 3791 723 3794
f 3794 399 2756
f 2756 3791 3794
f 3791 273 2435
f 2435 278 3792
f 3792 723 3791
f 3791 2435 3792
f 3805 725 3800
f 3800 184 3798
f 3798 724 3805
f 3805 3800 3798
f 3800 725 3803
f 3803 311 2525
f 2525 184 3800
f 3800 3803 2525
f 2608 353 3808
f 3808 726 3807
f 3807 350 2608
f 2608 3808 3807
f 3808 353 3758
f 3758 716 3811
f 3811 726 3808
f 3808 3758 3811
f 3052 350 3754
f 3754 715 3755
f 3755 507 3052
f 3052 3754 3755
f 3754 350 3807
f 3807 726 3810
f 3810 715 3754
f 3754 3807 3810
f 3819 729 3818
f 3818 727 3815
f 3815 728 3819
f 3819 3818 3815
f 3818 729 3824
f 3824 730 3823
f 3823 727 3818
f 3818 3824 3823
f 3828 731 3829
f 3829 730 3824
f 3824 729 3828
f 3828 3829 3824
f 3829 731 3825
f 3825 14 3820
f 3820 730 3829
f 3829 3825 3820
f 3833 732 3831
f 3831 14 3825
f 3825 731 3833
f 3833 3831 3825
f 3831 732 3830
f 3830 11 1942
f 1942 14 3831
f 3831 3830 1942
f 3836 733 3834
f 3834 11 3830
f 3830 732 3836
f 3836 3834 3830
f 3834 733 3835
f 3835 42 1980
f 1980 11 3834
f 3834 3835 1980
f 2029 68 3838
f 3838 734 3837
f 3837 65 2029
f 2029 3838 3837
f 3838 68 3840
f 3840 735 3841
f 3841 734 3838
f 3838 3840 3841
f 2004 58 3843
f 3843 736 3842
f 3842 55 2004
f 2004 3843 3842
f 3843 58 3845
f 3845 737 3848
f 3848 736 3843
f 3843 3845 3848
f 3849 121 3844
f 3844 736 3851
f 3851 738 3849
f 3849 3844 3851
f 3844 121 2155
f 2155 55 3842
f 3842 736 3844
f 3844 2155 3842
f 3852 466 3850
f 3850 738 3853
f 3853 739 3852
f 3852 3850 3853
f 3850 466 2934
f 2934 121 3849
f 3849 738 3850
f 3850 2934 3849
f 3861 741 3860
f 3860 739 3856
f 3856 740 3861
f 3861 3860 3856
f 3860 741 3858
f 3858 466 3852
f 3852 739 3860
f 3860 3858 3852
f 3242 415 3246
f 3246 560 3248
f 3248 559 3242
f 3242 3246 3248
f 3246 415 3857
f 3857 741 3859
f 3859 560 3246
f 3246 3857 3859
f 3865 742 3863
f 3863 300 3259
f 3259 563 3865
f 3865 3863 3259
f 3863 742 3864
f 3864 301 2502
f 2502 300 3863
f 3863 3864 2502
f 3868 27 3862
f 3862 742 3873
f 3873 743 3868
f 3868 3862 3873
f 3862 27 2498
f 2498 301 3864
f 3864 742 3862
f 3862 2498 3864
f 3874 28 3869
f 3869 743 3877
f 3877 744 3874
f 3874 3869 3877
f 3869 28 1961
f 1961 27 3868
f 3868 743 3869
f 3869 1961 3868
f 2810 417 2804
f 2804 291 2809
f 2809 419 2810
f 2810 2804 2809
f 2804 417 2803
f 2803 104 2475
f 2475 291 2804
f 2804 2803 2475
f 2805 343 2590
f 2590 104 2803
f 2803 417 2805
f 2805 2590 2803
f 2590 343 2589
f 2589 101 2107
f 2107 104 2590
f 2590 2589 2107
f 2591 342 2587
f 2587 101 2589
f 2589 343 2591
f 2591 2587 2589
f 2587 342 2588
f 2588 108 2120
f 2120 101 2587
f 2587 2588 2120
f 3879 745 3878
f 3878 108 2588
f 2588 342 3879
f 3879 3878 2588
f 3878 745 3882
f 3882 746 3880
f 3880 108 3878
f 3878 3882 3880
f 3884 747 3883
f 3883 114 2145
f 2145 117 3884
f 3884 3883 2145
f 3883 747 3885
f 3885 692 3653
f 3653 114 3883
f 3883 3885 3653
f 3881 416 2799
f 2799 108 3880
f 3880 746 3881
f 3881 2799 3880
f 2799 416 2800
f 2800 109 2124
f 2124 108 2799
f 2799 2800 2124
f 2557 325 2555
f 2555 24 2213
f 2213 159 2557
f 2557 2555 2213
f 2555 325 2556
f 2556 25 1957
f 1957 24 2555
f 2555 2556 1957
f 3347 598 3348
f 3348 24 1954
f 1954 23 3347
f 3347 3348 1954
f 3348 598 3349
f 3349 160 2214
f 2214 24 3348
f 3348 3349 2214
f 3887 748 3888
f 3888 383 2719
f 2719 382 3887
f 3887 3888 2719
f 3888 748 3894
f 3894 749 3892
f 3892 383 3888
f 3888 3894 3892
f 1925 1 2692
f 2692 376 2693
f 2693 2 1925
f 1925 2692 2693
f 2692 1 2697
f 2697 377 2701
f 2701 376 2692
f 2692 2697 2701
f 2147 118 2700
f 2700 377 2697
f 2697 1 2147
f 2147 2700 2697
f 2700 118 2704
f 2704 378 2705
f 2705 377 2700
f 2700 2704 2705
f 2967 476 2968
f 2968 378 2704
f 2704 118 2967
f 2967 2968 2704
f 2968 476 2969
f 2969 379 2708
f 2708 378 2968
f 2968 2969 2708
f 2553 2 1955
f 1955 25 2556
f 2556 325 2553
f 2553 1955 2556
f 1955 2 2693
f 2693 376 2695
f 2695 25 1955
f 1955 2693 2695
f 3900 751 3897
f 3897 316 3896
f 3896 750 3900
f 3900 3897 3896
f 3897 751 3899
f 3899 749 3890
f 3890 316 3897
f 3897 3899 3890
f 3906 753 3904
f 3904 599 3903
f 3903 752 3906
f 3906 3904 3903
f 3904 753 3905
f 3905 606 3375
f 3375 599 3904
f 3904 3905 3375
f 3912 608 3909
f 3909 754 3914
f 3914 755 3912
f 3912 3909 3914
f 3909 608 3383
f 3383 607 3908
f 3908 754 3909
f 3909 3383 3908
f 3756 715 3752
f 3752 36 3748
f 3748 714 3756
f 3756 3752 3748
f 3752 715 3753
f 3753 37 1973
f 1973 36 3752
f 3752 3753 1973
f 3765 717 3761
f 3761 211 3757
f 3757 716 3765
f 3765 3761 3757
f 3761 717 3762
f 3762 212 2305
f 2305 211 3761
f 3761 3762 2305
f 2407 264 3767
f 3767 718 3766
f 3766 261 2407
f 2407 3767 3766
f 3767 264 3772
f 3772 719 3776
f 3776 718 3767
f 3767 3772 3776
f 3790 714 3749
f 3749 289 3787
f 3787 722 3790
f 3790 3749 3787
f 3749 714 3748
f 3748 36 2470
f 2470 289 3749
f 3749 3748 2470
f 3792 278 2508
f 2508 305 3793
f 3793 723 3792
f 3792 2508 3793
f 2508 278 2511
f 2511 306 2514
f 2514 305 2508
f 2508 2511 2514
f 3811 716 3759
f 3759 355 3809
f 3809 726 3811
f 3811 3759 3809
f 3759 716 3757
f 3757 211 2616
f 2616 355 3759
f 3759 3757 2616
f 3810 726 3806
f 3806 37 3753
f 3753 715 3810
f 3810 3806 3753
f 3806 726 3809
f 3809 355 2614
f 2614 37 3806
f 3806 3809 2614
f 3236 558 3237
f 3237 289 2471
f 2471 288 3236
f 3236 3237 2471
f 3237 558 3918
f 3918 756 3916
f 3916 289 3237
f 3237 3918 3916
f 2439 280 2966
f 2966 475 2965
f 2965 75 2439
f 2439 2966 2965
f 2966 280 3783
f 3783 721 3785
f 3785 475 2966
f 2966 3783 3785
f 3804 725 3799
f 3799 167 2550
f 2550 324 3804
f 3804 3799 2550
f 3799 725 3805
f 3805 724 3796
f 3796 167 3799
f 3799 3805 3796
f 3923 757 3924
f 3924 315 2536
f 2536 314 3923
f 3923 3924 2536
f 3924 757 3925
f 3925 553 3220
f 3220 315 3924
f 3924 3925 3220
f 3931 150 3927
f 3927 758 3935
f 3935 759 3931
f 3931 3927 3935
f 3927 150 2197
f 2197 149 3926
f 3926 758 3927
f 3927 2197 3926
f 3945 603 3937
f 3937 760 3947
f 3947 761 3945
f 3945 3937 3947
f 3937 603 3368
f 3368 602 3936
f 3936 760 3937
f 3937 3368 3936
f 3949 332 3944
f 3944 761 3953
f 3953 762 3949
f 3949 3944 3953
f 3944 332 3366
f 3366 603 3945
f 3945 761 3944
f 3944 3366 3945
f 3955 763 3956
f 3956 612 3392
f 3392 611 3955
f 3955 3956 3392
f 3956 763 3954
f 3954 333 3390
f 3390 612 3956
f 3956 3954 3390
f 3966 765 3975
f 3975 767 3974
f 3974 764 3966
f 3966 3975 3974
f 3975 765 3970
f 3970 766 3976
f 3976 767 3975
f 3975 3970 3976
f 3466 620 3462
f 3462 638 3467
f 3467 641 3466
f 3466 3462 3467
f 3462 620 3411
f 3411 619 3461
f 3461 638 3462
f 3462 3411 3461
f 3461 619 3573
f 3573 671 3574
f 3574 638 3461
f 3461 3573 3574
f 3573 619 3544
f 3544 663 3576
f 3576 671 3573
f 3573 3544 3576
f 3576 663 3541
f 3541 489 3572
f 3572 671 3576
f 3576 3541 3572
f 3541 663 3542
f 3542 491 3006
f 3006 489 3541
f 3541 3542 3006
f 3006 491 3007
f 3007 490 3005
f 3005 489 3006
f 3006 3007 3005
f 3007 491 3014
f 3014 494 3013
f 3013 490 3007
f 3007 3014 3013
f 3013 494 3978
f 3978 768 3977
f 3977 490 3013
f 3013 3978 3977
f 3978 494 3086
f 3086 518 3979
f 3979 768 3978
f 3978 3086 3979
f 3981 697 3984
f 3984 770 3985
f 3985 769 3981
f 3981 3984 3985
f 3984 697 3678
f 3678 530 3983
f 3983 770 3984
f 3984 3678 3983
f 3986 771 3987
f 3987 530 3131
f 3131 529 3986
f 3986 3987 3131
f 3987 771 3989
f 3989 770 3983
f 3983 530 3987
f 3987 3989 3983
f 3652 691 3988
f 3988 771 3986
f 3986 529 3652
f 3652 3988 3986
f 3988 691 3991
f 3991 772 3992
f 3992 771 3988
f 3988 3991 3992
f 3649 346 3990
f 3990 772 3991
f 3991 691 3649
f 3649 3990 3991
f 3990 346 3993
f 3993 773 3995
f 3995 772 3990
f 3990 3993 3995
f 2978 479 3997
f 3997 774 3996
f 3996 349 2978
f 2978 3997 3996
f 3997 479 3645
f 3645 690 3998
f 3998 774 3997
f 3997 3645 3998
f 2990 482 3646
f 3646 690 3645
f 3645 479 2990
f 2990 3646 3645
f 3646 482 3640
f 3640 688 3647
f 3647 690 3646
f 3646 3640 3647
f 3640 482 4001
f 4001 775 4004
f 4004 688 3640
f 3640 4001 4004
f 4001 482 2989
f 2989 135 4000
f 4000 775 4001
f 4001 2989 4000
f 4000 135 4006
f 4006 776 4010
f 4010 775 4000
f 4000 4006 4010
f 4006 135 2175
f 2175 134 4005
f 4005 776 4006
f 4006 2175 4005
f 3564 668 3561
f 3561 134 3512
f 3512 656 3564
f 3564 3561 3512
f 3561 668 4009
f 4009 776 4005
f 4005 134 3561
f 3561 4009 4005
f 3564 656 3559
f 3559 667 3565
f 3565 668 3564
f 3564 3559 3565
f 3559 656 3513
f 3513 172 3558
f 3558 667 3559
f 3559 3513 3558
f 3558 172 4013
f 4013 777 4015
f 4015 667 3558
f 3558 4013 4015
f 4013 172 2229
f 2229 171 4012
f 4012 777 4013
f 4013 2229 4012
f 4012 171 4016
f 4016 778 4019
f 4019 777 4012
f 4012 4016 4019
f 4016 171 2234
f 2234 174 4017
f 4017 778 4016
f 4016 2234 4017
f 4021 779 4022
f 4022 179 2245
f 2245 178 4021
f 4021 4022 2245
f 4022 779 4027
f 4027 780 4025
f 4025 179 4022
f 4022 4027 4025
f 2183 139 4028
f 4028 781 4029
f 4029 140 2183
f 2183 4028 4029
f 4028 139 2402
f 2402 263 4030
f 4030 781 4028
f 4028 2402 4030
f 2406 264 2405
f 2405 139 2303
f 2303 212 2406
f 2406 2405 2303
f 2405 264 2408
f 2408 263 2402
f 2402 139 2405
f 2405 2408 2402
f 3775 719 3771
f 3771 212 3762
f 3762 717 3775
f 3775 3771 3762
f 3771 719 3772
f 3772 264 2406
f 2406 212 3771
f 3771 3772 2406
f 3690 512 3763
f 3763 717 3764
f 3764 700 3690
f 3690 3763 3764
f 3763 512 3774
f 3774 719 3775
f 3775 717 3763
f 3763 3774 3775
f 3688 513 3691
f 3691 700 3692
f 3692 699 3688
f 3688 3691 3692
f 3691 513 3073
f 3073 512 3690
f 3690 700 3691
f 3691 3073 3690
f 3731 710 3733
f 3733 699 3685
f 3685 292 3731
f 3731 3733 3685
f 3733 710 3732
f 3732 513 3688
f 3688 699 3733
f 3733 3732 3688
f 2396 260 2397
f 2397 214 2306
f 2306 213 2396
f 2396 2397 2306
f 2397 260 3738
f 3738 711 3736
f 3736 214 2397
f 2397 3738 3736
f 2392 257 2391
f 2391 213 2317
f 2317 218 2392
f 2392 2391 2317
f 2391 257 2398
f 2398 260 2396
f 2396 213 2391
f 2391 2398 2396
f 4035 783 4041
f 4041 785 4040
f 4040 782 4035
f 4035 4041 4040
f 4041 783 4038
f 4038 784 4042
f 4042 785 4041
f 4041 4038 4042
f 3273 570 4045
f 4045 787 4044
f 4044 567 3273
f 3273 4045 4044
f 4045 570 4043
f 4043 786 4046
f 4046 787 4045
f 4045 4043 4046
f 4055 789 4051
f 4051 234 4047
f 4047 788 4055
f 4055 4051 4047
f 4051 789 4052
f 4052 235 2355
f 2355 234 4051
f 4051 4052 2355
f 4063 791 4060
f 4060 240 4057
f 4057 790 4063
f 4063 4060 4057
f 4060 791 4061
f 4061 241 2366
f 2366 240 4060
f 4060 4061 2366
f 4068 788 4048
f 4048 242 4064
f 4064 792 4068
f 4068 4048 4064
f 4048 788 4047
f 4047 234 2368
f 2368 242 4048
f 4048 4047 2368
f 4073 794 4071
f 4071 244 4069
f 4069 793 4073
f 4073 4071 4069
f 4071 794 4072
f 4072 245 2373
f 2373 244 4071
f 4071 4072 2373
f 4077 796 4075
f 4075 247 4074
f 4074 795 4077
f 4077 4075 4074
f 4075 796 4076
f 4076 248 2376
f 2376 247 4075
f 4075 4076 2376
f 4062 784 4036
f 4036 241 4061
f 4061 791 4062
f 4062 4036 4061
f 4036 784 4037
f 4037 256 2390
f 2390 241 4036
f 4036 4037 2390
f 4081 792 4065
f 4065 287 4078
f 4078 797 4081
f 4081 4065 4078
f 4065 792 4064
f 4064 242 2466
f 2466 287 4065
f 4065 4064 2466
f 4085 798 4082
f 4082 248 4076
f 4076 796 4085
f 4085 4082 4076
f 4082 798 4083
f 4083 307 2516
f 2516 248 4082
f 4082 4083 2516
f 4059 790 4056
f 4056 235 4052
f 4052 789 4059
f 4059 4056 4052
f 4056 790 4057
f 4057 240 2363
f 2363 235 4056
f 4056 4057 2363
f 4092 800 4089
f 4089 495 4087
f 4087 799 4092
f 4092 4089 4087
f 4089 800 4090
f 4090 496 3026
f 3026 495 4089
f 4089 4090 3026
f 4100 802 4097
f 4097 258 4095
f 4095 801 4100
f 4100 4097 4095
f 4097 802 4105
f 4105 803 4101
f 4101 258 4097
f 4097 4105 4101
f 3979 518 3980
f 3980 769 3982
f 3982 768 3979
f 3979 3980 3982
f 3980 518 3677
f 3677 697 3981
f 3981 769 3980
f 3980 3677 3981
f 3999 773 3994
f 3994 349 3996
f 3996 774 3999
f 3999 3994 3996
f 3994 773 3993
f 3993 346 2600
f 2600 349 3994
f 3994 3993 2600
f 4110 805 4108
f 4108 166 4106
f 4106 804 4110
f 4110 4108 4106
f 4108 805 4109
f 4109 323 2548
f 2548 166 4108
f 4108 4109 2548
f 4113 806 4111
f 4111 323 4109
f 4109 805 4113
f 4113 4111 4109
f 4111 806 4112
f 4112 622 3415
f 3415 323 4111
f 4111 4112 3415
f 4118 809 4117
f 4117 807 4114
f 4114 808 4118
f 4118 4117 4114
f 4117 809 4123
f 4123 810 4122
f 4122 807 4117
f 4117 4123 4122
f 4128 813 4127
f 4127 811 4124
f 4124 812 4128
f 4128 4127 4124
f 4127 813 4132
f 4132 814 4131
f 4131 811 4127
f 4127 4132 4131
f 4139 816 4136
f 4136 628 4133
f 4133 815 4139
f 4139 4136 4133
f 4136 816 4137
f 4137 629 3434
f 3434 628 4136
f 4136 4137 3434
f 4140 647 4138
f 4138 816 4141
f 4141 817 4140
f 4140 4138 4141
f 4138 647 3479
f 3479 629 4137
f 4137 816 4138
f 4138 3479 4137
f 4144 818 4143
f 4143 647 4140
f 4140 817 4144
f 4144 4143 4140
f 4143 818 4142
f 4142 646 3481
f 3481 647 4143
f 4143 4142 3481
f 4147 819 4148
f 4148 677 3595
f 3595 676 4147
f 4147 4148 3595
f 4148 819 4145
f 4145 643 3594
f 3594 677 4148
f 4148 4145 3594
f 4145 819 4146
f 4146 644 3472
f 3472 643 4145
f 4145 4146 3472
f 4146 819 4151
f 4151 820 4149
f 4149 644 4146
f 4146 4151 4149
f 4156 125 4152
f 4152 821 4159
f 4159 822 4156
f 4156 4152 4159
f 4152 125 3401
f 3401 616 4153
f 4153 821 4152
f 4152 3401 4153
f 4162 146 4161
f 4161 823 4163
f 4163 824 4162
f 4162 4161 4163
f 4161 146 2192
f 2192 145 4160
f 4160 823 4161
f 4161 2192 4160
f 4167 825 4168
f 4168 741 3861
f 3861 740 4167
f 4167 4168 3861
f 4168 825 4166
f 4166 560 3859
f 3859 741 4168
f 4168 4166 3859
f 4173 826 4172
f 4172 560 4166
f 4166 825 4173
f 4173 4172 4166
f 4172 826 4171
f 4171 468 3247
f 3247 560 4172
f 4172 4171 3247
f 4178 827 4177
f 4177 468 4171
f 4171 826 4178
f 4178 4177 4171
f 4177 827 4176
f 4176 158 2940
f 2940 468 4177
f 4177 4176 2940
f 4183 828 4181
f 4181 158 4176
f 4176 827 4183
f 4183 4181 4176
f 4181 828 4180
f 4180 155 2211
f 2211 158 4181
f 4181 4180 2211
f 4188 829 4184
f 4184 155 4180
f 4180 828 4188
f 4188 4184 4180
f 4184 829 4185
f 4185 176 2238
f 2238 155 4184
f 4184 4185 2238
f 4193 830 4189
f 4189 176 4185
f 4185 829 4193
f 4193 4189 4185
f 4189 830 4190
f 4190 177 2243
f 2243 176 4189
f 4189 4190 2243
f 4197 831 4194
f 4194 177 4190
f 4190 830 4197
f 4197 4194 4190
f 4194 831 4201
f 4201 832 4199
f 4199 177 4194
f 4194 4201 4199
f 4203 833 4204
f 4204 832 4201
f 4201 831 4203
f 4203 4204 4201
f 4204 833 4209
f 4209 834 4208
f 4208 832 4204
f 4204 4209 4208
f 4220 836 4217
f 4217 626 4212
f 4212 835 4220
f 4220 4217 4212
f 4217 836 4218
f 4218 627 3429
f 3429 626 4217
f 4217 4218 3429
f 4225 837 4221
f 4221 627 4218
f 4218 836 4225
f 4225 4221 4218
f 4221 837 4224
f 4224 814 4130
f 4130 627 4221
f 4221 4224 4130
f 4229 822 4158
f 4158 811 4227
f 4227 838 4229
f 4229 4158 4227
f 4158 822 4159
f 4159 821 4154
f 4154 811 4158
f 4158 4159 4154
f 4232 839 4233
f 4233 808 4114
f 4114 807 4232
f 4232 4233 4114
f 4233 839 4239
f 4239 840 4236
f 4236 808 4233
f 4233 4239 4236
f 4249 842 4247
f 4247 152 4240
f 4240 841 4249
f 4249 4247 4240
f 4247 842 4246
f 4246 151 2202
f 2202 152 4247
f 4247 4246 2202
f 3931 759 3932
f 3932 602 3362
f 3362 150 3931
f 3931 3932 3362
f 3932 759 3941
f 3941 760 3936
f 3936 602 3932
f 3932 3941 3936
f 3933 754 3940
f 3940 760 3941
f 3941 759 3933
f 3933 3940 3941
f 3940 754 3910
f 3910 753 3939
f 3939 760 3940
f 3940 3910 3939
f 3379 607 3378
f 3378 604 3376
f 3376 606 3379
f 3379 3378 3376
f 3378 607 3377
f 3377 164 3369
f 3369 604 3378
f 3378 3377 3369
f 3229 556 3230
f 3230 300 2497
f 2497 298 3229
f 3229 3230 2497
f 3230 556 3231
f 3231 472 2952
f 2952 300 3230
f 3230 3231 2952
f 3227 63 2951
f 2951 472 3231
f 3231 556 3227
f 3227 2951 3231
f 2951 63 2014
f 2014 62 2950
f 2950 472 2951
f 2951 2014 2950
f 2018 64 2017
f 2017 62 2014
f 2014 63 2018
f 2018 2017 2014
f 2017 64 2016
f 2016 59 2010
f 2010 62 2017
f 2017 2016 2010
f 2619 356 2618
f 2618 59 2016
f 2016 64 2619
f 2619 2618 2016
f 2618 356 2622
f 2622 153 2203
f 2203 59 2618
f 2618 2622 2203
f 2620 141 2205
f 2205 153 2622
f 2622 356 2620
f 2620 2205 2622
f 2205 141 2250
f 2250 181 2251
f 2251 153 2205
f 2205 2250 2251
f 2185 140 2249
f 2249 181 2250
f 2250 141 2185
f 2185 2249 2250
f 2249 140 2244
f 2244 178 2253
f 2253 181 2249
f 2249 2244 2253
f 2244 140 4020
f 4020 779 4021
f 4021 178 2244
f 2244 4020 4021
f 4020 140 4029
f 4029 781 4033
f 4033 779 4020
f 4020 4029 4033
f 2994 485 4032
f 4032 781 4031
f 4031 341 2994
f 2994 4032 4031
f 4032 485 4024
f 4024 779 4033
f 4033 781 4032
f 4032 4024 4033
f 2997 340 3417
f 3417 623 3418
f 3418 486 2997
f 2997 3417 3418
f 3417 340 3416
f 3416 622 3419
f 3419 623 3417
f 3417 3416 3419
f 3419 622 4119
f 4119 810 4120
f 4120 623 3419
f 3419 4119 4120
f 4119 622 4112
f 4112 806 4121
f 4121 810 4119
f 4119 4112 4121
f 4258 844 4255
f 4255 807 4252
f 4252 843 4258
f 4258 4255 4252
f 4255 844 4256
f 4256 839 4232
f 4232 807 4255
f 4255 4256 4232
f 2413 265 4241
f 4241 841 4242
f 4242 266 2413
f 2413 4241 4242
f 4241 265 4248
f 4248 842 4249
f 4249 841 4241
f 4241 4248 4249
f 3364 601 3359
f 3359 150 3362
f 3362 602 3364
f 3364 3359 3362
f 3359 601 3358
f 3358 147 2196
f 2196 150 3359
f 3359 3358 2196
f 2531 313 2533
f 2533 265 2409
f 2409 144 2531
f 2531 2533 2409
f 2533 313 2532
f 2532 148 2410
f 2410 265 2533
f 2533 2532 2410
f 3923 314 2535
f 2535 149 3921
f 3921 757 3923
f 3923 2535 3921
f 2535 314 3928
f 3928 758 3926
f 3926 149 2535
f 2535 3928 3926
f 2539 317 3929
f 3929 758 3928
f 3928 314 2539
f 2539 3929 3928
f 3929 317 3911
f 3911 755 3930
f 3930 758 3929
f 3929 3911 3930
f 3887 382 3382
f 3382 608 3889
f 3889 748 3887
f 3887 3382 3889
f 3382 382 2715
f 2715 165 3381
f 3381 608 3382
f 3382 2715 3381
f 2717 381 2712
f 2712 165 2715
f 2715 382 2717
f 2717 2712 2715
f 2712 381 2711
f 2711 162 2221
f 2221 165 2712
f 2712 2711 2221
f 4264 845 4263
f 4263 604 3373
f 3373 605 4264
f 4264 4263 3373
f 4263 845 4262
f 4262 597 3370
f 3370 604 4263
f 4263 4262 3370
f 4266 846 4271
f 4271 605 3371
f 3371 163 4266
f 4266 4271 3371
f 4271 846 4272
f 4272 845 4264
f 4264 605 4271
f 4271 4272 4264
f 2218 162 4265
f 4265 846 4266
f 4266 163 2218
f 2218 4265 4266
f 4265 162 2711
f 2711 381 4270
f 4270 846 4265
f 4265 2711 4270
f 4281 849 4280
f 4280 847 4276
f 4276 848 4281
f 4281 4280 4276
f 4280 849 4286
f 4286 850 4285
f 4285 847 4280
f 4280 4286 4285
f 4289 851 4288
f 4288 773 4274
f 4274 848 4289
f 4289 4288 4274
f 4288 851 4287
f 4287 772 3995
f 3995 773 4288
f 4288 4287 3995
f 4294 853 4299
f 4299 854 4298
f 4298 852 4294
f 4294 4299 4298
f 4299 853 4293
f 4293 851 4297
f 4297 854 4299
f 4299 4293 4297
f 4294 852 4302
f 4302 855 4303
f 4303 853 4294
f 4294 4302 4303
f 4302 852 4305
f 4305 856 4306
f 4306 855 4302
f 4302 4305 4306
f 4308 769 4300
f 4300 855 4309
f 4309 857 4308
f 4308 4300 4309
f 4300 769 3985
f 3985 770 4301
f 4301 855 4300
f 4300 3985 4301
f 4323 860 4322
f 4322 858 4317
f 4317 859 4323
f 4323 4322 4317
f 4322 860 4321
f 4321 857 4314
f 4314 858 4322
f 4322 4321 4314
f 4320 860 4319
f 4319 490 3977
f 3977 768 4320
f 4320 4319 3977
f 4319 860 4318
f 4318 487 3004
f 3004 490 4319
f 4319 4318 3004
f 4277 849 4278
f 4278 690 3648
f 3648 689 4277
f 4277 4278 3648
f 4278 849 4279
f 4279 774 3998
f 3998 690 4278
f 4278 4279 3998
f 3471 642 3593
f 3593 677 3594
f 3594 643 3471
f 3471 3593 3594
f 3593 642 4325
f 4325 861 4327
f 4327 677 3593
f 3593 4325 4327
f 4332 862 4331
f 4331 677 4327
f 4327 861 4332
f 4332 4331 4327
f 4331 862 4328
f 4328 424 3592
f 3592 677 4331
f 4331 4328 3592
f 4338 863 4334
f 4334 424 4328
f 4328 862 4338
f 4338 4334 4328
f 4334 863 4333
f 4333 421 2817
f 2817 424 4334
f 4334 4333 2817
f 4341 864 4339
f 4339 646 4142
f 4142 818 4341
f 4341 4339 4142
f 4339 864 4340
f 4340 680 3605
f 3605 646 4339
f 4339 4340 3605
f 4344 865 4343
f 4343 680 4340
f 4340 864 4344
f 4344 4343 4340
f 4343 865 4342
f 4342 191 3603
f 3603 680 4343
f 4343 4342 3603
f 4350 866 4345
f 4345 191 4342
f 4342 865 4350
f 4350 4345 4342
f 4345 866 4346
f 4346 192 2267
f 2267 191 4345
f 4345 4346 2267
f 4311 421 4315
f 4315 859 4317
f 4317 858 4311
f 4311 4315 4317
f 4315 421 4333
f 4333 863 4337
f 4337 859 4315
f 4315 4333 4337
f 4285 850 4282
f 4282 192 4273
f 4273 847 4285
f 4285 4282 4273
f 4282 850 4283
f 4283 193 2269
f 2269 192 4282
f 4282 4283 2269
f 4349 866 4348
f 4348 852 4298
f 4298 854 4349
f 4349 4348 4298
f 4348 866 4355
f 4355 867 4352
f 4352 852 4348
f 4348 4355 4352
f 4304 856 4353
f 4353 867 4351
f 4351 422 4304
f 4304 4353 4351
f 4353 856 4305
f 4305 852 4352
f 4352 867 4353
f 4353 4305 4352
f 4360 868 4356
f 4356 422 4351
f 4351 867 4360
f 4360 4356 4351
f 4356 868 4357
f 4357 423 2816
f 2816 422 4356
f 4356 4357 2816
f 4365 869 4361
f 4361 423 4357
f 4357 868 4365
f 4365 4361 4357
f 4361 869 4362
f 4362 676 3590
f 3590 423 4361
f 4361 4362 3590
f 4373 871 4369
f 4369 804 4366
f 4366 870 4373
f 4373 4369 4366
f 4369 871 4370
f 4370 805 4110
f 4110 804 4369
f 4369 4370 4110
f 4372 843 4250
f 4250 805 4370
f 4370 871 4372
f 4372 4250 4370
f 4250 843 4251
f 4251 806 4113
f 4113 805 4250
f 4250 4251 4113
f 3422 623 4115
f 4115 809 4116
f 4116 624 3422
f 3422 4115 4116
f 4115 623 4120
f 4120 810 4123
f 4123 809 4115
f 4115 4120 4123
f 4133 628 4126
f 4126 813 4135
f 4135 815 4133
f 4133 4126 4135
f 4126 628 3431
f 3431 625 4125
f 4125 813 4126
f 4126 3431 4125
f 4377 816 4376
f 4376 872 4378
f 4378 873 4377
f 4377 4376 4378
f 4376 816 4139
f 4139 815 4375
f 4375 872 4376
f 4376 4139 4375
f 4382 874 4379
f 4379 816 4377
f 4377 873 4382
f 4382 4379 4377
f 4379 874 4380
f 4380 817 4141
f 4141 816 4379
f 4379 4380 4141
f 4389 875 4384
f 4384 817 4380
f 4380 874 4389
f 4389 4384 4380
f 4384 875 4385
f 4385 818 4144
f 4144 817 4384
f 4384 4385 4144
f 4388 875 4383
f 4383 676 4362
f 4362 869 4388
f 4388 4383 4362
f 4383 875 4386
f 4386 819 4147
f 4147 676 4383
f 4383 4386 4147
f 4386 875 4387
f 4387 820 4151
f 4151 819 4386
f 4386 4387 4151
f 4387 875 4389
f 4389 874 4381
f 4381 820 4387
f 4387 4389 4381
f 4393 876 4394
f 4394 874 4382
f 4382 873 4393
f 4393 4394 4382
f 4394 876 4392
f 4392 820 4381
f 4381 874 4394
f 4394 4392 4381
f 4397 877 4398
f 4398 873 4378
f 4378 872 4397
f 4397 4398 4378
f 4398 877 4399
f 4399 876 4393
f 4393 873 4398
f 4398 4399 4393
f 4402 878 4404
f 4404 872 4374
f 4374 812 4402
f 4402 4404 4374
f 4404 878 4405
f 4405 877 4397
f 4397 872 4404
f 4404 4405 4397
f 4411 879 4409
f 4409 843 4372
f 4372 871 4411
f 4411 4409 4372
f 4409 879 4410
f 4410 844 4258
f 4258 843 4409
f 4409 4410 4258
f 4367 823 4371
f 4371 871 4373
f 4373 870 4367
f 4367 4371 4373
f 4371 823 4408
f 4408 879 4411
f 4411 871 4371
f 4371 4408 4411
f 4412 824 4368
f 4368 870 4413
f 4413 880 4412
f 4412 4368 4413
f 4368 824 4163
f 4163 823 4367
f 4367 870 4368
f 4368 4163 4367
f 4230 837 4222
f 4222 808 4226
f 4226 838 4230
f 4230 4222 4226
f 4222 837 4223
f 4223 809 4118
f 4118 808 4222
f 4222 4223 4118
f 4122 810 4253
f 4253 843 4252
f 4252 807 4122
f 4122 4253 4252
f 4253 810 4121
f 4121 806 4251
f 4251 843 4253
f 4253 4121 4251
f 4388 869 4363
f 4363 818 4385
f 4385 875 4388
f 4388 4363 4385
f 4363 869 4364
f 4364 864 4341
f 4341 818 4363
f 4363 4364 4341
f 4365 868 4358
f 4358 864 4364
f 4364 869 4365
f 4365 4358 4364
f 4358 868 4359
f 4359 865 4344
f 4344 864 4358
f 4358 4359 4344
f 4360 867 4354
f 4354 865 4359
f 4359 868 4360
f 4360 4354 4359
f 4354 867 4355
f 4355 866 4350
f 4350 865 4354
f 4354 4355 4350
f 4311 858 4312
f 4312 422 2814
f 2814 421 4311
f 4311 4312 2814
f 4312 858 4313
f 4313 856 4304
f 4304 422 4312
f 4312 4313 4304
f 4295 847 4347
f 4347 866 4349
f 4349 854 4295
f 4295 4347 4349
f 4347 847 4273
f 4273 192 4346
f 4346 866 4347
f 4347 4273 4346
f 3441 630 3631
f 3631 686 3632
f 3632 631 3441
f 3441 3631 3632
f 3631 630 4415
f 4415 881 4418
f 4418 686 3631
f 3631 4415 4418
f 3436 54 4414
f 4414 881 4415
f 4415 630 3436
f 3436 4414 4415
f 4414 54 4420
f 4420 882 4423
f 4423 881 4414
f 4414 4420 4423
f 1998 53 4419
f 4419 882 4420
f 4420 54 1998
f 1998 4419 4420
f 4419 53 4424
f 4424 883 4428
f 4428 882 4419
f 4419 4424 4428
f 3404 617 4425
f 4425 883 4424
f 4424 53 3404
f 3404 4425 4424
f 4425 617 4429
f 4429 884 4434
f 4434 883 4425
f 4425 4429 4434
f 3410 620 4430
f 4430 884 4429
f 4429 617 3410
f 3410 4430 4429
f 4430 620 3967
f 3967 766 4433
f 4433 884 4430
f 4430 3967 4433
f 3466 641 3968
f 3968 766 3967
f 3967 620 3466
f 3466 3968 3967
f 3968 641 3972
f 3972 767 3976
f 3976 766 3968
f 3968 3972 3976
f 3468 640 3971
f 3971 767 3972
f 3972 641 3468
f 3468 3971 3972
f 3971 640 3586
f 3586 675 3973
f 3973 767 3971
f 3971 3586 3973
f 3476 644 3578
f 3578 672 3579
f 3579 645 3476
f 3476 3578 3579
f 3578 644 3599
f 3599 679 3600
f 3600 672 3578
f 3578 3599 3600
f 4418 881 4417
f 4417 685 3633
f 3633 686 4418
f 4418 4417 3633
f 4417 881 4416
f 4416 661 3627
f 3627 685 4417
f 4417 4416 3627
f 4423 882 4422
f 4422 661 4416
f 4416 881 4423
f 4423 4422 4416
f 4422 882 4421
f 4421 652 3534
f 3534 661 4422
f 4422 4421 3534
f 4428 883 4427
f 4427 652 4421
f 4421 882 4428
f 4428 4427 4421
f 4427 883 4426
f 4426 649 3494
f 3494 652 4427
f 4427 4426 3494
f 4434 884 4431
f 4431 649 4426
f 4426 883 4434
f 4434 4431 4426
f 4431 884 4432
f 4432 669 3567
f 3567 649 4431
f 4431 4432 3567
f 4433 766 3969
f 3969 669 4432
f 4432 884 4433
f 4433 3969 4432
f 3969 766 3970
f 3970 765 3965
f 3965 669 3969
f 3969 3970 3965
f 3952 762 3948
f 3948 198 3456
f 3456 637 3952
f 3952 3948 3456
f 3948 762 3953
f 3953 761 3942
f 3942 198 3948
f 3948 3953 3942
f 3901 752 3902
f 3902 598 3350
f 3350 199 3901
f 3901 3902 3350
f 3902 752 3903
f 3903 599 3353
f 3353 598 3902
f 3902 3903 3353
f 3345 597 3346
f 3346 161 2217
f 2217 160 3345
f 3345 3346 2217
f 3346 597 4262
f 4262 845 4259
f 4259 161 3346
f 3346 4262 4259
f 4259 845 4260
f 4260 220 2323
f 2323 161 4259
f 4259 4260 2323
f 4260 845 4261
f 4261 221 2324
f 2324 220 4260
f 4260 4261 2324
f 4272 846 4267
f 4267 221 4261
f 4261 845 4272
f 4272 4267 4261
f 4267 846 4269
f 4269 227 2333
f 2333 221 4267
f 4267 4269 2333
f 2713 226 4268
f 4268 846 4270
f 4270 381 2713
f 2713 4268 4270
f 4268 226 2334
f 2334 227 4269
f 4269 846 4268
f 4268 2334 4269
f 2714 380 2709
f 2709 226 2713
f 2713 381 2714
f 2714 2709 2713
f 2709 380 2710
f 2710 318 2541
f 2541 226 2709
f 2709 2710 2541
f 4437 885 4436
f 4436 380 2721
f 2721 385 4437
f 4437 4436 2721
f 4436 885 4435
f 4435 318 2710
f 2710 380 4436
f 4436 4435 2710
f 4149 820 4150
f 4150 679 3599
f 3599 644 4149
f 4149 4150 3599
f 4150 820 4392
f 4392 876 4391
f 4391 679 4150
f 4150 4392 4391
f 4391 876 4390
f 4390 678 3602
f 3602 679 4391
f 4391 4390 3602
f 4390 876 4399
f 4399 877 4396
f 4396 678 4390
f 4390 4399 4396
f 4400 878 4401
f 4401 616 3403
f 3403 615 4400
f 4400 4401 3403
f 4401 878 4403
f 4403 821 4153
f 4153 616 4401
f 4401 4403 4153
f 4231 152 4235
f 4235 840 4239
f 4239 839 4231
f 4231 4235 4239
f 4235 152 2201
f 2201 126 4234
f 4234 840 4235
f 4235 2201 4234
f 4257 841 4243
f 4243 839 4256
f 4256 844 4257
f 4257 4243 4256
f 4243 841 4240
f 4240 152 4231
f 4231 839 4243
f 4243 4240 4231
f 4257 844 4254
f 4254 266 4242
f 4242 841 4257
f 4257 4254 4242
f 4254 844 4410
f 4410 879 4407
f 4407 266 4254
f 4254 4410 4407
f 4407 879 4406
f 4406 145 2412
f 2412 266 4407
f 4407 4406 2412
f 4406 879 4408
f 4408 823 4160
f 4160 145 4406
f 4406 4408 4160
f 4440 169 4439
f 4439 886 4441
f 4441 887 4440
f 4440 4439 4441
f 4439 169 2227
f 2227 168 4438
f 4438 886 4439
f 4439 2227 4438
f 4444 183 4443
f 4443 888 4445
f 4445 889 4444
f 4444 4443 4445
f 4443 183 2255
f 2255 182 4442
f 4442 888 4443
f 4443 2255 4442
f 4452 891 4450
f 4450 336 4446
f 4446 890 4452
f 4452 4450 4446
f 4450 891 4456
f 4456 892 4453
f 4453 336 4450
f 4450 4456 4453
f 4046 786 4448
f 4448 890 4449
f 4449 787 4046
f 4046 4448 4449
f 4448 786 4451
f 4451 891 4452
f 4452 890 4448
f 4448 4451 4452
f 4460 786 4459
f 4459 893 4462
f 4462 894 4460
f 4460 4459 4462
f 4459 786 4043
f 4043 570 4457
f 4457 893 4459
f 4459 4043 4457
f 3746 713 3745
f 3745 185 3693
f 3693 701 3746
f 3746 3745 3693
f 3745 713 3744
f 3744 182 2258
f 2258 185 3745
f 3745 3744 2258
f 4465 712 4463
f 4463 895 4467
f 4467 896 4465
f 4465 4463 4467
f 4463 712 4455
f 4455 892 4464
f 4464 895 4463
f 4463 4455 4464
f 2257 183 3797
f 3797 724 3798
f 3798 184 2257
f 2257 3797 3798
f 3797 183 4470
f 4470 897 4471
f 4471 724 3797
f 3797 4470 4471
f 4471 897 4468
f 4468 167 3796
f 3796 724 4471
f 4471 4468 3796
f 4468 897 4469
f 4469 168 2225
f 2225 167 4468
f 4468 4469 2225
f 2226 169 4107
f 4107 804 4106
f 4106 166 2226
f 2226 4107 4106
f 4107 169 4473
f 4473 898 4474
f 4474 804 4107
f 4107 4473 4474
f 4413 870 4475
f 4475 898 4476
f 4476 880 4413
f 4413 4475 4476
f 4475 870 4366
f 4366 804 4474
f 4474 898 4475
f 4475 4366 4474
f 4481 900 4480
f 4480 880 4478
f 4478 899 4481
f 4481 4480 4478
f 4480 900 4479
f 4479 824 4412
f 4412 880 4480
f 4480 4479 4412
f 4484 901 4483
f 4483 824 4479
f 4479 900 4484
f 4484 4483 4479
f 4483 901 4482
f 4482 146 4162
f 4162 824 4483
f 4483 4482 4162
f 4491 904 4490
f 4490 902 4486
f 4486 903 4491
f 4491 4490 4486
f 4490 904 4495
f 4495 905 4494
f 4494 902 4490
f 4490 4495 4494
f 4502 908 4501
f 4501 906 4498
f 4498 907 4502
f 4502 4501 4498
f 4501 908 4506
f 4506 909 4505
f 4505 906 4501
f 4501 4506 4505
f 4510 910 4507
f 4507 28 3874
f 3874 744 4510
f 4510 4507 3874
f 4507 910 4516
f 4516 911 4512
f 4512 28 4507
f 4507 4516 4512
f 4525 913 4523
f 4523 902 4519
f 4519 912 4525
f 4525 4523 4519
f 4523 913 4524
f 4524 909 4503
f 4503 902 4523
f 4523 4524 4503
f 4492 419 4530
f 4530 914 4531
f 4531 905 4492
f 4492 4530 4531
f 4530 419 2809
f 2809 291 4529
f 4529 914 4530
f 4530 2809 4529
f 4512 911 4513
f 4513 29 1963
f 1963 28 4512
f 4512 4513 1963
f 4513 911 4537
f 4537 915 4533
f 4533 29 4513
f 4513 4537 4533
f 4533 915 4535
f 4535 473 2954
f 2954 29 4533
f 4533 4535 2954
f 4535 915 4534
f 4534 470 2956
f 2956 473 4535
f 4535 4534 2956
f 4542 913 4521
f 4521 85 4538
f 4538 916 4542
f 4542 4521 4538
f 4521 913 4522
f 4522 86 2069
f 2069 85 4521
f 4521 4522 2069
f 4532 914 4526
f 4526 15 4517
f 4517 912 4532
f 4532 4526 4517
f 4526 914 4527
f 4527 16 1944
f 1944 15 4526
f 4526 4527 1944
f 2262 187 3132
f 3132 531 3133
f 3133 188 2262
f 2262 3132 3133
f 3132 187 2273
f 2273 197 3134
f 3134 531 3132
f 3132 2273 3134
f 3074 187 3498
f 3498 653 3499
f 3499 514 3074
f 3074 3498 3499
f 3498 187 2260
f 2260 186 3497
f 3497 653 3498
f 3498 2260 3497
f 3074 514 3076
f 3076 197 2273
f 2273 187 3074
f 3074 3076 2273
f 3076 514 3075
f 3075 194 2274
f 2274 197 3076
f 3076 3075 2274
f 4544 917 4545
f 4545 476 2970
f 2970 386 4544
f 4544 4545 2970
f 4545 917 4548
f 4548 918 4547
f 4547 476 4545
f 4545 4548 4547
f 4550 919 4549
f 4549 342 2593
f 2593 345 4550
f 4550 4549 2593
f 4549 919 4551
f 4551 745 3879
f 3879 342 4549
f 4549 4551 3879
f 4552 920 4553
f 4553 727 3812
f 3812 283 4552
f 4552 4553 3812
f 4553 920 4556
f 4556 921 4554
f 4554 727 4553
f 4553 4556 4554
f 3655 693 3656
f 3656 282 2450
f 2450 115 3655
f 3655 3656 2450
f 3656 693 4559
f 4559 922 4557
f 4557 282 3656
f 3656 4559 4557
f 4562 379 4546
f 4546 918 4564
f 4564 923 4562
f 4562 4546 4564
f 4546 379 2969
f 2969 476 4547
f 4547 918 4546
f 4546 2969 4547
f 4567 693 4566
f 4566 924 4569
f 4569 925 4567
f 4567 4566 4569
f 4566 693 3657
f 3657 692 4565
f 4565 924 4566
f 4566 3657 4565
f 4571 926 4570
f 4570 345 3814
f 3814 728 4571
f 4571 4570 3814
f 4570 926 4572
f 4572 919 4550
f 4550 345 4570
f 4570 4572 4550
f 4574 927 4575
f 4575 746 3882
f 3882 745 4574
f 4574 4575 3882
f 4575 927 4578
f 4578 928 4577
f 4577 746 4575
f 4575 4578 4577
f 4565 692 4579
f 4579 929 4581
f 4581 924 4565
f 4565 4579 4581
f 4579 692 3885
f 3885 747 4580
f 4580 929 4579
f 4579 3885 4580
f 4577 928 4576
f 4576 416 3881
f 3881 746 4577
f 4577 4576 3881
f 4576 928 4585
f 4585 930 4584
f 4584 416 4576
f 4576 4585 4584
f 3884 117 4561
f 4561 923 4563
f 4563 747 3884
f 3884 4561 4563
f 4561 117 2707
f 2707 379 4562
f 4562 923 4561
f 4561 2707 4562
f 2760 304 4582
f 4582 930 4583
f 4583 400 2760
f 2760 4582 4583
f 4582 304 2802
f 2802 416 4584
f 4584 930 4582
f 4582 2802 4584
f 4586 225 3019
f 2329 225 4588
f 4588 932 4587
f 4587 222 2329
f 2329 4588 4587
f 4588 225 4586
f 4586 931 4591
f 4591 932 4588
f 4588 4586 4591
f 4590 577 3285
f 3285 222 4587
f 4587 932 4590
f 4590 3285 4587
f 3285 577 3286
f 3286 228 2335
f 2335 222 3285
f 3285 3286 2335
f 4590 932 4589
f 4589 574 3287
f 3287 577 4590
f 4590 4589 3287
f 4589 932 4594
f 4594 933 4592
f 4592 574 4589
f 4589 4594 4592
f 4596 933 4593
f 4593 931 4595
f 4595 934 4596
f 4596 4593 4595
f 4593 933 4594
f 4594 932 4591
f 4591 931 4593
f 4593 4594 4591
f 4605 937 4604
f 4604 935 4600
f 4600 936 4605
f 4605 4604 4600
f 4604 937 4603
f 4603 573 4598
f 4598 935 4604
f 4604 4603 4598
f 4606 575 4039
f 4039 785 4610
f 4610 938 4606
f 4606 4039 4610
f 4039 575 4614
f 4614 939 4616
f 4616 785 4039
f 4039 4614 4616
f 4621 942 4620
f 4620 940 4619
f 4619 941 4621
f 4621 4620 4619
f 4620 942 4625
f 4625 943 4624
f 4624 940 4620
f 4620 4625 4624
f 4632 945 4630
f 4630 933 4626
f 4626 944 4632
f 4632 4630 4626
f 4630 945 4629
f 4629 574 4592
f 4592 933 4630
f 4630 4629 4592
f 4637 941 4636
f 4636 946 4640
f 4640 947 4637
f 4637 4636 4640
f 4636 941 4619
f 4619 940 4635
f 4635 946 4636
f 4636 4619 4635
f 4644 948 4643
f 4643 945 4639
f 4639 947 4644
f 4644 4643 4639
f 4643 948 4642
f 4642 939 4631
f 4631 945 4643
f 4643 4642 4631
f 4596 934 4627
f 4627 944 4626
f 4626 933 4596
f 4596 4627 4626
f 4627 934 4645
f 4645 949 4648
f 4648 944 4627
f 4627 4645 4648
f 4649 334 4623
f 4623 943 4651
f 4651 4649 4623
f 4652 334 4649
f 4653 335 2575
f 2575 334 4652
f 4652 4653 2575
f 4654 335 4653
f 4655 335 4654
f 2573 239 4622
f 4622 943 4623
f 4623 334 2573
f 2573 4622 4623
f 4622 239 4618
f 4618 940 4624
f 4624 943 4622
f 4622 4618 4624
f 2360 238 4617
f 4617 940 4618
f 4618 239 2360
f 2360 4617 4618
f 4617 238 4633
f 4633 946 4635
f 4635 940 4617
f 4617 4633 4635
f 4599 936 4634
f 4634 946 4633
f 4633 238 4599
f 4599 4634 4633
f 4634 936 4657
f 4657 951 4658
f 4658 946 4634
f 4634 4657 4658
f 4661 952 4665
f 4665 935 4597
f 4597 568 4661
f 4661 4665 4597
f 4665 952 4671
f 4671 953 4668
f 4668 935 4665
f 4665 4671 4668
f 4104 803 4103
f 4103 567 4044
f 4044 787 4104
f 4104 4103 4044
f 4103 803 4105
f 4105 802 4098
f 4098 567 4103
f 4103 4105 4098
f 4677 954 4675
f 4675 787 4449
f 4449 890 4677
f 4677 4675 4449
f 4675 954 4676
f 4676 803 4104
f 4104 787 4675
f 4675 4676 4104
f 4672 954 4674
f 4674 708 3724
f 3724 259 4672
f 4672 4674 3724
f 4674 954 4673
f 4673 339 3725
f 3725 708 4674
f 4674 4673 3725
f 4677 890 4447
f 4447 339 4673
f 4673 954 4677
f 4677 4447 4673
f 4447 890 4446
f 4446 336 2579
f 2579 339 4447
f 4447 4446 2579
f 2453 284 3031
f 3030 233 2453
f 2453 3031 3030
f 3031 284 4678
f 3107 524 4679
f 4678 284 3107
f 3107 4679 4678
f 4679 524 4680
f 4683 949 4682
f 4682 949 4645
f 4645 934 4681
f 4682 4645 4681
f 4625 942 4650
f 4651 943 4625
f 4625 4650 4651
f 4650 942 4684
f 4598 573 3279
f 3279 568 4597
f 4597 935 4598
f 4598 3279 4597
f 3279 573 3280
f 3280 569 3272
f 3272 568 3279
f 3279 3280 3272
f 4100 801 4663
f 4663 952 4664
f 4664 802 4100
f 4100 4663 4664
f 4663 801 4096
f 4096 783 4662
f 4662 952 4663
f 4663 4096 4662
f 3296 578 4049
f 4049 788 4050
f 4050 581 3296
f 3296 4049 4050
f 4049 578 4053
f 4053 789 4055
f 4055 788 4049
f 4049 4053 4055
f 4608 938 4611
f 4611 790 4058
f 4058 580 4608
f 4608 4611 4058
f 4611 938 4612
f 4612 791 4063
f 4063 790 4611
f 4611 4612 4063
f 3302 581 4066
f 4066 792 4067
f 4067 583 3302
f 3302 4066 4067
f 4066 581 4050
f 4050 788 4068
f 4068 792 4066
f 4066 4050 4068
f 4694 956 4692
f 4692 793 4688
f 4688 955 4694
f 4694 4692 4688
f 4692 956 4693
f 4693 794 4073
f 4073 793 4692
f 4692 4693 4073
f 4702 958 4700
f 4700 795 4697
f 4697 957 4702
f 4702 4700 4697
f 4700 958 4701
f 4701 796 4077
f 4077 795 4700
f 4700 4701 4077
f 4612 938 4609
f 4609 784 4062
f 4062 791 4612
f 4612 4609 4062
f 4609 938 4610
f 4610 785 4042
f 4042 784 4609
f 4609 4610 4042
f 4703 583 4080
f 4080 797 4706
f 4706 959 4703
f 4703 4080 4706
f 4080 583 4067
f 4067 792 4081
f 4081 797 4080
f 4080 4067 4081
f 4713 960 4710
f 4710 796 4701
f 4701 958 4713
f 4713 4710 4701
f 4710 960 4711
f 4711 798 4085
f 4085 796 4710
f 4710 4711 4085
f 3295 580 4054
f 4054 789 4053
f 4053 578 3295
f 3295 4054 4053
f 4054 580 4058
f 4058 790 4059
f 4059 789 4054
f 4054 4058 4059
f 4724 962 4721
f 4721 799 4717
f 4717 961 4724
f 4724 4721 4717
f 4721 962 4722
f 4722 800 4092
f 4092 799 4721
f 4721 4722 4092
f 4098 802 4099
f 4099 568 3270
f 3270 567 4098
f 4098 4099 3270
f 4099 802 4664
f 4664 952 4661
f 4661 568 4099
f 4099 4664 4661
f 3686 352 2604
f 2604 292 3685
f 3685 699 3686
f 3686 2604 3685
f 2604 352 2605
f 2605 293 2480
f 2480 292 2604
f 2604 2605 2480
f 3701 702 3697
f 3697 337 3695
f 3695 701 3701
f 3701 3697 3695
f 3697 702 3698
f 3698 338 2578
f 2578 337 3697
f 3697 3698 2578
f 3709 704 3705
f 3705 394 3047
f 3047 505 3709
f 3709 3705 3047
f 3705 704 3706
f 3706 395 2751
f 2751 394 3705
f 3705 3706 2751
f 2753 398 2767
f 2767 403 2766
f 2766 274 2753
f 2753 2767 2766
f 2767 398 2769
f 2769 404 2771
f 2771 403 2767
f 2767 2769 2771
f 3716 706 3714
f 3714 498 3039
f 3039 501 3716
f 3716 3714 3039
f 3714 706 3715
f 3715 499 3036
f 3036 498 3714
f 3714 3715 3036
f 3049 506 3060
f 3060 508 3059
f 3059 351 3049
f 3049 3060 3059
f 3060 506 3065
f 3065 509 3066
f 3066 508 3060
f 3060 3065 3066
f 2790 413 2791
f 2791 403 2768
f 2768 402 2790
f 2790 2791 2768
f 2791 413 3684
f 3684 698 3682
f 3682 403 2791
f 2791 3684 3682
f 2307 215 3057
f 3057 508 3056
f 3056 138 2307
f 2307 3057 3056
f 3057 215 2479
f 2479 293 3058
f 3058 508 3057
f 3057 2479 3058
f 2053 73 3032
f 3032 498 3033
f 3033 80 2053
f 2053 3032 3033
f 3032 73 3719
f 3719 707 3721
f 3721 498 3032
f 3032 3719 3721
f 1992 50 2748
f 2748 394 2747
f 2747 47 1992
f 1992 2748 2747
f 2748 50 3061
f 3061 509 3063
f 3063 394 2748
f 2748 3061 3063
f 3699 510 3067
f 3067 338 3698
f 3698 702 3699
f 3699 3067 3698
f 3067 510 3728
f 3728 709 3726
f 3726 338 3067
f 3067 3728 3726
f 4453 892 4454
f 4454 337 2576
f 2576 336 4453
f 4453 4454 2576
f 4454 892 4455
f 4455 712 3742
f 3742 337 4454
f 4454 4455 3742
f 3736 711 3739
f 3739 292 2477
f 2477 214 3736
f 3736 3739 2477
f 3739 711 3741
f 3741 710 3731
f 3731 292 3739
f 3739 3741 3731
f 4601 237 4727
f 4727 964 4730
f 4730 937 4601
f 4601 4727 4730
f 4727 237 4726
f 4726 963 4731
f 4731 964 4727
f 4727 4726 4731
f 4606 938 4607
f 4607 576 3284
f 3284 575 4606
f 4606 4607 3284
f 4607 938 4608
f 4608 580 3294
f 3294 576 4607
f 4607 4608 3294
f 3291 228 3283
f 3283 576 3292
f 3292 579 3291
f 3291 3283 3292
f 3283 228 3286
f 3286 577 3289
f 3289 576 3283
f 3283 3286 3289
f 2338 228 3298
f 3298 582 3299
f 3299 229 2338
f 2338 3298 3299
f 3298 228 3291
f 3291 579 3300
f 3300 582 3298
f 3298 3291 3300
f 2457 229 3304
f 3304 584 3305
f 3305 285 2457
f 2457 3304 3305
f 3304 229 3299
f 3299 582 3306
f 3306 584 3304
f 3304 3299 3306
f 4703 959 4704
f 4704 584 3307
f 3307 583 4703
f 4703 4704 3307
f 4704 959 4705
f 4705 585 3310
f 3310 584 4704
f 4704 4705 3310
f 4723 962 4719
f 4719 585 4705
f 4705 959 4723
f 4723 4719 4705
f 4719 962 4720
f 4720 586 3313
f 3313 585 4719
f 4719 4720 3313
f 4718 956 4690
f 4690 588 4715
f 4715 961 4718
f 4718 4690 4715
f 4690 956 4691
f 4691 589 3323
f 3323 588 4690
f 4690 4691 3323
f 4712 960 4708
f 4708 590 4687
f 4687 955 4712
f 4712 4708 4687
f 4708 960 4709
f 4709 591 3329
f 3329 590 4708
f 4708 4709 3329
f 4702 957 4695
f 4695 592 4699
f 4699 958 4702
f 4702 4695 4699
f 4695 957 4696
f 4696 593 3335
f 3335 592 4695
f 4695 4696 3335
f 4734 965 4732
f 4732 593 4696
f 4696 957 4734
f 4734 4732 4696
f 4732 965 4733
f 4733 594 3337
f 3337 593 4732
f 4732 4733 3337
f 4599 238 4602
f 4602 937 4605
f 4605 936 4599
f 4599 4602 4605
f 4602 238 2357
f 2357 237 4601
f 4601 937 4602
f 4602 2357 4601
f 3282 574 4613
f 4613 939 4614
f 4614 575 3282
f 3282 4613 4614
f 4613 574 4629
f 4629 945 4631
f 4631 939 4613
f 4613 4629 4631
f 4641 948 4669
f 4669 953 4666
f 4666 782 4641
f 4641 4669 4666
f 4669 948 4660
f 4660 951 4670
f 4670 953 4669
f 4669 4660 4670
f 4600 935 4656
f 4656 951 4657
f 4657 936 4600
f 4600 4656 4657
f 4656 935 4668
f 4668 953 4670
f 4670 951 4656
f 4656 4668 4670
f 4735 966 4736
f 4736 918 4548
f 4548 917 4735
f 4735 4736 4548
f 4736 966 4739
f 4739 967 4737
f 4737 918 4736
f 4736 4739 4737
f 4737 967 4738
f 4738 923 4564
f 4564 918 4737
f 4737 4738 4564
f 4738 967 4743
f 4743 968 4741
f 4741 923 4738
f 4738 4743 4741
f 4580 747 4740
f 4740 968 4742
f 4742 929 4580
f 4580 4740 4742
f 4740 747 4563
f 4563 923 4741
f 4741 968 4740
f 4740 4563 4741
f 4465 896 4466
f 4466 713 3747
f 3747 712 4465
f 4465 4466 3747
f 4466 896 4747
f 4747 969 4745
f 4745 713 4466
f 4466 4747 4745
f 3256 562 3257
f 3257 533 3145
f 3145 532 3256
f 3256 3257 3145
f 3257 562 3258
f 3258 561 3252
f 3252 533 3257
f 3257 3258 3252
f 3144 533 3143
f 3143 189 2887
f 2887 451 3144
f 3144 3143 2887
f 3143 533 3142
f 3142 186 2263
f 2263 189 3143
f 3143 3142 2263
f 3892 749 3893
f 3893 384 2720
f 2720 383 3892
f 3892 3893 2720
f 3893 749 3899
f 3899 751 3898
f 3898 384 3893
f 3893 3899 3898
f 3220 553 4750
f 4750 970 4749
f 4749 315 3220
f 3220 4750 4749
f 4750 553 3224
f 3224 555 4751
f 4751 970 4750
f 4750 3224 4751
f 2418 82 2786
f 2786 412 2787
f 2787 270 2418
f 2418 2786 2787
f 2786 82 2059
f 2059 81 2785
f 2785 412 2786
f 2786 2059 2785
f 2369 96 2419
f 2419 270 2420
f 2420 243 2369
f 2369 2419 2420
f 2419 96 2093
f 2093 82 2418
f 2418 270 2419
f 2419 2093 2418
f 2094 96 3021
f 3021 495 3020
f 3020 95 2094
f 2094 3021 3020
f 3021 96 2371
f 2371 245 3022
f 3022 495 3021
f 3021 2371 3022
f 3102 267 3104
f 3105 523 3102
f 3102 3104 3105
f 3316 497 3103
f 3103 523 3317
f 3317 587 3316
f 3316 3103 3317
f 3103 497 3027
f 3027 267 3102
f 3102 523 3103
f 3103 3027 3102
f 2785 81 4753
f 4753 971 4755
f 4755 412 2785
f 2785 4753 4755
f 4753 81 3035
f 3035 499 4756
f 4756 971 4753
f 4753 3035 4756
f 3028 497 3325
f 3325 590 3324
f 3324 308 3028
f 3028 3325 3324
f 3325 497 3321
f 3321 589 3326
f 3326 590 3325
f 3325 3321 3326
f 4766 706 4761
f 4761 972 4768
f 4768 973 4766
f 4766 4761 4768
f 4761 706 3717
f 3717 705 4760
f 4760 972 4761
f 4761 3717 4760
f 3022 245 4086
f 4086 799 4087
f 4087 495 3022
f 3022 4086 4087
f 4086 245 4072
f 4072 794 4088
f 4088 799 4086
f 4086 4072 4088
f 4088 794 4716
f 4716 961 4717
f 4717 799 4088
f 4088 4716 4717
f 4716 794 4693
f 4693 956 4718
f 4718 961 4716
f 4716 4693 4718
f 4756 499 4765
f 4765 973 4767
f 4767 971 4756
f 4756 4765 4767
f 4765 499 3715
f 3715 706 4766
f 4766 973 4765
f 4765 3715 4766
f 3326 589 4686
f 4686 955 4687
f 4687 590 3326
f 3326 4686 4687
f 4686 589 4691
f 4691 956 4694
f 4694 955 4686
f 4686 4691 4694
f 2052 74 2054
f 2054 80 2055
f 2055 79 2052
f 2052 2054 2055
f 2054 74 2042
f 2042 73 2053
f 2053 80 2054
f 2054 2042 2053
f 2041 74 2461
f 2461 286 2460
f 2460 71 2041
f 2041 2461 2460
f 2461 74 2157
f 2157 122 2463
f 2463 286 2461
f 2461 2157 2463
f 3101 255 3315
f 3315 587 3317
f 3317 523 3101
f 3101 3315 3317
f 3315 255 2388
f 2388 254 3314
f 3314 587 3315
f 3315 2388 3314
f 2463 122 2465
f 2465 287 2467
f 2467 286 2463
f 2463 2465 2467
f 2465 122 3024
f 3024 496 3025
f 3025 287 2465
f 2465 3024 3025
f 3702 503 3708
f 3708 704 3710
f 3710 703 3702
f 3702 3708 3710
f 3708 503 3046
f 3046 502 3707
f 3707 704 3708
f 3708 3046 3707
f 2387 255 2455
f 2455 284 2454
f 2454 252 2387
f 2387 2455 2454
f 2455 255 3106
f 3106 524 3107
f 3107 284 2455
f 2455 3106 3107
f 3314 254 3318
f 3318 588 3320
f 3320 587 3314
f 3314 3318 3320
f 3318 254 3312
f 3312 586 3319
f 3319 588 3318
f 3318 3312 3319
f 3707 502 3041
f 3041 395 3706
f 3706 704 3707
f 3707 3041 3706
f 3041 502 3723
f 3723 707 3720
f 3720 395 3041
f 3041 3723 3720
f 3025 496 4079
f 4079 797 4078
f 4078 287 3025
f 3025 4079 4078
f 4079 496 4090
f 4090 800 4091
f 4091 797 4079
f 4079 4090 4091
f 4091 800 4707
f 4707 959 4706
f 4706 797 4091
f 4091 4707 4706
f 4707 800 4722
f 4722 962 4723
f 4723 959 4707
f 4707 4722 4723
f 3720 707 3718
f 3718 72 2750
f 2750 395 3720
f 3720 3718 2750
f 3718 707 3719
f 3719 73 2040
f 2040 72 3718
f 3718 3719 2040
f 3319 586 4714
f 4714 961 4715
f 4715 588 3319
f 3319 4714 4715
f 4714 586 4720
f 4720 962 4724
f 4724 961 4714
f 4714 4720 4724
f 3915 31 4769
f 4769 974 4774
f 4774 756 3915
f 3915 4769 4774
f 4769 31 1968
f 1968 34 4770
f 4770 974 4769
f 4769 1968 4770
f 4760 705 3780
f 3780 720 4762
f 4762 972 4760
f 4760 3780 4762
f 3780 705 3711
f 3711 33 3777
f 3777 720 3780
f 3780 3711 3777
f 3712 500 3037
f 3037 33 3711
f 3711 705 3712
f 3712 3037 3711
f 3037 500 3038
f 3038 34 1970
f 1970 33 3037
f 3037 3038 1970
f 3045 503 3044
f 3044 34 3038
f 3038 500 3045
f 3045 3044 3038
f 3044 503 4771
f 4771 974 4770
f 4770 34 3044
f 3044 4771 4770
f 4773 974 4772
f 4772 703 3789
f 3789 722 4773
f 4773 4772 3789
f 4772 974 4771
f 4771 503 3702
f 3702 703 4772
f 4772 4771 3702
f 3556 667 3557
f 3557 131 2170
f 2170 130 3556
f 3556 3557 2170
f 3557 667 4015
f 4015 777 4011
f 4011 131 3557
f 3557 4015 4011
f 2410 148 4245
f 4245 842 4248
f 4248 265 2410
f 2410 4245 4248
f 4245 148 2193
f 2193 147 4244
f 4244 842 4245
f 4245 2193 4244
f 4672 259 4102
f 4102 803 4676
f 4676 954 4672
f 4672 4102 4676
f 4102 259 2395
f 2395 258 4101
f 4101 803 4102
f 4102 2395 4101
f 2551 262 3802
f 3802 725 3804
f 3804 324 2551
f 2551 3802 3804
f 3802 262 2401
f 2401 261 3801
f 3801 725 3802
f 3802 2401 3801
f 3922 313 3219
f 3219 553 3925
f 3925 757 3922
f 3922 3219 3925
f 3219 313 2534
f 2534 312 3218
f 3218 553 3219
f 3219 2534 3218
f 2566 331 3395
f 3395 613 3393
f 3393 124 2566
f 2566 3395 3393
f 3395 331 2567
f 2567 330 3394
f 3394 613 3395
f 3395 2567 3394
f 4030 263 2585
f 2585 341 4031
f 4031 781 4030
f 4030 2585 4031
f 2585 263 2404
f 2404 262 2584
f 2584 341 2585
f 2585 2404 2584
f 4027 779 4023
f 4023 484 4026
f 4026 780 4027
f 4027 4023 4026
f 4023 779 4024
f 4024 485 2996
f 2996 484 4023
f 4023 4024 2996
f 4329 488 4336
f 4336 863 4338
f 4338 862 4329
f 4329 4336 4338
f 4336 488 3001
f 3001 487 4335
f 4335 863 4336
f 4336 3001 4335
f 3068 511 3700
f 3700 702 3696
f 3696 310 3068
f 3068 3700 3696
f 3700 511 3069
f 3069 510 3699
f 3699 702 3700
f 3700 3069 3699
f 4011 777 4014
f 4014 515 3078
f 3078 131 4011
f 4011 4014 3078
f 4014 777 4019
f 4019 778 4018
f 4018 515 4014
f 4014 4019 4018
f 4777 554 3221
f 3221 143 4775
f 4775 975 4777
f 4777 3221 4775
f 3221 554 3222
f 3222 312 2529
f 2529 143 3221
f 3221 3222 2529
f 3360 601 3357
f 3357 123 2198
f 2198 151 3360
f 3360 3357 2198
f 3357 601 3361
f 3361 600 3354
f 3354 123 3357
f 3357 3361 3354
f 3957 621 3413
f 3413 333 3954
f 3954 763 3957
f 3957 3413 3954
f 3413 621 3412
f 3412 330 2570
f 2570 333 3413
f 3413 3412 2570
f 4009 668 3562
f 3562 634 4007
f 4007 776 4009
f 4009 3562 4007
f 3562 668 3563
f 3563 635 3451
f 3451 634 3562
f 3562 3563 3451
f 3469 642 3470
f 3470 640 3465
f 3465 639 3469
f 3469 3470 3465
f 3470 642 3474
f 3474 645 3473
f 3473 640 3470
f 3470 3474 3473
f 4004 775 4002
f 4002 664 3641
f 3641 688 4004
f 4004 4002 3641
f 4002 775 4003
f 4003 665 3550
f 3550 664 4002
f 4002 4003 3550
f 4010 776 4008
f 4008 665 4003
f 4003 775 4010
f 4010 4008 4003
f 4008 776 4007
f 4007 634 3549
f 3549 665 4008
f 4008 4007 3549
f 2169 129 3448
f 3448 635 3449
f 3449 130 2169
f 2169 3448 3449
f 3448 129 3452
f 3452 636 3455
f 3455 635 3448
f 3448 3452 3455
f 4329 862 4330
f 4330 670 3569
f 3569 488 4329
f 4329 4330 3569
f 4330 862 4332
f 4332 861 4326
f 4326 670 4330
f 4330 4332 4326
f 4326 861 4324
f 4324 639 3570
f 3570 670 4326
f 4326 4324 3570
f 4324 861 4325
f 4325 642 3469
f 3469 639 4324
f 4324 4325 3469
f 3973 675 3961
f 3961 764 3974
f 3974 767 3973
f 3973 3961 3974
f 3961 675 3589
f 3589 674 3960
f 3960 764 3961
f 3961 3589 3960
f 2268 193 3547
f 3547 664 3546
f 3546 190 2268
f 2268 3547 3546
f 3547 193 3642
f 3642 689 3643
f 3643 664 3547
f 3547 3642 3643
f 3726 709 3727
f 3727 339 2580
f 2580 338 3726
f 3726 3727 2580
f 3727 709 3730
f 3730 708 3725
f 3725 339 3727
f 3727 3730 3725
f 3769 718 3768
f 3768 310 2528
f 2528 311 3769
f 3769 3768 2528
f 3768 718 3770
f 3770 511 3068
f 3068 310 3768
f 3768 3770 3068
f 3801 261 2527
f 2527 311 3803
f 3803 725 3801
f 3801 2527 3803
f 2527 261 3766
f 3766 718 3769
f 3769 311 2527
f 2527 3766 3769
f 4662 783 4667
f 4667 953 4671
f 4671 952 4662
f 4662 4667 4671
f 4667 783 4035
f 4035 782 4666
f 4666 953 4667
f 4667 4035 4666
f 4093 801 4094
f 4094 257 2393
f 2393 256 4093
f 4093 4094 2393
f 4094 801 4095
f 4095 258 2394
f 2394 257 4094
f 4094 4095 2394
f 4210 835 4211
f 4211 484 2993
f 2993 483 4210
f 4210 4211 2993
f 4211 835 4213
f 4213 833 4202
f 4202 484 4211
f 4211 4213 4202
f 2997 486 2998
f 2998 341 2586
f 2586 340 2997
f 2997 2998 2586
f 2998 486 3000
f 3000 485 2994
f 2994 341 2998
f 2998 3000 2994
f 4244 147 2200
f 2200 151 4246
f 4246 842 4244
f 4244 2200 4246
f 2200 147 3358
f 3358 601 3360
f 3360 151 2200
f 2200 3358 3360
f 2195 148 3920
f 3920 757 3921
f 3921 149 2195
f 2195 3920 3921
f 3920 148 2532
f 2532 313 3922
f 3922 757 3920
f 3920 2532 3922
f 3999 774 4275
f 4275 848 4274
f 4274 773 3999
f 3999 4275 4274
f 4275 774 4279
f 4279 849 4281
f 4281 848 4275
f 4275 4279 4281
f 4295 854 4296
f 4296 848 4276
f 4276 847 4295
f 4295 4296 4276
f 4296 854 4297
f 4297 851 4289
f 4289 848 4296
f 4296 4297 4289
f 3992 772 4292
f 4292 853 4291
f 4291 771 3992
f 3992 4292 4291
f 4292 772 4287
f 4287 851 4293
f 4293 853 4292
f 4292 4287 4293
f 4291 853 4290
f 4290 770 3989
f 3989 771 4291
f 4291 4290 3989
f 4290 853 4303
f 4303 855 4301
f 4301 770 4290
f 4290 4303 4301
f 4314 857 4310
f 4310 856 4313
f 4313 858 4314
f 4314 4310 4313
f 4310 857 4309
f 4309 855 4306
f 4306 856 4310
f 4310 4309 4306
f 4308 857 4307
f 4307 768 3982
f 3982 769 4308
f 4308 4307 3982
f 4307 857 4321
f 4321 860 4320
f 4320 768 4307
f 4307 4321 4320
f 4335 487 4316
f 4316 859 4337
f 4337 863 4335
f 4335 4316 4337
f 4316 487 4318
f 4318 860 4323
f 4323 859 4316
f 4316 4318 4323
f 4283 850 4284
f 4284 689 3642
f 3642 193 4283
f 4283 4284 3642
f 4284 850 4286
f 4286 849 4277
f 4277 689 4284
f 4284 4286 4277
f 3588 675 3587
f 3587 645 3579
f 3579 672 3588
f 3588 3587 3579
f 3587 675 3586
f 3586 640 3473
f 3473 645 3587
f 3587 3586 3473
f 4648 949 4646
f 4646 941 4628
f 4628 944 4648
f 4648 4646 4628
f 4646 949 4647
f 4647 942 4621
f 4621 941 4646
f 4646 4647 4621
f 4632 944 4638
f 4638 947 4639
f 4639 945 4632
f 4632 4638 4639
f 4638 944 4628
f 4628 941 4637
f 4637 947 4638
f 4638 4628 4637
f 4658 951 4659
f 4659 947 4640
f 4640 946 4658
f 4658 4659 4640
f 4659 951 4660
f 4660 948 4644
f 4644 947 4659
f 4659 4660 4644
f 2400 259 3737
f 3737 711 3738
f 3738 260 2400
f 2400 3737 3738
f 3737 259 3724
f 3724 708 3740
f 3740 711 3737
f 3737 3724 3740
f 4647 949 4685
f 4684 942 4647
f 4647 4685 4684
f 4685 949 4683
f 4038 783 4034
f 4034 256 4037
f 4037 784 4038
f 4038 4034 4037
f 4034 783 4096
f 4096 801 4093
f 4093 256 4034
f 4034 4096 4093
f 3735 709 3729
f 3729 513 3732
f 3732 710 3735
f 3735 3729 3732
f 3729 709 3728
f 3728 510 3072
f 3072 513 3729
f 3729 3728 3072
f 4616 939 4615
f 4615 782 4040
f 4040 785 4616
f 4616 4615 4040
f 4615 939 4642
f 4642 948 4641
f 4641 782 4615
f 4615 4642 4641
f 2473 103 2103
f 2103 16 2472
f 2472 290 2473
f 2473 2103 2472
f 2103 103 2104
f 2104 17 1945
f 1945 16 2103
f 2103 2104 1945
f 1977 41 2063
f 2063 83 2062
f 2062 12 1977
f 1977 2063 2062
f 2063 41 2688
f 2688 375 2689
f 2689 83 2063
f 2063 2688 2689
f 2106 102 2100
f 2100 17 2104
f 2104 103 2106
f 2106 2100 2104
f 2100 102 2101
f 2101 69 2031
f 2031 17 2100
f 2100 2101 2031
f 2742 200 2280
f 2280 127 2741
f 2741 393 2742
f 2742 2280 2741
f 2280 200 2281
f 2281 128 2168
f 2168 127 2280
f 2280 2281 2168
f 3347 23 2277
f 2277 199 3350
f 3350 598 3347
f 3347 2277 3350
f 2277 23 2166
f 2166 128 2278
f 2278 199 2277
f 2277 2166 2278
f 2426 272 2427
f 2427 268 2414
f 2414 249 2426
f 2426 2427 2414
f 2427 272 2428
f 2428 271 2422
f 2422 268 2427
f 2427 2428 2422
f 4758 276 4764
f 4764 973 4768
f 4768 972 4758
f 4758 4764 4768
f 4764 276 2433
f 2433 275 4763
f 4763 973 4764
f 4764 2433 4763
f 3778 277 4759
f 4759 972 4762
f 4762 720 3778
f 3778 4759 4762
f 4759 277 2434
f 2434 276 4758
f 4758 972 4759
f 4759 2434 4758
f 2050 78 2440
f 2440 280 2439
f 2439 75 2050
f 2050 2440 2439
f 2440 78 2444
f 2444 281 2447
f 2447 280 2440
f 2440 2444 2447
f 2424 272 2425
f 2425 244 2370
f 2370 243 2424
f 2424 2425 2370
f 2425 272 2518
f 2518 307 2515
f 2515 244 2425
f 2425 2518 2515
f 2520 250 2522
f 2523 309 2520
f 2520 2522 2523
f 3886 317 3891
f 3891 749 3894
f 3894 748 3886
f 3886 3891 3894
f 3891 317 2540
f 2540 316 3890
f 3890 749 3891
f 3891 2540 3890
f 2689 375 2686
f 2686 9 2060
f 2060 83 2689
f 2689 2686 2060
f 2686 375 2691
f 2691 374 2683
f 2683 9 2686
f 2686 2691 2683
f 2422 271 2765
f 2765 402 2764
f 2764 268 2422
f 2422 2765 2764
f 2765 271 2789
f 2789 413 2790
f 2790 402 2765
f 2765 2789 2790
f 2123 109 2122
f 2122 69 2101
f 2101 102 2123
f 2123 2122 2101
f 2122 109 2445
f 2445 281 2442
f 2442 69 2122
f 2122 2445 2442
f 3109 525 3110
f 3110 26 1958
f 1958 8 3109
f 3109 3110 1958
f 3110 525 3111
f 3111 127 2165
f 2165 26 3110
f 3110 3111 2165
f 2520 309 3331
f 3331 592 3330
f 3330 250 2520
f 2520 3331 3330
f 3331 309 3328
f 3328 591 3332
f 3332 592 3331
f 3331 3328 3332
f 3112 525 3637
f 3637 687 3636
f 3636 391 3112
f 3112 3637 3636
f 3637 525 3344
f 3344 596 3638
f 3638 687 3637
f 3637 3344 3638
f 3638 596 3342
f 3342 373 3635
f 3635 687 3638
f 3638 3342 3635
f 3342 596 3343
f 3343 374 2685
f 2685 373 3342
f 3342 3343 2685
f 4763 275 4754
f 4754 971 4767
f 4767 973 4763
f 4763 4754 4767
f 4754 275 3681
f 3681 698 4757
f 4757 971 4754
f 4754 3681 4757
f 2437 277 2510
f 2510 306 2511
f 2511 278 2437
f 2437 2510 2511
f 2510 277 3781
f 3781 721 3784
f 3784 306 2510
f 2510 3781 3784
f 4781 733 4485
f 4485 903 4783
f 4783 976 4781
f 4781 4485 4783
f 4485 733 4489
f 4489 904 4491
f 4491 903 4485
f 4485 4489 4491
f 4752 750 3895
f 3895 315 4749
f 4749 970 4752
f 4752 3895 4749
f 3895 750 3896
f 3896 316 2538
f 2538 315 3895
f 3895 3896 2538
f 3947 760 3938
f 3938 752 3946
f 3946 761 3947
f 3947 3938 3946
f 3938 760 3939
f 3939 753 3906
f 3906 752 3938
f 3938 3939 3906
f 3930 755 3934
f 3934 759 3935
f 3935 758 3930
f 3930 3934 3935
f 3934 755 3914
f 3914 754 3933
f 3933 759 3934
f 3934 3914 3933
f 2441 279 3782
f 3782 721 3783
f 3783 280 2441
f 2441 3782 3783
f 3782 279 2512
f 2512 306 3784
f 3784 721 3782
f 3782 2512 3784
f 2515 307 4070
f 4070 793 4069
f 4069 244 2515
f 2515 4070 4069
f 4070 307 4083
f 4083 798 4084
f 4084 793 4070
f 4070 4083 4084
f 3379 606 3907
f 3907 754 3908
f 3908 607 3379
f 3379 3907 3908
f 3907 606 3905
f 3905 753 3910
f 3910 754 3907
f 3907 3905 3910
f 3912 755 3913
f 3913 748 3889
f 3889 608 3912
f 3912 3913 3889
f 3913 755 3911
f 3911 317 3886
f 3886 748 3913
f 3913 3911 3886
f 3942 761 3943
f 3943 199 2279
f 2279 198 3942
f 3942 3943 2279
f 3943 761 3946
f 3946 752 3901
f 3901 199 3943
f 3943 3946 3901
f 4492 905 4493
f 4493 420 2813
f 2813 419 4492
f 4492 4493 2813
f 4493 905 4495
f 4495 904 4487
f 4487 420 4493
f 4493 4495 4487
f 4494 905 4520
f 4520 912 4519
f 4519 902 4494
f 4494 4520 4519
f 4520 905 4531
f 4531 914 4532
f 4532 912 4520
f 4520 4531 4532
f 2476 290 4528
f 4528 914 4529
f 4529 291 2476
f 2476 4528 4529
f 4528 290 2472
f 2472 16 4527
f 4527 914 4528
f 4528 2472 4527
f 4084 798 4689
f 4689 955 4688
f 4688 793 4084
f 4084 4689 4688
f 4689 798 4711
f 4711 960 4712
f 4712 955 4689
f 4689 4711 4712
f 4757 698 3683
f 3683 412 4755
f 4755 971 4757
f 4757 3683 4755
f 3683 698 3684
f 3684 413 2792
f 2792 412 3683
f 3683 3684 2792
f 3332 591 4698
f 4698 958 4699
f 4699 592 3332
f 3332 4698 4699
f 4698 591 4709
f 4709 960 4713
f 4713 958 4698
f 4698 4709 4713
f 2574 335 4786
f 4786 977 4785
f 4785 236 2574
f 2574 4786 4785
f 4786 335 4655
f 4655 950 4787
f 4787 977 4786
f 4786 4655 4787
f 2067 84 2065
f 2065 12 2062
f 2062 83 2067
f 2067 2065 2062
f 2065 84 2066
f 2066 13 1941
f 1941 12 2065
f 2065 2066 1941
f 2690 375 2687
f 2687 40 2676
f 2676 372 2690
f 2690 2687 2676
f 2687 375 2688
f 2688 41 1979
f 1979 40 2687
f 2687 2688 1979
f 2001 57 2002
f 2002 20 1949
f 1949 19 2001
f 2001 2002 1949
f 2002 57 2003
f 2003 56 1999
f 1999 20 2002
f 2002 2003 1999
f 2673 371 2671
f 2671 66 2667
f 2667 368 2673
f 2673 2671 2667
f 2671 371 2672
f 2672 67 2026
f 2026 66 2671
f 2671 2672 2026
f 3234 107 2117
f 2117 76 3233
f 3233 557 3234
f 3234 2117 3233
f 2117 107 2118
f 2118 77 2048
f 2048 76 2117
f 2117 2118 2048
f 2071 87 2070
f 2070 15 1946
f 1946 18 2071
f 2071 2070 1946
f 2070 87 2073
f 2073 86 2068
f 2068 15 2070
f 2070 2073 2068
f 2049 78 2113
f 2113 106 2111
f 2111 70 2049
f 2049 2113 2111
f 2113 78 2051
f 2051 77 2112
f 2112 106 2113
f 2113 2051 2112
f 3820 14 2128
f 2128 111 3821
f 3821 730 3820
f 3820 2128 3821
f 2128 14 1943
f 1943 13 2127
f 2127 111 2128
f 2128 1943 2127
f 2033 70 2072
f 2072 87 2071
f 2071 18 2033
f 2033 2072 2071
f 2072 70 2111
f 2111 106 2114
f 2114 87 2072
f 2072 2111 2114
f 1999 56 2082
f 2082 92 2081
f 2081 20 1999
f 1999 2082 2081
f 2082 56 2152
f 2152 120 2154
f 2154 92 2082
f 2082 2152 2154
f 3402 616 3400
f 3400 124 3393
f 3393 613 3402
f 3402 3400 3393
f 3400 616 3401
f 3401 125 2162
f 2162 124 3400
f 3400 3401 2162
f 2657 362 2643
f 2643 156 2654
f 2654 366 2657
f 2657 2643 2654
f 2643 362 2644
f 2644 157 2210
f 2210 156 2643
f 2643 2644 2210
f 2228 170 2233
f 2233 174 2234
f 2234 171 2228
f 2228 2233 2234
f 2233 170 2236
f 2236 175 2237
f 2237 174 2233
f 2233 2236 2237
f 3823 730 3822
f 3822 283 3812
f 3812 727 3823
f 3823 3822 3812
f 3822 730 3821
f 3821 111 2451
f 2451 283 3822
f 3822 3821 2451
f 2119 107 2483
f 2483 295 2482
f 2482 105 2119
f 2119 2483 2482
f 2483 107 2485
f 2485 296 2487
f 2487 295 2483
f 2483 2485 2487
f 2742 393 2743
f 2743 327 2560
f 2560 200 2742
f 2742 2743 2560
f 2743 393 2744
f 2744 328 2563
f 2563 327 2743
f 2743 2744 2563
f 3367 603 3365
f 3365 331 3356
f 3356 600 3367
f 3367 3365 3356
f 3365 603 3366
f 3366 332 2569
f 2569 331 3365
f 3365 3366 2569
f 2655 366 2656
f 2656 175 2236
f 2236 170 2655
f 2655 2656 2236
f 2656 366 2654
f 2654 156 2235
f 2235 175 2656
f 2656 2654 2235
f 3607 329 2739
f 2739 392 3608
f 3608 681 3607
f 3607 2739 3608
f 2739 329 2565
f 2565 328 2738
f 2738 392 2739
f 2739 2565 2738
f 3857 415 2936
f 2936 466 3858
f 3858 741 3857
f 3857 2936 3858
f 2936 415 2798
f 2798 414 2935
f 2935 466 2936
f 2936 2798 2935
f 2154 120 2153
f 2153 89 2083
f 2083 92 2154
f 2154 2153 2083
f 2153 120 2794
f 2794 414 2793
f 2793 89 2153
f 2153 2794 2793
f 2652 365 2651
f 2651 157 2644
f 2644 362 2652
f 2652 2651 2644
f 2651 365 2939
f 2939 467 2937
f 2937 157 2651
f 2651 2939 2937
f 2960 474 2961
f 2961 470 2947
f 2947 469 2960
f 2960 2961 2947
f 2961 474 2962
f 2962 473 2956
f 2956 470 2961
f 2961 2962 2956
f 3233 76 2044
f 2044 31 3232
f 3232 557 3233
f 3233 2044 3232
f 2044 76 2045
f 2045 32 1966
f 1966 31 2044
f 2044 2045 1966
f 2484 294 2944
f 2944 469 2945
f 2945 295 2484
f 2484 2944 2945
f 2944 294 2958
f 2958 474 2960
f 2960 469 2944
f 2944 2958 2960
f 4206 626 3425
f 3425 515 4205
f 4205 834 4206
f 4206 3425 4205
f 3425 626 3426
f 3426 516 3081
f 3081 515 3425
f 3425 3426 3081
f 2488 297 3239
f 3239 558 3236
f 3236 288 2488
f 2488 3239 3236
f 3239 297 2490
f 2490 296 3238
f 3238 558 3239
f 3239 2490 3238
f 3115 526 3116
f 3116 467 2939
f 2939 365 3115
f 3115 3116 2939
f 3116 526 3245
f 3245 559 3243
f 3243 467 3116
f 3116 3245 3243
f 3965 765 3963
f 3963 610 3566
f 3566 669 3965
f 3965 3963 3566
f 3963 765 3964
f 3964 611 3389
f 3389 610 3963
f 3963 3964 3389
f 3598 678 3596
f 3596 614 3580
f 3580 673 3598
f 3598 3596 3580
f 3596 678 3597
f 3597 615 3399
f 3399 614 3596
f 3596 3597 3399
f 3585 673 3581
f 3581 621 3583
f 3583 674 3585
f 3585 3581 3583
f 3581 673 3580
f 3580 614 3414
f 3414 621 3581
f 3581 3580 3414
f 3430 132 3423
f 3423 625 3431
f 3431 628 3430
f 3430 3423 3431
f 3423 132 3080
f 3080 516 3424
f 3424 625 3423
f 3423 3080 3424
f 2282 200 3457
f 3457 637 3456
f 3456 198 2282
f 2282 3457 3456
f 3457 200 2560
f 2560 327 3458
f 3458 637 3457
f 3457 2560 3458
f 2564 329 3488
f 3488 650 3487
f 3487 326 2564
f 2564 3488 3487
f 3488 329 3491
f 3491 651 3493
f 3493 650 3488
f 3488 3491 3493
f 3607 681 3609
f 3609 651 3491
f 3491 329 3607
f 3607 3609 3491
f 3609 681 3610
f 3610 660 3532
f 3532 651 3609
f 3609 3610 3532
f 3384 326 3386
f 3386 610 3387
f 3387 609 3384
f 3384 3386 3387
f 3386 326 3487
f 3487 650 3489
f 3489 610 3386
f 3386 3487 3489
f 2740 391 3612
f 3612 682 3613
f 3613 392 2740
f 2740 3612 3613
f 3612 391 3636
f 3636 687 3639
f 3639 682 3612
f 3612 3636 3639
f 3618 683 3617
f 3617 660 3610
f 3610 681 3618
f 3618 3617 3610
f 3617 683 3624
f 3624 684 3622
f 3622 660 3617
f 3617 3624 3622
f 3615 683 3616
f 3616 370 2670
f 2670 369 3615
f 3615 3616 2670
f 3616 683 3619
f 3619 682 3611
f 3611 370 3616
f 3616 3619 3611
f 3625 685 3626
f 3626 22 1953
f 1953 21 3625
f 3625 3626 1953
f 3626 685 3628
f 3628 684 3620
f 3620 22 3626
f 3626 3628 3620
f 2595 344 3813
f 3813 728 3814
f 3814 345 2595
f 2595 3813 3814
f 3813 344 3816
f 3816 729 3819
f 3819 728 3813
f 3813 3816 3819
f 2807 418 3817
f 3817 729 3816
f 3816 344 2807
f 2807 3817 3816
f 3817 418 3826
f 3826 731 3828
f 3828 729 3817
f 3817 3826 3828
f 2812 420 3827
f 3827 731 3826
f 3826 418 2812
f 2812 3827 3826
f 3827 420 3832
f 3832 732 3833
f 3833 731 3827
f 3827 3832 3833
f 4487 904 4488
f 4488 732 3832
f 3832 420 4487
f 4487 4488 3832
f 4488 904 4489
f 4489 733 3836
f 3836 732 4488
f 4488 4489 3836
f 3841 735 4497
f 4497 907 4496
f 4496 734 3841
f 3841 4497 4496
f 4497 735 4499
f 4499 908 4502
f 4502 907 4497
f 4497 4499 4502
f 3848 737 3876
f 3876 744 3875
f 3875 736 3848
f 3848 3876 3875
f 3876 737 4509
f 4509 910 4510
f 4510 744 3876
f 3876 4509 4510
f 3877 743 3870
f 3870 736 3875
f 3875 744 3877
f 3877 3870 3875
f 3870 743 3871
f 3871 738 3851
f 3851 736 3870
f 3870 3871 3851
f 3866 739 3872
f 3872 743 3873
f 3873 742 3866
f 3866 3872 3873
f 3872 739 3853
f 3853 738 3871
f 3871 743 3872
f 3872 3853 3871
f 3855 740 3867
f 3867 742 3865
f 3865 563 3855
f 3855 3867 3865
f 3867 740 3856
f 3856 739 3866
f 3866 742 3867
f 3867 3856 3866
f 3113 302 3241
f 3241 559 3245
f 3245 526 3113
f 3113 3241 3245
f 3241 302 2797
f 2797 415 3242
f 3242 559 3241
f 3241 2797 3242
f 3915 756 3917
f 3917 557 3232
f 3232 31 3915
f 3915 3917 3232
f 3917 756 3918
f 3918 558 3240
f 3240 557 3917
f 3917 3918 3240
f 3390 333 3950
f 3950 762 3951
f 3951 612 3390
f 3390 3950 3951
f 3950 333 2571
f 2571 332 3949
f 3949 762 3950
f 3950 2571 3949
f 3966 764 3959
f 3959 611 3964
f 3964 765 3966
f 3966 3959 3964
f 3959 764 3962
f 3962 763 3955
f 3955 611 3959
f 3959 3962 3955
f 4199 832 4198
f 4198 174 2241
f 2241 177 4199
f 4199 4198 2241
f 4198 832 4200
f 4200 778 4017
f 4017 174 4198
f 4198 4200 4017
f 4375 815 4134
f 4134 812 4374
f 4374 872 4375
f 4375 4134 4374
f 4134 815 4135
f 4135 813 4128
f 4128 812 4134
f 4134 4135 4128
f 4234 126 4157
f 4157 822 4237
f 4237 840 4234
f 4234 4157 4237
f 4157 126 2164
f 2164 125 4156
f 4156 822 4157
f 4157 2164 4156
f 3260 471 3854
f 3854 740 3855
f 3855 563 3260
f 3260 3854 3855
f 3854 471 4165
f 4165 825 4167
f 4167 740 3854
f 3854 4165 4167
f 2948 61 4164
f 4164 825 4165
f 4165 471 2948
f 2948 4164 4165
f 4164 61 4170
f 4170 826 4173
f 4173 825 4164
f 4164 4170 4173
f 2009 60 4169
f 4169 826 4170
f 4170 61 2009
f 2009 4169 4170
f 4169 60 4174
f 4174 827 4178
f 4178 826 4169
f 4169 4174 4178
f 2206 154 4175
f 4175 827 4174
f 4174 60 2206
f 2206 4175 4174
f 4175 154 4179
f 4179 828 4183
f 4183 827 4175
f 4175 4179 4183
f 2246 180 4182
f 4182 828 4179
f 4179 154 2246
f 2246 4182 4179
f 4182 180 4187
f 4187 829 4188
f 4188 828 4182
f 4182 4187 4188
f 2248 179 4186
f 4186 829 4187
f 4187 180 2248
f 2248 4186 4187
f 4186 179 4191
f 4191 830 4193
f 4193 829 4186
f 4186 4191 4193
f 4025 780 4192
f 4192 830 4191
f 4191 179 4025
f 4025 4192 4191
f 4192 780 4196
f 4196 831 4197
f 4197 830 4192
f 4192 4196 4197
f 4026 484 4195
f 4195 831 4196
f 4196 780 4026
f 4026 4195 4196
f 4195 484 4202
f 4202 833 4203
f 4203 831 4195
f 4195 4202 4203
f 4216 836 4215
f 4215 483 3420
f 3420 624 4216
f 4216 4215 3420
f 4215 836 4220
f 4220 835 4210
f 4210 483 4215
f 4215 4220 4210
f 4116 809 4219
f 4219 836 4216
f 4216 624 4116
f 4116 4219 4216
f 4219 809 4223
f 4223 837 4225
f 4225 836 4219
f 4219 4223 4225
f 4236 840 4238
f 4238 838 4226
f 4226 808 4236
f 4236 4238 4226
f 4238 840 4237
f 4237 822 4229
f 4229 838 4238
f 4238 4237 4229
f 4130 814 4129
f 4129 625 3428
f 3428 627 4130
f 4130 4129 3428
f 4129 814 4132
f 4132 813 4125
f 4125 625 4129
f 4129 4132 4125
f 4154 821 4155
f 4155 812 4124
f 4124 811 4154
f 4154 4155 4124
f 4155 821 4403
f 4403 878 4402
f 4402 812 4155
f 4155 4403 4402
f 4131 814 4228
f 4228 838 4227
f 4227 811 4131
f 4131 4228 4227
f 4228 814 4224
f 4224 837 4230
f 4230 838 4228
f 4228 4224 4230
f 3391 612 3460
f 3460 637 3459
f 3459 609 3391
f 3391 3460 3459
f 3460 612 3951
f 3951 762 3952
f 3952 637 3460
f 3460 3951 3952
f 4396 877 4395
f 4395 615 3597
f 3597 678 4396
f 4396 4395 3597
f 4395 877 4405
f 4405 878 4400
f 4400 615 4395
f 4395 4405 4400
f 4505 909 4541
f 4541 916 4540
f 4540 906 4505
f 4505 4541 4540
f 4541 909 4524
f 4524 913 4542
f 4542 916 4541
f 4541 4524 4542
f 4543 915 4536
f 4536 906 4540
f 4540 916 4543
f 4543 4536 4540
f 4536 915 4537
f 4537 911 4514
f 4514 906 4536
f 4536 4537 4514
f 2946 470 4539
f 4539 916 4538
f 4538 85 2946
f 2946 4539 4538
f 4539 470 4534
f 4534 915 4543
f 4543 916 4539
f 4539 4534 4543
f 2068 86 4518
f 4518 912 4517
f 4517 15 2068
f 2068 4518 4517
f 4518 86 4522
f 4522 913 4525
f 4525 912 4518
f 4518 4522 4525
f 4557 922 4558
f 4558 283 2452
f 2452 282 4557
f 4557 4558 2452
f 4558 922 4560
f 4560 920 4552
f 4552 283 4558
f 4558 4560 4552
f 4554 921 4555
f 4555 728 3815
f 3815 727 4554
f 4554 4555 3815
f 4555 921 4573
f 4573 926 4571
f 4571 728 4555
f 4555 4573 4571
f 4790 978 4789
f 4789 920 4560
f 4560 922 4790
f 4790 4789 4560
f 4789 978 4794
f 4794 979 4792
f 4792 920 4789
f 4789 4794 4792
f 4795 980 4796
f 4796 926 4573
f 4573 921 4795
f 4795 4796 4573
f 4796 980 4800
f 4800 981 4799
f 4799 926 4796
f 4796 4800 4799
f 3354 600 3355
f 3355 124 2160
f 2160 123 3354
f 3354 3355 2160
f 3355 600 3356
f 3356 331 2566
f 2566 124 3355
f 3355 3356 2566
f 4208 834 4207
f 4207 778 4200
f 4200 832 4208
f 4208 4207 4200
f 4207 834 4205
f 4205 515 4018
f 4018 778 4207
f 4207 4205 4018
f 3960 674 3958
f 3958 763 3962
f 3962 764 3960
f 3960 3958 3962
f 3958 674 3583
f 3583 621 3957
f 3957 763 3958
f 3958 3583 3957
f 4206 834 4214
f 4214 835 4212
f 4212 626 4206
f 4206 4214 4212
f 4214 834 4209
f 4209 833 4213
f 4213 835 4214
f 4214 4209 4213
f 1980 42 1981
f 1981 12 1939
f 1939 11 1980
f 1980 1981 1939
f 1981 42 1983
f 1983 41 1977
f 1977 12 1981
f 1981 1983 1977
f 1982 42 4780
f 4780 976 4779
f 4779 39 1982
f 1982 4780 4779
f 4780 42 3835
f 3835 733 4781
f 4781 976 4780
f 4780 3835 4781
f 2669 368 2666
f 2666 22 2668
f 2668 369 2669
f 2669 2666 2668
f 2666 368 2665
f 2665 19 1952
f 1952 22 2666
f 2666 2665 1952
f 2667 66 2020
f 2020 19 2665
f 2665 368 2667
f 2667 2020 2665
f 2020 66 2021
f 2021 57 2001
f 2001 19 2020
f 2020 2021 2001
f 2021 66 2022
f 2022 58 2006
f 2006 57 2021
f 2021 2022 2006
f 2022 66 2023
f 2023 65 2019
f 2019 58 2022
f 2022 2023 2019
f 3847 737 3846
f 3846 65 3837
f 3837 734 3847
f 3847 3846 3837
f 3846 737 3845
f 3845 58 2019
f 2019 65 3846
f 3846 3845 2019
f 4511 910 4508
f 4508 734 4496
f 4496 907 4511
f 4511 4508 4496
f 4508 910 4509
f 4509 737 3847
f 3847 734 4508
f 4508 4509 3847
f 4514 911 4515
f 4515 907 4498
f 4498 906 4514
f 4514 4515 4498
f 4515 911 4516
f 4516 910 4511
f 4511 907 4515
f 4515 4516 4511
f 2678 371 2680
f 2680 373 2681
f 2681 372 2678
f 2678 2680 2681
f 2680 371 2675
f 2675 370 2679
f 2679 373 2680
f 2680 2675 2679
f 2024 67 2677
f 2677 372 2676
f 2676 40 2024
f 2024 2677 2676
f 2677 67 2672
f 2672 371 2678
f 2678 372 2677
f 2677 2672 2678
f 2027 68 2028
f 2028 40 1976
f 1976 39 2027
f 2027 2028 1976
f 2028 68 2030
f 2030 67 2024
f 2024 40 2028
f 2028 2030 2024
f 4782 735 3839
f 3839 39 4779
f 4779 976 4782
f 4782 3839 4779
f 3839 735 3840
f 3840 68 2027
f 2027 39 3839
f 3839 3840 2027
f 4500 908 4784
f 4784 976 4783
f 4783 903 4500
f 4500 4784 4783
f 4784 908 4499
f 4499 735 4782
f 4782 976 4784
f 4784 4499 4782
f 4503 909 4504
f 4504 903 4486
f 4486 902 4503
f 4503 4504 4486
f 4504 909 4506
f 4506 908 4500
f 4500 903 4504
f 4504 4506 4500
f 4773 722 3919
f 3919 756 4774
f 4774 974 4773
f 4773 3919 4774
f 3919 722 3787
f 3787 289 3916
f 3916 756 3919
f 3919 3787 3916
f 3777 33 2964
f 2964 475 3779
f 3779 720 3777
f 3777 2964 3779
f 2964 33 1967
f 1967 32 2963
f 2963 475 2964
f 2964 1967 2963
f 3264 564 4803
f 4803 982 4801
f 4801 406 3264
f 3264 4803 4801
f 4803 564 4805
f 4805 983 4806
f 4806 982 4803
f 4803 4805 4806
f 4807 984 4808
f 4808 892 4456
f 4456 891 4807
f 4807 4808 4456
f 4808 984 4810
f 4810 895 4464
f 4464 892 4808
f 4808 4810 4464
f 4460 894 4461
f 4461 891 4451
f 4451 786 4460
f 4460 4461 4451
f 4461 894 4809
f 4809 984 4807
f 4807 891 4461
f 4461 4809 4807
f 3266 566 3267
f 3267 247 2374
f 2374 246 3266
f 3266 3267 2374
f 3267 566 4812
f 4812 985 4811
f 4811 247 3267
f 3267 4812 4811
f 4815 986 4816
f 4816 564 3263
f 3263 405 4815
f 4815 4816 3263
f 4816 986 4817
f 4817 983 4805
f 4805 564 4816
f 4816 4817 4805
f 4792 979 4793
f 4793 921 4556
f 4556 920 4792
f 4792 4793 4556
f 4793 979 4797
f 4797 980 4795
f 4795 921 4793
f 4793 4797 4795
f 4567 925 4568
f 4568 922 4559
f 4559 693 4567
f 4567 4568 4559
f 4568 925 4791
f 4791 978 4790
f 4790 922 4568
f 4568 4791 4790
f 4745 969 4744
f 4744 182 3744
f 3744 713 4745
f 4745 4744 3744
f 4744 969 4746
f 4746 888 4442
f 4442 182 4744
f 4744 4746 4442
f 4801 982 4802
f 4802 407 2779
f 2779 406 4801
f 4801 4802 2779
f 4802 982 4804
f 4804 565 3265
f 3265 407 4802
f 4802 4804 3265
f 4444 889 4472
f 4472 897 4470
f 4470 183 4444
f 4444 4472 4470
f 4472 889 4820
f 4820 987 4821
f 4821 897 4472
f 4472 4820 4821
f 4799 981 4798
f 4798 919 4572
f 4572 926 4799
f 4799 4798 4572
f 4798 981 4825
f 4825 988 4823
f 4823 919 4798
f 4798 4825 4823
f 2191 146 4776
f 4776 975 4775
f 4775 143 2191
f 2191 4776 4775
f 4776 146 4482
f 4482 901 4778
f 4778 975 4776
f 4776 4482 4778
f 4823 988 4822
f 4822 745 4551
f 4551 919 4823
f 4823 4822 4551
f 4822 988 4824
f 4824 927 4574
f 4574 745 4822
f 4822 4824 4574
f 4730 964 4729
f 4729 573 4603
f 4603 937 4730
f 4730 4729 4603
f 4729 964 4728
f 4728 571 3281
f 3281 573 4729
f 4729 4728 3281
f 4821 987 4818
f 4818 168 4469
f 4469 897 4821
f 4821 4818 4469
f 4818 987 4819
f 4819 886 4438
f 4438 168 4818
f 4818 4819 4438
f 4811 985 4813
f 4813 795 4074
f 4074 247 4811
f 4811 4813 4074
f 4813 985 4829
f 4829 989 4826
f 4826 795 4813
f 4813 4829 4826
f 4440 887 4477
f 4477 898 4473
f 4473 169 4440
f 4440 4477 4473
f 4477 887 4831
f 4831 990 4832
f 4832 898 4477
f 4477 4831 4832
f 4832 990 4830
f 4830 880 4476
f 4476 898 4832
f 4832 4830 4476
f 4830 990 4833
f 4833 899 4478
f 4478 880 4830
f 4830 4833 4478
f 3276 572 3277
f 3277 570 3274
f 3274 569 3276
f 3276 3277 3274
f 3277 572 4458
f 4458 893 4457
f 4457 570 3277
f 3277 4458 4457
f 4826 989 4827
f 4827 957 4697
f 4697 795 4826
f 4826 4827 4697
f 4827 989 4828
f 4828 965 4734
f 4734 957 4827
f 4827 4828 4734
f 2769 398 4835
f 4835 991 4836
f 4836 404 2769
f 2769 4835 4836
f 4835 398 2755
f 2755 397 4834
f 4834 991 4835
f 4835 2755 4834
f 2775 404 4814
f 4814 986 4815
f 4815 405 2775
f 2775 4814 4815
f 4814 404 4836
f 4836 991 4837
f 4837 986 4814
f 4814 4836 4837
f 2380 251 3338
f 2356 236 4725
f 4725 963 4726
f 4726 237 2356
f 2356 4725 4726
f 4725 236 4785
f 4785 977 4788
f 4788 963 4725
f 4725 4785 4788
f 4842 992 4840
f 4840 399 3794
f 3794 723 4842
f 4842 4840 3794
f 4840 992 4839
f 4839 396 2758
f 2758 399 4840
f 4840 4839 2758
f 2762 401 3795
f 3795 723 3793
f 3793 305 2762
f 2762 3795 3793
f 3795 401 4841
f 4841 992 4842
f 4842 723 3795
f 3795 4841 4842
f 4843 994 4846
f 4846 996 4845
f 4845 993 4843
f 4843 4846 4845
f 4846 994 4844
f 4844 995 4847
f 4847 996 4846
f 4846 4844 4847
f 4850 999 4849
f 4849 997 4848
f 4848 998 4850
f 4850 4849 4848
f 4849 999 4852
f 4852 1000 4851
f 4851 997 4849
f 4849 4852 4851
f 4855 1000 4854
f 4854 1001 4856
f 4856 1002 4855
f 4855 4854 4856
f 4854 1000 4852
f 4852 999 4853
f 4853 1001 4854
f 4854 4852 4853
f 4859 1005 4858
f 4858 1003 4857
f 4857 1004 4859
f 4859 4858 4857
f 4858 1005 4861
f 4861 1006 4860
f 4860 1003 4858
f 4858 4861 4860
f 4862 1008 4865
f 4865 1010 4864
f 4864 1007 4862
f 4862 4865 4864
f 4865 1008 4863
f 4863 1009 4866
f 4866 1010 4865
f 4865 4863 4866
f 4869 1013 4868
f 4868 1011 4867
f 4867 1012 4869
f 4869 4868 4867
f 4868 1013 4871
f 4871 1014 4870
f 4870 1011 4868
f 4868 4871 4870
f 4876 1017 4875
f 4875 1015 4873
f 4873 1016 4876
f 4876 4875 4873
f 4875 1017 4878
f 4878 1018 4877
f 4877 1015 4875
f 4875 4878 4877
f 4881 1021 4880
f 4880 1019 4879
f 4879 1020 4881
f 4881 4880 4879
f 4880 1021 4883
f 4883 1022 4882
f 4882 1019 4880
f 4880 4883 4882
f 4884 1024 4887
f 4887 1026 4886
f 4886 1023 4884
f 4884 4887 4886
f 4887 1024 4885
f 4885 1025 4888
f 4888 1026 4887
f 4887 4885 4888
f 4891 1029 4890
f 4890 1027 4889
f 4889 1028 4891
f 4891 4890 4889
f 4890 1029 4893
f 4893 1030 4892
f 4892 1027 4890
f 4890 4893 4892
f 4899 1033 4898
f 4898 1031 4896
f 4896 1032 4899
f 4899 4898 4896
f 4898 1033 4901
f 4901 1034 4900
f 4900 1031 4898
f 4898 4901 4900
f 4904 1037 4903
f 4903 1035 4902
f 4902 1036 4904
f 4904 4903 4902
f 4903 1037 4906
f 4906 1038 4905
f 4905 1035 4903
f 4903 4906 4905
f 4909 1041 4908
f 4908 1039 4907
f 4907 1040 4909
f 4909 4908 4907
f 4908 1041 4911
f 4911 1042 4910
f 4910 1039 4908
f 4908 4911 4910
f 4912 1044 4915
f 4915 1046 4914
f 4914 1043 4912
f 4912 4915 4914
f 4915 1044 4913
f 4913 1045 4916
f 4916 1046 4915
f 4915 4913 4916
f 4917 1048 4923
f 4923 1050 4922
f 4922 1047 4917
f 4917 4923 4922
f 4923 1048 4920
f 4920 1049 4924
f 4924 1050 4923
f 4923 4920 4924
f 4927 1053 4926
f 4926 1051 4925
f 4925 1052 4927
f 4927 4926 4925
f 4926 1053 4929
f 4929 1054 4928
f 4928 1051 4926
f 4926 4929 4928
f 4933 1028 4931
f 4931 1055 4936
f 4936 1056 4933
f 4933 4931 4936
f 4931 1028 4889
f 4889 1027 4930
f 4930 1055 4931
f 4931 4889 4930
f 4943 1059 4942
f 4942 1057 4940
f 4940 1058 4943
f 4943 4942 4940
f 4942 1059 4948
f 4948 1060 4947
f 4947 1057 4942
f 4942 4948 4947
f 4952 1062 4950
f 4950 1008 4949
f 4949 1061 4952
f 4952 4950 4949
f 4950 1062 4951
f 4951 1009 4863
f 4863 1008 4950
f 4950 4951 4863
f 4956 1065 4955
f 4955 1063 4954
f 4954 1064 4956
f 4956 4955 4954
f 4955 1065 4960
f 4960 1066 4959
f 4959 1063 4955
f 4955 4960 4959
f 4965 1069 4964
f 4964 1067 4963
f 4963 1068 4965
f 4965 4964 4963
f 4964 1069 4969
f 4969 1070 4968
f 4968 1067 4964
f 4964 4969 4968
f 4973 1073 4972
f 4972 1071 4971
f 4971 1072 4973
f 4973 4972 4971
f 4972 1073 4977
f 4977 1074 4976
f 4976 1071 4972
f 4972 4977 4976
f 4982 1002 4979
f 4979 1075 4985
f 4985 1076 4982
f 4982 4979 4985
f 4979 1002 4856
f 4856 1001 4978
f 4978 1075 4979
f 4979 4856 4978
f 4986 1078 4993
f 4993 1080 4992
f 4992 1077 4986
f 4986 4993 4992
f 4993 1078 4990
f 4990 1079 4994
f 4994 1080 4993
f 4993 4990 4994
f 4997 1082 5002
f 5002 1084 5001
f 5001 1081 4997
f 4997 5002 5001
f 5002 1082 5000
f 5000 1083 5003
f 5003 1084 5002
f 5002 5000 5003
f 5006 1042 5005
f 5005 1085 5008
f 5008 1086 5006
f 5006 5005 5008
f 5005 1042 4911
f 4911 1041 5004
f 5004 1085 5005
f 5005 4911 5004
f 5011 1072 5010
f 5010 1087 5012
f 5012 1088 5011
f 5011 5010 5012
f 5010 1072 4971
f 4971 1071 5009
f 5009 1087 5010
f 5010 4971 5009
f 5013 1090 5016
f 5016 1092 5015
f 5015 1089 5013
f 5013 5016 5015
f 5016 1090 5014
f 5014 1091 5017
f 5017 1092 5016
f 5016 5014 5017
f 5022 1095 5021
f 5021 1093 5018
f 5018 1094 5022
f 5022 5021 5018
f 5021 1095 5026
f 5026 1096 5025
f 5025 1093 5021
f 5021 5026 5025
f 5029 1069 5027
f 5027 1097 5031
f 5031 1098 5029
f 5029 5027 5031
f 5027 1069 5034
f 5034 1099 5037
f 5037 1097 5027
f 5027 5034 5037
f 5025 1096 5039
f 5039 1100 5038
f 5038 1093 5025
f 5025 5039 5038
f 5039 1096 5041
f 5041 1101 5042
f 5042 1100 5039
f 5039 5041 5042
f 4983 1005 5043
f 5043 1102 5044
f 5044 1076 4983
f 4983 5043 5044
f 5043 1005 5046
f 5046 1103 5047
f 5047 1102 5043
f 5043 5046 5047
f 5050 1104 5049
f 5049 1076 5044
f 5044 1102 5050
f 5050 5049 5044
f 5049 1104 5048
f 5048 1002 4982
f 4982 1076 5049
f 5049 5048 4982
f 5054 1106 5053
f 5053 1104 5052
f 5052 1105 5054
f 5054 5053 5052
f 5053 1106 5058
f 5058 1107 5057
f 5057 1104 5053
f 5053 5058 5057
f 5059 1108 5060
f 5060 1107 5058
f 5058 1106 5059
f 5059 5060 5058
f 5060 1108 5064
f 5064 1109 5063
f 5063 1107 5060
f 5060 5064 5063
f 5068 1111 5066
f 5066 993 5065
f 5065 1110 5068
f 5068 5066 5065
f 5066 1111 5067
f 5067 994 4843
f 4843 993 5066
f 5066 5067 4843
f 5037 1099 5035
f 5035 1078 5028
f 5028 1097 5037
f 5037 5035 5028
f 5035 1099 5036
f 5036 1079 4990
f 4990 1078 5035
f 5035 5036 4990
f 5073 1047 5069
f 5069 1112 5074
f 5074 1113 5073
f 5073 5069 5074
f 5069 1047 4922
f 4922 1050 5070
f 5070 1112 5069
f 5069 4922 5070
f 5075 1114 5076
f 5076 1071 4970
f 4970 1064 5075
f 5075 5076 4970
f 5076 1114 5077
f 5077 1087 5009
f 5009 1071 5076
f 5076 5077 5009
f 5080 1117 5079
f 5079 1115 5078
f 5078 1116 5080
f 5080 5079 5078
f 5079 1117 5082
f 5082 1118 5081
f 5081 1115 5079
f 5079 5082 5081
f 5083 1119 5084
f 5084 1016 4873
f 4873 1015 5083
f 5083 5084 4873
f 5084 1119 5086
f 5086 1120 5085
f 5085 1016 5084
f 5084 5086 5085
f 5087 1122 5090
f 5090 1124 5089
f 5089 1121 5087
f 5087 5090 5089
f 5090 1122 5088
f 5088 1123 5091
f 5091 1124 5090
f 5090 5088 5091
f 5092 1126 5095
f 5095 1128 5094
f 5094 1125 5092
f 5092 5095 5094
f 5095 1126 5093
f 5093 1127 5096
f 5096 1128 5095
f 5095 5093 5096
f 4909 1040 5097
f 5097 1129 5098
f 5098 1041 4909
f 4909 5097 5098
f 5097 1040 5099
f 5099 1130 5100
f 5100 1129 5097
f 5097 5099 5100
f 5103 1133 5102
f 5102 1131 5101
f 5101 1132 5103
f 5103 5102 5101
f 5102 1133 5105
f 5105 1134 5104
f 5104 1131 5102
f 5102 5105 5104
f 5112 1137 5111
f 5111 1135 5110
f 5110 1136 5112
f 5112 5111 5110
f 5111 1137 5114
f 5114 1138 5113
f 5113 1135 5111
f 5111 5114 5113
f 5117 1141 5116
f 5116 1139 5115
f 5115 1140 5117
f 5117 5116 5115
f 5116 1141 5119
f 5119 1142 5118
f 5118 1139 5116
f 5116 5119 5118
f 5123 1116 5121
f 5121 1143 5124
f 5124 1144 5123
f 5123 5121 5124
f 5121 1116 5078
f 5078 1115 5120
f 5120 1143 5121
f 5121 5078 5120
f 5129 1146 5127
f 5127 1054 5125
f 5125 1145 5129
f 5129 5127 5125
f 5127 1146 5126
f 5126 1051 4928
f 4928 1054 5127
f 5127 5126 4928
f 5132 1149 5131
f 5131 1147 5130
f 5130 1148 5132
f 5132 5131 5130
f 5131 1149 5134
f 5134 1150 5133
f 5133 1147 5131
f 5131 5134 5133
f 5139 1153 5138
f 5138 1151 5136
f 5136 1152 5139
f 5139 5138 5136
f 5138 1153 5137
f 5137 1018 5135
f 5135 1151 5138
f 5138 5137 5135
f 5142 1156 5141
f 5141 1154 5140
f 5140 1155 5142
f 5142 5141 5140
f 5141 1156 5144
f 5144 1157 5143
f 5143 1154 5141
f 5141 5144 5143
f 5151 1160 5150
f 5150 1158 5147
f 5147 1159 5151
f 5151 5150 5147
f 5150 1160 5153
f 5153 1161 5152
f 5152 1158 5150
f 5150 5153 5152
f 5154 1163 5157
f 5157 1165 5156
f 5156 1162 5154
f 5154 5157 5156
f 5157 1163 5155
f 5155 1164 5158
f 5158 1165 5157
f 5157 5155 5158
f 5161 1167 5168
f 5168 1169 5167
f 5167 1166 5161
f 5161 5168 5167
f 5168 1167 5164
f 5164 1168 5169
f 5169 1169 5168
f 5168 5164 5169
f 5178 1172 5177
f 5177 1170 5175
f 5175 1171 5178
f 5178 5177 5175
f 5177 1172 5180
f 5180 1173 5179
f 5179 1170 5177
f 5177 5180 5179
f 5185 1176 5184
f 5184 1174 5183
f 5183 1175 5185
f 5185 5184 5183
f 5184 1176 5189
f 5189 1177 5188
f 5188 1174 5184
f 5184 5189 5188
f 5192 1180 5191
f 5191 1178 5190
f 5190 1179 5192
f 5192 5191 5190
f 5191 1180 5194
f 5194 1181 5193
f 5193 1178 5191
f 5191 5194 5193
f 5197 1184 5196
f 5196 1182 5195
f 5195 1183 5197
f 5197 5196 5195
f 5196 1184 5199
f 5199 1185 5198
f 5198 1182 5196
f 5196 5199 5198
f 5203 1188 5202
f 5202 1186 5201
f 5201 1187 5203
f 5203 5202 5201
f 5202 1188 5205
f 5205 1189 5204
f 5204 1186 5202
f 5202 5205 5204
f 5207 1119 5206
f 5206 1190 5209
f 5209 1191 5207
f 5207 5206 5209
f 5206 1119 5211
f 5211 1192 5212
f 5212 1190 5206
f 5206 5211 5212
f 5213 1194 5217
f 5217 1196 5216
f 5216 1193 5213
f 5213 5217 5216
f 5217 1194 5214
f 5214 1195 5218
f 5218 1196 5217
f 5217 5214 5218
f 4905 1038 5220
f 5220 1197 5219
f 5219 1035 4905
f 4905 5220 5219
f 5220 1038 5221
f 5221 1198 5222
f 5222 1197 5220
f 5220 5221 5222
f 5227 1201 5226
f 5226 1199 5223
f 5223 1200 5227
f 5227 5226 5223
f 5226 1201 5231
f 5231 1202 5230
f 5230 1199 5226
f 5226 5231 5230
f 5232 1203 5233
f 5233 1132 5101
f 5101 1131 5232
f 5232 5233 5101
f 5233 1203 5235
f 5235 1204 5234
f 5234 1132 5233
f 5233 5235 5234
f 5241 1207 5240
f 5240 1205 5238
f 5238 1206 5241
f 5241 5240 5238
f 5240 1207 5243
f 5243 1208 5242
f 5242 1205 5240
f 5240 5243 5242
f 5004 1041 5244
f 5244 1209 5245
f 5245 1085 5004
f 5004 5244 5245
f 5244 1041 5098
f 5098 1129 5246
f 5246 1209 5244
f 5244 5098 5246
f 5250 1206 5248
f 5248 1210 5252
f 5252 1211 5250
f 5250 5248 5252
f 5248 1206 5238
f 5238 1205 5247
f 5247 1210 5248
f 5248 5238 5247
f 5257 1216 5256
f 5256 1214 5255
f 5255 1215 5257
f 5257 5256 5255
f 5256 1216 5259
f 5259 1217 5258
f 5258 1214 5256
f 5256 5259 5258
f 5262 1218 5261
f 5261 1219 5263
f 5263 5262 5261
f 5264 1218 5262
f 5266 1220 5265
f 5265 1214 5258
f 5258 1217 5266
f 5266 5265 5258
f 5265 1220 5268
f 5268 1221 5267
f 5267 1214 5265
f 5265 5268 5267
f 5274 995 5277
f 5275 1223 5272
f 5272 995 5274
f 5274 5275 5272
f 5259 1216 5279
f 5279 1225 5280
f 5280 1217 5259
f 5259 5279 5280
f 5279 1216 5278
f 5278 1224 5281
f 5281 1225 5279
f 5279 5278 5281
f 5283 1226 5282
f 5282 1085 5245
f 5245 1209 5283
f 5283 5282 5245
f 5282 1226 5286
f 5286 1227 5284
f 5284 1085 5282
f 5282 5286 5284
f 5289 1229 5294
f 5294 1231 5293
f 5293 1228 5289
f 5289 5294 5293
f 5294 1229 5290
f 5290 1230 5295
f 5295 1231 5294
f 5294 5290 5295
f 5296 1232 5297
f 5297 1211 5252
f 5252 1210 5296
f 5296 5297 5252
f 5297 1232 5301
f 5301 1233 5299
f 5299 1211 5297
f 5297 5301 5299
f 5284 1227 5285
f 5285 1086 5008
f 5008 1085 5284
f 5284 5285 5008
f 5285 1227 5303
f 5303 1234 5302
f 5302 1086 5285
f 5285 5303 5302
f 5305 1236 5306
f 5306 1235 5304
f 5304 1088 5305
f 5305 5306 5304
f 5306 1236 5308
f 5308 1237 5307
f 5307 1235 5306
f 5306 5308 5307
f 5312 1240 5311
f 5311 1238 5310
f 5310 1239 5312
f 5312 5311 5310
f 5311 1240 5316
f 5316 1241 5315
f 5315 1238 5311
f 5311 5316 5315
f 5325 1246 5324
f 5324 1244 5323
f 5323 1245 5325
f 5325 5324 5323
f 5324 1246 5328
f 5328 1247 5327
f 5327 1244 5324
f 5324 5328 5327
f 5296 1210 5331
f 5331 1249 5332
f 5332 1232 5296
f 5296 5331 5332
f 5331 1210 5330
f 5330 1248 5333
f 5333 1249 5331
f 5331 5330 5333
f 5337 1251 5338
f 5338 1250 5334
f 5334 1248 5337
f 5337 5338 5334
f 5338 1251 5340
f 5340 1252 5339
f 5339 1250 5338
f 5338 5340 5339
f 5346 1255 5345
f 5345 1253 5343
f 5343 1254 5346
f 5346 5345 5343
f 5345 1255 5348
f 5348 1256 5347
f 5347 1253 5345
f 5345 5348 5347
f 5349 1257 5350
f 5350 1138 5114
f 5114 1137 5349
f 5349 5350 5114
f 5350 1257 5353
f 5353 1258 5351
f 5351 1138 5350
f 5350 5353 5351
f 5355 1260 5356
f 5356 1239 5310
f 5310 1238 5355
f 5355 5356 5310
f 5356 1260 5358
f 5358 1261 5357
f 5357 1239 5356
f 5356 5358 5357
f 5365 1263 5363
f 5363 1235 5359
f 5359 1262 5365
f 5365 5363 5359
f 5363 1263 5369
f 5369 1264 5368
f 5368 1235 5363
f 5363 5369 5368
f 5372 1267 5371
f 5371 1265 5370
f 5370 1266 5372
f 5372 5371 5370
f 5371 1267 5374
f 5374 1268 5373
f 5373 1265 5371
f 5371 5374 5373
f 5375 1269 5376
f 5376 1266 5370
f 5370 1265 5375
f 5375 5376 5370
f 5376 1269 5378
f 5378 1270 5377
f 5377 1266 5376
f 5376 5378 5377
f 5383 1272 5384
f 5384 1271 5379
f 5379 1101 5383
f 5383 5384 5379
f 5384 1272 5388
f 5388 1273 5387
f 5387 1271 5384
f 5384 5388 5387
f 5047 1103 5390
f 5390 1274 5389
f 5389 1102 5047
f 5047 5390 5389
f 5390 1103 5392
f 5392 1275 5393
f 5393 1274 5390
f 5390 5392 5393
f 5395 1244 5321
f 5321 1224 5394
f 5394 1276 5395
f 5395 5321 5394
f 5321 1244 5322
f 5322 1225 5281
f 5281 1224 5321
f 5321 5322 5281
f 5327 1247 5326
f 5326 1225 5322
f 5322 1244 5327
f 5327 5326 5322
f 5326 1247 5400
f 5400 1277 5399
f 5399 1225 5326
f 5326 5400 5399
f 5302 1234 5405
f 5405 1278 5403
f 5403 1086 5302
f 5302 5405 5403
f 5405 1234 5407
f 5407 1279 5408
f 5408 1278 5405
f 5405 5407 5408
f 5401 1063 5007
f 5007 1086 5403
f 5403 1278 5401
f 5401 5007 5403
f 5007 1063 4953
f 4953 1042 5006
f 5006 1086 5007
f 5007 4953 5006
f 5409 1027 5410
f 5410 1281 5412
f 5412 1280 5409
f 5409 5410 5412
f 5410 1027 4892
f 4892 1030 5411
f 5411 1281 5410
f 5410 4892 5411
f 5417 1283 5415
f 5415 1094 5413
f 5413 1282 5417
f 5417 5415 5413
f 5415 1283 5416
f 5416 1095 5022
f 5022 1094 5415
f 5415 5416 5022
f 5418 1284 5419
f 5419 1208 5243
f 5243 1207 5418
f 5418 5419 5243
f 5419 1284 5421
f 5421 1285 5420
f 5420 1208 5419
f 5419 5421 5420
f 5426 1288 5425
f 5425 1286 5423
f 5423 1287 5426
f 5426 5425 5423
f 5425 1288 5431
f 5431 1289 5430
f 5430 1286 5425
f 5425 5431 5430
f 5433 1287 5436
f 5436 1291 5437
f 5437 1290 5433
f 5433 5436 5437
f 5436 1287 5423
f 5423 1286 5435
f 5435 1291 5436
f 5436 5423 5435
f 5441 1292 5440
f 5440 1290 5437
f 5437 1291 5441
f 5441 5440 5437
f 5440 1292 5443
f 5443 1293 5442
f 5442 1290 5440
f 5440 5443 5442
f 5001 1084 5445
f 5445 1294 5444
f 5444 1081 5001
f 5001 5445 5444
f 5445 1084 5446
f 5446 1295 5447
f 5447 1294 5445
f 5445 5446 5447
f 5450 1296 5458
f 5458 1298 5457
f 5457 1271 5450
f 5450 5458 5457
f 5458 1296 5454
f 5454 1297 5459
f 5459 1298 5458
f 5458 5454 5459
f 5463 1299 5461
f 5461 1239 5361
f 5361 1262 5463
f 5463 5461 5361
f 5461 1299 5462
f 5462 1240 5312
f 5312 1239 5461
f 5461 5462 5312
f 5472 1303 5469
f 5469 1175 5468
f 5468 1302 5472
f 5472 5469 5468
f 5469 1303 5470
f 5470 1176 5185
f 5185 1175 5469
f 5469 5470 5185
f 5480 1305 5479
f 5479 1138 5473
f 5473 1304 5480
f 5480 5479 5473
f 5479 1305 5478
f 5478 1135 5113
f 5113 1138 5479
f 5479 5478 5113
f 5486 1308 5485
f 5485 1306 5482
f 5482 1307 5486
f 5486 5485 5482
f 5485 1308 5490
f 5490 1309 5489
f 5489 1306 5485
f 5485 5490 5489
f 5493 1218 5264
f 5496 1313 5495
f 5495 1311 5494
f 5494 1312 5496
f 5496 5495 5494
f 5495 1313 5499
f 5499 1314 5498
f 5498 1311 5495
f 5495 5499 5498
f 5152 1161 5501
f 5501 1315 5500
f 5500 1158 5152
f 5152 5501 5500
f 5501 1161 5502
f 5502 1316 5504
f 5504 1315 5501
f 5501 5502 5504
f 5509 1317 5510
f 5510 1222 5269
f 5269 1151 5509
f 5509 5510 5269
f 5510 1317 5511
f 5511 1223 5273
f 5273 1222 5510
f 5510 5511 5273
f 5514 1320 5513
f 5513 1318 5512
f 5512 1319 5514
f 5514 5513 5512
f 5513 1320 5517
f 5517 1321 5516
f 5516 1318 5513
f 5513 5517 5516
f 5520 1324 5519
f 5519 1322 5518
f 5518 1323 5520
f 5520 5519 5518
f 5519 1324 5523
f 5523 1325 5522
f 5522 1322 5519
f 5519 5523 5522
f 5529 1327 5527
f 5527 1228 5526
f 5526 1326 5529
f 5529 5527 5526
f 5527 1327 5528
f 5528 1229 5289
f 5289 1228 5527
f 5527 5528 5289
f 5532 1330 5531
f 5531 1328 5530
f 5530 1329 5532
f 5532 5531 5530
f 5531 1330 5534
f 5534 1331 5533
f 5533 1328 5531
f 5531 5534 5533
f 5503 1256 5535
f 5535 1332 5537
f 5537 1316 5503
f 5503 5535 5537
f 5535 1256 5539
f 5539 1333 5540
f 5540 1332 5535
f 5535 5539 5540
f 5543 1335 5548
f 5548 1337 5547
f 5547 1334 5543
f 5543 5548 5547
f 5548 1335 5544
f 5544 1336 5549
f 5549 1337 5548
f 5548 5544 5549
f 5552 1340 5551
f 5551 1338 5550
f 5550 1339 5552
f 5552 5551 5550
f 5551 1340 5555
f 5555 1341 5554
f 5554 1338 5551
f 5551 5555 5554
f 5299 1233 5298
f 5298 1209 5251
f 5251 1211 5299
f 5299 5298 5251
f 5298 1233 5300
f 5300 1226 5283
f 5283 1209 5298
f 5298 5300 5283
f 5246 1129 5249
f 5249 1211 5251
f 5251 1209 5246
f 5246 5249 5251
f 5249 1129 5236
f 5236 1206 5250
f 5250 1211 5249
f 5249 5236 5250
f 5241 1206 5237
f 5237 1130 5239
f 5239 1207 5241
f 5241 5237 5239
f 5237 1206 5236
f 5236 1129 5100
f 5100 1130 5237
f 5237 5236 5100
f 5560 1344 5559
f 5559 1342 5556
f 5556 1343 5560
f 5560 5559 5556
f 5559 1344 5563
f 5563 1345 5562
f 5562 1342 5559
f 5559 5563 5562
f 5234 1204 5567
f 5567 1346 5566
f 5566 1132 5234
f 5234 5567 5566
f 5567 1204 5570
f 5570 1347 5571
f 5571 1346 5567
f 5567 5570 5571
f 5577 1348 5574
f 5574 1132 5566
f 5566 1346 5577
f 5577 5574 5566
f 5574 1348 5575
f 5575 1133 5103
f 5103 1132 5574
f 5574 5575 5103
f 5178 1171 5173
f 5173 1145 5176
f 5176 1172 5178
f 5178 5173 5176
f 5173 1171 5174
f 5174 1146 5129
f 5129 1145 5173
f 5173 5174 5129
f 5133 1150 5163
f 5163 1168 5162
f 5162 1147 5133
f 5133 5163 5162
f 5163 1150 5165
f 5165 1169 5169
f 5169 1168 5163
f 5163 5165 5169
f 5578 1349 5587
f 5587 1351 5586
f 5586 1125 5578
f 5578 5587 5586
f 5587 1349 5584
f 5584 1350 5588
f 5588 1351 5587
f 5587 5584 5588
f 5213 1193 5593
f 5593 1353 5594
f 5594 1194 5213
f 5213 5593 5594
f 5593 1193 5590
f 5590 1352 5596
f 5596 1353 5593
f 5593 5590 5596
f 5603 1356 5602
f 5602 1354 5600
f 5600 1355 5603
f 5603 5602 5600
f 5602 1356 5607
f 5607 1357 5606
f 5606 1354 5602
f 5602 5607 5606
f 5618 1359 5617
f 5617 1357 5612
f 5612 1358 5618
f 5618 5617 5612
f 5617 1359 5616
f 5616 1354 5606
f 5606 1357 5617
f 5617 5616 5606
f 5618 1358 5609
f 5609 1162 5614
f 5614 1359 5618
f 5618 5609 5614
f 5609 1358 5610
f 5610 1163 5154
f 5154 1162 5609
f 5609 5610 5154
f 4998 1083 4999
f 4999 1014 4871
f 4871 1013 4998
f 4998 4999 4871
f 4999 1083 5000
f 5000 1082 4995
f 4995 1014 4999
f 4999 5000 4995
f 5624 1361 5628
f 5628 1363 5627
f 5627 1360 5624
f 5624 5628 5627
f 5628 1361 5625
f 5625 1362 5629
f 5629 1363 5628
f 5628 5625 5629
f 5641 1366 5640
f 5640 1364 5637
f 5637 1365 5641
f 5641 5640 5637
f 5640 1366 5645
f 5645 1367 5644
f 5644 1364 5640
f 5640 5645 5644
f 5391 1105 5051
f 5051 1102 5389
f 5389 1274 5391
f 5391 5051 5389
f 5051 1105 5052
f 5052 1104 5050
f 5050 1102 5051
f 5051 5052 5050
f 5648 998 5653
f 5653 1369 5655
f 5655 1368 5648
f 5648 5653 5655
f 5653 998 4848
f 4848 997 5652
f 5652 1369 5653
f 5653 4848 5652
f 5652 997 5656
f 5656 1370 5659
f 5659 1369 5652
f 5652 5656 5659
f 5656 997 5061
f 5061 1109 5657
f 5657 1370 5656
f 5656 5061 5657
f 5660 1371 5661
f 5661 1109 5064
f 5064 1108 5660
f 5660 5661 5064
f 5661 1371 5662
f 5662 1370 5657
f 5657 1109 5661
f 5661 5662 5657
f 5253 1152 5270
f 5270 1222 5271
f 5271 1213 5253
f 5253 5270 5271
f 5270 1152 5136
f 5136 1151 5269
f 5269 1222 5270
f 5270 5136 5269
f 5672 1374 5671
f 5671 1372 5669
f 5669 1373 5672
f 5672 5671 5669
f 5671 1374 5677
f 5677 1375 5676
f 5676 1372 5671
f 5671 5677 5676
f 5663 385 5668
f 5668 1373 5669
f 5669 1372 5663
f 5663 5668 5669
f 5668 385 2723
f 2723 384 5667
f 5667 1373 5668
f 5668 2723 5667
f 5648 1368 5649
f 5649 1016 4872
f 4872 998 5648
f 5648 5649 4872
f 5649 1368 5650
f 5650 1017 4876
f 4876 1016 5649
f 5649 5650 4876
f 4844 994 5276
f 5277 995 4844
f 4844 5276 5277
f 5276 994 5678
f 5678 994 5679
f 5679 994 5067
f 5067 1111 5680
f 5679 5067 5680
f 5683 1197 5684
f 5684 1378 5686
f 5686 1377 5683
f 5683 5684 5686
f 5684 1197 5222
f 5222 1198 5685
f 5685 1378 5684
f 5684 5222 5685
f 5688 1379 5687
f 5687 1377 5686
f 5686 1378 5688
f 5688 5687 5686
f 5687 1379 5690
f 5690 1380 5689
f 5689 1377 5687
f 5687 5690 5689
f 5696 1382 5700
f 5700 1383 5699
f 5699 1381 5696
f 5696 5700 5699
f 5700 1382 5694
f 5694 1320 5698
f 5698 1383 5700
f 5700 5694 5698
f 5702 1384 5701
f 5701 1039 4957
f 4957 1066 5702
f 5702 5701 4957
f 5701 1384 5705
f 5705 1385 5703
f 5703 1039 5701
f 5701 5705 5703
f 5714 1387 5710
f 5710 396 5706
f 5706 1386 5714
f 5714 5710 5706
f 5710 1387 5711
f 5711 397 2752
f 2752 396 5710
f 5710 5711 2752
f 5459 1297 5451
f 5451 400 5455
f 5455 1298 5459
f 5459 5451 5455
f 5451 1297 5452
f 5452 401 2763
f 2763 400 5451
f 5451 5452 2763
f 5725 1390 5724
f 5724 1388 5720
f 5720 1389 5725
f 5725 5724 5720
f 5724 1390 5729
f 5729 1391 5728
f 5728 1388 5724
f 5724 5729 5728
f 5731 1260 5736
f 5736 1393 5737
f 5737 1392 5731
f 5731 5736 5737
f 5736 1260 5355
f 5355 1238 5735
f 5735 1393 5736
f 5736 5355 5735
f 5738 1395 5741
f 5741 1397 5740
f 5740 1394 5738
f 5738 5741 5740
f 5741 1395 5739
f 5739 1396 5742
f 5742 1397 5741
f 5741 5739 5742
f 5743 1398 5744
f 5744 1264 5369
f 5369 1263 5743
f 5743 5744 5369
f 5744 1398 5750
f 5750 1399 5749
f 5749 1264 5744
f 5744 5750 5749
f 5751 1081 5754
f 5754 1401 5756
f 5756 1400 5751
f 5751 5754 5756
f 5754 1081 5444
f 5444 1294 5755
f 5755 1401 5754
f 5754 5444 5755
f 5379 1271 5761
f 5761 1402 5760
f 5760 1101 5379
f 5379 5761 5760
f 5761 1271 5457
f 5457 1298 5762
f 5762 1402 5761
f 5761 5457 5762
f 5549 1336 5765
f 5765 1403 5766
f 5766 1337 5549
f 5549 5765 5766
f 5765 1336 5767
f 5767 1404 5768
f 5768 1403 5765
f 5765 5767 5768
f 5773 1406 5772
f 5772 1404 5769
f 5769 1405 5773
f 5773 5772 5769
f 5772 1406 5771
f 5771 1403 5768
f 5768 1404 5772
f 5772 5771 5768
f 4952 1061 5380
f 5380 1272 5381
f 5381 1062 4952
f 4952 5380 5381
f 5380 1061 4962
f 4962 1068 5382
f 5382 1272 5380
f 5380 4962 5382
f 5776 1409 5775
f 5775 1407 5774
f 5774 1408 5776
f 5776 5775 5774
f 5775 1409 5778
f 5778 1410 5777
f 5777 1407 5775
f 5775 5778 5777
f 5784 1413 5783
f 5783 1411 5782
f 5782 1412 5784
f 5784 5783 5782
f 5783 1413 5786
f 5786 1414 5785
f 5785 1411 5783
f 5783 5786 5785
f 5794 1417 5793
f 5793 1415 5792
f 5792 1416 5794
f 5794 5793 5792
f 5793 1417 5797
f 5797 1418 5796
f 5796 1415 5793
f 5793 5797 5796
f 5807 1421 5806
f 5806 1419 5801
f 5801 1420 5807
f 5807 5806 5801
f 5806 1421 5805
f 5805 1418 5798
f 5798 1419 5806
f 5806 5805 5798
f 5498 1314 5800
f 5800 1420 5799
f 5799 1311 5498
f 5498 5800 5799
f 5800 1314 5804
f 5804 1421 5807
f 5807 1420 5800
f 5800 5804 5807
f 5813 1424 5812
f 5812 1422 5809
f 5809 1423 5813
f 5813 5812 5809
f 5812 1424 5818
f 5818 1425 5817
f 5817 1422 5812
f 5812 5818 5817
f 5826 1428 5825
f 5825 1426 5822
f 5822 1427 5826
f 5826 5825 5822
f 5825 1428 5829
f 5829 1429 5828
f 5828 1426 5825
f 5825 5829 5828
f 5836 1432 5835
f 5835 1430 5832
f 5832 1431 5836
f 5836 5835 5832
f 5835 1432 5840
f 5840 1433 5839
f 5839 1430 5835
f 5835 5840 5839
f 5839 1433 5837
f 5837 1036 5830
f 5830 1430 5839
f 5839 5837 5830
f 5837 1433 5838
f 5838 1037 4904
f 4904 1036 5837
f 5837 5838 4904
f 5742 1396 5842
f 5842 1435 5843
f 5843 1397 5742
f 5742 5842 5843
f 5842 1396 5841
f 5841 1434 5844
f 5844 1435 5842
f 5842 5841 5844
f 5851 1438 5850
f 5850 1436 5849
f 5849 1437 5851
f 5851 5850 5849
f 5850 1438 5854
f 5854 1439 5853
f 5853 1436 5850
f 5850 5854 5853
f 5862 1442 5861
f 5861 1440 5858
f 5858 1441 5862
f 5862 5861 5858
f 5861 1442 5866
f 5866 1443 5865
f 5865 1440 5861
f 5861 5866 5865
f 5877 1446 5876
f 5876 1444 5873
f 5873 1445 5877
f 5877 5876 5873
f 5876 1446 5879
f 5879 1447 5878
f 5878 1444 5876
f 5876 5879 5878
f 5889 1449 5886
f 5886 1200 5880
f 5880 1448 5889
f 5889 5886 5880
f 5886 1449 5887
f 5887 1201 5227
f 5227 1200 5886
f 5886 5887 5227
f 5738 1394 5890
f 5890 1450 5891
f 5891 1395 5738
f 5738 5890 5891
f 5890 1394 5892
f 5892 1451 5893
f 5893 1450 5890
f 5890 5892 5893
f 5894 1113 5753
f 5753 1400 5895
f 5895 1452 5894
f 5894 5753 5895
f 5753 1113 5074
f 5074 1112 5752
f 5752 1400 5753
f 5753 5074 5752
f 5901 1454 5898
f 5898 1148 5897
f 5897 1453 5901
f 5901 5898 5897
f 5898 1454 5899
f 5899 1149 5132
f 5132 1148 5898
f 5898 5899 5132
f 4986 1077 5902
f 5902 1455 5903
f 5903 1078 4986
f 4986 5902 5903
f 5902 1077 5906
f 5906 1456 5907
f 5907 1455 5902
f 5902 5906 5907
f 5913 1458 5911
f 5911 1052 5908
f 5908 1457 5913
f 5913 5911 5908
f 5911 1458 5912
f 5912 1053 4927
f 4927 1052 5911
f 5911 5912 4927
f 5438 1292 5439
f 5439 1020 4879
f 4879 1019 5438
f 5438 5439 4879
f 5439 1292 5441
f 5441 1291 5434
f 5434 1020 5439
f 5439 5441 5434
f 4881 1020 5919
f 5919 1460 5920
f 5920 1021 4881
f 4881 5919 5920
f 5919 1020 5914
f 5914 1459 5922
f 5922 1460 5919
f 5919 5914 5922
f 4967 1026 4961
f 4961 1067 4968
f 4968 1070 4967
f 4967 4961 4968
f 4961 1026 5924
f 5924 1461 5925
f 5925 1067 4961
f 4961 5924 5925
f 5434 1291 5916
f 5916 1459 5914
f 5914 1020 5434
f 5434 5916 5914
f 5916 1291 5435
f 5435 1286 5915
f 5915 1459 5916
f 5916 5435 5915
f 4855 1002 5056
f 5056 1107 5055
f 5055 1000 4855
f 4855 5056 5055
f 5056 1002 5048
f 5048 1104 5057
f 5057 1107 5056
f 5056 5048 5057
f 4851 1000 5062
f 5062 1109 5061
f 5061 997 4851
f 4851 5062 5061
f 5062 1000 5055
f 5055 1107 5063
f 5063 1109 5062
f 5062 5055 5063
f 5068 1110 5681
f 5681 1376 5682
f 5682 1111 5068
f 5068 5681 5682
f 5681 1110 5927
f 5927 1462 5930
f 5930 1376 5681
f 5681 5927 5930
f 5028 1078 5427
f 5427 1289 5428
f 5428 1097 5028
f 5028 5427 5428
f 5427 1078 5903
f 5903 1455 5905
f 5905 1289 5427
f 5427 5903 5905
f 4933 1056 5565
f 5565 1346 5564
f 5564 1028 4933
f 4933 5565 5564
f 5565 1056 5573
f 5573 1348 5577
f 5577 1346 5565
f 5565 5573 5577
f 5571 1347 5568
f 5568 1028 5564
f 5564 1346 5571
f 5571 5568 5564
f 5568 1347 5569
f 5569 1029 4891
f 4891 1028 5568
f 5568 5569 4891
f 5931 1463 5934
f 5934 1451 5892
f 5892 1394 5931
f 5931 5934 5892
f 5934 1463 5937
f 5937 1464 5936
f 5936 1451 5934
f 5934 5937 5936
f 5940 1466 5951
f 5951 1468 5950
f 5950 1465 5940
f 5940 5951 5950
f 5951 1466 5945
f 5945 1467 5952
f 5952 1468 5951
f 5951 5945 5952
f 5958 1471 5957
f 5957 1469 5955
f 5955 1470 5958
f 5958 5957 5955
f 5957 1471 5960
f 5960 1472 5959
f 5959 1469 5957
f 5957 5960 5959
f 5963 1475 5962
f 5962 1473 5961
f 5961 1474 5963
f 5963 5962 5961
f 5962 1475 5965
f 5965 1476 5964
f 5964 1473 5962
f 5962 5965 5964
f 5969 1478 5975
f 5975 1480 5974
f 5974 1477 5969
f 5969 5975 5974
f 5975 1478 5972
f 5972 1479 5976
f 5976 1480 5975
f 5975 5972 5976
f 5399 1277 5397
f 5397 1217 5280
f 5280 1225 5399
f 5399 5397 5280
f 5397 1277 5398
f 5398 1220 5266
f 5266 1217 5397
f 5397 5398 5266
f 5978 1215 5977
f 5979 1216 5257
f 5257 1215 5978
f 5978 5979 5257
f 5981 1481 5980
f 5980 1087 5077
f 5077 1114 5981
f 5981 5980 5077
f 5980 1481 5986
f 5986 1482 5983
f 5983 1087 5980
f 5980 5986 5983
f 5987 1259 5464
f 5464 1300 5988
f 5988 1483 5987
f 5987 5464 5988
f 5976 1479 5970
f 5970 1434 5973
f 5973 1480 5976
f 5976 5970 5973
f 5970 1479 5971
f 5971 1435 5844
f 5844 1434 5970
f 5970 5971 5844
f 5989 1216 5979
f 5990 1224 5278
f 5278 1216 5989
f 5989 5990 5278
f 4959 1066 4958
f 4958 1042 4953
f 4953 1063 4959
f 4959 4958 4953
f 4958 1066 4957
f 4957 1039 4910
f 4910 1042 4958
f 4958 4957 4910
f 5992 1484 5993
f 5993 1074 4977
f 4977 1073 5992
f 5992 5993 4977
f 5993 1484 5996
f 5996 1485 5995
f 5995 1074 5993
f 5993 5996 5995
f 6003 1488 6002
f 6002 1486 6000
f 6000 1487 6003
f 6003 6002 6000
f 6002 1488 6006
f 6006 1489 6005
f 6005 1486 6002
f 6002 6006 6005
f 6012 1492 6011
f 6011 1490 6009
f 6009 1491 6012
f 6012 6011 6009
f 6011 1492 6015
f 6015 1493 6014
f 6014 1490 6011
f 6011 6015 6014
f 6016 1494 6017
f 6017 1130 5099
f 5099 1040 6016
f 6016 6017 5099
f 6017 1494 6026
f 6026 1495 6021
f 6021 1130 6017
f 6017 6026 6021
f 6030 1498 6029
f 6029 1496 6028
f 6028 1497 6030
f 6030 6029 6028
f 6029 1498 6033
f 6033 1499 6032
f 6032 1496 6029
f 6029 6033 6032
f 5596 1352 5589
f 5589 1186 5591
f 5591 1353 5596
f 5596 5589 5591
f 5589 1352 6037
f 6037 1500 6035
f 6035 1186 5589
f 5589 6037 6035
f 6038 1501 6039
f 6039 1123 5088
f 5088 1122 6038
f 6038 6039 5088
f 6039 1501 6041
f 6041 1502 6040
f 6040 1123 6039
f 6039 6041 6040
f 6042 1503 6043
f 6043 1479 5972
f 5972 1478 6042
f 6042 6043 5972
f 6043 1503 6047
f 6047 1504 6046
f 6046 1479 6043
f 6043 6047 6046
f 5230 1202 5789
f 5789 1415 5788
f 5788 1199 5230
f 5230 5789 5788
f 5789 1202 5228
f 5228 1189 5787
f 5787 1415 5789
f 5789 5228 5787
f 5857 1441 5856
f 5856 1394 5740
f 5740 1397 5857
f 5857 5856 5740
f 5856 1441 5933
f 5933 1463 5931
f 5931 1394 5856
f 5856 5933 5931
f 5936 1464 6051
f 6051 1505 6050
f 6050 1451 5936
f 5936 6051 6050
f 6051 1464 5935
f 5935 1447 6049
f 6049 1505 6051
f 6051 5935 6049
f 6060 1508 6059
f 6059 1506 6057
f 6057 1507 6060
f 6060 6059 6057
f 6059 1508 6058
f 6058 1043 6052
f 6052 1506 6059
f 6059 6058 6052
f 5780 1412 5781
f 5781 1380 5690
f 5690 1379 5780
f 5780 5781 5690
f 5781 1412 5782
f 5782 1411 5779
f 5779 1380 5781
f 5781 5782 5779
f 6046 1504 6044
f 6044 1435 5971
f 5971 1479 6046
f 6046 6044 5971
f 6044 1504 6045
f 6045 1442 5860
f 5860 1435 6044
f 6044 6045 5860
f 5715 1261 5719
f 5719 1389 5720
f 5720 1388 5715
f 5715 5719 5720
f 5719 1261 5358
f 5358 1260 5718
f 5718 1389 5719
f 5719 5358 5718
f 6064 1510 6066
f 6066 1509 6061
f 6061 1245 6064
f 6064 6066 6061
f 6066 1510 6069
f 6068 1509 6066
f 6066 6069 6068
f 5511 1317 5505
f 5505 995 5272
f 5272 1223 5511
f 5511 5505 5272
f 5505 1317 5506
f 5506 996 4847
f 4847 995 5505
f 5505 5506 4847
f 6072 1120 5691
f 5691 1381 6073
f 6073 1511 6072
f 6072 5691 6073
f 5691 1120 5692
f 5692 1382 5696
f 5696 1381 5691
f 5691 5692 5696
f 5447 1295 6075
f 6075 1512 6074
f 6074 1294 5447
f 5447 6075 6074
f 6075 1295 6078
f 6078 1513 6081
f 6081 1512 6075
f 6075 6078 6081
f 5893 1451 6085
f 6085 1514 6084
f 6084 1450 5893
f 5893 6085 6084
f 6085 1451 6050
f 6050 1505 6086
f 6086 1514 6085
f 6085 6050 6086
f 5820 1413 6087
f 6087 1515 6088
f 6088 1427 5820
f 5820 6087 6088
f 6087 1413 6091
f 6091 1516 6092
f 6092 1515 6087
f 6087 6091 6092
f 6093 1180 6048
f 6048 1505 6098
f 6098 1517 6093
f 6093 6048 6098
f 6048 1180 6083
f 6083 1514 6086
f 6086 1505 6048
f 6048 6083 6086
f 5853 1439 6101
f 6101 1518 6100
f 6100 1436 5853
f 5853 6101 6100
f 6101 1439 6105
f 6105 1519 6106
f 6106 1518 6101
f 6101 6105 6106
f 6128 1526 6127
f 6127 1527 6129
f 6129 6128 6127
f 6131 1526 6128
f 6109 1521 6110
f 6110 1312 5494
f 5494 1311 6109
f 6109 6110 5494
f 6110 1521 6111
f 6111 1520 6107
f 6107 1312 6110
f 6110 6111 6107
f 6118 1431 6120
f 6120 1525 6121
f 6121 1524 6118
f 6118 6120 6121
f 6120 1431 5832
f 5832 1430 6119
f 6119 1525 6120
f 6120 5832 6119
f 6125 1527 6126
f 6126 1036 4902
f 4902 1035 6125
f 6125 6126 4902
f 6126 1527 6127
f 6127 1526 6122
f 6122 1036 6126
f 6126 6127 6122
f 5689 1380 6133
f 6133 1528 6132
f 6132 1377 5689
f 5689 6133 6132
f 6133 1380 6134
f 6134 1529 6136
f 6136 1528 6133
f 6133 6134 6136
f 5779 1411 6135
f 6135 1529 6134
f 6134 1380 5779
f 5779 6135 6134
f 6135 1411 6137
f 6137 1530 6139
f 6139 1529 6135
f 6135 6137 6139
f 6115 1523 6116
f 6116 1420 5801
f 5801 1419 6115
f 6115 6116 5801
f 6116 1523 6117
f 6117 1522 6113
f 6113 1420 6116
f 6116 6117 6113
f 6146 1531 6142
f 6150 1531 6149
f 6149 1533 6151
f 6151 6150 6149
f 6142 1531 6150
f 6156 1528 6140
f 6148 1533 6147
f 6147 1426 5828
f 5828 1429 6148
f 6148 6147 5828
f 6147 1533 6149
f 6149 1531 6141
f 6141 1426 6147
f 6147 6149 6141
f 5683 1377 6154
f 6154 1534 6153
f 6153 1197 5683
f 5683 6154 6153
f 6154 1377 6132
f 6132 1528 6156
f 6156 1534 6154
f 6154 6132 6156
f 6146 1532 6144
f 6144 1426 6141
f 6141 1531 6146
f 6146 6144 6141
f 6144 1532 6143
f 6143 1414 5819
f 5819 1426 6144
f 6144 6143 5819
f 6158 1423 6162
f 6162 1536 6164
f 6164 1535 6158
f 6158 6162 6164
f 6162 1423 5809
f 5809 1422 6161
f 6161 1536 6162
f 6162 5809 6161
f 6175 1538 6174
f 6174 1524 6167
f 6167 1537 6175
f 6175 6174 6167
f 6174 1538 6173
f 6173 1431 6118
f 6118 1524 6174
f 6174 6173 6118
f 6175 1537 6165
f 6165 1419 6172
f 6172 1538 6175
f 6175 6165 6172
f 6165 1537 6166
f 6166 1523 6115
f 6115 1419 6165
f 6165 6166 6115
f 6113 1522 6112
f 6112 1311 5799
f 5799 1420 6113
f 6113 6112 5799
f 6112 1522 6114
f 6114 1521 6109
f 6109 1311 6112
f 6112 6114 6109
f 6145 1530 6138
f 6138 1414 6143
f 6143 1532 6145
f 6145 6138 6143
f 6138 1530 6137
f 6137 1411 5785
f 5785 1414 6138
f 6138 6137 5785
f 6129 1527 6155
f 6153 1534 6152
f 6152 1035 5219
f 5219 1197 6153
f 6153 6152 5219
f 6152 1534 6155
f 6155 1527 6125
f 6125 1035 6152
f 6152 6155 6125
f 6122 1526 6123
f 6123 1430 5830
f 5830 1036 6122
f 6122 6123 5830
f 6123 1526 6124
f 6124 1525 6119
f 6119 1430 6123
f 6123 6124 6119
f 6130 1525 6124
f 6124 1526 6131
f 6130 6124 6131
f 6176 555 5477
f 5477 1305 6179
f 6179 1539 6176
f 6176 5477 6179
f 5477 555 3225
f 3225 554 5476
f 5476 1305 5477
f 5477 3225 5476
f 6183 1540 6181
f 6181 1027 5409
f 5409 1280 6183
f 6183 6181 5409
f 6181 1540 6182
f 6182 1055 4930
f 4930 1027 6181
f 6181 6182 4930
f 5424 1288 6190
f 6190 1541 6189
f 6189 1098 5424
f 5424 6190 6189
f 6190 1288 6194
f 6194 1542 6195
f 6195 1541 6190
f 6190 6194 6195
f 6203 1544 6200
f 6200 1453 6197
f 6197 1543 6203
f 6203 6200 6197
f 6200 1544 6201
f 6201 1454 5901
f 5901 1453 6200
f 6200 6201 5901
f 6213 1546 6209
f 6209 1091 6204
f 6204 1545 6213
f 6213 6209 6204
f 6209 1546 6210
f 6210 1092 5017
f 5017 1091 6209
f 6209 6210 5017
f 5790 1188 5869
f 5869 1445 5870
f 5870 1416 5790
f 5790 5869 5870
f 5869 1188 5875
f 5875 1446 5877
f 5877 1445 5869
f 5869 5875 5877
f 5871 1432 5833
f 5833 1416 5870
f 5870 1445 5871
f 5871 5833 5870
f 5833 1432 5834
f 5834 1417 5794
f 5794 1416 5833
f 5833 5834 5794
f 6214 1547 6215
f 6215 1457 5910
f 5910 1293 6214
f 6214 6215 5910
f 6215 1547 6216
f 6216 1458 5913
f 5913 1457 6215
f 6215 6216 5913
f 5603 1355 6079
f 6079 1513 6080
f 6080 1356 5603
f 5603 6079 6080
f 6079 1355 6076
f 6076 1512 6081
f 6081 1513 6079
f 6079 6076 6081
f 6168 1523 6166
f 6166 1537 6169
f 6168 6166 6169
f 6183 1280 5432
f 5432 1290 6184
f 6184 1540 6183
f 6183 5432 6184
f 5432 1280 5422
f 5422 1287 5433
f 5433 1290 5432
f 5432 5422 5433
f 5718 1260 6220
f 6220 1548 6221
f 6221 1389 5718
f 5718 6220 6221
f 6220 1260 5731
f 5731 1392 6222
f 6222 1548 6220
f 6220 5731 6222
f 5309 566 5733
f 5733 1393 5735
f 5735 1238 5309
f 5309 5733 5735
f 5733 566 3269
f 3269 565 5732
f 5732 1393 5733
f 5733 3269 5732
f 6229 1551 6228
f 6228 1549 6225
f 6225 1550 6229
f 6229 6228 6225
f 6228 1551 6231
f 6231 1552 6230
f 6230 1549 6228
f 6228 6231 6230
f 6234 1551 6226
f 6226 571 6232
f 6232 1553 6234
f 6234 6226 6232
f 6226 1551 6227
f 6227 572 3278
f 3278 571 6226
f 6226 6227 3278
f 6238 1555 6242
f 6242 1557 6241
f 6241 1554 6238
f 6238 6242 6241
f 6242 1555 6240
f 6240 1556 6243
f 6243 1557 6242
f 6242 6240 6243
f 6245 1556 6244
f 6244 1558 6246
f 6246 1559 6245
f 6245 6244 6246
f 6244 1556 6248
f 6248 1560 6249
f 6249 1558 6244
f 6244 6248 6249
f 6249 1560 6254
f 6254 1562 6253
f 6253 1558 6249
f 6249 6254 6253
f 6254 1560 6252
f 6252 1561 6255
f 6255 1562 6254
f 6254 6252 6255
f 6255 1561 6259
f 6259 1564 6260
f 6260 1562 6255
f 6255 6259 6260
f 6259 1561 6258
f 6258 1563 6261
f 6261 1564 6259
f 6259 6258 6261
f 6262 1565 6263
f 6263 1277 5400
f 5400 1247 6262
f 6262 6263 5400
f 6263 1565 6264
f 6264 1563 6257
f 6257 1277 6263
f 6263 6264 6257
f 6265 1566 6266
f 6266 1247 5328
f 5328 1246 6265
f 6265 6266 5328
f 6266 1566 6267
f 6267 1565 6262
f 6262 1247 6266
f 6266 6267 6262
f 6272 1568 6273
f 6273 1567 6270
f 6270 1483 6272
f 6272 6273 6270
f 6273 1568 6277
f 6277 1569 6276
f 6276 1567 6273
f 6273 6277 6276
f 6279 1570 6278
f 6278 1300 5467
f 5467 1301 6279
f 6279 6278 5467
f 6278 1570 6283
f 6283 1571 6280
f 6280 1300 6278
f 6278 6283 6280
f 6286 1572 6287
f 6287 1243 5320
f 5320 1242 6286
f 6286 6287 5320
f 6287 1572 6291
f 6291 1573 6288
f 6288 1243 6287
f 6287 6291 6288
f 3339 594 5318
f 5318 1242 5319
f 5319 595 3339
f 3339 5318 5319
f 5318 594 6284
f 6284 1572 6286
f 6286 1242 5318
f 5318 6284 6286
f 4850 998 6292
f 6292 1574 6293
f 6293 999 4850
f 4850 6292 6293
f 6292 998 6070
f 6070 1511 6296
f 6296 1574 6292
f 6292 6070 6296
f 6300 1576 6299
f 6299 1153 6298
f 6298 1575 6300
f 6300 6299 6298
f 6299 1576 6305
f 6305 1577 6303
f 6303 1153 6299
f 6299 6305 6303
f 6314 1580 6313
f 6313 1578 6311
f 6311 1579 6314
f 6314 6313 6311
f 6313 1580 6320
f 6320 1581 6319
f 6319 1578 6313
f 6313 6320 6319
f 6325 1583 6323
f 6323 1156 6321
f 6321 1582 6325
f 6325 6323 6321
f 6323 1583 6324
f 6324 1157 5144
f 5144 1156 6323
f 6323 6324 5144
f 6328 1584 6326
f 6326 1575 6322
f 6322 1582 6328
f 6328 6326 6322
f 6326 1584 6327
f 6327 1576 6300
f 6300 1575 6326
f 6326 6327 6300
f 6329 1585 6330
f 6330 1156 5142
f 5142 1155 6329
f 6329 6330 5142
f 6330 1585 6335
f 6335 1586 6332
f 6332 1156 6330
f 6330 6335 6332
f 6341 1589 6340
f 6340 1587 6339
f 6339 1588 6341
f 6341 6340 6339
f 6340 1589 6344
f 6344 1590 6343
f 6343 1587 6340
f 6340 6344 6343
f 6352 1593 6351
f 6351 1591 6350
f 6350 1592 6352
f 6352 6351 6350
f 6351 1593 6355
f 6355 1594 6354
f 6354 1591 6351
f 6351 6355 6354
f 6359 1597 6358
f 6358 1595 6357
f 6357 1596 6359
f 6359 6358 6357
f 6358 1597 6363
f 6363 1598 6362
f 6362 1595 6358
f 6358 6363 6362
f 6354 1594 6353
f 6353 1322 6346
f 6346 1591 6354
f 6354 6353 6346
f 6353 1594 6366
f 6366 1599 6364
f 6364 1322 6353
f 6353 6366 6364
f 5537 1332 5536
f 5536 1315 5504
f 5504 1316 5537
f 5537 5536 5504
f 5536 1332 6368
f 6368 1600 6367
f 6367 1315 5536
f 5536 6368 6367
f 6370 1470 6373
f 6373 1602 6374
f 6374 1601 6370
f 6370 6373 6374
f 6373 1470 5955
f 5955 1469 6372
f 6372 1602 6373
f 6373 5955 6372
f 6378 1604 6377
f 6377 1501 6376
f 6376 1603 6378
f 6378 6377 6376
f 6377 1604 6381
f 6381 1605 6379
f 6379 1501 6377
f 6377 6381 6379
f 6382 1122 6385
f 6385 1607 6386
f 6386 1606 6382
f 6382 6385 6386
f 6385 1122 5087
f 5087 1121 6384
f 6384 1607 6385
f 6385 5087 6384
f 6394 1609 6393
f 6393 1508 6390
f 6390 1608 6394
f 6394 6393 6390
f 6393 1609 6398
f 6398 1610 6397
f 6397 1508 6393
f 6393 6398 6397
f 6405 1613 6404
f 6404 1611 6401
f 6401 1612 6405
f 6405 6404 6401
f 6404 1613 6407
f 6407 1614 6406
f 6406 1611 6404
f 6404 6407 6406
f 5516 1321 6337
f 6337 1587 6336
f 6336 1318 5516
f 5516 6337 6336
f 6337 1321 6410
f 6410 1615 6411
f 6411 1587 6337
f 6337 6410 6411
f 6362 1598 6360
f 6360 1045 6356
f 6356 1595 6362
f 6362 6360 6356
f 6360 1598 6361
f 6361 1046 4916
f 4916 1045 6360
f 6360 6361 4916
f 6418 1618 6417
f 6417 1616 6416
f 6416 1617 6418
f 6418 6417 6416
f 6417 1618 6420
f 6420 1619 6419
f 6419 1616 6417
f 6417 6420 6419
f 6424 1621 6427
f 6427 1623 6426
f 6426 1620 6424
f 6424 6427 6426
f 6427 1621 6425
f 6425 1622 6428
f 6428 1623 6427
f 6427 6425 6428
f 6432 1612 6430
f 6430 1624 6433
f 6433 1625 6432
f 6432 6430 6433
f 6430 1612 6401
f 6401 1611 6429
f 6429 1624 6430
f 6430 6401 6429
f 6053 1506 6054
f 6054 1434 5841
f 5841 1396 6053
f 6053 6054 5841
f 6054 1506 6438
f 6438 1626 6436
f 6436 1434 6054
f 6054 6438 6436
f 6052 1043 6434
f 6434 1626 6438
f 6438 1506 6052
f 6052 6434 6438
f 6434 1043 4914
f 4914 1046 6435
f 6435 1626 6434
f 6434 4914 6435
f 6442 1629 6441
f 6441 1627 6439
f 6439 1628 6442
f 6442 6441 6439
f 6441 1629 6447
f 6447 1630 6446
f 6446 1627 6441
f 6441 6447 6446
f 6450 1631 6451
f 6451 1500 6037
f 6037 1352 6450
f 6450 6451 6037
f 6451 1631 6457
f 6457 1632 6455
f 6455 1500 6451
f 6451 6457 6455
f 6449 1631 6448
f 6448 1089 5015
f 5015 1092 6449
f 6449 6448 5015
f 6448 1631 6462
f 6462 1633 6458
f 6458 1089 6448
f 6448 6462 6458
f 5601 1091 5605
f 5605 1357 5607
f 5607 1356 5601
f 5601 5605 5607
f 5605 1091 5014
f 5014 1090 5604
f 5604 1357 5605
f 5605 5014 5604
f 5579 1349 5580
f 5580 1164 5155
f 5155 1163 5579
f 5579 5580 5155
f 5580 1349 6466
f 6466 1634 6465
f 6465 1164 5580
f 5580 6466 6465
f 5578 1125 6463
f 6463 1634 6466
f 6466 1349 5578
f 5578 6463 6466
f 6463 1125 5094
f 5094 1128 6464
f 6464 1634 6463
f 6463 5094 6464
f 5941 1467 5942
f 5942 1127 5093
f 5093 1126 5941
f 5941 5942 5093
f 5942 1467 5945
f 5945 1466 5939
f 5939 1127 5942
f 5942 5945 5939
f 6099 1518 6102
f 6102 1513 6078
f 6078 1295 6099
f 6099 6102 6078
f 6102 1518 6207
f 6207 1545 6206
f 6206 1513 6102
f 6102 6207 6206
f 5611 1358 5608
f 5608 1090 5582
f 5582 1350 5611
f 5611 5608 5582
f 5608 1358 5612
f 5612 1357 5604
f 5604 1090 5608
f 5608 5612 5604
f 5013 1089 5581
f 5581 1350 5582
f 5582 1090 5013
f 5013 5581 5582
f 5581 1089 5585
f 5585 1351 5588
f 5588 1350 5581
f 5581 5585 5588
f 6459 1633 6461
f 6461 1352 5590
f 5590 1193 6459
f 6459 6461 5590
f 6461 1633 6462
f 6462 1631 6450
f 6450 1352 6461
f 6461 6462 6450
f 6470 1635 6469
f 6469 1193 5216
f 5216 1196 6470
f 6470 6469 5216
f 6469 1635 6472
f 6472 1633 6459
f 6459 1193 6469
f 6469 6472 6459
f 5611 1350 5583
f 5583 1163 5610
f 5610 1358 5611
f 5611 5583 5610
f 5583 1350 5584
f 5584 1349 5579
f 5579 1163 5583
f 5583 5584 5579
f 6480 1450 6476
f 6476 1636 6483
f 6483 1637 6480
f 6480 6476 6483
f 6476 1450 6084
f 6084 1514 6477
f 6477 1636 6476
f 6476 6084 6477
f 6474 1636 6475
f 6475 1439 5854
f 5854 1438 6474
f 6474 6475 5854
f 6475 1636 6473
f 6473 1179 5852
f 5852 1439 6475
f 6475 6473 5852
f 5845 1084 5848
f 5848 1437 5849
f 5849 1436 5845
f 5845 5848 5849
f 5848 1084 5003
f 5003 1083 5847
f 5847 1437 5848
f 5848 5003 5847
f 6487 1639 6485
f 6485 1628 6484
f 6484 1638 6487
f 6487 6485 6484
f 6485 1639 6486
f 6486 1629 6442
f 6442 1628 6485
f 6485 6486 6442
f 6397 1610 6395
f 6395 1043 6058
f 6058 1508 6397
f 6397 6395 6058
f 6395 1610 6396
f 6396 1044 4912
f 4912 1043 6395
f 6395 6396 4912
f 6055 1507 6056
f 6056 1396 5739
f 5739 1395 6055
f 6055 6056 5739
f 6056 1507 6057
f 6057 1506 6053
f 6053 1396 6056
f 6056 6057 6053
f 6477 1514 6082
f 6082 1179 6473
f 6473 1636 6477
f 6477 6082 6473
f 6082 1514 6083
f 6083 1180 5192
f 5192 1179 6082
f 6082 6083 5192
f 6099 1295 5846
f 5846 1436 6100
f 6100 1518 6099
f 6099 5846 6100
f 5846 1295 5446
f 5446 1084 5845
f 5845 1436 5846
f 5846 5446 5845
f 5601 1356 6205
f 6205 1545 6204
f 6204 1091 5601
f 5601 6205 6204
f 6205 1356 6080
f 6080 1513 6206
f 6206 1545 6205
f 6205 6080 6206
f 6494 1477 6489
f 6489 1640 6497
f 6497 1641 6494
f 6494 6489 6497
f 6489 1477 5974
f 5974 1480 6490
f 6490 1640 6489
f 6489 5974 6490
f 6495 1641 6496
f 6496 1598 6363
f 6363 1597 6495
f 6495 6496 6363
f 6496 1641 6497
f 6497 1640 6491
f 6491 1598 6496
f 6496 6497 6491
f 6055 1395 6478
f 6478 1637 6481
f 6481 1507 6055
f 6055 6478 6481
f 6478 1395 5891
f 5891 1450 6480
f 6480 1637 6478
f 6478 5891 6480
f 6504 1643 6502
f 6502 1182 6498
f 6498 1642 6504
f 6504 6502 6498
f 6502 1643 6507
f 6507 1644 6505
f 6505 1182 6502
f 6502 6507 6505
f 6406 1614 6501
f 6501 1642 6500
f 6500 1611 6406
f 6406 6501 6500
f 6501 1614 6503
f 6503 1643 6504
f 6504 1642 6501
f 6501 6503 6504
f 6517 1646 6512
f 6512 1124 6509
f 6509 1645 6517
f 6517 6512 6509
f 6512 1646 6514
f 6514 1613 6403
f 6403 1124 6512
f 6512 6514 6403
f 6490 1480 6437
f 6437 1626 6492
f 6492 1640 6490
f 6490 6437 6492
f 6437 1480 5973
f 5973 1434 6436
f 6436 1626 6437
f 6437 5973 6436
f 6491 1640 6488
f 6488 1046 6361
f 6361 1598 6491
f 6491 6488 6361
f 6488 1640 6492
f 6492 1626 6435
f 6435 1046 6488
f 6488 6492 6435
f 6446 1630 6520
f 6520 1647 6519
f 6519 1627 6446
f 6446 6520 6519
f 6520 1630 6445
f 6445 1590 6518
f 6518 1647 6520
f 6520 6445 6518
f 6521 1648 6522
f 6522 1476 5965
f 5965 1475 6521
f 6521 6522 5965
f 6522 1648 6529
f 6529 1649 6527
f 6527 1476 6522
f 6522 6529 6527
f 6419 1619 6525
f 6525 1648 6524
f 6524 1616 6419
f 6419 6525 6524
f 6525 1619 6528
f 6528 1649 6529
f 6529 1648 6525
f 6525 6528 6529
f 6537 1652 6536
f 6536 1650 6534
f 6534 1651 6537
f 6537 6536 6534
f 6536 1652 6541
f 6541 1653 6540
f 6540 1650 6536
f 6536 6541 6540
f 6547 1655 6545
f 6545 1408 6542
f 6542 1654 6547
f 6547 6545 6542
f 6545 1655 6546
f 6546 1409 5776
f 5776 1408 6545
f 6545 6546 5776
f 6554 1657 6553
f 6553 1653 6550
f 6550 1656 6554
f 6554 6553 6550
f 6553 1657 6552
f 6552 1650 6540
f 6540 1653 6553
f 6553 6552 6540
f 6558 1642 6499
f 6499 1185 6555
f 6555 1658 6558
f 6558 6499 6555
f 6499 1642 6498
f 6498 1182 5198
f 5198 1185 6499
f 6499 6498 5198
f 6429 1611 6556
f 6556 1658 6557
f 6557 1624 6429
f 6429 6556 6557
f 6556 1611 6500
f 6500 1642 6558
f 6558 1658 6556
f 6556 6500 6558
f 6399 1612 6400
f 6400 1607 6384
f 6384 1121 6399
f 6399 6400 6384
f 6400 1612 6432
f 6432 1625 6431
f 6431 1607 6400
f 6400 6432 6431
f 6571 1661 6570
f 6570 1659 6566
f 6566 1660 6571
f 6571 6570 6566
f 6570 1661 6569
f 6569 1383 6560
f 6560 1659 6570
f 6570 6569 6560
f 6580 1663 6577
f 6577 1638 6574
f 6574 1662 6580
f 6580 6577 6574
f 6577 1663 6578
f 6578 1639 6487
f 6487 1638 6577
f 6577 6578 6487
f 6585 1664 6581
f 6581 1013 6573
f 6573 1662 6585
f 6585 6581 6573
f 6581 1664 6582
f 6582 1083 4998
f 4998 1013 6581
f 6581 6582 4998
f 6583 1609 6391
f 6391 1083 6582
f 6582 1664 6583
f 6583 6391 6582
f 6391 1609 6392
f 6392 1437 5847
f 5847 1083 6391
f 6391 6392 5847
f 6394 1608 6387
f 6387 1437 6392
f 6392 1609 6394
f 6394 6387 6392
f 6387 1608 6388
f 6388 1438 5851
f 5851 1437 6387
f 6387 6388 5851
f 6294 1366 5638
f 5638 999 6293
f 6293 1574 6294
f 6294 5638 6293
f 5638 1366 5639
f 5639 1001 4853
f 4853 999 5638
f 5638 5639 4853
f 6587 1665 6586
f 6586 1362 5643
f 5643 1367 6587
f 6587 6586 5643
f 6586 1665 6591
f 6591 1661 6567
f 6567 1362 6586
f 6586 6591 6567
f 6579 1663 6576
f 6576 1363 6564
f 6564 1660 6579
f 6579 6576 6564
f 6576 1663 6575
f 6575 1012 5626
f 5626 1363 6576
f 6576 6575 5626
f 6482 1608 6389
f 6389 1507 6481
f 6481 1637 6482
f 6482 6389 6481
f 6389 1608 6390
f 6390 1508 6060
f 6060 1507 6389
f 6389 6390 6060
f 6474 1438 6479
f 6479 1637 6483
f 6483 1636 6474
f 6474 6479 6483
f 6479 1438 6388
f 6388 1608 6482
f 6482 1637 6479
f 6479 6388 6482
f 6103 1178 6211
f 6211 1546 6212
f 6212 1519 6103
f 6103 6211 6212
f 6211 1178 6453
f 6453 1632 6456
f 6456 1546 6211
f 6211 6453 6456
f 6449 1092 6452
f 6452 1632 6457
f 6457 1631 6449
f 6449 6452 6457
f 6452 1092 6210
f 6210 1546 6456
f 6456 1632 6452
f 6452 6210 6456
f 6458 1633 6460
f 6460 1351 5585
f 5585 1089 6458
f 6458 6460 5585
f 6460 1633 6472
f 6472 1635 6471
f 6471 1351 6460
f 6460 6472 6471
f 6471 1635 6467
f 6467 1125 5586
f 5586 1351 6471
f 6471 6467 5586
f 6467 1635 6468
f 6468 1126 5092
f 5092 1125 6467
f 6467 6468 5092
f 6470 1196 5215
f 5215 1126 6468
f 6468 1635 6470
f 6470 5215 6468
f 5215 1196 5944
f 5944 1467 5941
f 5941 1126 5215
f 5215 5944 5941
f 5218 1195 5943
f 5943 1467 5944
f 5944 1196 5218
f 5218 5943 5944
f 5943 1195 5946
f 5946 1468 5952
f 5952 1467 5943
f 5943 5946 5952
f 5885 1449 5949
f 5949 1468 5946
f 5946 1195 5885
f 5885 5949 5946
f 5949 1449 5888
f 5888 1340 5948
f 5948 1468 5949
f 5949 5888 5948
f 5881 1313 5553
f 5553 1341 5884
f 5884 1448 5881
f 5881 5553 5884
f 5553 1313 5815
f 5815 1425 5816
f 5816 1341 5553
f 5553 5815 5816
f 6107 1520 6108
f 6108 1422 5808
f 5808 1312 6107
f 6107 6108 5808
f 6108 1520 6163
f 6163 1536 6161
f 6161 1422 6108
f 6108 6163 6161
f 6600 1668 6599
f 6599 1666 6596
f 6596 1667 6600
f 6600 6599 6596
f 6599 1668 6598
f 6598 1644 6593
f 6593 1666 6599
f 6599 6598 6593
f 5810 1424 6602
f 6602 1669 6601
f 6601 1338 5810
f 5810 6602 6601
f 6602 1424 5824
f 5824 1428 6603
f 6603 1669 6602
f 6602 5824 6603
f 6158 1535 6159
f 6159 1429 5827
f 5827 1423 6158
f 6158 6159 5827
f 6159 1535 6160
f 6160 1533 6148
f 6148 1429 6159
f 6159 6160 6148
f 6157 1533 6160
f 6151 1533 6157
f 5054 1105 6607
f 6607 1670 6608
f 6608 1106 5054
f 5054 6607 6608
f 6607 1105 6611
f 6611 1671 6613
f 6613 1670 6607
f 6607 6611 6613
f 6614 1672 6615
f 6615 1038 4906
f 4906 1037 6614
f 6614 6615 4906
f 6615 1672 6624
f 6624 1673 6619
f 6619 1038 6615
f 6615 6624 6619
f 6619 1673 6620
f 6620 1198 5221
f 5221 1038 6619
f 6619 6620 5221
f 6620 1673 6621
f 6621 1440 5855
f 5855 1198 6620
f 6620 6621 5855
f 5881 1448 5882
f 5882 1314 5499
f 5499 1313 5881
f 5881 5882 5499
f 5882 1448 5880
f 5880 1200 5497
f 5497 1314 5882
f 5882 5880 5497
f 5685 1198 5863
f 5863 1443 5864
f 5864 1378 5685
f 5685 5863 5864
f 5863 1198 5855
f 5855 1440 5865
f 5865 1443 5863
f 5863 5855 5865
f 5688 1378 6625
f 6625 1674 6626
f 6626 1379 5688
f 5688 6625 6626
f 6625 1378 5864
f 5864 1443 6629
f 6629 1674 6625
f 6625 5864 6629
f 5784 1412 6090
f 6090 1516 6091
f 6091 1413 5784
f 5784 6090 6091
f 6090 1412 6631
f 6631 1675 6634
f 6634 1516 6090
f 6090 6631 6634
f 6170 1538 6171
f 6171 1418 5797
f 5797 1417 6170
f 6170 6171 5797
f 6171 1538 6172
f 6172 1419 5798
f 5798 1418 6171
f 6171 6172 5798
f 5802 1199 5795
f 5795 1418 5805
f 5805 1421 5802
f 5802 5795 5805
f 5795 1199 5788
f 5788 1415 5796
f 5796 1418 5795
f 5795 5788 5796
f 5497 1200 5803
f 5803 1421 5804
f 5804 1314 5497
f 5497 5803 5804
f 5803 1200 5223
f 5223 1199 5802
f 5802 1421 5803
f 5803 5223 5802
f 5818 1424 5811
f 5811 1341 5816
f 5816 1425 5818
f 5818 5811 5816
f 5811 1424 5810
f 5810 1338 5554
f 5554 1341 5811
f 5811 5810 5554
f 6603 1428 6089
f 6089 1515 6604
f 6604 1669 6603
f 6603 6089 6604
f 6089 1428 5826
f 5826 1427 6088
f 6088 1515 6089
f 6089 5826 6088
f 5871 1445 5872
f 5872 1433 5840
f 5840 1432 5871
f 5871 5872 5840
f 5872 1445 5873
f 5873 1444 5868
f 5868 1433 5872
f 5872 5873 5868
f 5868 1444 5867
f 5867 1037 5838
f 5838 1433 5868
f 5868 5867 5838
f 5867 1444 6616
f 6616 1672 6614
f 6614 1037 5867
f 5867 6616 6614
f 6631 1412 6627
f 6627 1674 6635
f 6635 1675 6631
f 6631 6627 6635
f 6627 1412 5780
f 5780 1379 6626
f 6626 1674 6627
f 6627 5780 6626
f 5820 1427 5821
f 5821 1414 5786
f 5786 1413 5820
f 5820 5821 5786
f 5821 1427 5822
f 5822 1426 5819
f 5819 1414 5821
f 5821 5822 5819
f 5836 1431 5831
f 5831 1417 5834
f 5834 1432 5836
f 5836 5831 5834
f 5831 1431 6173
f 6173 1538 6170
f 6170 1417 5831
f 5831 6173 6170
f 5496 1312 5814
f 5814 1425 5815
f 5815 1313 5496
f 5496 5814 5815
f 5814 1312 5808
f 5808 1422 5817
f 5817 1425 5814
f 5814 5808 5817
f 5829 1428 5823
f 5823 1423 5827
f 5827 1429 5829
f 5829 5823 5827
f 5823 1428 5824
f 5824 1424 5813
f 5813 1423 5823
f 5823 5824 5813
f 5790 1416 5791
f 5791 1189 5205
f 5205 1188 5790
f 5790 5791 5205
f 5791 1416 5792
f 5792 1415 5787
f 5787 1189 5791
f 5791 5792 5787
f 5224 1194 5229
f 5229 1202 5231
f 5231 1201 5224
f 5224 5229 5231
f 5229 1194 5594
f 5594 1353 5595
f 5595 1202 5229
f 5229 5594 5595
f 5552 1339 5947
f 5947 1468 5948
f 5948 1340 5552
f 5552 5947 5948
f 5947 1339 5938
f 5938 1465 5950
f 5950 1468 5947
f 5947 5938 5950
f 5860 1442 5859
f 5859 1397 5843
f 5843 1435 5860
f 5860 5859 5843
f 5859 1442 5862
f 5862 1441 5857
f 5857 1397 5859
f 5859 5862 5857
f 6096 1517 6097
f 6097 1447 5879
f 5879 1446 6096
f 6096 6097 5879
f 6097 1517 6098
f 6098 1505 6049
f 6049 1447 6097
f 6097 6098 6049
f 5885 1195 5225
f 5225 1201 5887
f 5887 1449 5885
f 5885 5225 5887
f 5225 1195 5214
f 5214 1194 5224
f 5224 1201 5225
f 5225 5214 5224
f 6622 1673 6623
f 6623 1464 5937
f 5937 1463 6622
f 6622 6623 5937
f 6623 1673 6624
f 6624 1672 6618
f 6618 1464 6623
f 6623 6624 6618
f 6630 1504 6633
f 6633 1675 6635
f 6635 1674 6630
f 6630 6633 6635
f 6633 1504 6047
f 6047 1503 6632
f 6632 1675 6633
f 6633 6047 6632
f 5595 1353 5592
f 5592 1189 5228
f 5228 1202 5595
f 5595 5592 5228
f 5592 1353 5591
f 5591 1186 5204
f 5204 1189 5592
f 5592 5591 5204
f 5858 1440 5932
f 5932 1463 5933
f 5933 1441 5858
f 5858 5932 5933
f 5932 1440 6621
f 6621 1673 6622
f 6622 1463 5932
f 5932 6621 6622
f 6618 1672 6617
f 6617 1447 5935
f 5935 1464 6618
f 6618 6617 5935
f 6617 1672 6616
f 6616 1444 5878
f 5878 1447 6617
f 6617 6616 5878
f 5866 1442 6628
f 6628 1674 6629
f 6629 1443 5866
f 5866 6628 6629
f 6628 1442 6045
f 6045 1504 6630
f 6630 1674 6628
f 6628 6045 6630
f 6096 1446 5874
f 5874 1187 6095
f 6095 1517 6096
f 6096 5874 6095
f 5874 1446 5875
f 5875 1188 5203
f 5203 1187 5874
f 5874 5875 5203
f 5889 1448 5883
f 5883 1340 5888
f 5888 1449 5889
f 5889 5883 5888
f 5883 1448 5884
f 5884 1341 5555
f 5555 1340 5883
f 5883 5884 5555
f 6636 1676 6637
f 6637 1268 5374
f 5374 1267 6636
f 6636 6637 5374
f 6637 1676 6638
f 6638 1391 5726
f 5726 1268 6637
f 6637 6638 5726
f 5560 1343 6642
f 6642 1677 6643
f 6643 1344 5560
f 5560 6642 6643
f 6642 1343 6645
f 6645 1678 6648
f 6648 1677 6642
f 6642 6645 6648
f 6652 1302 6650
f 6650 1679 6657
f 6657 1680 6652
f 6652 6650 6657
f 6650 1302 5468
f 5468 1175 6649
f 6649 1679 6650
f 6650 5468 6649
f 5557 1284 5561
f 5561 1345 5563
f 5563 1344 5557
f 5557 5561 5563
f 5561 1284 6023
f 6023 1495 6024
f 6024 1345 5561
f 5561 6023 6024
f 6666 1682 6665
f 6665 1493 6662
f 6662 1681 6666
f 6666 6665 6662
f 6665 1682 6664
f 6664 1490 6014
f 6014 1493 6665
f 6665 6664 6014
f 5714 1386 5709
f 5709 1268 5713
f 5713 1387 5714
f 5714 5709 5713
f 5709 1386 5708
f 5708 1265 5373
f 5373 1268 5709
f 5709 5708 5373
f 6673 1684 6672
f 6672 1489 6669
f 6669 1683 6673
f 6673 6672 6669
f 6672 1684 6671
f 6671 1486 6005
f 6005 1489 6672
f 6672 6671 6005
f 6678 1685 6679
f 6679 1489 6006
f 6006 1488 6678
f 6678 6679 6006
f 6679 1685 6677
f 6677 1485 6004
f 6004 1489 6679
f 6679 6677 6004
f 6019 1494 6020
f 6020 1493 6015
f 6015 1492 6019
f 6019 6020 6015
f 6020 1494 6018
f 6018 1385 6013
f 6013 1493 6020
f 6020 6018 6013
f 6012 1491 6008
f 6008 1345 6010
f 6010 1492 6012
f 6012 6008 6010
f 6008 1491 6007
f 6007 1342 5562
f 5562 1345 6008
f 6008 6007 5562
f 6691 1688 6690
f 6690 1686 6686
f 6686 1687 6691
f 6691 6690 6686
f 6690 1688 6697
f 6697 1689 6696
f 6696 1686 6690
f 6690 6697 6696
f 6707 1691 6706
f 6706 1679 6702
f 6702 1690 6707
f 6707 6706 6702
f 6706 1691 6705
f 6705 1331 6651
f 6651 1679 6706
f 6706 6705 6651
f 6715 1491 6711
f 6711 1692 6716
f 6716 1693 6715
f 6715 6711 6716
f 6711 1491 6009
f 6009 1490 6710
f 6710 1692 6711
f 6711 6009 6710
f 6724 1678 6720
f 6720 1694 6725
f 6725 1695 6724
f 6724 6720 6725
f 6720 1678 6645
f 6645 1343 6718
f 6718 1694 6720
f 6720 6645 6718
f 6728 1696 6729
f 6729 1499 6033
f 6033 1498 6728
f 6728 6729 6033
f 6729 1696 6736
f 6736 1697 6735
f 6735 1499 6729
f 6729 6736 6735
f 6741 1699 6746
f 6746 1698 6738
f 6738 1270 6741
f 6741 6746 6738
f 6746 1699 6745
f 6745 1461 6739
f 6739 1698 6746
f 6746 6745 6739
f 6710 1490 6748
f 6748 1700 6750
f 6750 1692 6710
f 6710 6748 6750
f 6748 1490 6664
f 6664 1682 6749
f 6749 1700 6748
f 6748 6664 6749
f 5375 1265 6753
f 6753 1701 6754
f 6754 1269 5375
f 5375 6753 6754
f 6753 1265 5708
f 5708 1386 6756
f 6756 1701 6753
f 6753 5708 6756
f 6761 1702 6758
f 6758 1176 5470
f 5470 1303 6761
f 6761 6758 5470
f 6758 1702 6766
f 6766 1703 6764
f 6764 1176 6758
f 6758 6766 6764
f 6718 1343 6769
f 6769 1704 6772
f 6772 1694 6718
f 6718 6769 6772
f 6769 1343 5556
f 5556 1342 6768
f 6768 1704 6769
f 6769 5556 6768
f 6768 1342 6714
f 6714 1693 6771
f 6771 1704 6768
f 6768 6714 6771
f 6714 1342 6007
f 6007 1491 6715
f 6715 1693 6714
f 6714 6007 6715
f 6781 1707 6780
f 6780 1705 6777
f 6777 1706 6781
f 6781 6780 6777
f 6780 1707 6785
f 6785 1708 6784
f 6784 1705 6780
f 6780 6785 6784
f 6786 1709 6789
f 6789 1706 6774
f 6774 1004 6786
f 6786 6789 6774
f 6789 1709 6790
f 6790 1707 6781
f 6781 1706 6789
f 6789 6790 6781
f 6791 1710 6792
f 6792 1004 4857
f 4857 1003 6791
f 6791 6792 4857
f 6792 1710 6794
f 6794 1709 6786
f 6786 1004 6792
f 6792 6794 6786
f 6796 1711 6795
f 6795 1003 4894
f 4894 1032 6796
f 6796 6795 4894
f 6795 1711 6797
f 6797 1710 6791
f 6791 1003 6795
f 6795 6797 6791
f 6801 1058 6799
f 6799 1712 6802
f 6802 1713 6801
f 6801 6799 6802
f 6799 1058 4940
f 4940 1057 6798
f 6798 1712 6799
f 6799 4940 6798
f 6806 1048 6804
f 6804 1714 6809
f 6809 1715 6806
f 6806 6804 6809
f 6804 1048 4917
f 4917 1047 6803
f 6803 1714 6804
f 6804 4917 6803
f 5073 1113 6805
f 6805 1714 6803
f 6803 1047 5073
f 5073 6805 6803
f 6805 1113 6810
f 6810 1716 6812
f 6812 1714 6805
f 6805 6810 6812
f 5894 1452 6811
f 6811 1716 6810
f 6810 1113 5894
f 5894 6811 6810
f 6811 1452 6813
f 6813 1717 6814
f 6814 1716 6811
f 6811 6813 6814
f 6816 1718 6818
f 6818 1717 6813
f 6813 1452 6816
f 6816 6818 6813
f 6818 1718 6822
f 6822 1719 6821
f 6821 1717 6818
f 6818 6822 6821
f 6815 1401 6196
f 6196 1543 6817
f 6817 1718 6815
f 6815 6196 6817
f 6196 1401 6199
f 6199 1544 6203
f 6203 1543 6196
f 6196 6199 6203
f 6214 1293 6825
f 6825 1720 6826
f 6826 1547 6214
f 6214 6825 6826
f 6825 1293 5443
f 5443 1292 6824
f 6824 1720 6825
f 6825 5443 6824
f 5438 1019 6823
f 6823 1720 6824
f 6824 1292 5438
f 5438 6823 6824
f 6823 1019 6829
f 6829 1721 6834
f 6834 1720 6823
f 6823 6829 6834
f 4882 1022 6830
f 6830 1721 6829
f 6829 1019 4882
f 4882 6830 6829
f 6830 1022 6835
f 6835 1722 6838
f 6838 1721 6830
f 6830 6835 6838
f 5763 1403 5764
f 5764 1282 5413
f 5413 1094 5763
f 5763 5764 5413
f 5764 1403 5771
f 5771 1406 5770
f 5770 1282 5764
f 5764 5771 5770
f 5545 1337 5546
f 5546 1094 5018
f 5018 1093 5545
f 5545 5546 5018
f 5546 1337 5766
f 5766 1403 5763
f 5763 1094 5546
f 5546 5766 5763
f 5542 1334 5541
f 5541 1093 5038
f 5038 1100 5542
f 5542 5541 5038
f 5541 1334 5547
f 5547 1337 5545
f 5545 1093 5541
f 5541 5547 5545
f 6847 1724 6845
f 6845 1100 6841
f 6841 1723 6847
f 6847 6845 6841
f 6845 1724 6846
f 6846 1334 5542
f 5542 1100 6845
f 6845 6846 5542
f 6852 1725 6850
f 6850 1106 6608
f 6608 1670 6852
f 6852 6850 6608
f 6850 1725 6851
f 6851 1108 5059
f 5059 1106 6850
f 6850 6851 5059
f 5760 1402 5759
f 5759 1100 5042
f 5042 1101 5760
f 5760 5759 5042
f 5759 1402 6842
f 6842 1723 6841
f 6841 1100 5759
f 5759 6842 6841
f 5507 1317 5508
f 5508 1018 4878
f 4878 1017 5507
f 5507 5508 4878
f 5508 1317 5509
f 5509 1151 5135
f 5135 1018 5508
f 5508 5509 5135
f 6303 1577 6302
f 6302 1018 5137
f 5137 1153 6303
f 6303 6302 5137
f 6302 1577 6301
f 6301 1015 4877
f 4877 1018 6302
f 6302 6301 4877
f 6862 1727 6859
f 6859 1373 6857
f 6857 1726 6862
f 6862 6859 6857
f 6859 1727 6860
f 6860 1374 5672
f 5672 1373 6859
f 6859 6860 5672
f 5647 1368 5646
f 5646 993 4845
f 4845 996 5647
f 5647 5646 4845
f 5646 1368 5655
f 5655 1369 5651
f 5651 993 5646
f 5646 5655 5651
f 5658 1110 5654
f 5654 1369 5659
f 5659 1370 5658
f 5658 5654 5659
f 5654 1110 5065
f 5065 993 5651
f 5651 1369 5654
f 5654 5065 5651
f 5929 1462 5928
f 5928 1370 5662
f 5662 1371 5929
f 5929 5928 5662
f 5928 1462 5927
f 5927 1110 5658
f 5658 1370 5928
f 5928 5927 5658
f 5647 996 4874
f 4874 1017 5650
f 5650 1368 5647
f 5647 4874 5650
f 4874 996 5506
f 5506 1317 5507
f 5507 1017 4874
f 4874 5506 5507
f 6854 751 5484
f 5484 1308 6856
f 6856 1726 6854
f 6854 5484 6856
f 5484 751 3900
f 3900 750 5483
f 5483 1308 5484
f 5484 3900 5483
f 6864 1728 6863
f 6863 1576 6327
f 6327 1584 6864
f 6864 6863 6327
f 6863 1728 6868
f 6868 1729 6866
f 6866 1576 6863
f 6863 6868 6866
f 6335 1585 6870
f 6870 1730 6871
f 6871 1586 6335
f 6335 6870 6871
f 6870 1585 6874
f 6874 1731 6876
f 6876 1730 6870
f 6870 6874 6876
f 6712 1693 6713
f 6713 1030 4893
f 4893 1029 6712
f 6712 6713 4893
f 6713 1693 6716
f 6716 1692 6708
f 6708 1030 6713
f 6713 6716 6708
f 6721 1695 6722
f 6722 1204 5235
f 5235 1203 6721
f 6721 6722 5235
f 6722 1695 6725
f 6725 1694 6717
f 6717 1204 6722
f 6722 6725 6717
f 6727 1254 6732
f 6732 1697 6736
f 6736 1696 6727
f 6727 6732 6736
f 6732 1254 5343
f 5343 1253 6731
f 6731 1697 6732
f 6732 5343 6731
f 6708 1692 6709
f 6709 1281 5411
f 5411 1030 6708
f 6708 6709 5411
f 6709 1692 6750
f 6750 1700 6747
f 6747 1281 6709
f 6709 6750 6747
f 6755 1297 5453
f 5453 1269 6754
f 6754 1701 6755
f 6755 5453 6754
f 5453 1297 5454
f 5454 1296 5448
f 5448 1269 5453
f 5453 5454 5448
f 6717 1694 6719
f 6719 1347 5570
f 5570 1204 6717
f 6717 6719 5570
f 6719 1694 6772
f 6772 1704 6770
f 6770 1347 6719
f 6719 6772 6770
f 6770 1704 6767
f 6767 1029 5569
f 5569 1347 6770
f 6770 6767 5569
f 6767 1704 6771
f 6771 1693 6712
f 6712 1029 6767
f 6767 6771 6712
f 6880 1542 6192
f 6192 1281 6878
f 6878 1732 6880
f 6880 6192 6878
f 6192 1542 6191
f 6191 1280 5412
f 5412 1281 6192
f 6192 6191 5412
f 5925 1461 5926
f 5926 1273 5385
f 5385 1067 5925
f 5925 5926 5385
f 5926 1461 6745
f 6745 1699 6743
f 6743 1273 5926
f 5926 6745 6743
f 6766 1702 6757
f 6757 1161 6763
f 6763 1703 6766
f 6766 6757 6763
f 6757 1702 6762
f 6762 1316 5502
f 5502 1161 6757
f 6757 6762 5502
f 6887 1733 6886
f 6886 1309 6180
f 6180 1539 6887
f 6887 6886 6180
f 6886 1733 6885
f 6885 1306 5489
f 5489 1309 6886
f 6886 6885 5489
f 5117 1140 6888
f 6888 1734 6889
f 6889 1141 5117
f 5117 6888 6889
f 6888 1140 6893
f 6893 1735 6897
f 6897 1734 6888
f 6888 6893 6897
f 6314 1579 6898
f 6898 1736 6899
f 6899 1580 6314
f 6314 6898 6899
f 6898 1579 6907
f 6907 1737 6909
f 6909 1736 6898
f 6898 6907 6909
f 6309 1324 6906
f 6906 1737 6907
f 6907 1579 6309
f 6309 6906 6907
f 6906 1324 6912
f 6912 1738 6915
f 6915 1737 6906
f 6906 6912 6915
f 6916 1739 6917
f 6917 1588 6338
f 6338 1323 6916
f 6916 6917 6338
f 6917 1739 6918
f 6918 1589 6341
f 6341 1588 6917
f 6917 6918 6341
f 6928 1741 6937
f 6937 1743 6936
f 6936 1740 6928
f 6928 6937 6936
f 6937 1741 6932
f 6932 1742 6938
f 6938 1743 6937
f 6937 6932 6938
f 6416 1616 6413
f 6413 1596 6415
f 6415 1617 6416
f 6416 6413 6415
f 6413 1616 6414
f 6414 1597 6359
f 6359 1596 6413
f 6413 6414 6359
f 6524 1648 6523
f 6523 1597 6414
f 6414 1616 6524
f 6524 6523 6414
f 6523 1648 6526
f 6526 1641 6495
f 6495 1597 6523
f 6523 6526 6495
f 6521 1475 6493
f 6493 1641 6526
f 6526 1648 6521
f 6521 6493 6526
f 6493 1475 5967
f 5967 1477 6494
f 6494 1641 6493
f 6493 5967 6494
f 5963 1474 5966
f 5966 1477 5967
f 5967 1475 5963
f 5963 5966 5967
f 5966 1474 5968
f 5968 1478 5969
f 5969 1477 5966
f 5966 5968 5969
f 6939 1744 6940
f 6940 1478 5968
f 5968 1474 6939
f 6939 6940 5968
f 6940 1744 6941
f 6941 1503 6042
f 6042 1478 6940
f 6940 6941 6042
f 6947 1746 6946
f 6946 1675 6943
f 6943 1745 6947
f 6947 6946 6943
f 6946 1746 6945
f 6945 1516 6634
f 6634 1675 6946
f 6946 6945 6634
f 6951 1747 6949
f 6949 1516 6945
f 6945 1746 6951
f 6951 6949 6945
f 6949 1747 6948
f 6948 1515 6092
f 6092 1516 6949
f 6949 6948 6092
f 6948 1747 6950
f 6950 1669 6604
f 6604 1515 6948
f 6948 6950 6604
f 6950 1747 6954
f 6954 1748 6953
f 6953 1669 6950
f 6950 6954 6953
f 6955 1338 6952
f 6952 1748 6957
f 6957 1749 6955
f 6955 6952 6957
f 6952 1338 6601
f 6601 1669 6953
f 6953 1748 6952
f 6952 6601 6953
f 6958 1750 6959
f 6959 1465 5938
f 5938 1339 6958
f 6958 6959 5938
f 6959 1750 6960
f 6960 1667 6594
f 6594 1465 6959
f 6959 6960 6594
f 6592 1466 6595
f 6595 1667 6596
f 6596 1666 6592
f 6592 6595 6596
f 6595 1466 5940
f 5940 1465 6594
f 6594 1667 6595
f 6595 5940 6594
f 6966 1751 6963
f 6963 1466 6592
f 6592 1666 6966
f 6966 6963 6592
f 6963 1751 6962
f 6962 1127 5939
f 5939 1466 6963
f 6963 6962 5939
f 6972 1752 6967
f 6967 1127 6962
f 6962 1751 6972
f 6972 6967 6962
f 6967 1752 6968
f 6968 1128 5096
f 5096 1127 6967
f 6967 6968 5096
f 6971 1646 6513
f 6513 1128 6968
f 6968 1752 6971
f 6971 6513 6968
f 6513 1646 6516
f 6516 1634 6464
f 6464 1128 6513
f 6513 6516 6464
f 6517 1645 6511
f 6511 1634 6516
f 6516 1646 6517
f 6517 6511 6516
f 6511 1645 6510
f 6510 1164 6465
f 6465 1634 6511
f 6511 6510 6465
f 6977 1753 6974
f 6974 1164 6510
f 6510 1645 6977
f 6977 6974 6510
f 6974 1753 6975
f 6975 1165 5158
f 5158 1164 6974
f 6974 6975 5158
f 6981 1754 6978
f 6978 1165 6975
f 6975 1753 6981
f 6981 6978 6975
f 6978 1754 6979
f 6979 1166 5160
f 5160 1165 6978
f 6978 6979 5160
f 6989 1756 6986
f 6986 1173 6982
f 6982 1755 6989
f 6989 6986 6982
f 6986 1756 6985
f 6985 1170 5179
f 5179 1173 6986
f 6986 6985 5179
f 6991 1757 6990
f 6990 1131 5104
f 5104 1134 6991
f 6991 6990 5104
f 6990 1757 6992
f 6992 1255 5344
f 5344 1131 6990
f 6990 6992 5344
f 5346 1254 5341
f 5341 1131 5344
f 5344 1255 5346
f 5346 5341 5344
f 5341 1254 5342
f 5342 1203 5232
f 5232 1131 5341
f 5341 5342 5232
f 6727 1696 6726
f 6726 1203 5342
f 5342 1254 6727
f 6727 6726 5342
f 6726 1696 6730
f 6730 1695 6721
f 6721 1203 6726
f 6726 6730 6721
f 6728 1498 6723
f 6723 1695 6730
f 6730 1696 6728
f 6728 6723 6730
f 6723 1498 6647
f 6647 1678 6724
f 6724 1695 6723
f 6723 6647 6724
f 6030 1497 6646
f 6646 1678 6647
f 6647 1498 6030
f 6030 6646 6647
f 6646 1497 6644
f 6644 1677 6648
f 6648 1678 6646
f 6646 6644 6648
f 6688 1688 6689
f 6689 1677 6644
f 6644 1497 6688
f 6688 6689 6644
f 6689 1688 6687
f 6687 1285 6641
f 6641 1677 6689
f 6689 6687 6641
f 6683 1251 5336
f 5336 1208 6682
f 6682 1687 6683
f 6683 5336 6682
f 5336 1251 5335
f 5335 1205 5242
f 5242 1208 5336
f 5336 5335 5242
f 5337 1248 5329
f 5329 1205 5335
f 5335 1251 5337
f 5337 5329 5335
f 5329 1248 5330
f 5330 1210 5247
f 5247 1205 5329
f 5329 5330 5247
f 6997 1759 7003
f 7003 1761 7002
f 7002 1758 6997
f 6997 7003 7002
f 7003 1759 7000
f 7000 1760 7004
f 7004 1761 7003
f 7003 7000 7004
f 7005 1762 7006
f 7006 1550 6225
f 6225 1549 7005
f 7005 7006 6225
f 7006 1762 7010
f 7010 1763 7009
f 7009 1550 7006
f 7006 7010 7009
f 7011 1764 7012
f 7012 1227 5286
f 5286 1226 7011
f 7011 7012 5286
f 7012 1764 7019
f 7019 1765 7015
f 7015 1227 7012
f 7012 7019 7015
f 7020 1766 7021
f 7021 1233 5301
f 5301 1232 7020
f 7020 7021 5301
f 7021 1766 7027
f 7027 1767 7024
f 7024 1233 7021
f 7021 7027 7024
f 7028 1234 7016
f 7016 1765 7032
f 7032 1768 7028
f 7028 7016 7032
f 7016 1234 5303
f 5303 1227 7015
f 7015 1765 7016
f 7016 5303 7015
f 7033 1769 7034
f 7034 1237 5308
f 5308 1236 7033
f 7033 7034 5308
f 7034 1769 7037
f 7037 1770 7035
f 7035 1237 7034
f 7034 7037 7035
f 7038 1771 7039
f 7039 1241 5316
f 5316 1240 7038
f 7038 7039 5316
f 7039 1771 7043
f 7043 1772 7042
f 7042 1241 7039
f 7039 7043 7042
f 6999 1760 6998
f 6998 1232 5332
f 5332 1249 6999
f 6999 6998 5332
f 6998 1760 7022
f 7022 1766 7020
f 7020 1232 6998
f 6998 7022 7020
f 7028 1768 7029
f 7029 1279 5407
f 5407 1234 7028
f 7028 7029 5407
f 7029 1768 7047
f 7047 1773 7044
f 7044 1279 7029
f 7029 7047 7044
f 7049 1774 7048
f 7048 1240 5462
f 5462 1299 7049
f 7049 7048 5462
f 7048 1774 7051
f 7051 1771 7038
f 7038 1240 7048
f 7048 7051 7038
f 7024 1767 7023
f 7023 1226 5300
f 5300 1233 7024
f 7024 7023 5300
f 7023 1767 7026
f 7026 1764 7011
f 7011 1226 7023
f 7023 7026 7011
f 7052 1775 7053
f 7053 1482 5986
f 5986 1481 7052
f 7052 7053 5986
f 7053 1775 7058
f 7058 1776 7056
f 7056 1482 7053
f 7053 7058 7056
f 7066 1778 7063
f 7063 1250 7059
f 7059 1777 7066
f 7066 7063 7059
f 7063 1778 7071
f 7071 1779 7069
f 7069 1250 7063
f 7063 7071 7069
f 6944 1745 6942
f 6942 1503 6941
f 6941 1744 6944
f 6944 6942 6941
f 6942 1745 6943
f 6943 1675 6632
f 6632 1503 6942
f 6942 6943 6632
f 6955 1749 6956
f 6956 1339 5550
f 5550 1338 6955
f 6955 6956 5550
f 6956 1749 6961
f 6961 1750 6958
f 6958 1339 6956
f 6956 6961 6958
f 7072 1158 7074
f 7074 1781 7076
f 7076 1780 7072
f 7072 7074 7076
f 7074 1158 5500
f 5500 1315 7075
f 7075 1781 7074
f 7074 5500 7075
f 7075 1315 7077
f 7077 1782 7079
f 7079 1781 7075
f 7075 7077 7079
f 7077 1315 6367
f 6367 1600 7078
f 7078 1782 7077
f 7077 6367 7078
f 7087 1785 7086
f 7086 1783 7083
f 7083 1784 7087
f 7087 7086 7083
f 7086 1785 7089
f 7089 1786 7088
f 7088 1783 7086
f 7086 7089 7088
f 7096 1789 7095
f 7095 1787 7092
f 7092 1788 7096
f 7096 7095 7092
f 7095 1789 7098
f 7098 1790 7097
f 7097 1787 7095
f 7095 7098 7097
f 7099 1606 7102
f 7102 1792 7105
f 7105 1791 7099
f 7099 7102 7105
f 7102 1606 6386
f 6386 1607 7103
f 7103 1792 7102
f 7102 6386 7103
f 6431 1625 7104
f 7104 1792 7103
f 7103 1607 6431
f 6431 7104 7103
f 7104 1625 7106
f 7106 1793 7107
f 7107 1792 7104
f 7104 7106 7107
f 7108 1794 7109
f 7109 1625 6433
f 6433 1624 7108
f 7108 7109 6433
f 7109 1794 7110
f 7110 1793 7106
f 7106 1625 7109
f 7109 7110 7106
f 7112 1795 7113
f 7113 1654 6544
f 6544 1623 7112
f 7112 7113 6544
f 7113 1795 7114
f 7114 1655 6547
f 6547 1654 7113
f 7113 7114 6547
f 6428 1622 7111
f 7111 1795 7112
f 7112 1623 6428
f 6428 7111 7112
f 7111 1622 7115
f 7115 1796 7117
f 7117 1795 7111
f 7111 7115 7117
f 6348 1117 7118
f 7118 1797 7119
f 7119 1592 6348
f 6348 7118 7119
f 7118 1117 7123
f 7123 1798 7125
f 7125 1797 7118
f 7118 7123 7125
f 5112 1136 7126
f 7126 1799 7127
f 7127 1137 5112
f 5112 7126 7127
f 7126 1136 7130
f 7130 1800 7131
f 7131 1799 7126
f 7126 7130 7131
f 7134 1801 7135
f 7135 1718 6817
f 6817 1543 7134
f 7134 7135 6817
f 7135 1801 7136
f 7136 1719 6822
f 6822 1718 7135
f 7135 7136 6822
f 7139 1802 7140
f 7140 1543 6197
f 6197 1453 7139
f 7139 7140 6197
f 7140 1802 7141
f 7141 1801 7134
f 7134 1543 7140
f 7140 7141 7134
f 7144 1803 7145
f 7145 1453 5897
f 5897 1148 7144
f 7144 7145 5897
f 7145 1803 7146
f 7146 1802 7139
f 7139 1453 7145
f 7145 7146 7139
f 7148 1804 7149
f 7149 1148 5130
f 5130 1147 7148
f 7148 7149 5130
f 7149 1804 7151
f 7151 1803 7144
f 7144 1148 7149
f 7149 7151 7144
f 7153 1805 7152
f 7152 1147 5162
f 5162 1168 7153
f 7153 7152 5162
f 7152 1805 7156
f 7156 1804 7148
f 7148 1147 7152
f 7152 7156 7148
f 7157 1806 7158
f 7158 1168 5164
f 5164 1167 7157
f 7157 7158 5164
f 7158 1806 7161
f 7161 1805 7153
f 7153 1168 7158
f 7158 7161 7153
f 7157 1167 7165
f 7165 1808 7168
f 7168 1806 7157
f 7157 7165 7168
f 7165 1167 7163
f 7163 1807 7169
f 7169 1808 7165
f 7165 7163 7169
f 7169 1807 7175
f 7175 1810 7176
f 7176 1808 7169
f 7169 7175 7176
f 7175 1807 7173
f 7173 1809 7177
f 7177 1810 7175
f 7175 7173 7177
f 7180 1605 7186
f 7186 1812 7188
f 7188 1811 7180
f 7180 7186 7188
f 7186 1605 6381
f 6381 1604 7185
f 7185 1812 7186
f 7186 6381 7185
f 7185 1604 7189
f 7189 1813 7193
f 7193 1812 7185
f 7185 7189 7193
f 7189 1604 7091
f 7091 1788 7192
f 7192 1813 7189
f 7189 7091 7192
f 7125 1798 7124
f 7124 1787 7120
f 7120 1797 7125
f 7125 7124 7120
f 7124 1798 7197
f 7197 1814 7195
f 7195 1787 7124
f 7124 7197 7195
f 7207 1816 7206
f 7206 1786 7201
f 7201 1815 7207
f 7207 7206 7201
f 7206 1816 7205
f 7205 1783 7088
f 7088 1786 7206
f 7206 7205 7088
f 7208 1144 7215
f 7215 1818 7217
f 7217 1817 7208
f 7208 7215 7217
f 7215 1144 5124
f 5124 1143 7214
f 7214 1818 7215
f 7215 5124 7214
f 6903 1735 6894
f 6894 1580 6899
f 6899 1736 6903
f 6903 6894 6899
f 6894 1735 6893
f 6893 1140 6312
f 6312 1580 6894
f 6894 6893 6312
f 6903 1736 6902
f 6902 1730 6895
f 6895 1735 6903
f 6903 6902 6895
f 6902 1736 6900
f 6900 1728 6872
f 6872 1730 6902
f 6902 6900 6872
f 6328 1582 6333
f 6333 1586 6334
f 6334 1584 6328
f 6328 6333 6334
f 6333 1582 6321
f 6321 1156 6332
f 6332 1586 6333
f 6333 6321 6332
f 6186 1540 6185
f 6185 1293 5910
f 5910 1457 6186
f 6186 6185 5910
f 6185 1540 6184
f 6184 1290 5442
f 5442 1293 6185
f 6185 6184 5442
f 4932 1055 5909
f 5909 1457 5908
f 5908 1052 4932
f 4932 5909 5908
f 5909 1055 6182
f 6182 1540 6186
f 6186 1457 5909
f 5909 6182 6186
f 4934 1056 4935
f 4935 1052 4925
f 4925 1051 4934
f 4934 4935 4925
f 4935 1056 4936
f 4936 1055 4932
f 4932 1052 4935
f 4935 4936 4932
f 5576 1348 5572
f 5572 1051 5126
f 5126 1146 5576
f 5576 5572 5126
f 5572 1348 5573
f 5573 1056 4934
f 4934 1051 5572
f 5572 5573 4934
f 5171 1133 5128
f 5128 1146 5174
f 5174 1171 5171
f 5171 5128 5174
f 5128 1133 5575
f 5575 1348 5576
f 5576 1146 5128
f 5128 5575 5576
f 5170 1134 5172
f 5172 1171 5175
f 5175 1170 5170
f 5170 5172 5175
f 5172 1134 5105
f 5105 1133 5171
f 5171 1171 5172
f 5172 5105 5171
f 6985 1756 6984
f 6984 1134 5170
f 5170 1170 6985
f 6985 6984 5170
f 6984 1756 6995
f 6995 1757 6991
f 6991 1134 6984
f 6984 6995 6991
f 6987 1471 6994
f 6994 1757 6995
f 6995 1756 6987
f 6987 6994 6995
f 6994 1471 5956
f 5956 1333 6993
f 6993 1757 6994
f 6994 5956 6993
f 6370 1601 6369
f 6369 1332 5953
f 5953 1470 6370
f 6370 6369 5953
f 6369 1601 6371
f 6371 1600 6368
f 6368 1332 6369
f 6369 6371 6368
f 7081 1784 7080
f 7080 1600 6371
f 6371 1601 7081
f 7081 7080 6371
f 7080 1784 7082
f 7082 1782 7078
f 7078 1600 7080
f 7080 7082 7078
f 7220 1819 7219
f 7219 1783 7205
f 7205 1816 7220
f 7220 7219 7205
f 7219 1819 7226
f 7226 1820 7224
f 7224 1783 7219
f 7219 7226 7224
f 7216 1258 7210
f 7210 1817 7217
f 7217 1818 7216
f 7216 7210 7217
f 7210 1258 5353
f 5353 1257 7209
f 7209 1817 7210
f 7210 5353 7209
f 6316 1581 6317
f 6317 1140 5115
f 5115 1139 6316
f 6316 6317 5115
f 6317 1581 6320
f 6320 1580 6312
f 6312 1140 6317
f 6317 6320 6312
f 5474 1304 5475
f 5475 1258 5352
f 5352 1142 5474
f 5474 5475 5352
f 5475 1304 5473
f 5473 1138 5351
f 5351 1258 5475
f 5475 5473 5351
f 6890 1306 5481
f 5481 1141 6889
f 6889 1734 6890
f 6890 5481 6889
f 5481 1306 6885
f 6885 1733 6882
f 6882 1141 5481
f 5481 6885 6882
f 6873 1307 6891
f 6891 1734 6892
f 6892 1731 6873
f 6873 6891 6892
f 6891 1307 5482
f 5482 1306 6890
f 6890 1734 6891
f 6891 5482 6890
f 5670 1374 6331
f 6331 1585 6329
f 6329 1155 5670
f 5670 6331 6329
f 6331 1374 6860
f 6860 1727 6861
f 6861 1585 6331
f 6331 6860 6861
f 5673 1375 5674
f 5674 1155 5140
f 5140 1154 5673
f 5673 5674 5140
f 5674 1375 5677
f 5677 1374 5670
f 5670 1155 5674
f 5674 5677 5670
f 6325 1582 7231
f 7231 1821 7232
f 7232 1583 6325
f 6325 7231 7232
f 7231 1582 6322
f 6322 1575 7230
f 7230 1821 7231
f 7231 6322 7230
f 6324 1583 7239
f 7239 1822 7234
f 7234 1157 6324
f 6324 7239 7234
f 7239 1583 7232
f 7232 1821 7240
f 7240 1822 7239
f 7239 7232 7240
f 5673 1154 7233
f 7233 1822 7238
f 7238 1375 5673
f 5673 7233 7238
f 7233 1154 5143
f 5143 1157 7234
f 7234 1822 7233
f 7233 5143 7234
f 7250 1825 7249
f 7249 1823 7245
f 7245 1824 7250
f 7250 7249 7245
f 7249 1825 7254
f 7254 1826 7253
f 7253 1823 7249
f 7249 7254 7253
f 7255 1827 7256
f 7256 1749 6957
f 6957 1748 7255
f 7255 7256 6957
f 7256 1827 7257
f 7257 1826 7251
f 7251 1749 7256
f 7256 7257 7251
f 7261 1829 7267
f 7267 1830 7266
f 7266 1828 7261
f 7261 7267 7266
f 7267 1829 7260
f 7260 1827 7265
f 7265 1830 7267
f 7267 7260 7265
f 7273 1828 7270
f 7270 1831 7274
f 7274 1832 7273
f 7273 7270 7274
f 7270 1828 7266
f 7266 1830 7271
f 7271 1831 7270
f 7270 7266 7271
f 6947 1745 7268
f 7268 1831 7269
f 7269 1746 6947
f 6947 7268 7269
f 7268 1745 7276
f 7276 1833 7277
f 7277 1831 7268
f 7268 7276 7277
f 7286 1835 7287
f 7287 1834 7282
f 7282 1833 7286
f 7286 7287 7282
f 7287 1835 7291
f 7291 1836 7290
f 7290 1834 7287
f 7287 7291 7290
f 7283 1835 7284
f 7284 1474 5961
f 5961 1473 7283
f 7283 7284 5961
f 7284 1835 7285
f 7285 1744 6939
f 6939 1474 7284
f 7284 7285 6939
f 7248 1825 7246
f 7246 1667 6960
f 6960 1750 7248
f 7248 7246 6960
f 7246 1825 7247
f 7247 1668 6600
f 6600 1667 7246
f 7246 7247 6600
f 6544 1654 6543
f 6543 1620 6426
f 6426 1623 6544
f 6544 6543 6426
f 6543 1654 7295
f 7295 1837 7293
f 7293 1620 6543
f 6543 7295 7293
f 7296 1838 7299
f 7299 1654 6542
f 6542 1408 7296
f 7296 7299 6542
f 7299 1838 7300
f 7300 1837 7295
f 7295 1654 7299
f 7299 7300 7295
f 7301 1839 7302
f 7302 1408 5774
f 5774 1407 7301
f 7301 7302 5774
f 7302 1839 7306
f 7306 1838 7296
f 7296 1408 7302
f 7302 7306 7296
f 7308 1840 7307
f 7307 1624 6557
f 6557 1658 7308
f 7308 7307 6557
f 7307 1840 7309
f 7309 1794 7108
f 7108 1624 7307
f 7307 7309 7108
f 7310 1841 7311
f 7311 1658 6555
f 6555 1185 7310
f 7310 7311 6555
f 7311 1841 7312
f 7312 1840 7308
f 7308 1658 7311
f 7311 7312 7308
f 7313 1842 7314
f 7314 1185 5199
f 5199 1184 7313
f 7313 7314 5199
f 7314 1842 7318
f 7318 1841 7310
f 7310 1185 7314
f 7314 7318 7310
f 7301 1407 7288
f 7288 1836 7305
f 7305 1839 7301
f 7301 7288 7305
f 7288 1407 7279
f 7279 1834 7290
f 7290 1836 7288
f 7288 7279 7290
f 7242 1824 7243
f 7243 1184 5197
f 5197 1183 7242
f 7242 7243 5197
f 7243 1824 7245
f 7245 1823 7241
f 7241 1184 7243
f 7243 7245 7241
f 7323 1842 7316
f 7316 1828 7320
f 7320 1843 7323
f 7323 7316 7320
f 7316 1842 7317
f 7317 1829 7261
f 7261 1828 7316
f 7316 7317 7261
f 7273 1832 7321
f 7321 1843 7320
f 7320 1828 7273
f 7273 7321 7320
f 7321 1832 7272
f 7272 1410 7319
f 7319 1843 7321
f 7321 7272 7319
f 7324 1844 7325
f 7325 1410 5778
f 5778 1409 7324
f 7324 7325 5778
f 7325 1844 7328
f 7328 1843 7319
f 7319 1410 7325
f 7325 7328 7319
f 7330 1845 7329
f 7329 1409 6546
f 6546 1655 7330
f 7330 7329 6546
f 7329 1845 7333
f 7333 1844 7324
f 7324 1409 7329
f 7329 7333 7324
f 7334 1780 7337
f 7337 1847 7341
f 7341 1846 7334
f 7334 7337 7341
f 7337 1780 7076
f 7076 1781 7338
f 7338 1847 7337
f 7337 7076 7338
f 7338 1781 7222
f 7222 1820 7340
f 7340 1847 7338
f 7338 7222 7340
f 7222 1781 7079
f 7079 1782 7223
f 7223 1820 7222
f 7222 7079 7223
f 7085 1785 7084
f 7084 1601 6374
f 6374 1602 7085
f 7085 7084 6374
f 7084 1785 7087
f 7087 1784 7081
f 7081 1601 7084
f 7084 7087 7081
f 7100 1789 7094
f 7094 1606 7099
f 7099 1791 7100
f 7100 7094 7099
f 7094 1789 7093
f 7093 1603 6383
f 6383 1606 7094
f 7094 7093 6383
f 7105 1792 7344
f 7344 1848 7343
f 7343 1791 7105
f 7105 7344 7343
f 7344 1792 7345
f 7345 1849 7346
f 7346 1848 7344
f 7344 7345 7346
f 7345 1792 7347
f 7347 1850 7350
f 7350 1849 7345
f 7345 7347 7350
f 7347 1792 7107
f 7107 1793 7348
f 7348 1850 7347
f 7347 7107 7348
f 7353 1851 7352
f 7352 1793 7110
f 7110 1794 7353
f 7353 7352 7110
f 7352 1851 7357
f 7357 1850 7348
f 7348 1793 7352
f 7352 7357 7348
f 7354 1851 7351
f 7351 1655 7114
f 7114 1795 7354
f 7354 7351 7114
f 7351 1851 7356
f 7356 1845 7330
f 7330 1655 7351
f 7351 7356 7330
f 7117 1796 7355
f 7355 1851 7354
f 7354 1795 7117
f 7117 7355 7354
f 7355 1796 7349
f 7349 1850 7357
f 7357 1851 7355
f 7355 7349 7357
f 7360 1852 7362
f 7362 1850 7349
f 7349 1796 7360
f 7360 7362 7349
f 7362 1852 7361
f 7361 1849 7350
f 7350 1850 7362
f 7362 7361 7350
f 7367 1853 7366
f 7366 1849 7361
f 7361 1852 7367
f 7367 7366 7361
f 7366 1853 7365
f 7365 1848 7346
f 7346 1849 7366
f 7366 7365 7346
f 7373 1854 7372
f 7372 1848 7365
f 7365 1853 7373
f 7373 7372 7365
f 7372 1854 7370
f 7370 1790 7342
f 7342 1848 7372
f 7372 7370 7342
f 7377 1855 7378
f 7378 1820 7226
f 7226 1819 7377
f 7377 7378 7226
f 7378 1855 7379
f 7379 1847 7340
f 7340 1820 7378
f 7378 7379 7340
f 7376 1799 7339
f 7339 1847 7379
f 7379 1855 7376
f 7376 7339 7379
f 7339 1799 7335
f 7335 1846 7341
f 7341 1847 7339
f 7339 7335 7341
f 7131 1800 7336
f 7336 1846 7335
f 7335 1799 7131
f 7131 7336 7335
f 7336 1800 7383
f 7383 1856 7384
f 7384 1846 7336
f 7336 7383 7384
f 7190 1813 7191
f 7191 1786 7089
f 7089 1785 7190
f 7190 7191 7089
f 7191 1813 7198
f 7198 1814 7194
f 7194 1786 7191
f 7191 7198 7194
f 7082 1784 7225
f 7225 1820 7223
f 7223 1782 7082
f 7082 7225 7223
f 7225 1784 7083
f 7083 1783 7224
f 7224 1820 7225
f 7225 7083 7224
f 7332 1845 7331
f 7331 1794 7309
f 7309 1840 7332
f 7332 7331 7309
f 7331 1845 7356
f 7356 1851 7353
f 7353 1794 7331
f 7331 7356 7353
f 7327 1844 7326
f 7326 1840 7312
f 7312 1841 7327
f 7327 7326 7312
f 7326 1844 7333
f 7333 1845 7332
f 7332 1840 7326
f 7326 7333 7332
f 7323 1843 7322
f 7322 1841 7318
f 7318 1842 7323
f 7323 7322 7318
f 7322 1843 7328
f 7328 1844 7327
f 7327 1841 7322
f 7322 7328 7327
f 7281 1834 7280
f 7280 1410 7272
f 7272 1832 7281
f 7281 7280 7272
f 7280 1834 7279
f 7279 1407 5777
f 5777 1410 7280
f 7280 7279 5777
f 7317 1842 7315
f 7315 1823 7258
f 7258 1829 7317
f 7317 7315 7258
f 7315 1842 7313
f 7313 1184 7241
f 7241 1823 7315
f 7315 7313 7241
f 7386 1610 6584
f 6584 1664 7389
f 7389 1857 7386
f 7386 6584 7389
f 6584 1610 6398
f 6398 1609 6583
f 6583 1664 6584
f 6584 6398 6583
f 7390 1044 7385
f 7385 1857 7394
f 7394 1858 7390
f 7390 7385 7394
f 7385 1044 6396
f 6396 1610 7386
f 7386 1857 7385
f 7385 6396 7386
f 7395 1045 7391
f 7391 1858 7399
f 7399 1859 7395
f 7395 7391 7399
f 7391 1045 4913
f 4913 1044 7390
f 7390 1858 7391
f 7391 4913 7390
f 7400 1595 7396
f 7396 1859 7405
f 7405 1860 7400
f 7400 7396 7405
f 7396 1595 6356
f 6356 1045 7395
f 7395 1859 7396
f 7396 6356 7395
f 6929 1596 7401
f 7401 1860 7404
f 7404 1742 6929
f 6929 7401 7404
f 7401 1596 6357
f 6357 1595 7400
f 7400 1860 7401
f 7401 6357 7400
f 6929 1742 6930
f 6930 1617 6415
f 6415 1596 6929
f 6929 6930 6415
f 6930 1742 6932
f 6932 1741 6925
f 6925 1617 6930
f 6930 6932 6925
f 6532 1618 6926
f 6926 1741 6927
f 6927 1651 6532
f 6532 6926 6927
f 6926 1618 6418
f 6418 1617 6925
f 6925 1741 6926
f 6926 6418 6925
f 6551 1622 6531
f 6531 1650 6552
f 6552 1657 6551
f 6551 6531 6552
f 6531 1622 6425
f 6425 1621 6530
f 6530 1650 6531
f 6531 6425 6530
f 7387 1857 7388
f 7388 1662 6574
f 6574 1638 7387
f 7387 7388 6574
f 7388 1857 7389
f 7389 1664 6585
f 6585 1662 7388
f 7388 7389 6585
f 7392 1858 7393
f 7393 1638 6484
f 6484 1628 7392
f 7392 7393 6484
f 7393 1858 7394
f 7394 1857 7387
f 7387 1638 7393
f 7393 7394 7387
f 7397 1859 7398
f 7398 1628 6439
f 6439 1627 7397
f 7397 7398 6439
f 7398 1859 7399
f 7399 1858 7392
f 7392 1628 7398
f 7398 7399 7392
f 7403 1860 7402
f 7402 1627 6519
f 6519 1647 7403
f 7403 7402 6519
f 7402 1860 7405
f 7405 1859 7397
f 7397 1627 7402
f 7402 7405 7397
f 6938 1742 6931
f 6931 1647 6935
f 6935 1743 6938
f 6938 6931 6935
f 6931 1742 7404
f 7404 1860 7403
f 7403 1647 6931
f 6931 7404 7403
f 6915 1738 6910
f 6910 1190 6904
f 6904 1737 6915
f 6915 6910 6904
f 6910 1738 6914
f 6914 1615 6408
f 6408 1190 6910
f 6910 6914 6408
f 6866 1729 6867
f 6867 1577 6305
f 6305 1576 6866
f 6866 6867 6305
f 6867 1729 6865
f 6865 1192 6304
f 6304 1577 6867
f 6867 6865 6304
f 7230 1575 6297
f 6297 1152 7227
f 7227 1821 7230
f 7230 6297 7227
f 6297 1575 6298
f 6298 1153 5139
f 5139 1152 6297
f 6297 6298 5139
f 7228 1821 7229
f 7229 1213 5254
f 5254 1212 7228
f 7228 7229 5254
f 7229 1821 7227
f 7227 1152 5253
f 5253 1213 7229
f 7229 7227 5253
f 7228 1212 7235
f 7235 1822 7240
f 7240 1821 7228
f 7228 7235 7240
f 7235 1212 5260
f 5260 1219 7237
f 7237 1822 7235
f 7235 5260 7237
f 5261 1218 7236
f 7236 1822 7237
f 7237 1219 5261
f 5261 7236 7237
f 7236 1218 5675
f 5675 1375 7238
f 7238 1822 7236
f 7236 5675 7238
f 5666 1372 5665
f 5665 1218 5493
f 5493 1310 5666
f 5666 5665 5493
f 5665 1372 5676
f 5676 1375 5675
f 5675 1218 5665
f 5665 5676 5675
f 5492 885 5664
f 5664 1372 5666
f 5666 1310 5492
f 5492 5664 5666
f 5664 885 4437
f 4437 385 5663
f 5663 1372 5664
f 5664 4437 5663
f 7360 1796 7116
f 7116 1657 7359
f 7359 1852 7360
f 7360 7116 7359
f 7116 1796 7115
f 7115 1622 6551
f 6551 1657 7116
f 7116 7115 6551
f 7367 1852 7358
f 7358 1656 7364
f 7364 1853 7367
f 7367 7358 7364
f 7358 1852 7359
f 7359 1657 6554
f 6554 1656 7358
f 7358 7359 6554
f 7371 1854 7368
f 7368 1592 7119
f 7119 1797 7371
f 7371 7368 7119
f 7368 1854 7369
f 7369 1593 6352
f 6352 1592 7368
f 7368 7369 6352
f 5123 1144 7200
f 7200 1815 7199
f 7199 1116 5123
f 5123 7200 7199
f 7200 1144 7204
f 7204 1816 7207
f 7207 1815 7200
f 7200 7204 7207
f 7220 1816 7211
f 7211 1817 7221
f 7221 1819 7220
f 7220 7211 7221
f 7211 1816 7204
f 7204 1144 7208
f 7208 1817 7211
f 7211 7204 7208
f 7377 1819 7218
f 7218 1257 7375
f 7375 1855 7377
f 7377 7218 7375
f 7218 1819 7221
f 7221 1817 7209
f 7209 1257 7218
f 7218 7221 7209
f 7376 1855 7374
f 7374 1137 7127
f 7127 1799 7376
f 7376 7374 7127
f 7374 1855 7375
f 7375 1257 5349
f 5349 1137 7374
f 7374 7375 5349
f 5151 1159 5145
f 5145 886 5148
f 5148 1160 5151
f 5151 5145 5148
f 5145 1159 5146
f 5146 887 4441
f 4441 886 5145
f 5145 5146 4441
f 5188 1177 5186
f 5186 888 5181
f 5181 1174 5188
f 5188 5186 5181
f 5186 1177 5187
f 5187 889 4445
f 4445 888 5186
f 5186 5187 4445
f 7415 1862 7413
f 7413 1328 7408
f 7408 1861 7415
f 7415 7413 7408
f 7413 1862 7420
f 7420 1863 7416
f 7416 1328 7413
f 7413 7420 7416
f 7414 1763 7419
f 7419 1863 7420
f 7420 1862 7414
f 7414 7419 7420
f 7419 1763 7010
f 7010 1762 7418
f 7418 1863 7419
f 7419 7010 7418
f 7009 1763 7007
f 7007 893 6224
f 6224 1550 7009
f 7009 7007 6224
f 7007 1763 7008
f 7008 894 4462
f 4462 893 7007
f 7007 7008 4462
f 6700 1690 6701
f 6701 1175 5183
f 5183 1174 6700
f 6700 6701 5183
f 6701 1690 6702
f 6702 1679 6649
f 6649 1175 6701
f 6701 6702 6649
f 7410 1691 6703
f 6703 895 7406
f 7406 1861 7410
f 7410 6703 7406
f 6703 1691 6704
f 6704 896 4467
f 4467 895 6703
f 6703 6704 4467
f 7425 1177 6765
f 6765 1703 7426
f 7426 1864 7425
f 7425 6765 7426
f 6765 1177 5189
f 5189 1176 6764
f 6764 1703 6765
f 6765 5189 6764
f 7423 1864 7424
f 7424 1161 5153
f 5153 1160 7423
f 7423 7424 5153
f 7424 1864 7426
f 7426 1703 6763
f 6763 1161 7424
f 7424 7426 6763
f 7429 1159 7073
f 7073 1780 7430
f 7430 1865 7429
f 7429 7073 7430
f 7073 1159 5147
f 5147 1158 7072
f 7072 1780 7073
f 7073 5147 7072
f 7432 1865 7431
f 7431 1846 7384
f 7384 1856 7432
f 7432 7431 7384
f 7431 1865 7430
f 7430 1780 7334
f 7334 1846 7431
f 7431 7430 7334
f 7128 900 7381
f 7381 1856 7383
f 7383 1800 7128
f 7128 7381 7383
f 7381 900 4481
f 4481 899 7380
f 7380 1856 7381
f 7381 4481 7380
f 5108 901 7129
f 7129 1800 7130
f 7130 1136 5108
f 5108 7129 7130
f 7129 901 4484
f 4484 900 7128
f 7128 1800 7129
f 7129 4484 7128
f 7440 1868 7439
f 7439 1866 7435
f 7435 1867 7440
f 7440 7439 7435
f 7439 1868 7443
f 7443 1869 7442
f 7442 1866 7439
f 7439 7443 7442
f 7450 1872 7449
f 7449 1870 7446
f 7446 1871 7450
f 7450 7449 7446
f 7449 1872 7454
f 7454 1873 7453
f 7453 1870 7449
f 7449 7454 7453
f 7464 1875 7459
f 7459 1022 7456
f 7456 1874 7464
f 7464 7459 7456
f 7459 1875 7462
f 7462 1722 6835
f 6835 1022 7459
f 7459 7462 6835
f 7468 1876 7467
f 7467 1866 7444
f 7444 1871 7468
f 7468 7467 7444
f 7467 1876 7473
f 7473 1877 7471
f 7471 1866 7467
f 7467 7473 7471
f 5770 1406 7478
f 7478 1878 7476
f 7476 1282 5770
f 5770 7478 7476
f 7478 1406 7434
f 7434 1867 7479
f 7479 1878 7478
f 7478 7434 7479
f 7485 1874 7455
f 7455 1021 7481
f 7481 1879 7485
f 7485 7455 7481
f 7455 1874 7456
f 7456 1022 4883
f 4883 1021 7455
f 7455 7456 4883
f 7482 1879 7483
f 7483 1460 5921
f 5921 1456 7482
f 7482 7483 5921
f 7483 1879 7481
f 7481 1021 5920
f 5920 1460 7483
f 7483 7481 5920
f 7466 1876 7465
f 7465 1077 4992
f 4992 1080 7466
f 7466 7465 4992
f 7465 1876 7490
f 7490 1880 7486
f 7486 1077 7465
f 7465 7490 7486
f 7469 1007 7474
f 7474 1878 7480
f 7480 1877 7469
f 7469 7474 7480
f 7474 1007 4864
f 4864 1010 7475
f 7475 1878 7474
f 7474 4864 7475
f 5200 1181 6094
f 6094 1517 6095
f 6095 1187 5200
f 5200 6094 6095
f 6094 1181 5194
f 5194 1180 6093
f 6093 1517 6094
f 6094 5194 6093
f 5193 1181 6454
f 6454 1632 6453
f 6453 1178 5193
f 5193 6454 6453
f 6454 1181 6034
f 6034 1500 6455
f 6455 1632 6454
f 6454 6034 6455
f 5200 1187 6036
f 6036 1500 6034
f 6034 1181 5200
f 5200 6036 6034
f 6036 1187 5201
f 5201 1186 6035
f 6035 1500 6036
f 6036 5201 6035
f 7499 1882 7498
f 7498 1462 7495
f 7495 1881 7499
f 7499 7498 7495
f 7498 1882 7497
f 7497 1376 5930
f 5930 1462 7498
f 7498 7497 5930
f 7504 1883 7502
f 7502 1334 6846
f 6846 1724 7504
f 7504 7502 6846
f 7502 1883 7503
f 7503 1335 5543
f 5543 1334 7502
f 7502 7503 5543
f 7513 1885 7512
f 7512 1705 7507
f 7507 1884 7513
f 7513 7512 7507
f 7512 1885 7511
f 7511 1275 6773
f 6773 1705 7512
f 7512 7511 6773
f 7518 1671 6612
f 6612 1274 7516
f 7516 1886 7518
f 7518 6612 7516
f 6612 1671 6611
f 6611 1105 5391
f 5391 1274 6612
f 6612 6611 5391
f 7525 1881 7494
f 7494 1371 7523
f 7523 1887 7525
f 7525 7494 7523
f 7494 1881 7495
f 7495 1462 5929
f 5929 1371 7494
f 7494 7495 5929
f 6613 1671 6609
f 6609 924 6605
f 6605 1670 6613
f 6613 6609 6605
f 6609 1671 6610
f 6610 925 4569
f 4569 924 6609
f 6609 6610 4569
f 7530 1888 7528
f 7528 1335 7503
f 7503 1883 7530
f 7530 7528 7503
f 7528 1888 7529
f 7529 1708 6782
f 6782 1335 7528
f 7528 7529 6782
f 6847 1723 6839
f 6839 927 6843
f 6843 1724 6847
f 6847 6839 6843
f 6839 1723 6840
f 6840 928 4578
f 4578 927 6839
f 6839 6840 4578
f 6852 1670 6606
f 6606 929 6848
f 6848 1725 6852
f 6852 6606 6848
f 6606 1670 6605
f 6605 924 4581
f 4581 929 6606
f 6606 6605 4581
f 6842 1402 5757
f 5757 928 6840
f 6840 1723 6842
f 6842 5757 6840
f 5757 1402 5758
f 5758 930 4585
f 4585 928 5757
f 5757 5758 4585
f 7524 1887 7522
f 7522 1108 6851
f 6851 1725 7524
f 7524 7522 6851
f 7522 1887 7523
f 7523 1371 5660
f 5660 1108 7522
f 7522 7523 5660
f 5762 1298 5456
f 5456 930 5758
f 5758 1402 5762
f 5762 5456 5758
f 5456 1298 5455
f 5455 400 4583
f 4583 930 5456
f 5456 5455 4583
f 5977 1215 7532
f 7534 1890 7535
f 7535 1215 5255
f 5255 1214 7534
f 7534 7535 5255
f 7535 1890 7538
f 7538 1889 7532
f 7532 1215 7535
f 7535 7538 7532
f 7534 1214 6236
f 6236 1555 7537
f 7537 1890 7534
f 7534 6236 7537
f 6236 1214 5267
f 5267 1221 6237
f 6237 1555 6236
f 6236 5267 6237
f 6238 1554 7536
f 7536 1890 7537
f 7537 1555 6238
f 6238 7536 7537
f 7536 1554 7539
f 7539 1891 7541
f 7541 1890 7536
f 7536 7539 7541
f 7542 1889 7540
f 7540 1891 7543
f 7543 1892 7542
f 7542 7540 7543
f 7540 1889 7538
f 7538 1890 7541
f 7541 1891 7540
f 7540 7538 7541
f 7549 1894 7550
f 7550 1893 7545
f 7545 1553 7549
f 7549 7550 7545
f 7550 1894 7553
f 7553 1895 7552
f 7552 1893 7550
f 7550 7553 7552
f 7557 1759 6996
f 6996 1557 7555
f 7555 1896 7557
f 7557 6996 7555
f 6996 1759 7564
f 7564 1897 7562
f 7562 1557 6996
f 6996 7564 7562
f 7571 1900 7570
f 7570 1898 7569
f 7569 1899 7571
f 7571 7570 7569
f 7570 1900 7573
f 7573 1901 7572
f 7572 1898 7570
f 7570 7573 7572
f 7574 1902 7575
f 7575 1891 7539
f 7539 1554 7574
f 7574 7575 7539
f 7575 1902 7580
f 7580 1903 7577
f 7577 1891 7575
f 7575 7580 7577
f 7572 1901 7584
f 7584 1904 7583
f 7583 1898 7572
f 7572 7584 7583
f 7584 1901 7585
f 7585 1905 7588
f 7588 1904 7584
f 7584 7585 7588
f 7590 1906 7591
f 7591 1902 7576
f 7576 1897 7590
f 7590 7591 7576
f 7591 1906 7592
f 7592 1905 7586
f 7586 1902 7591
f 7591 7592 7586
f 7577 1903 7578
f 7578 1892 7543
f 7543 1891 7577
f 7577 7578 7543
f 7578 1903 7596
f 7596 1907 7593
f 7593 1892 7578
f 7578 7596 7593
f 7568 1327 7599
f 7600 1899 7568
f 7568 7599 7600
f 7599 1327 7598
f 5529 1326 7597
f 7598 1327 5529
f 5529 7597 7598
f 7597 1326 7603
f 5524 950 7602
f 7603 1326 5524
f 5524 7602 7603
f 7565 1229 7567
f 7567 1899 7569
f 7569 1898 7565
f 7565 7567 7569
f 7567 1229 5528
f 5528 1327 7568
f 7568 1899 7567
f 7567 5528 7568
f 7565 1898 7566
f 7566 1230 5290
f 5290 1229 7565
f 7565 7566 5290
f 7566 1898 7583
f 7583 1904 7581
f 7581 1230 7566
f 7566 7583 7581
f 7581 1904 7582
f 7582 1895 7551
f 7551 1230 7581
f 7581 7582 7551
f 7582 1904 7606
f 7606 1908 7605
f 7605 1895 7582
f 7582 7606 7605
f 7619 1910 7618
f 7618 1893 7611
f 7611 1909 7619
f 7619 7618 7611
f 7618 1910 7614
f 7614 1552 7544
f 7544 1893 7618
f 7618 7614 7544
f 7066 1777 7061
f 7061 1549 7064
f 7064 1778 7066
f 7066 7061 7064
f 7061 1777 7062
f 7062 1762 7005
f 7005 1549 7061
f 7061 7062 7005
f 7624 1911 7623
f 7623 1762 7062
f 7062 1777 7624
f 7624 7623 7062
f 7623 1911 7625
f 7625 1863 7418
f 7418 1762 7623
f 7623 7625 7418
f 7621 1911 7622
f 7622 1686 6681
f 6681 1329 7621
f 7621 7622 6681
f 7622 1911 7620
f 7620 1252 6680
f 6680 1686 7622
f 7622 7620 6680
f 7416 1863 7417
f 7417 1329 5530
f 5530 1328 7416
f 7416 7417 5530
f 7417 1863 7625
f 7625 1911 7621
f 7621 1329 7417
f 7417 7625 7621
f 5991 1276 5394
f 5394 1224 5990
f 5990 5991 5394
f 7626 1276 5991
f 7628 1510 7627
f 7627 1510 6065
f 6065 1276 7626
f 7627 6065 7626
f 7533 1889 7542
f 7630 1907 7631
f 7629 1892 7593
f 7593 1907 7630
f 7630 7629 7593
f 7601 1900 7571
f 7571 1899 7600
f 7600 7601 7571
f 7632 1900 7601
f 6234 1553 6235
f 6235 1552 6231
f 6231 1551 6234
f 6234 6235 6231
f 6235 1553 7545
f 7545 1893 7544
f 7544 1552 6235
f 6235 7545 7544
f 7070 1779 7617
f 7617 1910 7615
f 7615 1761 7070
f 7070 7617 7615
f 7617 1779 7071
f 7071 1778 7616
f 7616 1910 7617
f 7617 7071 7616
f 7013 1558 7017
f 7017 1765 7019
f 7019 1764 7013
f 7013 7017 7019
f 7017 1558 6253
f 6253 1562 7018
f 7018 1765 7017
f 7017 6253 7018
f 7559 1896 7560
f 7560 1767 7027
f 7027 1766 7559
f 7559 7560 7027
f 7560 1896 7556
f 7556 1559 7025
f 7025 1767 7560
f 7560 7556 7025
f 7031 1768 7030
f 7030 1562 6260
f 6260 1564 7031
f 7031 7030 6260
f 7030 1768 7032
f 7032 1765 7018
f 7018 1562 7030
f 7030 7032 7018
f 7636 1912 7637
f 7637 1770 7037
f 7037 1769 7636
f 7636 7637 7037
f 7637 1912 7642
f 7642 1913 7640
f 7640 1770 7637
f 7637 7642 7640
f 7645 1914 7646
f 7646 1772 7043
f 7043 1771 7645
f 7645 7646 7043
f 7646 1914 7652
f 7652 1915 7651
f 7651 1772 7646
f 7646 7652 7651
f 7022 1760 7558
f 7558 1896 7559
f 7559 1766 7022
f 7022 7558 7559
f 7558 1760 7000
f 7000 1759 7557
f 7557 1896 7558
f 7558 7000 7557
f 7031 1564 7046
f 7046 1773 7047
f 7047 1768 7031
f 7031 7046 7047
f 7046 1564 7654
f 7654 1916 7656
f 7656 1773 7046
f 7046 7654 7656
f 7661 1917 7660
f 7660 1771 7051
f 7051 1774 7661
f 7661 7660 7051
f 7660 1917 7663
f 7663 1914 7645
f 7645 1771 7660
f 7660 7663 7645
f 7025 1559 7014
f 7014 1764 7026
f 7026 1767 7025
f 7025 7014 7026
f 7014 1559 6246
f 6246 1558 7013
f 7013 1764 7014
f 7014 6246 7013
f 7666 1918 7667
f 7667 1776 7058
f 7058 1775 7666
f 7666 7667 7058
f 7667 1918 7674
f 7674 1919 7672
f 7672 1776 7667
f 7667 7674 7672
f 7616 1778 7065
f 7065 1552 7614
f 7614 1910 7616
f 7616 7065 7614
f 7065 1778 7064
f 7064 1549 6230
f 6230 1552 7065
f 7065 7064 6230
f 5557 1344 5558
f 5558 1285 5421
f 5421 1284 5557
f 5557 5558 5421
f 5558 1344 6643
f 6643 1677 6641
f 6641 1285 5558
f 5558 6643 6641
f 6653 1680 6654
f 6654 1331 5534
f 5534 1330 6653
f 6653 6654 5534
f 6654 1680 6657
f 6657 1679 6651
f 6651 1331 6654
f 6654 6657 6651
f 6658 1681 6659
f 6659 1385 5705
f 5705 1384 6658
f 6658 6659 5705
f 6659 1681 6662
f 6662 1493 6013
f 6013 1385 6659
f 6659 6662 6013
f 5723 1387 5727
f 5727 1391 5729
f 5729 1390 5723
f 5723 5727 5729
f 5727 1387 5713
f 5713 1268 5726
f 5726 1391 5727
f 5727 5713 5726
f 6667 1683 6668
f 6668 1485 5996
f 5996 1484 6667
f 6667 6668 5996
f 6668 1683 6669
f 6669 1489 6004
f 6004 1485 6668
f 6668 6669 6004
f 6019 1492 6025
f 6025 1495 6026
f 6026 1494 6019
f 6019 6025 6026
f 6025 1492 6010
f 6010 1345 6024
f 6024 1495 6025
f 6025 6010 6024
f 6639 1398 5746
f 5746 1391 6638
f 6638 1676 6639
f 6639 5746 6638
f 5746 1398 5745
f 5745 1388 5728
f 5728 1391 5746
f 5746 5745 5728
f 5418 1207 6022
f 6022 1495 6023
f 6023 1284 5418
f 5418 6022 6023
f 6022 1207 5239
f 5239 1130 6021
f 6021 1495 6022
f 6022 5239 6021
f 6674 1065 5994
f 5994 1485 6677
f 6677 1685 6674
f 6674 5994 6677
f 5994 1065 4975
f 4975 1074 5995
f 5995 1485 5994
f 5994 4975 5995
f 6016 1040 5704
f 5704 1385 6018
f 6018 1494 6016
f 6016 5704 6018
f 5704 1040 4907
f 4907 1039 5703
f 5703 1385 5704
f 5704 4907 5703
f 6694 1496 6027
f 6027 1330 6693
f 6693 1689 6694
f 6694 6027 6693
f 6027 1496 6655
f 6655 1680 6653
f 6653 1330 6027
f 6027 6655 6653
f 7410 1861 7409
f 7409 1331 6705
f 6705 1691 7410
f 7410 7409 6705
f 7409 1861 7408
f 7408 1328 5533
f 5533 1331 7409
f 7409 7408 5533
f 6691 1687 6685
f 6685 1285 6687
f 6687 1688 6691
f 6691 6685 6687
f 6685 1687 6682
f 6682 1208 5420
f 5420 1285 6685
f 6685 6682 5420
f 7546 964 5292
f 5292 1231 7548
f 7548 1894 7546
f 7546 5292 7548
f 5292 964 4731
f 4731 963 5291
f 5291 1231 5292
f 5292 4731 5291
f 6243 1556 7554
f 7554 1896 7555
f 7555 1557 6243
f 6243 7554 7555
f 7554 1556 6245
f 6245 1559 7556
f 7556 1896 7554
f 7554 6245 7556
f 6248 1556 6239
f 6239 1221 6247
f 6247 1560 6248
f 6248 6239 6247
f 6239 1556 6240
f 6240 1555 6237
f 6237 1221 6239
f 6239 6240 6237
f 6250 1561 6251
f 6251 1221 5268
f 5268 1220 6250
f 6250 6251 5268
f 6251 1561 6252
f 6252 1560 6247
f 6247 1221 6251
f 6251 6252 6247
f 6257 1563 6256
f 6256 1220 5398
f 5398 1277 6257
f 6257 6256 5398
f 6256 1563 6258
f 6258 1561 6250
f 6250 1220 6256
f 6256 6258 6250
f 7655 1916 7653
f 7653 1563 6264
f 6264 1565 7655
f 7655 7653 6264
f 7653 1916 7654
f 7654 1564 6261
f 6261 1563 7653
f 7653 7654 6261
f 7665 1918 7664
f 7664 1565 6267
f 6267 1566 7665
f 7665 7664 6267
f 7664 1918 7668
f 7668 1916 7655
f 7655 1565 7664
f 7664 7668 7655
f 7634 1912 7635
f 7635 1569 6277
f 6277 1568 7634
f 7634 7635 6277
f 7635 1912 7673
f 7673 1919 7670
f 7670 1569 7635
f 7635 7673 7670
f 7658 1917 7659
f 7659 1571 6283
f 6283 1570 7658
f 7658 7659 6283
f 7659 1917 7662
f 7662 1913 7639
f 7639 1571 7659
f 7659 7662 7639
f 7649 1915 7650
f 7650 1573 6291
f 6291 1572 7649
f 7649 7650 6291
f 7650 1915 7652
f 7652 1914 7644
f 7644 1573 7650
f 7650 7652 7644
f 4733 965 6285
f 6285 1572 6284
f 6284 594 4733
f 4733 6285 6284
f 6285 965 7647
f 7647 1915 7649
f 7649 1572 6285
f 6285 7647 7649
f 7553 1894 7547
f 7547 1230 7551
f 7551 1895 7553
f 7553 7547 7551
f 7547 1894 7548
f 7548 1231 5295
f 5295 1230 7547
f 7547 7548 5295
f 7562 1897 7561
f 7561 1554 6241
f 6241 1557 7562
f 7562 7561 6241
f 7561 1897 7576
f 7576 1902 7574
f 7574 1554 7561
f 7561 7576 7574
f 7608 1906 7612
f 7612 1909 7613
f 7613 1908 7608
f 7608 7612 7613
f 7612 1906 7589
f 7589 1758 7609
f 7609 1909 7612
f 7612 7589 7609
f 7605 1908 7604
f 7604 1893 7552
f 7552 1895 7605
f 7605 7604 7552
f 7604 1908 7613
f 7613 1909 7611
f 7611 1893 7604
f 7604 7613 7611
f 4739 966 7492
f 7492 1881 7493
f 7493 967 4739
f 4739 7492 7493
f 7492 966 7496
f 7496 1882 7499
f 7499 1881 7492
f 7492 7496 7499
f 4743 967 7520
f 7520 1887 7521
f 7521 968 4743
f 4743 7520 7521
f 7520 967 7493
f 7493 1881 7525
f 7525 1887 7520
f 7520 7493 7525
f 4742 968 6849
f 6849 1725 6848
f 6848 929 4742
f 4742 6849 6848
f 6849 968 7521
f 7521 1887 7524
f 7524 1725 6849
f 6849 7521 7524
f 4747 896 6698
f 6698 1690 6699
f 6699 969 4747
f 4747 6698 6699
f 6698 896 6704
f 6704 1691 6707
f 6707 1690 6698
f 6698 6704 6707
f 6106 1519 6208
f 6208 1545 6207
f 6207 1518 6106
f 6106 6208 6207
f 6208 1519 6212
f 6212 1546 6213
f 6213 1545 6208
f 6208 6212 6213
f 6103 1519 6104
f 6104 1179 5190
f 5190 1178 6103
f 6103 6104 5190
f 6104 1519 6105
f 6105 1439 5852
f 5852 1179 6104
f 6104 6105 5852
f 4748 885 5491
f 5491 885 5492
f 6854 1726 6853
f 6853 384 3898
f 3898 751 6854
f 6854 6853 3898
f 6853 1726 6857
f 6857 1373 5667
f 5667 384 6853
f 6853 6857 5667
f 5488 970 6177
f 6177 1539 6180
f 6180 1309 5488
f 5488 6177 6180
f 6177 970 4751
f 4751 555 6176
f 6176 1539 6177
f 6177 4751 6176
f 4973 1072 5747
f 5747 1399 5748
f 5748 1073 4973
f 4973 5747 5748
f 5747 1072 5366
f 5366 1264 5749
f 5749 1399 5747
f 5747 5366 5749
f 5011 1088 5367
f 5367 1264 5366
f 5366 1072 5011
f 5011 5367 5366
f 5367 1088 5304
f 5304 1235 5368
f 5368 1264 5367
f 5367 5304 5368
f 5305 1088 5984
f 5984 1482 5985
f 5985 1236 5305
f 5305 5984 5985
f 5984 1088 5012
f 5012 1087 5983
f 5983 1482 5984
f 5984 5012 5983
f 5354 1259 6067
f 6067 1259 6062
f 6062 1509 6068
f 6067 6062 6068
f 5987 1483 6063
f 6063 1509 6062
f 6062 1259 5987
f 5987 6063 6062
f 6063 1483 6270
f 6270 1567 6271
f 6271 1509 6063
f 6063 6270 6271
f 5992 1073 7675
f 7675 1920 7678
f 7678 1484 5992
f 5992 7675 7678
f 7675 1073 5748
f 5748 1399 7677
f 7677 1920 7675
f 7675 5748 7677
f 6272 1483 6281
f 6281 1571 6282
f 6282 1568 6272
f 6272 6281 6282
f 6281 1483 5988
f 5988 1300 6280
f 6280 1571 6281
f 6281 5988 6280
f 6673 1683 7682
f 7682 1921 7683
f 7683 1684 6673
f 6673 7682 7683
f 7682 1683 7688
f 7688 1922 7690
f 7690 1921 7682
f 7682 7688 7690
f 7033 1236 7055
f 7055 1776 7057
f 7057 1769 7033
f 7033 7055 7057
f 7055 1236 5985
f 5985 1482 7056
f 7056 1776 7055
f 7055 5985 7056
f 7636 1769 7671
f 7671 1919 7673
f 7673 1912 7636
f 7636 7671 7673
f 7671 1769 7057
f 7057 1776 7672
f 7672 1919 7671
f 7671 7057 7672
f 6667 1484 7687
f 7687 1922 7688
f 7688 1683 6667
f 6667 7687 7688
f 7687 1484 7678
f 7678 1920 7689
f 7689 1922 7687
f 7687 7678 7689
f 7634 1568 7638
f 7638 1913 7642
f 7642 1912 7634
f 7634 7638 7642
f 7638 1568 6282
f 6282 1571 7639
f 7639 1913 7638
f 7638 6282 7639
f 4956 1064 4974
f 4974 1074 4975
f 4975 1065 4956
f 4956 4974 4975
f 4974 1064 4970
f 4970 1071 4976
f 4976 1074 4974
f 4974 4970 4976
f 5075 1064 5402
f 5402 1278 5404
f 5404 1114 5075
f 5075 5402 5404
f 5402 1064 4954
f 4954 1063 5401
f 5401 1278 5402
f 5402 4954 5401
f 5325 1245 6268
f 6268 1567 6269
f 6269 1246 5325
f 5325 6268 6269
f 6268 1245 6061
f 6061 1509 6271
f 6271 1567 6268
f 6268 6061 6271
f 5981 1114 5406
f 5406 1279 5982
f 5982 1481 5981
f 5981 5406 5982
f 5406 1114 5404
f 5404 1278 5408
f 5408 1279 5406
f 5406 5404 5408
f 6003 1487 6660
f 6660 1681 6661
f 6661 1488 6003
f 6003 6660 6661
f 6660 1487 6663
f 6663 1682 6666
f 6666 1681 6660
f 6660 6663 6666
f 6064 1245 5396
f 5396 1276 6065
f 6065 1510 6064
f 6064 5396 6065
f 5396 1245 5323
f 5323 1244 5395
f 5395 1276 5396
f 5396 5323 5395
f 6265 1246 6274
f 6274 1569 6275
f 6275 1566 6265
f 6265 6274 6275
f 6274 1246 6269
f 6269 1567 6276
f 6276 1569 6274
f 6274 6269 6276
f 6678 1488 6001
f 6001 1384 6676
f 6676 1685 6678
f 6678 6001 6676
f 6001 1488 6661
f 6661 1681 6658
f 6658 1384 6001
f 6001 6661 6658
f 7052 1481 7045
f 7045 1773 7054
f 7054 1775 7052
f 7052 7045 7054
f 7045 1481 5982
f 5982 1279 7044
f 7044 1773 7045
f 7045 5982 7044
f 6069 1510 7628
f 7666 1775 7657
f 7657 1916 7668
f 7668 1918 7666
f 7666 7657 7668
f 7657 1775 7054
f 7054 1773 7656
f 7656 1916 7657
f 7657 7054 7656
f 6674 1685 6675
f 6675 1066 4960
f 4960 1065 6674
f 6674 6675 4960
f 6675 1685 6676
f 6676 1384 5702
f 5702 1066 6675
f 6675 6676 5702
f 7665 1566 7669
f 7669 1919 7674
f 7674 1918 7665
f 7665 7669 7674
f 7669 1566 6275
f 6275 1569 7670
f 7670 1919 7669
f 7669 6275 7670
f 4884 1023 7691
f 7691 1923 7692
f 7692 1024 4884
f 4884 7691 7692
f 7691 1023 6877
f 6877 1732 7696
f 7696 1923 7691
f 7691 6877 7696
f 6670 1684 6740
f 6740 1698 6737
f 6737 1025 6670
f 6670 6740 6737
f 6740 1684 7683
f 7683 1921 7684
f 7684 1698 6740
f 6740 7683 7684
f 5997 1486 5998
f 5998 1025 4885
f 4885 1024 5997
f 5997 5998 4885
f 5998 1486 6671
f 6671 1684 6670
f 6670 1025 5998
f 5998 6671 6670
f 5997 1024 5999
f 5999 1487 6000
f 6000 1486 5997
f 5997 5999 6000
f 5999 1024 7692
f 7692 1923 7693
f 7693 1487 5999
f 5999 7692 7693
f 7693 1923 7694
f 7694 1682 6663
f 6663 1487 7693
f 7693 7694 6663
f 7694 1923 7695
f 7695 1700 6749
f 6749 1682 7694
f 7694 7695 6749
f 5091 1123 6508
f 6508 1645 6509
f 6509 1124 5091
f 5091 6508 6509
f 6508 1123 6973
f 6973 1753 6977
f 6977 1645 6508
f 6508 6973 6977
f 5118 1142 7213
f 7213 1818 7212
f 7212 1139 5118
f 5118 7213 7212
f 7213 1142 5352
f 5352 1258 7216
f 7216 1818 7213
f 7213 5352 7216
f 5339 1252 7060
f 7060 1777 7059
f 7059 1250 5339
f 5339 7060 7059
f 7060 1252 7620
f 7620 1911 7624
f 7624 1777 7060
f 7060 7620 7624
f 5347 1256 6760
f 6760 1702 6759
f 6759 1253 5347
f 5347 6760 6759
f 6760 1256 5503
f 5503 1316 6762
f 6762 1702 6760
f 6760 5503 6762
f 5480 1304 6178
f 6178 1539 6179
f 6179 1305 5480
f 5480 6178 6179
f 6178 1304 6884
f 6884 1733 6887
f 6887 1539 6178
f 6178 6884 6887
f 5522 1325 6347
f 6347 1591 6346
f 6346 1322 5522
f 5522 6347 6346
f 6347 1325 5521
f 5521 1118 6345
f 6345 1591 6347
f 6347 5521 6345
f 5348 1255 5538
f 5538 1333 5539
f 5539 1256 5348
f 5348 5538 5539
f 5538 1255 6992
f 6992 1757 6993
f 6993 1333 5538
f 5538 6992 6993
f 6987 1756 6988
f 6988 1472 5960
f 5960 1471 6987
f 6987 6988 5960
f 6988 1756 6989
f 6989 1755 6983
f 6983 1472 6988
f 6988 6989 6983
f 5964 1476 7304
f 7304 1839 7303
f 7303 1473 5964
f 5964 7304 7303
f 7304 1476 7297
f 7297 1838 7306
f 7306 1839 7304
f 7304 7297 7306
f 6032 1499 6656
f 6656 1680 6655
f 6655 1496 6032
f 6032 6656 6655
f 6656 1499 6031
f 6031 1302 6652
f 6652 1680 6656
f 6656 6031 6652
f 6040 1502 6976
f 6976 1753 6973
f 6973 1123 6040
f 6040 6976 6973
f 6976 1502 6980
f 6980 1754 6981
f 6981 1753 6976
f 6976 6980 6981
f 5107 1135 5106
f 5106 554 4777
f 4777 975 5107
f 5107 5106 4777
f 5106 1135 5478
f 5478 1305 5476
f 5476 554 5106
f 5106 5478 5476
f 6319 1581 6315
f 6315 1115 6306
f 6306 1578 6319
f 6319 6315 6306
f 6315 1581 6318
f 6318 1143 5120
f 5120 1115 6315
f 6315 6318 5120
f 6364 1599 6365
f 6365 1323 5518
f 5518 1322 6364
f 6364 6365 5518
f 6365 1599 6919
f 6919 1739 6916
f 6916 1323 6365
f 6365 6919 6916
f 6514 1646 6515
f 6515 1614 6407
f 6407 1613 6514
f 6514 6515 6407
f 6515 1646 6971
f 6971 1752 6969
f 6969 1614 6515
f 6515 6971 6969
f 6420 1618 6421
f 6421 1620 6422
f 6422 1619 6420
f 6420 6421 6422
f 6421 1618 6423
f 6423 1621 6424
f 6424 1620 6421
f 6421 6423 6424
f 6964 1751 6965
f 6965 1644 6507
f 6507 1643 6964
f 6964 6965 6507
f 6965 1751 6966
f 6966 1666 6593
f 6593 1644 6965
f 6965 6966 6593
f 6969 1752 6970
f 6970 1643 6503
f 6503 1614 6969
f 6969 6970 6503
f 6970 1752 6972
f 6972 1751 6964
f 6964 1643 6970
f 6970 6972 6964
f 6403 1613 6402
f 6402 1121 5089
f 5089 1124 6403
f 6403 6402 5089
f 6402 1613 6405
f 6405 1612 6399
f 6399 1121 6402
f 6402 6405 6399
f 6527 1649 7298
f 7298 1838 7297
f 7297 1476 6527
f 6527 7298 7297
f 7298 1649 7294
f 7294 1837 7300
f 7300 1838 7298
f 7298 7294 7300
f 6528 1619 7292
f 7292 1837 7294
f 7294 1649 6528
f 6528 7292 7294
f 7292 1619 6422
f 6422 1620 7293
f 7293 1837 7292
f 7292 6422 7293
f 6537 1651 6922
f 6922 1740 6923
f 6923 1652 6537
f 6537 6922 6923
f 6922 1651 6927
f 6927 1741 6928
f 6928 1740 6922
f 6922 6927 6928
f 6597 1183 6506
f 6506 1644 6598
f 6598 1668 6597
f 6597 6506 6598
f 6506 1183 5195
f 5195 1182 6505
f 6505 1644 6506
f 6506 5195 6505
f 6696 1689 6692
f 6692 1329 6681
f 6681 1686 6696
f 6696 6692 6681
f 6692 1689 6693
f 6693 1330 5532
f 5532 1329 6692
f 6692 6693 5532
f 6735 1697 6733
f 6733 1302 6031
f 6031 1499 6735
f 6735 6733 6031
f 6733 1697 6734
f 6734 1303 5472
f 5472 1302 6733
f 6733 6734 5472
f 6731 1253 5471
f 5471 1303 6734
f 6734 1697 6731
f 6731 5471 6734
f 5471 1253 6759
f 6759 1702 6761
f 6761 1303 5471
f 5471 6759 6761
f 7002 1761 7610
f 7610 1909 7609
f 7609 1758 7002
f 7002 7610 7609
f 7610 1761 7615
f 7615 1910 7619
f 7619 1909 7610
f 7610 7615 7619
f 7069 1779 7067
f 7067 1248 5334
f 5334 1250 7069
f 7069 7067 5334
f 7067 1779 7068
f 7068 1249 5333
f 5333 1248 7067
f 7067 7068 5333
f 7182 1811 7179
f 7179 1472 7174
f 7174 1810 7182
f 7182 7179 7174
f 7179 1811 7178
f 7178 1469 5959
f 5959 1472 7179
f 7179 7178 5959
f 5958 1470 5954
f 5954 1333 5956
f 5956 1471 5958
f 5958 5954 5956
f 5954 1470 5953
f 5953 1332 5540
f 5540 1333 5954
f 5954 5953 5540
f 6316 1139 5122
f 5122 1143 6318
f 6318 1581 6316
f 6316 5122 6318
f 5122 1139 7212
f 7212 1818 7214
f 7214 1143 5122
f 5122 7212 7214
f 5474 1142 6883
f 6883 1733 6884
f 6884 1304 5474
f 5474 6883 6884
f 6883 1142 5119
f 5119 1141 6882
f 6882 1733 6883
f 6883 5119 6882
f 7248 1750 7252
f 7252 1826 7254
f 7254 1825 7248
f 7248 7252 7254
f 7252 1750 6961
f 6961 1749 7251
f 7251 1826 7252
f 7252 6961 7251
f 7260 1829 7259
f 7259 1826 7257
f 7257 1827 7260
f 7260 7259 7257
f 7259 1829 7258
f 7258 1823 7253
f 7253 1826 7259
f 7259 7258 7253
f 7255 1748 7264
f 7264 1830 7265
f 7265 1827 7255
f 7255 7264 7265
f 7264 1748 6954
f 6954 1747 7263
f 7263 1830 7264
f 7264 6954 7263
f 7271 1830 7262
f 7262 1746 7269
f 7269 1831 7271
f 7271 7262 7269
f 7262 1830 7263
f 7263 1747 6951
f 6951 1746 7262
f 7262 7263 6951
f 7277 1833 7278
f 7278 1832 7274
f 7274 1831 7277
f 7277 7278 7274
f 7278 1833 7282
f 7282 1834 7281
f 7281 1832 7278
f 7278 7282 7281
f 7286 1833 7275
f 7275 1744 7285
f 7285 1835 7286
f 7286 7275 7285
f 7275 1833 7276
f 7276 1745 6944
f 6944 1744 7275
f 7275 7276 6944
f 7283 1473 7289
f 7289 1836 7291
f 7291 1835 7283
f 7283 7289 7291
f 7289 1473 7303
f 7303 1839 7305
f 7305 1836 7289
f 7289 7303 7305
f 7250 1824 7244
f 7244 1668 7247
f 7247 1825 7250
f 7250 7244 7247
f 7244 1824 7242
f 7242 1183 6597
f 6597 1668 7244
f 7244 7242 6597
f 6532 1651 6533
f 6533 1621 6423
f 6423 1618 6532
f 6532 6533 6423
f 6533 1651 6534
f 6534 1650 6530
f 6530 1621 6533
f 6533 6534 6530
f 7594 1907 7595
f 7595 1901 7573
f 7573 1900 7594
f 7594 7595 7573
f 7595 1907 7596
f 7596 1903 7579
f 7579 1901 7595
f 7595 7596 7579
f 7579 1903 7587
f 7587 1905 7585
f 7585 1901 7579
f 7579 7587 7585
f 7587 1903 7580
f 7580 1902 7586
f 7586 1905 7587
f 7587 7580 7586
f 7608 1908 7607
f 7607 1905 7592
f 7592 1906 7608
f 7608 7607 7592
f 7607 1908 7606
f 7606 1904 7588
f 7588 1905 7607
f 7607 7606 7588
f 6680 1252 6684
f 6684 1687 6686
f 6686 1686 6680
f 6680 6684 6686
f 6684 1252 5340
f 5340 1251 6683
f 6683 1687 6684
f 6684 5340 6683
f 7633 1907 7594
f 7594 1900 7632
f 7632 7633 7594
f 7631 1907 7633
f 7070 1761 7001
f 7001 1249 7068
f 7068 1779 7070
f 7070 7001 7068
f 7001 1761 7004
f 7004 1760 6999
f 6999 1249 7001
f 7001 7004 6999
f 6694 1689 6695
f 6695 1497 6028
f 6028 1496 6694
f 6694 6695 6028
f 6695 1689 6697
f 6697 1688 6688
f 6688 1497 6695
f 6695 6697 6688
f 7590 1897 7563
f 7563 1758 7589
f 7589 1906 7590
f 7590 7563 7589
f 7563 1897 7564
f 7564 1759 6997
f 6997 1758 7563
f 7563 7564 6997
f 5414 1010 5020
f 5020 1095 5416
f 5416 1283 5414
f 5414 5020 5416
f 5020 1010 4866
f 4866 1009 5019
f 5019 1095 5020
f 5020 4866 5019
f 5634 1033 4981
f 4981 1075 5636
f 5636 1365 5634
f 5634 4981 5636
f 4981 1033 4897
f 4897 1006 4980
f 4980 1075 4981
f 4981 4897 4980
f 5019 1009 5023
f 5023 1096 5026
f 5026 1095 5019
f 5019 5023 5026
f 5023 1009 4951
f 4951 1062 5024
f 5024 1096 5023
f 5023 4951 5024
f 5207 1191 5208
f 5208 1120 5086
f 5086 1119 5207
f 5207 5208 5086
f 5208 1191 5693
f 5693 1382 5692
f 5692 1120 5208
f 5208 5693 5692
f 5083 1015 5210
f 5210 1192 5211
f 5211 1119 5083
f 5083 5210 5211
f 5210 1015 6301
f 6301 1577 6304
f 6304 1192 5210
f 5210 6301 6304
f 5365 1262 5362
f 5362 1261 5364
f 5364 1263 5365
f 5365 5362 5364
f 5362 1262 5361
f 5361 1239 5357
f 5357 1261 5362
f 5362 5361 5357
f 5372 1266 7685
f 7685 1922 7686
f 7686 1267 5372
f 5372 7685 7686
f 7685 1266 7680
f 7680 1921 7690
f 7690 1922 7685
f 7685 7680 7690
f 5377 1270 7681
f 7681 1921 7680
f 7680 1266 5377
f 5377 7681 7680
f 7681 1270 6738
f 6738 1698 7684
f 7684 1921 7681
f 7681 6738 7684
f 5382 1068 5386
f 5386 1273 5388
f 5388 1272 5382
f 5382 5386 5388
f 5386 1068 4963
f 4963 1067 5385
f 5385 1273 5386
f 5386 4963 5385
f 5463 1262 5360
f 5360 1237 5460
f 5460 1299 5463
f 5463 5360 5460
f 5360 1262 5359
f 5359 1235 5307
f 5307 1237 5360
f 5360 5359 5307
f 5465 1243 5466
f 5486 1307 6855
f 6855 1726 6856
f 6856 1308 5486
f 5486 6855 6856
f 6855 1307 6858
f 6858 1727 6862
f 6862 1726 6855
f 6855 6858 6862
f 5641 1365 5633
f 5633 1001 5639
f 5639 1366 5641
f 5641 5633 5639
f 5633 1365 5636
f 5636 1075 4978
f 4978 1001 5633
f 5633 5636 4978
f 5743 1263 5716
f 5716 1388 5745
f 5745 1398 5743
f 5743 5716 5745
f 5716 1263 5364
f 5364 1261 5715
f 5715 1388 5716
f 5716 5364 5715
f 5024 1062 5040
f 5040 1101 5041
f 5041 1096 5024
f 5024 5040 5041
f 5040 1062 5381
f 5381 1272 5383
f 5383 1101 5040
f 5040 5381 5383
f 6072 1511 6071
f 6071 1016 5085
f 5085 1120 6072
f 6072 6071 5085
f 6071 1511 6070
f 6070 998 4872
f 4872 1016 6071
f 6071 6070 4872
f 6279 1301 6289
f 6289 1573 6290
f 6290 1570 6279
f 6279 6289 6290
f 6289 1301 5466
f 5466 1243 6288
f 6288 1573 6289
f 6289 5466 6288
f 6296 1511 6589
f 6589 1665 6590
f 6590 1574 6296
f 6296 6589 6590
f 6589 1511 6073
f 6073 1381 6588
f 6588 1665 6589
f 6589 6073 6588
f 6294 1574 6295
f 6295 1367 5645
f 5645 1366 6294
f 6294 6295 5645
f 6295 1574 6590
f 6590 1665 6587
f 6587 1367 6295
f 6295 6590 6587
f 6636 1267 7676
f 7676 1920 7679
f 7679 1676 6636
f 6636 7676 7679
f 7676 1267 7686
f 7686 1922 7689
f 7689 1920 7676
f 7676 7686 7689
f 6741 1270 5449
f 5449 1296 6744
f 6744 1699 6741
f 6741 5449 6744
f 5449 1270 5378
f 5378 1269 5448
f 5448 1296 5449
f 5449 5378 5448
f 7438 1711 7441
f 7441 1869 7443
f 7443 1868 7438
f 7438 7441 7443
f 7441 1711 7699
f 7699 1924 7701
f 7701 1869 7441
f 7441 7699 7701
f 5483 750 5487
f 5487 1309 5490
f 5490 1308 5483
f 5483 5487 5490
f 5487 750 4752
f 4752 970 5488
f 5488 1309 5487
f 5487 4752 5488
f 6900 1736 6901
f 6901 1729 6868
f 6868 1728 6900
f 6900 6901 6868
f 6901 1736 6909
f 6909 1737 6908
f 6908 1729 6901
f 6901 6909 6908
f 6876 1731 6896
f 6896 1735 6895
f 6895 1730 6876
f 6876 6896 6895
f 6896 1731 6892
f 6892 1734 6897
f 6897 1735 6896
f 6896 6892 6897
f 6743 1699 6742
f 6742 1271 5387
f 5387 1273 6743
f 6743 6742 5387
f 6742 1699 6744
f 6744 1296 5450
f 5450 1271 6742
f 6742 6744 5450
f 7049 1299 7036
f 7036 1770 7050
f 7050 1774 7049
f 7049 7036 7050
f 7036 1299 5460
f 5460 1237 7035
f 7035 1770 7036
f 7036 5460 7035
f 6871 1730 6869
f 6869 1584 6334
f 6334 1586 6871
f 6871 6869 6334
f 6869 1730 6872
f 6872 1728 6864
f 6864 1584 6869
f 6869 6872 6864
f 6873 1731 6875
f 6875 1727 6858
f 6858 1307 6873
f 6873 6875 6858
f 6875 1731 6874
f 6874 1585 6861
f 6861 1727 6875
f 6875 6874 6861
f 6908 1737 6905
f 6905 1192 6865
f 6865 1729 6908
f 6908 6905 6865
f 6905 1737 6904
f 6904 1190 5212
f 5212 1192 6905
f 6905 6904 5212
f 7440 1867 7433
f 7433 1405 7436
f 7436 1868 7440
f 7440 7433 7436
f 7433 1867 7434
f 7434 1406 5773
f 5773 1405 7433
f 7433 7434 5773
f 7479 1867 7472
f 7472 1877 7480
f 7480 1878 7479
f 7479 7472 7480
f 7472 1867 7435
f 7435 1866 7471
f 7471 1877 7472
f 7472 7435 7471
f 5414 1283 7477
f 7477 1878 7475
f 7475 1010 5414
f 5414 7477 7475
f 7477 1283 5417
f 5417 1282 7476
f 7476 1878 7477
f 7477 5417 7476
f 7661 1774 7641
f 7641 1913 7662
f 7662 1917 7661
f 7661 7641 7662
f 7641 1774 7050
f 7050 1770 7640
f 7640 1913 7641
f 7641 7050 7640
f 6639 1676 6640
f 6640 1399 5750
f 5750 1398 6639
f 6639 6640 5750
f 6640 1676 7679
f 7679 1920 7677
f 7677 1399 6640
f 6640 7679 7677
f 7658 1570 7643
f 7643 1914 7663
f 7663 1917 7658
f 7658 7643 7663
f 7643 1570 6290
f 6290 1573 7644
f 7644 1914 7643
f 7643 6290 7644
f 5524 1326 5525
f 5525 977 4787
f 4787 950 5524
f 5524 5525 4787
f 5525 1326 5526
f 5526 1228 5288
f 5288 977 5525
f 5525 5526 5288
f 4983 1076 4984
f 4984 1006 4861
f 4861 1005 4983
f 4983 4984 4861
f 4984 1076 4985
f 4985 1075 4980
f 4980 1006 4984
f 4984 4985 4980
f 5634 1365 5635
f 5635 1034 4901
f 4901 1033 5634
f 5634 5635 4901
f 5635 1365 5637
f 5637 1364 5630
f 5630 1034 5635
f 5635 5637 5630
f 4924 1049 4919
f 4919 1014 4921
f 4921 1050 4924
f 4924 4919 4921
f 4919 1049 4918
f 4918 1011 4870
f 4870 1014 4919
f 4919 4918 4870
f 5622 1361 5623
f 5623 1060 4948
f 4948 1059 5622
f 5622 5623 4948
f 5623 1361 5624
f 5624 1360 5621
f 5621 1060 5623
f 5623 5624 5621
f 5029 1098 5030
f 5030 1070 4969
f 4969 1069 5029
f 5029 5030 4969
f 5030 1098 6189
f 6189 1541 6188
f 6188 1070 5030
f 5030 6189 6188
f 4994 1079 4987
f 4987 1007 4991
f 4991 1080 4994
f 4994 4987 4991
f 4987 1079 4988
f 4988 1008 4862
f 4862 1007 4987
f 4987 4988 4862
f 4965 1068 5033
f 5033 1099 5034
f 5034 1069 4965
f 4965 5033 5034
f 5033 1068 4962
f 4962 1061 5032
f 5032 1099 5033
f 5033 4962 5032
f 4859 1004 5045
f 5045 1103 5046
f 5046 1005 4859
f 4859 5045 5046
f 5045 1004 6774
f 6774 1706 6775
f 6775 1103 5045
f 5045 6774 6775
f 5032 1061 4989
f 4989 1079 5036
f 5036 1099 5032
f 5032 4989 5036
f 4989 1061 4949
f 4949 1008 4988
f 4988 1079 4989
f 4989 4949 4988
f 5070 1050 4996
f 4996 1082 5072
f 5072 1112 5070
f 5070 4996 5072
f 4996 1050 4921
f 4921 1014 4995
f 4995 1082 4996
f 4996 4921 4995
f 6348 1592 6349
f 6349 1118 5082
f 5082 1117 6348
f 6348 6349 5082
f 6349 1592 6350
f 6350 1591 6345
f 6345 1118 6349
f 6349 6350 6345
f 5597 1354 5598
f 5598 1150 5134
f 5134 1149 5597
f 5597 5598 5134
f 5598 1354 5616
f 5616 1359 5613
f 5613 1150 5598
f 5598 5616 5613
f 5160 1166 5159
f 5159 1162 5156
f 5156 1165 5160
f 5160 5159 5156
f 5159 1166 5167
f 5167 1169 5166
f 5166 1162 5159
f 5159 5167 5166
f 6775 1706 6776
f 6776 1275 5392
f 5392 1103 6775
f 6775 6776 5392
f 6776 1706 6777
f 6777 1705 6773
f 6773 1275 6776
f 6776 6777 6773
f 5424 1098 5429
f 5429 1289 5431
f 5431 1288 5424
f 5424 5429 5431
f 5429 1098 5031
f 5031 1097 5428
f 5428 1289 5429
f 5429 5031 5428
f 5694 1382 5695
f 5695 1321 5517
f 5517 1320 5694
f 5694 5695 5517
f 5695 1382 5693
f 5693 1191 5515
f 5515 1321 5695
f 5695 5693 5515
f 6309 1579 6310
f 6310 1325 5523
f 5523 1324 6309
f 6309 6310 5523
f 6310 1579 6311
f 6311 1578 6308
f 6308 1325 6310
f 6310 6311 6308
f 5613 1359 5615
f 5615 1169 5165
f 5165 1150 5613
f 5613 5615 5165
f 5615 1359 5614
f 5614 1162 5166
f 5166 1169 5615
f 5615 5614 5166
f 5514 1319 5697
f 5697 1383 5698
f 5698 1320 5514
f 5514 5697 5698
f 5697 1319 6559
f 6559 1659 6560
f 6560 1383 5697
f 5697 6559 6560
f 5756 1401 5896
f 5896 1452 5895
f 5895 1400 5756
f 5756 5896 5895
f 5896 1401 6815
f 6815 1718 6816
f 6816 1452 5896
f 5896 6815 6816
f 5752 1112 5071
f 5071 1081 5751
f 5751 1400 5752
f 5752 5071 5751
f 5071 1112 5072
f 5072 1082 4997
f 4997 1081 5071
f 5071 5072 4997
f 5900 1355 5599
f 5599 1149 5899
f 5899 1454 5900
f 5900 5599 5899
f 5599 1355 5600
f 5600 1354 5597
f 5597 1149 5599
f 5599 5600 5597
f 5907 1456 5918
f 5918 1459 5917
f 5917 1455 5907
f 5907 5918 5917
f 5918 1456 5921
f 5921 1460 5922
f 5922 1459 5918
f 5918 5921 5922
f 4967 1070 4966
f 4966 1023 4886
f 4886 1026 4967
f 4967 4966 4886
f 4966 1070 6188
f 6188 1541 6187
f 6187 1023 4966
f 4966 6188 6187
f 5905 1455 5904
f 5904 1286 5430
f 5430 1289 5905
f 5905 5904 5430
f 5904 1455 5917
f 5917 1459 5915
f 5915 1286 5904
f 5904 5917 5915
f 7170 1502 6380
f 6380 1605 7171
f 7171 1809 7170
f 7170 6380 7171
f 6380 1502 6041
f 6041 1501 6379
f 6379 1605 6380
f 6380 6041 6379
f 5426 1287 6193
f 6193 1542 6194
f 6194 1288 5426
f 5426 6193 6194
f 6193 1287 5422
f 5422 1280 6191
f 6191 1542 6193
f 6193 5422 6191
f 6202 1512 6077
f 6077 1454 6201
f 6201 1544 6202
f 6202 6077 6201
f 6077 1512 6076
f 6076 1355 5900
f 5900 1454 6077
f 6077 6076 5900
f 6933 1743 6934
f 6934 1590 6344
f 6344 1589 6933
f 6933 6934 6344
f 6934 1743 6935
f 6935 1647 6518
f 6518 1590 6934
f 6934 6935 6518
f 6548 1656 6549
f 6549 1594 6355
f 6355 1593 6548
f 6548 6549 6355
f 6549 1656 6550
f 6550 1653 6538
f 6538 1594 6549
f 6549 6550 6538
f 6538 1653 6539
f 6539 1599 6366
f 6366 1594 6538
f 6538 6539 6366
f 6539 1653 6541
f 6541 1652 6535
f 6535 1599 6539
f 6539 6541 6535
f 6383 1603 6375
f 6375 1122 6382
f 6382 1606 6383
f 6383 6375 6382
f 6375 1603 6376
f 6376 1501 6038
f 6038 1122 6375
f 6375 6376 6038
f 5515 1191 6409
f 6409 1615 6410
f 6410 1321 5515
f 5515 6409 6410
f 6409 1191 5209
f 5209 1190 6408
f 6408 1615 6409
f 6409 5209 6408
f 6440 1319 6444
f 6444 1630 6447
f 6447 1629 6440
f 6440 6444 6447
f 6444 1319 5512
f 5512 1318 6443
f 6443 1630 6444
f 6444 5512 6443
f 6562 1659 6561
f 6561 1629 6486
f 6486 1639 6562
f 6562 6561 6486
f 6561 1659 6559
f 6559 1319 6440
f 6440 1629 6561
f 6561 6559 6440
f 6443 1318 6342
f 6342 1590 6445
f 6445 1630 6443
f 6443 6342 6445
f 6342 1318 6336
f 6336 1587 6343
f 6343 1590 6342
f 6342 6336 6343
f 6569 1661 6568
f 6568 1381 5699
f 5699 1383 6569
f 6569 6568 5699
f 6568 1661 6591
f 6591 1665 6588
f 6588 1381 6568
f 6568 6591 6588
f 6579 1660 6565
f 6565 1639 6578
f 6578 1663 6579
f 6579 6565 6578
f 6565 1660 6566
f 6566 1659 6562
f 6562 1639 6565
f 6565 6566 6562
f 5629 1362 6563
f 6563 1660 6564
f 6564 1363 5629
f 5629 6563 6564
f 6563 1362 6567
f 6567 1661 6571
f 6571 1660 6563
f 6563 6567 6571
f 6580 1662 6572
f 6572 1012 6575
f 6575 1663 6580
f 6580 6572 6575
f 6572 1662 6573
f 6573 1013 4869
f 4869 1012 6572
f 6572 6573 4869
f 6778 1336 6783
f 6783 1708 6785
f 6785 1707 6778
f 6778 6783 6785
f 6783 1336 5544
f 5544 1335 6782
f 6782 1708 6783
f 6783 5544 6782
f 6787 1404 6779
f 6779 1707 6790
f 6790 1709 6787
f 6787 6779 6790
f 6779 1404 5767
f 5767 1336 6778
f 6778 1707 6779
f 6779 5767 6778
f 6793 1405 6788
f 6788 1709 6794
f 6794 1710 6793
f 6793 6788 6794
f 6788 1405 5769
f 5769 1404 6787
f 6787 1709 6788
f 6788 5769 6787
f 7438 1868 7437
f 7437 1710 6797
f 6797 1711 7438
f 7438 7437 6797
f 7437 1868 7436
f 7436 1405 6793
f 6793 1710 7437
f 7437 7436 6793
f 7447 1713 7452
f 7452 1873 7454
f 7454 1872 7447
f 7447 7452 7454
f 7452 1713 6802
f 6802 1712 7451
f 7451 1873 7452
f 7452 6802 7451
f 7461 1715 6837
f 6837 1722 7462
f 7462 1875 7461
f 7461 6837 7462
f 6837 1715 6809
f 6809 1714 6836
f 6836 1722 6837
f 6837 6809 6836
f 6836 1714 6831
f 6831 1721 6838
f 6838 1722 6836
f 6836 6831 6838
f 6831 1714 6812
f 6812 1716 6832
f 6832 1721 6831
f 6831 6812 6832
f 6814 1717 6833
f 6833 1721 6832
f 6832 1716 6814
f 6814 6833 6832
f 6833 1717 6827
f 6827 1720 6834
f 6834 1721 6833
f 6833 6827 6834
f 6821 1719 6828
f 6828 1720 6827
f 6827 1717 6821
f 6821 6828 6827
f 6828 1719 6820
f 6820 1547 6826
f 6826 1720 6828
f 6828 6820 6826
f 5755 1294 6198
f 6198 1544 6199
f 6199 1401 5755
f 5755 6198 6199
f 6198 1294 6074
f 6074 1512 6202
f 6202 1544 6198
f 6198 6074 6202
f 6880 1732 6879
f 6879 1541 6195
f 6195 1542 6880
f 6880 6879 6195
f 6879 1732 6877
f 6877 1023 6187
f 6187 1541 6879
f 6879 6877 6187
f 5520 1323 6911
f 6911 1738 6912
f 6912 1324 5520
f 5520 6911 6912
f 6911 1323 6338
f 6338 1588 6913
f 6913 1738 6911
f 6911 6338 6913
f 6924 1740 6921
f 6921 1589 6918
f 6918 1739 6924
f 6924 6921 6918
f 6921 1740 6936
f 6936 1743 6933
f 6933 1589 6921
f 6921 6936 6933
f 5161 1166 7162
f 7162 1807 7163
f 7163 1167 5161
f 5161 7162 7163
f 7162 1166 6979
f 6979 1754 7164
f 7164 1807 7162
f 7162 6979 7164
f 7100 1791 7101
f 7101 1790 7098
f 7098 1789 7100
f 7100 7101 7098
f 7101 1791 7343
f 7343 1848 7342
f 7342 1790 7101
f 7101 7343 7342
f 5080 1116 7122
f 7122 1798 7123
f 7123 1117 5080
f 5080 7122 7123
f 7122 1116 7199
f 7199 1815 7202
f 7202 1798 7122
f 7122 7199 7202
f 7133 1458 6819
f 6819 1719 7136
f 7136 1801 7133
f 7133 6819 7136
f 6819 1458 6216
f 6216 1547 6820
f 6820 1719 6819
f 6819 6216 6820
f 7137 1053 7132
f 7132 1801 7141
f 7141 1802 7137
f 7137 7132 7141
f 7132 1053 5912
f 5912 1458 7133
f 7133 1801 7132
f 7132 5912 7133
f 7142 1054 7138
f 7138 1802 7146
f 7146 1803 7142
f 7142 7138 7146
f 7138 1054 4929
f 4929 1053 7137
f 7137 1802 7138
f 7138 4929 7137
f 7147 1145 7143
f 7143 1803 7151
f 7151 1804 7147
f 7147 7143 7151
f 7143 1145 5125
f 5125 1054 7142
f 7142 1803 7143
f 7143 5125 7142
f 7154 1172 7150
f 7150 1804 7156
f 7156 1805 7154
f 7154 7150 7156
f 7150 1172 5176
f 5176 1145 7147
f 7147 1804 7150
f 7150 5176 7147
f 7159 1173 7155
f 7155 1805 7161
f 7161 1806 7159
f 7159 7155 7161
f 7155 1173 5180
f 5180 1172 7154
f 7154 1805 7155
f 7155 5180 7154
f 7159 1806 7160
f 7160 1755 6982
f 6982 1173 7159
f 7159 7160 6982
f 7160 1806 7168
f 7168 1808 7167
f 7167 1755 7160
f 7160 7168 7167
f 7167 1808 7166
f 7166 1472 6983
f 6983 1755 7167
f 7167 7166 6983
f 7166 1808 7176
f 7176 1810 7174
f 7174 1472 7166
f 7166 7176 7174
f 7188 1812 7183
f 7183 1469 7178
f 7178 1811 7188
f 7188 7183 7178
f 7183 1812 7184
f 7184 1602 6372
f 6372 1469 7183
f 7183 7184 6372
f 7184 1812 7187
f 7187 1785 7085
f 7085 1602 7184
f 7184 7187 7085
f 7187 1812 7193
f 7193 1813 7190
f 7190 1785 7187
f 7187 7193 7190
f 7202 1815 7203
f 7203 1814 7197
f 7197 1798 7202
f 7202 7203 7197
f 7203 1815 7201
f 7201 1786 7194
f 7194 1814 7203
f 7203 7201 7194
f 6378 1603 7090
f 7090 1788 7091
f 7091 1604 6378
f 6378 7090 7091
f 7090 1603 7093
f 7093 1789 7096
f 7096 1788 7090
f 7090 7093 7096
f 7371 1797 7121
f 7121 1790 7370
f 7370 1854 7371
f 7371 7121 7370
f 7121 1797 7120
f 7120 1787 7097
f 7097 1790 7121
f 7121 7120 7097
f 7192 1788 7196
f 7196 1814 7198
f 7198 1813 7192
f 7192 7196 7198
f 7196 1788 7092
f 7092 1787 7195
f 7195 1814 7196
f 7196 7092 7195
f 6913 1588 6412
f 6412 1615 6914
f 6914 1738 6913
f 6913 6412 6914
f 6412 1588 6339
f 6339 1587 6411
f 6411 1615 6412
f 6412 6339 6411
f 7373 1853 7363
f 7363 1593 7369
f 7369 1854 7373
f 7373 7363 7369
f 7363 1853 7364
f 7364 1656 6548
f 6548 1593 7363
f 7363 7364 6548
f 7468 1871 7489
f 7489 1880 7490
f 7490 1876 7468
f 7468 7489 7490
f 7489 1871 7446
f 7446 1870 7488
f 7488 1880 7489
f 7489 7446 7488
f 7485 1879 7484
f 7484 1870 7457
f 7457 1874 7485
f 7485 7484 7457
f 7484 1879 7491
f 7491 1880 7488
f 7488 1870 7484
f 7484 7491 7488
f 7482 1456 7487
f 7487 1880 7491
f 7491 1879 7482
f 7482 7487 7491
f 7487 1456 5906
f 5906 1077 7486
f 7486 1880 7487
f 7487 5906 7486
f 7466 1080 7470
f 7470 1877 7473
f 7473 1876 7466
f 7466 7470 7473
f 7470 1080 4991
f 4991 1007 7469
f 7469 1877 7470
f 7470 4991 7469
f 7519 1886 7517
f 7517 1275 7511
f 7511 1885 7519
f 7519 7517 7511
f 7517 1886 7516
f 7516 1274 5393
f 5393 1275 7517
f 7517 7516 5393
f 7531 1884 7508
f 7508 1708 7529
f 7529 1888 7531
f 7531 7508 7529
f 7508 1884 7507
f 7507 1705 6784
f 6784 1708 7508
f 7508 7507 6784
f 4794 978 7509
f 7509 1885 7510
f 7510 979 4794
f 4794 7509 7510
f 7509 978 7515
f 7515 1886 7519
f 7519 1885 7509
f 7509 7515 7519
f 4800 980 7526
f 7526 1888 7527
f 7527 981 4800
f 4800 7526 7527
f 7526 980 7506
f 7506 1884 7531
f 7531 1888 7526
f 7526 7506 7531
f 6308 1578 6307
f 6307 1118 5521
f 5521 1325 6308
f 6308 6307 5521
f 6307 1578 6306
f 6306 1115 5081
f 5081 1118 6307
f 6307 6306 5081
f 7164 1754 7172
f 7172 1809 7173
f 7173 1807 7164
f 7164 7172 7173
f 7172 1754 6980
f 6980 1502 7170
f 7170 1809 7172
f 7172 6980 7170
f 6535 1652 6920
f 6920 1739 6919
f 6919 1599 6535
f 6535 6920 6919
f 6920 1652 6923
f 6923 1740 6924
f 6924 1739 6920
f 6920 6923 6924
f 7180 1811 7181
f 7181 1809 7171
f 7171 1605 7180
f 7180 7181 7171
f 7181 1811 7182
f 7182 1810 7177
f 7177 1809 7181
f 7181 7182 7177
f 4899 1032 4895
f 4895 1006 4897
f 4897 1033 4899
f 4899 4895 4897
f 4895 1032 4894
f 4894 1003 4860
f 4860 1006 4895
f 4895 4894 4860
f 6796 1032 7698
f 7698 1924 7699
f 7699 1711 6796
f 6796 7698 7699
f 7698 1032 4896
f 4896 1031 7697
f 7697 1924 7698
f 7698 4896 7697
f 5619 1360 5620
f 5620 1012 4867
f 4867 1011 5619
f 5619 5620 4867
f 5620 1360 5627
f 5627 1363 5626
f 5626 1012 5620
f 5620 5627 5626
f 4946 1060 4944
f 4944 1011 4918
f 4918 1049 4946
f 4946 4944 4918
f 4944 1060 5621
f 5621 1360 5619
f 5619 1011 4944
f 4944 5621 5619
f 4947 1060 4945
f 4945 1048 4937
f 4937 1057 4947
f 4947 4945 4937
f 4945 1060 4946
f 4946 1049 4920
f 4920 1048 4945
f 4945 4946 4920
f 6806 1715 6807
f 6807 1057 4937
f 4937 1048 6806
f 6806 6807 4937
f 6807 1715 6808
f 6808 1712 6798
f 6798 1057 6807
f 6807 6808 6798
f 7461 1875 7460
f 7460 1712 6808
f 6808 1715 7461
f 7461 7460 6808
f 7460 1875 7463
f 7463 1873 7451
f 7451 1712 7460
f 7460 7463 7451
f 7464 1874 7458
f 7458 1873 7463
f 7463 1875 7464
f 7464 7458 7463
f 7458 1874 7457
f 7457 1870 7453
f 7453 1873 7458
f 7458 7457 7453
f 5625 1361 5642
f 5642 1367 5643
f 5643 1362 5625
f 5625 5642 5643
f 5642 1361 5632
f 5632 1364 5644
f 5644 1367 5642
f 5642 5632 5644
f 5622 1059 5631
f 5631 1364 5632
f 5632 1361 5622
f 5622 5631 5632
f 5631 1059 4941
f 4941 1034 5630
f 5630 1364 5631
f 5631 4941 5630
f 4943 1058 4939
f 4939 1034 4941
f 4941 1059 4943
f 4943 4939 4941
f 4939 1058 4938
f 4938 1031 4900
f 4900 1034 4939
f 4939 4938 4900
f 6801 1713 6800
f 6800 1031 4938
f 4938 1058 6801
f 6801 6800 4938
f 6800 1713 7700
f 7700 1924 7697
f 7697 1031 6800
f 6800 7700 7697
f 7447 1872 7702
f 7702 1924 7700
f 7700 1713 7447
f 7447 7702 7700
f 7702 1872 7448
f 7448 1869 7701
f 7701 1924 7702
f 7702 7448 7701
f 7450 1871 7445
f 7445 1869 7448
f 7448 1872 7450
f 7450 7445 7448
f 7445 1871 7444
f 7444 1866 7442
f 7442 1869 7445
f 7445 7444 7442
f 7696 1732 6881
f 6881 1700 7695
f 7695 1923 7696
f 7696 6881 7695
f 6881 1732 6878
f 6878 1281 6747
f 6747 1700 6881
f 6881 6878 6747
f 4888 1025 5923
f 5923 1461 5924
f 5924 1026 4888
f 4888 5923 5924
f 5923 1025 6737
f 6737 1698 6739
f 6739 1461 5923
f 5923 6737 6739
f 6218 1548 6217
f 6217 982 4806
f 4806 983 6218
f 6218 6217 4806
f 6217 1548 6222
f 6222 1392 5730
f 5730 982 6217
f 6217 6222 5730
f 4810 984 7407
f 7407 1861 7406
f 7406 895 4810
f 4810 7407 7406
f 7407 984 7412
f 7412 1862 7415
f 7415 1861 7407
f 7407 7412 7415
f 4809 894 7411
f 7411 1862 7412
f 7412 984 4809
f 4809 7411 7412
f 7411 894 7008
f 7008 1763 7414
f 7414 1862 7411
f 7411 7008 7414
f 4812 566 5313
f 5313 1241 5314
f 5314 985 4812
f 4812 5313 5314
f 5313 566 5309
f 5309 1238 5315
f 5315 1241 5313
f 5313 5309 5315
f 4817 986 6219
f 6219 1548 6218
f 6218 983 4817
f 4817 6219 6218
f 6219 986 5717
f 5717 1389 6221
f 6221 1548 6219
f 6219 5717 6221
f 4797 979 7505
f 7505 1884 7506
f 7506 980 4797
f 4797 7505 7506
f 7505 979 7510
f 7510 1885 7513
f 7513 1884 7505
f 7505 7510 7513
f 4791 925 7514
f 7514 1886 7515
f 7515 978 4791
f 4791 7514 7515
f 7514 925 6610
f 6610 1671 7518
f 7518 1886 7514
f 7514 6610 7518
f 6700 1174 5182
f 5182 969 6699
f 6699 1690 6700
f 6700 5182 6699
f 5182 1174 5181
f 5181 888 4746
f 4746 969 5182
f 5182 5181 4746
f 4804 982 5734
f 5734 1393 5732
f 5732 565 4804
f 4804 5734 5732
f 5734 982 5730
f 5730 1392 5737
f 5737 1393 5734
f 5734 5730 5737
f 4820 889 7421
f 7421 1864 7422
f 7422 987 4820
f 4820 7421 7422
f 7421 889 5187
f 5187 1177 7425
f 7425 1864 7421
f 7421 5187 7425
f 4825 981 7500
f 7500 1883 7501
f 7501 988 4825
f 4825 7500 7501
f 7500 981 7527
f 7527 1888 7530
f 7530 1883 7500
f 7500 7527 7530
f 5108 1136 5109
f 5109 975 4778
f 4778 901 5108
f 5108 5109 4778
f 5109 1136 5110
f 5110 1135 5107
f 5107 975 5109
f 5109 5110 5107
f 4824 988 6844
f 6844 1724 6843
f 6843 927 4824
f 4824 6844 6843
f 6844 988 7501
f 7501 1883 7504
f 7504 1724 6844
f 6844 7501 7504
f 4728 964 6233
f 6233 1553 6232
f 6232 571 4728
f 4728 6233 6232
f 6233 964 7546
f 7546 1894 7549
f 7549 1553 6233
f 6233 7546 7549
f 4819 987 5149
f 5149 1160 5148
f 5148 886 4819
f 4819 5149 5148
f 5149 987 7422
f 7422 1864 7423
f 7423 1160 5149
f 5149 7422 7423
f 4829 985 7040
f 7040 1772 7041
f 7041 989 4829
f 4829 7040 7041
f 7040 985 5314
f 5314 1241 7042
f 7042 1772 7040
f 7040 5314 7042
f 4831 887 7427
f 7427 1865 7428
f 7428 990 4831
f 4831 7427 7428
f 7427 887 5146
f 5146 1159 7429
f 7429 1865 7427
f 7427 5146 7429
f 4833 990 7382
f 7382 1856 7380
f 7380 899 4833
f 4833 7382 7380
f 7382 990 7428
f 7428 1865 7432
f 7432 1856 7382
f 7382 7428 7432
f 4458 572 6223
f 6223 1550 6224
f 6224 893 4458
f 4458 6223 6224
f 6223 572 6227
f 6227 1551 6229
f 6229 1550 6223
f 6223 6227 6229
f 4828 989 7648
f 7648 1915 7647
f 7647 965 4828
f 4828 7648 7647
f 7648 989 7041
f 7041 1772 7651
f 7651 1915 7648
f 7648 7041 7651
f 5711 1387 5712
f 5712 991 4834
f 4834 397 5711
f 5711 5712 4834
f 5712 1387 5723
f 5723 1390 5722
f 5722 991 5712
f 5712 5723 5722
f 5722 1390 5721
f 5721 986 4837
f 4837 991 5722
f 5722 5721 4837
f 5721 1390 5725
f 5725 1389 5717
f 5717 986 5721
f 5721 5725 5717
f 4838 595 5317
f 5317 595 5319
f 5288 1228 5287
f 5287 963 4788
f 4788 977 5288
f 5288 5287 4788
f 5287 1228 5293
f 5293 1231 5291
f 5291 963 5287
f 5287 5293 5291
f 4839 992 5707
f 5707 1386 5706
f 5706 396 4839
f 4839 5707 5706
f 5707 992 6752
f 6752 1701 6756
f 6756 1386 5707
f 5707 6752 6756
f 4841 401 6751
f 6751 1701 6752
f 6752 992 4841
f 4841 6751 6752
f 6751 401 5452
f 5452 1297 6755
f 6755 1701 6751
f 6751 5452 6755

