# https://github.com/mikedh/trimesh
v 0.04146706 0.29535735 0.04873000
v 0.04780572 0.31053448 0.03285560
v 0.04838382 0.32337594 0.03055784
v 0.04639290 0.30666482 0.04322856
v 0.05134691 0.26591572 0.05427037
v 0.05859806 0.25007245 0.06218768
v 0.07781741 0.25211665 0.05610930
v 0.06883948 0.27333593 0.04450718
v 0.08200735 0.23344059 0.06730149
v 0.06300528 0.23216254 0.07069680
v 0.08153141 0.17603514 0.10562097
v 0.08342472 0.19466314 0.08671434
v 0.06334634 0.19226778 0.09225276
v 0.06151669 0.17424341 0.11195599
v 0.10379767 0.10612217 0.14877434
v 0.09095754 0.10448784 0.15440522
v 0.08842315 0.09061843 0.15581673
v 0.10242991 0.09051645 0.15037763
v 0.15613788 0.20681529 0.08675792
v 0.15991928 0.18788525 0.08854080
v 0.15558073 0.20763133 0.07755975
v 0.15923575 0.22616240 0.07223171
v 0.05376117 0.30959427 -0.00073362
v 0.04117457 0.32559562 0.00249105
v 0.04984636 0.31253025 0.01959181
v 0.06789496 0.29282391 0.02156979
v 0.15477835 0.11522006 0.09237183
v 0.14776291 0.13022539 0.10591327
v 0.14685237 0.11790427 0.10922875
v 0.15475000 0.10491768 0.09781069
v 0.15825525 -0.00281779 0.11405066
v 0.14670190 -0.00849192 0.14564623
v 0.13141045 -0.04141766 0.14022806
v 0.15488896 -0.03644564 0.11705183
v 0.18955442 0.03007597 0.02599872
v 0.19097695 0.00408956 0.02395312
v 0.19068225 0.01265676 -0.00180246
v 0.19279180 0.03579385 -0.00687042
v 0.11653887 0.19263747 0.11881381
v 0.11917459 0.20914134 0.10356593
v 0.10622873 0.20062943 0.09163377
v 0.10240642 0.18284658 0.10871607
v 0.24141549 0.07338198 0.03851657
v 0.23608989 0.08493942 0.03869553
v 0.22179142 0.07521579 0.03027023
v 0.22304639 0.06320563 0.03123281
v 0.18448640 -0.13220468 0.06495062
v 0.18243413 -0.15791902 0.06830119
v 0.18579786 -0.14757086 0.04341487
v 0.18708295 -0.12421014 0.04042187
v 0.17565858 0.21125068 0.03865962
v 0.16740674 0.22651151 0.02622558
v 0.15088648 0.24217591 0.02003931
v 0.16054776 0.22834067 0.03472547
v 0.15932333 0.15955721 0.09409498
v 0.16131200 0.17301290 0.09358043
v 0.15684673 0.18912683 0.09678830
v 0.15481187 0.17432971 0.10257062
v 0.18613923 0.06860876 -0.00764195
v 0.18499374 0.07863005 -0.00889254
v 0.18274000 0.07706803 0.01567634
v 0.18341176 0.06607065 0.01763084
v 0.18454099 0.05174220 0.02034066
v 0.18804023 0.05509952 -0.00728265
v 0.14779526 0.18680605 0.11126447
v 0.15196133 0.20329300 0.10103416
v 0.13751297 0.21186388 0.11007343
v 0.13458300 0.19434361 0.12086730
v 0.09088171 0.07262070 0.16161832
v 0.11177465 0.07188994 0.15697008
v 0.16960122 -0.16742849 0.09228410
v 0.17097211 -0.14076114 0.08726864
v 0.15256572 -0.15274885 0.10915166
v 0.14894840 -0.17628443 0.11251619
v 0.13731179 0.01995987 0.16709290
v 0.15364891 0.02302407 0.14163417
v 0.14151728 0.05124758 0.14564054
v 0.12260204 0.04892017 0.16098042
v 0.12934387 -0.18410742 0.13274449
v 0.13364325 -0.15959451 0.13183433
v 0.11017432 -0.16420071 0.15078573
v 0.10734918 -0.19286460 0.14806338
v 0.08387184 0.21347615 0.07715418
v 0.06524481 0.21154775 0.08021019
v 0.12824120 0.10763031 0.12982595
v 0.11663850 0.10684896 0.14041208
v 0.11699567 0.09108002 0.14261636
v 0.13243693 0.09084973 0.13050163
v 0.17498997 0.14871702 0.07858393
v 0.18034850 0.15533738 0.08005753
v 0.16932058 0.18465488 0.08205611
v 0.17091540 0.16905244 0.08602855
v 0.18758020 -0.16854194 0.04659863
v 0.17582950 -0.17713593 0.06956154
v 0.13031055 -0.20968795 0.13580388
v 0.10845118 -0.22006810 0.14955392
v 0.19801086 0.10266581 -0.06070227
v 0.20817946 0.09717742 -0.02098502
v 0.21055318 0.09966413 -0.00147818
v 0.21031348 0.10187693 -0.04299040
v 0.05638577 0.09994384 0.16201633
v 0.07082880 0.08183405 0.16485947
v 0.07523087 0.09885857 0.16033050
v 0.06607000 0.11052962 0.15691189
v 0.14348207 0.07289486 0.13150804
v 0.12904783 0.07340206 0.14494510
v 0.15633400 0.05383044 0.12626618
v 0.04520076 0.08105081 0.16966957
v 0.06725574 0.05573680 0.17618267
v 0.04496907 0.20918328 0.08939916
v 0.04429130 0.18873525 0.10005815
v 0.04393948 0.23047765 0.08123218
v 0.04113115 0.24772617 0.07305076
v 0.02225075 0.24262071 0.08066104
v 0.02485747 0.22598258 0.08893718
v 0.03706207 0.26124236 0.06519802
v 0.01899814 0.25647482 0.07290854
v 0.02747303 0.28650025 0.06103256
v 0.02453217 0.29887772 0.06224495
v 0.16775310 0.15782653 0.08556952
v 0.16488704 0.14616415 0.08596411
v 0.14838347 -0.19830297 0.11496643
v 0.05670693 0.26753482 -0.09883486
v 0.07247823 0.26804847 -0.09773234
v 0.07854847 0.25358239 -0.10933001
v 0.06434070 0.25189874 -0.11139051
v 0.09160750 0.27979335 0.01230616
v 0.07452139 0.29779959 -0.00589935
v 0.14314814 0.18920235 -0.12003430
v 0.15462589 0.17690700 -0.11816320
v 0.17087704 0.16832212 -0.11056321
v 0.15446866 0.18586680 -0.12042265
v 0.16107287 0.13890871 -0.10244191
v 0.13996981 0.15430626 -0.10567527
v 0.13179857 0.14972387 -0.09507002
v 0.14447883 0.13799259 -0.09514807
v 0.18665758 -0.13897462 0.01776871
v 0.19294445 -0.11483051 0.01294593
v 0.17200112 0.08098204 -0.07916028
v 0.17819269 0.09566423 -0.06934127
v 0.18124828 0.07880861 -0.05216269
v 0.18165442 0.06162910 -0.05698502
v 0.00096899 0.25725764 -0.12135742
v 0.01426925 0.25917491 -0.11347647
v 0.02021974 0.24149680 -0.12209903
v 0.00454167 0.23896284 -0.12804182
v 0.02341185 0.27892900 -0.08529656
v 0.01537885 0.27922088 -0.09319916
v 0.00752284 0.29792553 -0.08379374
v 0.01627323 0.29648986 -0.07502350
v 0.04322880 0.26465076 -0.09767488
v 0.05277196 0.24837998 -0.11114024
v 0.18657261 0.07767130 -0.03042726
v 0.18813044 0.08810496 -0.03047756
v 0.19447245 0.10329054 -0.03380519
v 0.19771665 0.10905961 -0.03617311
v 0.19374180 0.10451500 -0.01105586
v 0.19257672 0.09786558 -0.01052701
v 0.03546263 0.34103298 0.00214261
v 0.02997931 0.33513853 -0.00993725
v 0.02735153 0.35215420 -0.00598673
v -0.00046260 0.37165603 -0.02733880
v 0.00495071 0.36974475 -0.02177570
v 0.00184925 0.35869876 -0.02832908
v -0.00416707 0.36418283 -0.03419730
v 0.05213801 0.16117500 -0.11980739
v 0.06772102 0.13512433 -0.12438847
v 0.03231931 0.13825914 -0.12260905
v 0.02384728 0.16080497 -0.12126372
v 0.20246498 0.12413480 -0.06278057
v 0.19792403 0.13850152 -0.08086424
v 0.18926117 0.14635526 -0.09649953
v 0.20085016 0.12873754 -0.07886067
v 0.19690454 0.13364863 -0.07000144
v 0.19872890 0.11995766 -0.05482383
v 0.19459496 0.11538421 -0.05007699
v 0.19406740 0.12905458 -0.06354807
v 0.18422771 0.10647747 -0.06096380
v 0.18764871 0.11819793 -0.06017093
v 0.18862709 0.10260437 -0.04573580
v 0.18620776 0.09177418 -0.04764927
v 0.04785933 0.05185993 -0.11595885
v 0.04388195 0.08490521 -0.11855792
v 0.07620157 0.08183596 -0.11661309
v 0.07962782 0.04931133 -0.10898342
v 0.20789801 0.11069845 0.03110983
v 0.19704159 0.10328662 0.01308260
v 0.20622864 0.11507505 0.03279835
v 0.20847970 0.12731981 0.04952420
v 0.13152905 0.16701458 -0.09252375
v 0.13618752 0.17824093 -0.09148538
v 0.14292979 0.16761976 -0.08743804
v 0.13708082 0.15909809 -0.08916152
v 0.17761262 0.08839975 -0.02966445
v 0.16971651 0.07880091 -0.03785361
v 0.18226317 0.08118656 -0.01202031
v 0.18389350 0.09758819 -0.00228610
v 0.07638102 0.29724553 -0.03048976
v 0.05668507 0.30695665 -0.02315800
v 0.09555040 0.28891703 -0.01160096
v 0.16281533 0.10938003 -0.07453877
v 0.15109590 0.12229715 -0.08671646
v 0.14807525 0.11723766 -0.08245868
v 0.15624544 0.10437536 -0.07618251
v 0.25474542 0.08418004 0.04108627
v 0.24740693 0.10133888 0.04175364
v 0.15734488 0.07462588 -0.06253503
v 0.15991077 0.08343260 -0.06181121
v 0.15329543 0.09655421 -0.07429630
v 0.15288833 0.08626413 -0.07203414
v 0.17871192 0.03971124 -0.05312639
v 0.16961235 0.05775137 -0.07584823
v 0.17278056 -0.12579903 -0.03318175
v 0.18455645 -0.09376257 -0.04171212
v 0.19142175 -0.10477793 -0.01504923
v 0.18413919 -0.13193329 -0.00964912
v 0.19408859 -0.15924643 0.02116391
v 0.17932753 -0.14988428 -0.03213538
v 0.18800983 -0.15415294 -0.00523721
v 0.02688839 0.36751738 -0.00135861
v 0.02273618 0.37985545 -0.00733781
v 0.18782301 -0.25593007 0.04502123
v 0.17734233 -0.25245911 0.06939662
v 0.18096082 -0.26316461 0.06224139
v 0.19095071 -0.27074075 0.03922720
v -0.00291756 0.38853565 -0.03520346
v 0.00735481 0.38850817 -0.02258270
v 0.18411073 -0.23758289 0.04383685
v 0.17573310 -0.24067658 0.06834918
v 0.03538261 0.35578480 0.00309065
v 0.04418442 0.34544572 0.01286272
v 0.16664048 -0.25771639 0.08491867
v 0.16949986 -0.26985532 0.08170275
v 0.17952652 -0.18136448 0.05191125
v 0.18601684 -0.17595604 0.02598794
v 0.07361685 -0.25993299 -0.12185911
v 0.07779491 -0.23903625 -0.12027790
v 0.11598364 -0.23683870 -0.10549670
v 0.10940415 -0.25412813 -0.10754293
v 0.18906443 -0.17184484 -0.00038969
v 0.19110003 -0.16911653 -0.02797903
v 0.16699304 -0.18916298 0.07363301
v 0.08263798 -0.23048976 0.15748844
v 0.08090269 -0.25778311 0.14797132
v 0.10412103 -0.24426395 0.13965805
v -0.00074136 -0.26243663 0.16954872
v -0.00287547 -0.29034927 0.15609851
v 0.02589322 -0.28213376 0.15569794
v 0.02756448 -0.25311714 0.16866009
v 0.01423674 -0.32533312 0.14080739
v -0.00169080 -0.32788405 0.13910465
v 0.15133810 -0.26539320 0.10221612
v 0.14915513 -0.25602728 0.10348709
v 0.13276272 -0.26819086 0.11838940
v 0.13167383 -0.27702948 0.11959319
v 0.17593887 -0.16866955 -0.05326885
v 0.16683722 -0.14769542 -0.05816397
v 0.15113205 -0.14369886 -0.08160865
v 0.14421594 -0.11095520 -0.07429536
v 0.16449869 -0.11833744 -0.05722297
v 0.13392930 0.09233820 -0.11722260
v 0.12923929 0.11796208 -0.11848913
v 0.15290545 0.10086665 -0.10021829
v 0.15406479 0.07621378 -0.09706661
v 0.02401777 0.26002923 -0.10376815
v 0.03280069 0.24259299 -0.11503851
v 0.09603965 -0.29499680 0.13847111
v 0.02763570 -0.21722651 0.16841818
v 0.00058525 -0.23073170 0.17192060
v 0.08220489 -0.19852133 0.15768254
v 0.05405436 -0.20744319 0.16311049
v 0.05548313 -0.24192785 0.16440836
v 0.04286300 -0.08105211 0.19125025
v 0.03195568 -0.11118596 0.17764698
v 0.06392290 -0.10787663 0.16800508
v 0.07401795 -0.07985897 0.17862156
v 0.08408994 -0.04565610 0.18351232
v 0.05137514 -0.04752066 0.18779227
v 0.06964503 0.02002131 0.16930647
v 0.10517162 0.02074152 0.16387376
v 0.09556983 0.04965116 0.16701242
v 0.02747770 0.20450984 0.09735849
v 0.02837086 0.18378884 0.10805814
v 0.15475328 -0.26851904 0.09745075
v 0.16392739 -0.24673089 0.08737410
v 0.16138960 -0.18713993 0.09236880
v 0.15508097 -0.20038931 0.09427264
v 0.17630027 0.04069334 0.06037123
v 0.18346345 0.00636975 0.05560432
v 0.07956401 0.10905547 0.15729256
v 0.07543883 0.11747871 0.15275145
v 0.18258734 -0.07112408 -0.05197927
v 0.19184114 -0.08234446 -0.02685310
v 0.15611015 0.08253355 0.09943552
v 0.15068206 0.07833841 0.11593404
v 0.16277991 0.05878777 0.10372560
v 0.16599520 0.06352659 0.08338539
v 0.17144851 0.07175409 0.06946886
v 0.16276185 0.08835834 0.08728176
v 0.17479087 0.08207083 0.06180516
v 0.16562773 0.09740483 0.07960857
v 0.18028361 0.13393955 0.06573881
v 0.18802401 0.13614227 0.06427688
v 0.03371071 0.00660140 0.17281120
v 0.02518827 -0.02614859 0.17682497
v 0.06131347 -0.01881389 0.17623964
v 0.05367543 -0.27013272 0.15328239
v 0.07679911 -0.31699637 0.13740501
v 0.05566783 -0.31888255 0.13953933
v 0.11130367 0.04144602 -0.10507233
v 0.10753024 0.07487024 -0.11711538
v -0.00259396 0.27703634 -0.11399622
v 0.00786179 0.27902102 -0.10443855
v -0.00275968 0.31898034 -0.08650547
v -0.00738100 0.31858546 -0.09643795
v -0.00926083 0.33590639 -0.08236055
v -0.00709880 0.33525229 -0.07267250
v -0.01050076 0.39440563 -0.04099991
v 0.15987971 0.06429208 -0.06978548
v 0.15538731 0.07580855 -0.07101787
v 0.16303129 0.08320500 -0.07199962
v 0.17145215 0.06839465 -0.06954227
v 0.08208583 0.16076057 -0.12843974
v 0.10151810 0.13446233 -0.12956902
v 0.04325032 0.33284625 0.01501950
v 0.12266493 0.29022303 -0.00217821
v 0.10519372 0.29728529 -0.00295367
v 0.11694018 0.28873041 0.01727935
v 0.13523242 0.28338784 0.01966982
v 0.08624858 0.27600551 -0.08183572
v 0.07105757 0.27792603 -0.08180307
v 0.07334956 0.28778562 -0.06455526
v 0.08952145 0.28296468 -0.06294682
v 0.10402574 -0.26536500 -0.10869128
v 0.07028998 -0.27191737 -0.12215655
v 0.08892663 -0.06092593 -0.11318666
v 0.08555300 -0.02417285 -0.11422230
v 0.11379817 -0.03314571 -0.10086189
v 0.11892149 -0.06675109 -0.09644549
v 0.11713655 0.14964612 -0.12178024
v 0.14393264 0.13013151 -0.10860934
v 0.03669310 0.10792162 0.15705079
v 0.04944222 0.11754893 0.15274395
v 0.04537117 0.13684802 0.14560524
v 0.03149153 0.12931746 0.14762282
v 0.17821431 0.12551203 -0.07481001
v 0.16731261 0.10535026 -0.07409757
v 0.15455350 0.11670820 -0.07811225
v 0.15586939 0.12917572 -0.08095303
v 0.19086455 -0.03055562 -0.01458463
v 0.19319612 -0.06076449 -0.00645641
v 0.18819728 -0.04899414 -0.03448217
v 0.18477452 -0.01761171 -0.04228929
v 0.18803896 0.04689657 -0.03343401
v 0.18619582 0.02455128 -0.02917815
v 0.18409307 0.06470057 -0.03208278
v 0.18222645 0.12016683 -0.08969224
v 0.20329449 0.11513119 -0.07622121
v 0.18707836 0.13457096 -0.09792461
v 0.16618779 0.09249511 -0.05962199
v 0.17385824 0.09812395 -0.05054335
v 0.20011175 0.10687765 -0.01433129
v 0.20496005 0.10362948 -0.02496688
v 0.20260958 0.10628926 0.01064883
v 0.19304407 0.11051328 0.01649611
v 0.20389070 0.11166014 -0.04237818
v 0.20720313 0.11278533 -0.05596871
v 0.15475334 0.22284220 0.08839888
v 0.15252298 0.24134113 0.07655959
v 0.12915955 0.24549600 0.07356596
v 0.13678505 0.22983664 0.09389886
v 0.11982086 0.22315367 0.08637810
v 0.11813341 0.23718326 0.06991124
v 0.10389341 0.23316266 0.06392317
v 0.10716446 0.21644284 0.07734472
v 0.05096818 0.29383802 0.03735487
v 0.04415511 0.28056842 0.05037932
v 0.03153287 0.27371988 0.06115679
v 0.01592757 0.26853478 0.06878226
v -0.00966826 0.38572946 -0.03980181
v -0.00424661 0.37929851 -0.03177651
v -0.00876386 0.36785650 -0.04119836
v -0.01001102 0.36997035 -0.04937508
v -0.01504521 0.36455035 -0.05654469
v -0.01436093 0.38322759 -0.04350122
v 0.01334594 0.29290321 0.06634961
v 0.26623601 0.09769909 0.03486682
v 0.25795537 0.11510540 0.03500023
v 0.27100331 0.11304469 0.01823443
v 0.26360238 0.12615401 0.02215179
v 0.11336427 0.26795909 0.03276173
v 0.12047815 0.27562740 0.03503518
v 0.10988704 0.28163463 0.01152345
v 0.18205526 -0.10851584 0.05706003
v 0.17548837 -0.11478168 0.08497754
v -0.02478880 -0.08875270 0.18990928
v -0.03003483 -0.11211046 0.18818113
v -0.00352250 -0.11314777 0.18409398
v 0.00848914 -0.08322512 0.19416003
v -0.00239872 -0.00455582 0.17813456
v -0.00949657 -0.03473993 0.17909773
v 0.02568066 -0.17903419 0.18110520
v 0.02649011 -0.14609919 0.17754246
v -0.00389576 -0.14958873 0.18652886
v -0.00286318 -0.18886098 0.18447584
v -0.01698653 -0.22948936 0.17275244
v -0.01860065 -0.24522477 0.17289302
v 0.21194865 0.13660343 0.04007315
v 0.21704093 0.15636474 0.03964112
v 0.21560471 0.18128259 0.03778682
v 0.21485904 0.15824912 0.04402276
v 0.08342183 -0.16674364 0.16501814
v 0.05477183 -0.17126308 0.17447627
v 0.17161068 0.14260025 0.07849511
v 0.17807548 0.12670921 0.06539971
v 0.03538120 0.04032215 0.18323287
v 0.06176818 0.12407383 0.14906505
v 0.06012777 0.14042130 0.14099446
v 0.07512292 0.12812388 0.14487018
v 0.07659288 0.14240548 0.13586122
v 0.16481656 0.21075630 -0.05621449
v 0.16269404 0.20333296 -0.06550588
v 0.14825249 0.21059522 -0.07377862
v 0.15108103 0.21911320 -0.06324036
v 0.26772666 0.12026858 0.00275664
v 0.26020634 0.12293614 -0.01350804
v 0.25311798 0.13990177 -0.01790178
v 0.25959024 0.13954362 0.00259739
v 0.16573976 0.06615888 -0.04318954
v 0.16410276 0.05566703 -0.04732551
v 0.17473042 0.05314734 -0.02384559
v 0.17729914 0.06746243 -0.01856413
v 0.16175085 0.04649954 -0.05272608
v 0.15716234 0.06592654 -0.06456303
v 0.15736847 0.05764290 -0.06715773
v 0.18996625 0.07677642 -0.06911533
v 0.17695832 0.08937012 -0.07139011
v 0.19452848 0.10450374 -0.06889475
v 0.20695534 0.08644414 -0.06618736
v 0.23892164 0.11696950 -0.03970344
v 0.21999641 0.09916046 -0.05913654
v 0.21961100 0.12051304 -0.05782176
v 0.24085626 0.13459918 -0.03639838
v 0.20097686 0.05197912 0.01458798
v 0.20547444 0.06713260 0.01728094
v 0.18939118 0.05842285 -0.00086792
v 0.18465534 0.04312835 -0.00697047
v 0.21658073 0.17540590 0.03026806
v 0.20765778 0.19789831 0.02935806
v 0.19235483 0.14955568 0.07799800
v 0.20343989 0.13860622 0.06827983
v 0.19670045 0.15943797 0.07166706
v 0.18291420 0.17363688 0.08076884
v 0.23721071 0.12173707 0.03728123
v 0.24613303 0.13197270 0.03508703
v 0.23430154 0.15406008 0.03009928
v 0.22547075 0.13815275 0.03655953
v 0.20398644 0.08312850 0.01731002
v 0.20006056 0.10306726 0.01675337
v 0.19131711 0.09306730 0.00650412
v 0.19094145 0.07385360 0.00397137
v 0.14921059 0.10795763 -0.07745328
v 0.15474194 0.09580907 -0.07406116
v 0.21020338 0.13919999 0.04263911
v 0.20401697 0.12256286 0.03498266
v 0.17001764 0.13106757 0.07616951
v 0.19086653 0.10748860 0.01799353
v 0.18693961 0.09800491 0.01572714
v 0.14286676 0.09434887 0.11699950
v 0.13796887 0.10812419 0.11920818
v 0.17987083 0.08153765 0.03811393
v 0.18007696 0.07024254 0.04145545
v 0.14513010 0.10867929 0.11146747
v 0.15058413 0.09780028 0.10579057
v 0.12468725 -0.01026972 0.16727041
v 0.01428419 0.28013724 0.06770808
v 0.20957319 0.10971902 0.02577742
v 0.21705952 0.12359059 0.03349081
v 0.14265083 0.13562903 -0.08459291
v 0.14390396 0.12746179 -0.08370605
v 0.14088804 0.13485682 -0.09014514
v 0.13382088 0.14387628 -0.08855270
v 0.14929692 0.16414171 -0.10599590
v 0.17019969 0.14752409 -0.09060692
v 0.15691291 0.14006194 -0.09919510
v 0.13521084 0.15713553 -0.11226898
v 0.17921147 0.21699831 -0.02999697
v 0.16470705 0.22740015 -0.03299341
v 0.17539288 0.22728708 -0.01505866
v 0.19101420 0.21370359 -0.01329351
v 0.18686822 0.21964107 0.00210033
v 0.19839297 0.20994352 0.01622965
v 0.21130721 0.19084314 0.01711634
v 0.20252655 0.20428990 0.00300618
v 0.12602112 -0.23110433 0.13029471
v 0.14097346 -0.21539517 0.11315988
v 0.09841741 -0.29374838 0.13683674
v 0.14505622 -0.13039678 0.13667145
v 0.11959049 -0.13463847 0.15233357
v 0.15302551 -0.06886203 0.12458891
v 0.14789966 -0.09961908 0.12989420
v 0.17021915 -0.09359331 0.10941958
v 0.17249322 -0.06524665 0.10058148
v 0.19461137 -0.05071026 0.04218297
v 0.18965119 -0.07982426 0.04940399
v 0.19002341 -0.07316960 0.02314800
v 0.19450811 -0.04228867 0.01297108
v 0.19547802 -0.09218746 0.00449606
v 0.19265507 -0.10029875 0.03218548
v 0.13758655 -0.00462996 -0.09360744
v 0.13999456 0.02988489 -0.10315121
v 0.15884621 0.01724429 -0.08928008
v 0.15926686 -0.01912391 -0.07827928
v 0.18492231 0.09944327 -0.01768340
v 0.17726392 0.16171931 -0.10128833
v 0.16173258 0.17740408 -0.11352846
v 0.22935197 0.17368270 0.01541440
v 0.21946569 0.18901098 -0.00072546
v 0.20092724 0.11327363 0.02610262
v 0.19687536 0.19603354 0.04006372
v 0.18450595 0.19603787 0.05362452
v 0.20374787 0.17879993 0.04889227
v 0.11455469 -0.28628024 0.13028954
v 0.12802671 -0.28336802 0.11993589
v 0.09440462 0.26623267 0.03488085
v 0.18851344 0.12012526 0.04600425
v 0.19511515 0.11842360 0.04259954
v 0.20928517 0.12849435 0.03900177
v 0.22870310 0.14991242 -0.04541107
v 0.23812073 0.16113505 -0.02649279
v 0.19420668 0.10540614 0.01916852
v 0.20325065 0.13007563 0.06103533
v 0.21199332 0.12152092 0.04816091
v 0.16834167 0.05085509 -0.06912459
v 0.17914638 0.05391498 -0.07005958
v 0.16182831 0.04614566 -0.06688727
v 0.16115770 0.03836600 -0.06151578
v 0.19682543 0.03461915 0.00922150
v 0.18106982 0.02964142 -0.01118756
v 0.20936403 0.05133909 0.03069790
v 0.24220400 0.06203091 0.03904242
v 0.27095765 0.09474243 0.02770147
v 0.27338192 0.10292434 0.01635244
v 0.26946408 0.10848098 0.00109936
v 0.23087272 0.10435006 -0.04447887
v 0.25918177 0.11199306 -0.01417502
v 0.21845540 0.09592195 -0.05659841
v 0.25752342 0.07193694 0.04109726
v 0.19759583 0.06720354 -0.07355466
v 0.21114860 0.07257666 -0.06839231
v 0.16842008 0.02917141 -0.03137182
v 0.17102349 0.04105286 -0.02827327
v -0.00542352 0.29814106 -0.10628751
v -0.01445951 0.27047166 -0.11770212
v -0.01592176 0.29067475 -0.10905013
v 0.17821160 0.05701458 0.04719185
v 0.16579643 0.02768721 0.11424805
v 0.17320181 0.03325781 0.08755961
v 0.18368240 0.11439020 0.04383239
v 0.18196943 0.10425667 0.04086593
v 0.21304254 0.10762903 0.01755792
v 0.21000057 0.11137614 0.03529860
v 0.17549483 0.08962826 0.05567970
v -0.02006467 -0.20719014 0.17996618
v -0.03353816 -0.24633071 0.17377232
v -0.03183119 -0.26814651 0.16315491
v 0.10204924 -0.16066138 -0.11302417
v 0.10790374 -0.18003349 -0.10748398
v 0.06868491 -0.17828776 -0.11475122
v 0.06231079 -0.15489286 -0.11985328
v 0.02796555 -0.19308107 -0.12752505
v 0.02440776 -0.17181358 -0.11547010
v 0.07844643 -0.20244263 -0.12330233
v 0.18989758 -0.25126925 -0.00557087
v 0.18403941 -0.22784817 -0.00855932
v 0.18490754 -0.22243883 0.01897323
v 0.18959151 -0.24601594 0.01922046
v 0.18750612 -0.20795187 0.04083673
v 0.18161267 -0.22211191 0.04498585
v 0.19034344 -0.20453037 0.01667112
v 0.17846443 -0.21229951 0.06435547
v 0.17448194 -0.22707872 0.06630036
v 0.16627401 -0.22115493 0.08408258
v 0.16310309 -0.23448266 0.08587480
v 0.14963916 -0.24660632 0.10250343
v 0.13394499 -0.25917724 0.11645078
v 0.11578701 -0.28233624 0.12951541
v 0.11662284 -0.27376032 0.12733459
v 0.09843906 -0.28977841 0.13479638
v 0.07864300 -0.30570945 0.13765331
v 0.05814587 -0.31564194 0.13844213
v 0.02723866 -0.32348663 0.13916200
v -0.00471512 -0.32864198 0.13801485
v -0.04040120 -0.32687083 0.13393463
v -0.03076045 -0.32382917 0.13723245
v 0.09907150 0.24887528 0.05026618
v 0.01835820 0.34529710 -0.01787757
v 0.04165324 0.32081267 -0.01541633
v 0.02606229 0.32871693 -0.02797875
v 0.05307795 0.27957949 -0.08280272
v 0.03685147 0.28038469 -0.08414331
v 0.03195840 0.29597908 -0.07154667
v 0.05159751 0.29335424 -0.06845871
v 0.00934631 0.35228273 -0.02326024
v 0.00940046 0.36593011 -0.01689386
v 0.01135142 0.33645695 -0.03653443
v 0.00047803 0.34178647 -0.03958315
v -0.00755301 0.34743336 -0.04628002
v 0.10865552 0.29339564 -0.02336034
v 0.12806281 0.28906596 -0.02288491
v 0.11408032 0.28690946 -0.04185079
v 0.09753896 0.28974438 -0.04510468
v 0.08661419 0.26735795 -0.09756912
v 0.09665334 0.26440400 -0.09668457
v 0.10077726 0.25240362 -0.10838747
v 0.09069145 0.25411579 -0.10872626
v 0.13913518 0.24907768 -0.00043542
v 0.15998809 0.24039164 0.01179867
v 0.14958844 0.24598658 -0.00898668
v 0.13137311 0.26010162 -0.01968059
v 0.09790500 0.27376533 -0.07991350
v 0.09888510 0.16971336 -0.12642343
v 0.11442728 0.17409568 -0.12067819
v 0.12807840 0.17847487 -0.11433686
v 0.14636257 0.19374380 -0.12160234
v 0.16472933 0.17103517 -0.10938618
v 0.14710462 0.18808475 -0.11911760
v 0.14117071 0.20183337 -0.12363678
v 0.13821733 0.20102638 -0.12083840
v 0.16425726 0.21253873 0.05146740
v 0.17290458 0.19336106 0.06764206
v 0.18991673 0.17765373 0.06311654
v 0.12020274 0.18805782 -0.10607576
v 0.12130222 0.17621671 -0.10618199
v 0.13090675 0.18424556 -0.11660361
v 0.12787816 0.19590756 -0.11651682
v 0.09253525 0.30240786 -0.02549346
v 0.13940713 0.25197917 -0.03078922
v 0.13753952 0.24461851 -0.04210266
v 0.12180118 0.25730470 -0.05515577
v 0.12398550 0.26292753 -0.04068581
v 0.12963220 0.24154040 -0.06225688
v 0.12521045 0.23674528 -0.07791003
v 0.11785941 0.24205269 -0.08872353
v 0.11876749 0.25182232 -0.07560724
v 0.12210070 0.19832689 -0.10540731
v 0.12710075 0.20654514 -0.11498795
v 0.18839031 0.21199542 0.03016811
v 0.14795485 0.27238035 0.00093737
v 0.14412624 0.28274003 -0.00334717
v 0.15376852 0.27649489 0.01830292
v 0.15325087 0.26399145 0.02133221
v 0.20315902 0.10302898 -0.00134103
v 0.19056214 0.09833640 -0.03926163
v 0.17644107 0.10960516 -0.07188623
v 0.16492802 0.15421994 -0.11008525
v 0.16043478 0.12362146 -0.08936061
v 0.20568667 0.14511988 0.05346394
v 0.20309080 0.15897119 0.05233555
v 0.15695851 0.26615113 0.03858943
v 0.15410091 0.24828714 0.03994305
v 0.17889921 0.22387031 0.01560689
v 0.16986814 0.23475431 -0.00046805
v 0.12986669 0.15731393 -0.09096046
v 0.12367740 0.16635439 -0.09526336
v 0.12424543 0.17738156 -0.09690864
v 0.17171404 0.16211015 -0.11016782
v 0.14057127 0.17065626 -0.11542919
v 0.13912988 0.27496928 -0.02021408
v 0.15190260 0.23764659 -0.03852468
v 0.15827620 0.23948455 -0.02154677
v 0.11272538 0.25705224 -0.08573825
v 0.10109706 0.25949979 -0.09157526
v 0.10437395 0.27133986 -0.07643524
v 0.11597229 0.26649669 -0.06855382
v 0.13554952 0.22028950 -0.08276537
v 0.13659319 0.22973855 -0.07002412
v 0.10408024 0.24826993 -0.10384190
v 0.11199833 0.24582481 -0.09795750
v 0.12725800 0.18925816 -0.09710278
v 0.14157179 0.27409777 0.04056775
v 0.12465253 0.25969926 0.05272758
v 0.14626367 0.26043573 0.05903057
v 0.15740165 0.24687004 0.05567503
v 0.15837665 0.22901793 0.05774242
v 0.15661803 0.20922527 0.06405192
v 0.11605157 0.25055867 0.05092247
v 0.13101184 0.14991923 -0.08855601
v 0.13677624 0.15088594 -0.08673416
v 0.13883650 0.14284857 -0.08510020
v 0.20486148 0.13762301 -0.06517192
v 0.00470406 0.23918414 0.08850612
v 0.00705903 0.22200355 0.09749396
v 0.22891378 0.10269330 0.03506122
v 0.21647526 0.09186824 0.02696551
v 0.24831271 0.14877731 0.01969886
v 0.23720238 0.17060462 -0.00590744
v 0.05669474 -0.14241427 0.16698067
v 0.17740402 -0.03483704 -0.05957696
v 0.17202291 0.00099667 -0.06656709
v 0.08381451 0.01271830 -0.10636920
v 0.11385781 0.00584805 -0.10216517
v 0.18757966 -0.05782322 0.06952210
v 0.17914507 -0.08772911 0.07743008
v 0.12443033 -0.07388254 0.13759086
v 0.12151579 -0.10492846 0.14239807
v 0.16134989 -0.12367520 0.11147909
v 0.14358163 -0.07650559 -0.07917911
v 0.13827088 -0.04509381 -0.08353849
v 0.16188210 -0.05866452 -0.06768340
v 0.16487899 -0.08559395 -0.06129355
v 0.05547332 -0.01846879 -0.12602831
v 0.05210421 0.01734570 -0.11244299
v 0.18795791 -0.02189820 0.03290607
v 0.18849117 -0.01462862 0.00501372
v 0.17471600 0.01356311 -0.04683720
v 0.16661429 0.03108511 -0.07082054
v 0.13780680 0.06342377 -0.11108899
v 0.15884045 0.04853272 -0.09503694
v 0.10989873 -0.04511849 0.16438866
v 0.09410046 -0.01269437 0.17928752
v 0.18798600 -0.02651395 0.06210032
v 0.01713145 -0.05386052 0.18411624
v 0.06927849 0.10862713 -0.12136053
v 0.10123269 0.10625045 -0.12657146
v 0.18174623 -0.00281260 -0.02032135
v 0.02915110 0.16567653 0.12604420
v 0.02896914 0.14904356 0.13869794
v 0.04396072 0.15489204 0.13479061
v 0.04435481 0.17095475 0.11904150
v 0.05989437 0.15724449 0.12920514
v 0.07869226 0.15867832 0.12313573
v 0.09657302 0.16500115 0.12392281
v 0.14266789 0.17167281 0.11855905
v 0.12856600 0.17701823 0.12976176
v 0.15474892 0.14838496 0.09654748
v 0.14991052 0.16220030 0.10826602
v 0.16250665 0.13440061 0.08557319
v 0.16891161 0.11977581 0.07405303
v 0.17595614 0.10111126 0.05730969
v 0.17679755 0.11284135 0.05997649
v 0.16757472 0.10708745 0.07314986
v 0.15548742 0.12754819 0.08982491
v 0.14953633 0.14238799 0.10274182
v 0.01988328 0.09633295 0.15973014
v 0.02286076 0.07019535 0.17190713
v 0.00254319 0.25317001 0.08188377
v -0.00887499 0.34992644 -0.05734733
v -0.01027170 0.35089073 -0.06703082
v -0.01610892 0.33070907 -0.08718015
v -0.01523040 0.34602499 -0.07222071
v 0.03671365 0.31695426 -0.03690935
v 0.01748927 0.32387686 -0.04688977
v 0.00144617 0.32781476 -0.05177376
v -0.00585062 0.33120680 -0.06139532
v 0.17813148 0.00121609 0.08798192
v 0.00292552 0.29942524 -0.09599886
v 0.00040394 0.31615493 -0.07552693
v 0.00865902 0.31512219 -0.06728424
v 0.02505562 0.31423393 -0.06068675
v 0.05484239 0.30801839 -0.05161600
v 0.08127350 0.30122632 -0.04860309
v 0.10435651 0.28099242 -0.06125619
v 0.11320899 0.27993810 -0.05902079
v 0.12685767 0.28272462 -0.04045034
v 0.12885904 0.27297205 -0.03239362
v 0.12304306 0.27342895 -0.05146401
v 0.20498349 0.20143777 -0.01656128
v 0.21532784 0.18936846 -0.02451798
v 0.21863425 0.17852125 -0.03832178
v 0.21326959 0.16414872 -0.05468441
v 0.19129476 0.15183446 -0.07143100
v 0.17159973 0.14248785 -0.07883557
v 0.15365911 0.13971440 -0.08307417
v 0.12663582 0.15672249 -0.09274425
v 0.12503700 0.16468941 -0.10292267
v 0.18674193 0.15342572 -0.09701078
v 0.18986754 0.14727664 -0.08576712
v 0.17486355 0.12291743 -0.07885669
v 0.18272206 0.13198635 -0.07469918
v 0.16466595 0.11170151 -0.09108714
v 0.16923687 -0.20804802 -0.06184976
v 0.15923110 -0.18661305 -0.06260598
v 0.17480907 -0.18592723 -0.03725735
v 0.17890625 -0.20614243 -0.03995236
v 0.05666807 -0.12546244 -0.12501526
v 0.09303115 -0.13339143 -0.11220527
v 0.17768431 -0.19796124 0.05805281
v 0.18714683 -0.19290751 0.03466002
v 0.19186595 -0.18973923 0.00833007
v 0.18572930 -0.18598203 -0.01542472
v 0.16647489 -0.20574728 0.07911433
v 0.07871293 -0.27844590 0.14264338
v 0.10232488 -0.26380280 0.13599172
v -0.00304631 -0.31148034 0.14821628
v 0.02653171 -0.30336806 0.14848986
v 0.15416902 -0.21754293 0.09882510
v 0.05313742 -0.29235020 0.14619984
v 0.12236840 -0.24822994 0.12679480
v 0.14091410 -0.23271562 0.11570971
v 0.15811247 -0.16622062 -0.07807289
v 0.13486785 -0.16334282 -0.10000614
v 0.12581548 -0.13944483 -0.09840337
v 0.04003761 0.18268037 -0.11702846
v 0.06262954 0.18336388 -0.12050770
v 0.08212804 0.18421048 -0.12618481
v 0.08017140 0.21041259 -0.12539859
v 0.09099862 0.21442759 -0.12244939
v 0.10858262 0.19538939 -0.11995196
v 0.09406374 0.19157952 -0.12595938
v 0.11105147 0.22208458 -0.12153957
v 0.11994917 0.22494586 -0.12105437
v 0.13259003 0.21017215 -0.12349257
v 0.12816721 0.20475355 -0.12284524
v 0.13112161 0.21418482 -0.12220749
v 0.12849993 0.21465668 -0.11933175
v 0.12520044 0.21423073 -0.11208790
v 0.12402350 0.20779449 -0.10378396
v 0.12489034 0.22850165 -0.08835932
v 0.11914240 0.23182920 -0.10045040
v 0.09904952 0.23899318 -0.11719684
v 0.08898027 0.23629883 -0.11831138
v 0.02595991 0.22119994 -0.12292061
v 0.00800600 0.21947494 -0.12537298
v 0.18063869 0.09253418 0.03883673
v 0.18420105 0.08759354 0.01522810
v 0.18924658 0.08875349 -0.00995303
v 0.19228545 0.09702451 -0.03176013
v 0.19227557 0.10940866 -0.04681853
v 0.19169813 0.12385904 -0.06069052
v 0.18710542 0.13788792 -0.07712170
v 0.18930046 0.14317149 -0.07943123
v 0.17917618 0.15058890 -0.09151489
v 0.17917009 0.15607882 -0.09588933
v 0.16559492 0.16440675 -0.10462610
v 0.14372849 0.18244860 -0.11554824
v 0.12070899 0.20057790 -0.12270321
v 0.10260588 0.21891753 -0.12324144
v 0.06535195 0.22918722 -0.12011795
v 0.07629417 0.23324783 -0.11977599
v 0.04210927 0.24489550 -0.11112022
v 0.03138947 0.26144639 -0.09702139
v 0.06781175 0.20372891 -0.12368403
v 0.05401889 0.22540125 -0.12077827
v 0.01664674 0.36535683 -0.01115817
v 0.00558619 0.37963235 -0.01940730
v 0.15392140 0.16254844 -0.08373564
v 0.16336599 0.15395847 -0.08094835
v 0.14854969 0.14966384 -0.08369010
v 0.14420216 0.15646756 -0.08592867
v 0.17853670 0.16093121 -0.07529287
v 0.17503548 0.18574180 -0.06919783
v 0.19282925 0.17484581 -0.06353902
v 0.16871732 0.17212924 -0.07789366
v 0.19784704 0.18958622 -0.04932469
v 0.17924260 0.19710821 -0.05793173
v 0.19665232 0.19946772 -0.03803649
v 0.17955533 0.20513444 -0.04834736
v 0.17788437 0.21036562 -0.04203764
v 0.19022547 0.20846753 -0.03098973
v 0.14221814 0.23579617 -0.05474892
v 0.15392032 0.22656710 -0.05068876
v 0.16735031 0.21675117 -0.04595952
v 0.13097714 0.19981037 -0.09512562
v 0.14200571 0.19033550 -0.08746366
v 0.15389377 0.17979005 -0.08195677
v 0.15954374 0.19360562 -0.07412203
v 0.14582066 0.20123929 -0.08115090
v 0.13386880 0.21009040 -0.09066226
v 0.02866280 0.20111239 -0.11826947
v 0.04836833 0.20220873 -0.11804026
v 0.12111663 0.22517157 -0.11903974
v 0.12180313 0.22550063 -0.11664289
v 0.12319976 0.22280890 -0.11170265
v 0.12454670 0.21882299 -0.10099898
v 0.11595134 0.23506503 -0.10908567
v 0.11217800 0.23679219 -0.11358432
v 0.10865028 0.23913985 -0.11650288
v 0.04223400 0.22214554 -0.11975519
v 0.00890022 0.19957571 -0.11911791
v 0.16075052 0.23201431 0.04409604
v 0.15328036 0.24607909 0.02578864
v 0.14435983 0.25838190 0.00844925
v 0.13658185 0.27041823 -0.01084305
v -0.01377744 0.39428589 -0.04128897
v 0.00480988 0.14022857 -0.12344573
v 0.00074752 0.16213897 -0.12048706
v 0.01670714 0.05697257 -0.12620811
v 0.01300934 0.08916605 -0.12407485
v 0.08796439 -0.09218420 -0.10402647
v 0.05291595 -0.08353718 -0.11256942
v 0.05554635 -0.05601528 -0.12632266
v 0.02192637 -0.14523685 -0.12669520
v 0.01881882 -0.11305755 -0.12795474
v 0.02248416 -0.04886092 -0.13830405
v 0.02316091 -0.01177453 -0.12870710
v 0.03946360 0.11324596 -0.12074564
v 0.01721342 0.18157592 -0.11669708
v -0.00475317 0.19795252 -0.11906833
v -0.00720915 0.21454953 -0.12523127
v -0.00964266 0.23334761 -0.12944353
v 0.10232971 0.13834582 0.14534350
v 0.10587306 0.15647739 0.14035250
v 0.09176399 0.14806396 0.13572384
v 0.08905822 0.13257866 0.14438079
v 0.13196418 0.14044142 0.12984771
v 0.13634838 0.15651056 0.12576079
v 0.12263842 0.15999655 0.13710736
v 0.11819814 0.14153667 0.14062916
v 0.14528671 0.15024841 0.11467761
v 0.14149499 0.13659239 0.11904613
v 0.10298105 0.12174550 0.14856067
v 0.11615077 0.12324528 0.14030008
v 0.08827095 0.11920194 0.15261078
v 0.13784410 0.12212262 0.12001167
v 0.12792249 0.12374236 0.13045432
v 0.00000224 0.28848764 0.07106486
v 0.00062001 0.27612478 0.07530286
v 0.01581113 0.12029423 0.14926049
v 0.01069965 0.17686284 0.11642317
v 0.01286189 0.15742633 0.12866986
v 0.00965181 0.19973353 0.10660632
v 0.00136037 0.26460087 0.07806099
v -0.01111004 0.23616652 0.09778526
v -0.00925170 0.21743968 0.10547878
v 0.01357560 0.14045455 0.14020443
v 0.00081459 0.08498642 0.16169387
v 0.00198067 0.05589017 0.17664137
v -0.01167942 0.25109032 0.09229278
v 0.00230691 0.02514565 0.18416910
v 0.19475570 -0.28767988 0.01267934
v 0.19346498 -0.26930213 0.01862380
v 0.19346596 -0.27213764 -0.00501316
v 0.19243097 -0.28795421 -0.00956839
v 0.12064204 -0.20602676 -0.10588495
v 0.12482759 -0.22055344 -0.10484517
v 0.09128682 -0.21764606 -0.11995342
v 0.18594126 -0.20356952 -0.01130653
v 0.18105397 -0.22783189 -0.03613353
v 0.13868746 -0.25389880 -0.08897409
v 0.16195731 -0.25623226 -0.06649097
v 0.15083845 -0.26622185 -0.07505938
v 0.13004436 -0.26695716 -0.09362786
v 0.18310603 -0.26537782 -0.03544148
v 0.18354550 -0.24909705 -0.03334138
v 0.14415446 -0.23842600 -0.08563519
v 0.16741678 -0.24332020 -0.06167743
v 0.16964716 -0.22597344 -0.06289221
v 0.17137966 -0.26787132 -0.04941301
v 0.03611802 -0.28434160 -0.12935469
v 0.14905025 -0.22199032 -0.08728694
v 0.13703249 -0.18155998 -0.08837425
v 0.15021288 -0.20618831 -0.08186304
v 0.11796410 -0.10227630 -0.08985539
v 0.07839248 -0.29403242 0.13944717
v 0.09944877 -0.27840492 0.13484244
v -0.00366962 -0.32408208 0.14086889
v 0.02836381 -0.31739765 0.14142135
v 0.15267259 -0.23306863 0.10204005
v 0.05508413 -0.30746073 0.14086290
v 0.11989735 -0.26279899 0.12698424
v 0.13736863 -0.24826980 0.11610373
v 0.03580920 -0.24720696 -0.12758845
v 0.03365882 -0.21784863 -0.12877512
v -0.03674886 -0.32463843 0.13684699
v -0.01571971 0.29002452 0.08012041
v -0.01422654 0.27473897 0.08740165
v -0.01252010 0.26318577 0.08995210
v 0.02038865 0.02392416 -0.12256293
v -0.01655089 0.31101343 -0.09924911
v 0.08818138 -0.13799199 0.16102448
v 0.10001763 -0.07698855 0.15886511
v 0.09319488 -0.10525111 0.15682258
v 0.17538273 -0.03127051 0.09209616
v -0.01279173 0.25192264 -0.12614402
v 0.11178587 0.17489775 0.13064142
v 0.03526599 -0.26993206 -0.12907602
v -0.00743065 0.19356883 0.11450552
v -0.00555628 0.16983393 0.12047554
v -0.00329247 0.14954482 0.13010973
v -0.00205520 0.13118662 0.14078394
v -0.03410897 -0.22710143 0.17285179
v -0.03545881 -0.20154455 0.18254456
v 0.01858749 -0.07328334 -0.12303694
v -0.03226101 -0.29753733 0.15183078
v -0.03542852 -0.17145807 0.18454306
v 0.00914089 0.11652676 -0.12319962
v -0.00100099 0.11085431 0.15102056
v -0.03237423 -0.31616235 0.14357692
v -0.00226319 0.18265446 -0.11594622
v -0.03241963 -0.13417536 0.17741066
v -0.01322440 -0.06669019 0.17896301
v -0.06179236 0.28356034 0.06134017
v -0.06475225 0.29366571 0.05314397
v -0.06644206 0.30839711 0.03968544
v -0.06797609 0.29765657 0.04359113
v -0.06739427 0.25260630 0.06765192
v -0.08909682 0.26114583 0.05576204
v -0.09603053 0.24286605 0.07276009
v -0.07113192 0.23856175 0.07980867
v -0.09559430 0.22733766 0.08715091
v -0.07068597 0.22617446 0.09435020
v -0.08927237 0.17634481 0.13282585
v -0.06903081 0.17370316 0.13264513
v -0.06931297 0.19538170 0.12313733
v -0.09239293 0.19465341 0.11614731
v -0.10755488 0.08960731 0.15256602
v -0.10267011 0.07478184 0.15612428
v -0.08820861 0.07645293 0.16162446
v -0.09366900 0.08978771 0.15830015
v -0.16109513 0.18946941 0.09624274
v -0.16001669 0.21240161 0.08667155
v -0.17174217 0.19395399 0.08195863
v -0.17150208 0.17323828 0.09776395
v -0.08358090 0.30323234 0.01245648
v -0.09263005 0.28416526 0.03393221
v -0.07473440 0.29961038 0.03051300
v -0.06750090 0.31420919 0.01250269
v -0.15527403 0.09918492 0.09875822
v -0.15218702 0.08856603 0.10302624
v -0.14536048 0.09858634 0.11246283
v -0.14874554 0.11049283 0.10983782
v -0.16398974 -0.00915421 0.10569040
v -0.16691265 -0.03571455 0.10051796
v -0.15100753 -0.04210636 0.12658197
v -0.15150675 -0.01393388 0.13248333
v -0.18709694 0.01749197 0.02714075
v -0.18876503 0.01613711 -0.00449867
v -0.18839581 -0.00142837 -0.00537552
v -0.19317956 -0.00481490 0.01888555
v -0.12892610 0.18123661 0.13406019
v -0.11012957 0.17931902 0.13280599
v -0.11321115 0.19612604 0.11587036
v -0.13346149 0.19887681 0.12056992
v -0.26589930 0.09367657 0.04913664
v -0.24434368 0.08527978 0.04621161
v -0.24516478 0.09290351 0.04495295
v -0.26189312 0.10232363 0.04907632
v -0.19974279 -0.11287021 0.01244469
v -0.19869062 -0.10559999 -0.01319321
v -0.19999270 -0.11922511 -0.01273067
v -0.19748536 -0.12521507 0.01315346
v -0.20661734 0.21980315 0.04309196
v -0.19296563 0.23038208 0.04107076
v -0.18654071 0.24518333 0.02625160
v -0.20178896 0.23513231 0.03153975
v -0.16431940 0.14476950 0.10202808
v -0.15766516 0.15709524 0.10569490
v -0.16090247 0.17149945 0.10277860
v -0.16650370 0.15732624 0.10206202
v -0.18649685 0.04608089 -0.00285527
v -0.18052660 0.05061490 0.02084098
v -0.18646207 0.06140263 0.02041850
v -0.18756831 0.05548825 -0.00143832
v -0.18087634 0.03490992 0.02325059
v -0.18593881 0.03187644 -0.00416809
v -0.14782590 0.16744658 0.11608385
v -0.14299116 0.17603682 0.12539160
v -0.14971815 0.19457810 0.11563225
v -0.15466169 0.18514620 0.10881908
v -0.10825299 0.05839866 0.15955307
v -0.08801324 0.06146277 0.16674951
v -0.19232002 -0.13815670 0.04063948
v -0.18610260 -0.15028572 0.06760391
v -0.18536755 -0.12454140 0.06876393
v -0.19410762 -0.11917672 0.04101818
v -0.13421093 0.01252875 0.15716164
v -0.11927553 0.03750644 0.16342095
v -0.13712841 0.03765069 0.14654894
v -0.15221211 0.01396935 0.13578911
v -0.17007735 -0.16068801 0.09056997
v -0.15508208 -0.17195317 0.11160801
v -0.15933590 -0.13913485 0.11857302
v -0.17672545 -0.13112861 0.09584615
v -0.09412903 0.20938209 0.10004186
v -0.07020058 0.21261190 0.10977825
v -0.12788425 0.08811253 0.13246532
v -0.12974390 0.07349373 0.13406624
v -0.11694026 0.07409453 0.14765845
v -0.11966985 0.08900030 0.14334156
v -0.17567278 0.13173884 0.08045942
v -0.17662205 0.15332349 0.09244373
v -0.18657868 0.17224288 0.09020332
v -0.18526241 0.14035593 0.08059843
v -0.19168343 -0.13925220 -0.01051600
v -0.19288979 -0.14976431 0.01487803
v -0.17242998 -0.18701500 0.09040242
v -0.15539560 -0.20115274 0.10909836
v -0.20487113 0.07878019 -0.04697315
v -0.21285670 0.07457466 -0.02860426
v -0.21816823 0.07777017 0.01124447
v -0.21957156 0.07644566 -0.00604706
v -0.05636092 0.09136447 0.16720405
v -0.06819645 0.10078508 0.16090876
v -0.07658104 0.08600748 0.16368099
v -0.06923345 0.07175876 0.16998723
v -0.13648045 0.05731184 0.13278866
v -0.14838600 0.03987736 0.12556665
v -0.12499529 0.05784838 0.14722903
v -0.04368455 0.07461251 0.17329083
v -0.06338345 0.04827601 0.17868058
v -0.05132287 0.21597981 0.12161729
v -0.05129845 0.19407327 0.12559198
v -0.05259269 0.23115923 0.10866809
v -0.03395905 0.22911578 0.11412127
v -0.03600598 0.24488643 0.10718572
v -0.05280258 0.24314016 0.09594895
v -0.03833098 0.25775898 0.09871086
v -0.05194724 0.25447917 0.08436617
v -0.05015493 0.27703059 0.07467495
v -0.04531330 0.28762183 0.06928989
v -0.17090006 0.14172885 0.09229261
v -0.16853780 0.13192196 0.09236027
v -0.17856164 -0.17594820 0.06627480
v -0.09230899 0.26066524 -0.09363800
v -0.09679805 0.24139431 -0.10456453
v -0.11122236 0.24397315 -0.10478014
v -0.10675575 0.26169324 -0.09421893
v -0.10122733 0.29603979 0.00836886
v -0.11432344 0.27922857 0.02931716
v -0.16806540 0.16439660 -0.09967788
v -0.17305171 0.15584743 -0.10028316
v -0.18287255 0.13198075 -0.09155150
v -0.17417485 0.14710452 -0.09642916
v -0.17416023 0.11311342 -0.08524479
v -0.16281897 0.11418352 -0.08158788
v -0.15549561 0.12871629 -0.08473025
v -0.16156359 0.13115686 -0.09050246
v -0.19124855 -0.11298030 -0.03803600
v -0.18542852 -0.10222268 -0.03690122
v -0.15803906 0.04568886 -0.07468117
v -0.17499216 0.03201761 -0.05623762
v -0.17406473 0.04237979 -0.04694959
v -0.16667879 0.05557866 -0.06356477
v -0.02699720 0.25384876 -0.12076058
v -0.02597211 0.23509790 -0.12623040
v -0.04323177 0.23389168 -0.12026749
v -0.04168268 0.25293428 -0.11206573
v -0.06149660 0.27508950 -0.08892245
v -0.05662613 0.29294729 -0.07605787
v -0.04466464 0.29209709 -0.08202158
v -0.04998153 0.27314112 -0.09399518
v -0.07802966 0.25890702 -0.09754772
v -0.08293805 0.23928142 -0.10926018
v -0.18835266 0.05702167 -0.02182705
v -0.18392643 0.04702104 -0.02317355
v -0.19181436 0.06791666 -0.02086320
v -0.19379246 0.06780437 -0.00047124
v -0.19507542 0.06975764 -0.00028514
v -0.19484223 0.07058362 -0.02425840
v -0.05907958 0.32891870 0.01206682
v -0.05501360 0.34152687 0.00415624
v -0.06015996 0.32597309 -0.00142050
v -0.03855531 0.36471659 -0.02179517
v -0.03362276 0.35862672 -0.02825714
v -0.04087757 0.35226688 -0.02375302
v -0.04389074 0.36167559 -0.01716889
v -0.04840591 0.14974251 -0.12217409
v -0.02174277 0.15577161 -0.12115220
v -0.02131256 0.13263087 -0.12335023
v -0.05397120 0.12105010 -0.12647507
v -0.19630009 0.08243580 -0.05227393
v -0.19743025 0.09149577 -0.06385127
v -0.19108537 0.10883212 -0.07685199
v -0.19231459 0.09582882 -0.06672202
v -0.19109690 0.08853611 -0.06028353
v -0.18846048 0.08324225 -0.05556887
v -0.19053420 0.07439676 -0.03914860
v -0.19362323 0.07782497 -0.04432420
v -0.17551021 0.06507736 -0.05528079
v -0.18051055 0.05405160 -0.04100741
v -0.18564282 0.06452585 -0.03774764
v -0.18031248 0.07395367 -0.05228200
v -0.01284486 0.04691350 -0.12412191
v -0.04497694 0.03623801 -0.11782660
v -0.04724069 0.06892151 -0.12446604
v -0.01508894 0.07872525 -0.12744717
v -0.21463886 0.10921616 0.04066211
v -0.21139915 0.12290336 0.05857005
v -0.21728784 0.11374655 0.04438297
v -0.21542764 0.09792128 0.02540483
v -0.15548590 0.15489648 -0.08170510
v -0.15993465 0.14852022 -0.07873114
v -0.16607173 0.15786934 -0.07823189
v -0.16022995 0.16720837 -0.08164652
v -0.19547172 0.08393565 -0.01315051
v -0.20926394 0.08936167 0.01512580
v -0.20472880 0.08538611 0.00759711
v -0.19049190 0.08057825 -0.01721283
v -0.10285613 0.29495758 -0.01854310
v -0.11855853 0.29086074 0.00510378
v -0.08813803 0.30535060 -0.01203086
v -0.18043527 0.09082689 -0.05755350
v -0.17164592 0.08581593 -0.05393208
v -0.16323754 0.09771370 -0.06463984
v -0.16503091 0.09881490 -0.06943234
v -0.28162169 0.10447876 0.04723569
v -0.27420703 0.11780143 0.04770320
v -0.17668608 0.07554360 -0.03494950
v -0.17151222 0.07921308 -0.04829727
v -0.16929287 0.08481821 -0.05011646
v -0.17708163 0.07848524 -0.03456136
v -0.15714394 0.02769395 -0.08060885
v -0.17193478 0.01478585 -0.05819876
v -0.14733067 -0.10913455 -0.07566244
v -0.16750036 -0.11088582 -0.05549755
v -0.16610733 -0.09733766 -0.05729795
v -0.14216174 -0.09179460 -0.07496157
v -0.18708429 -0.13452737 -0.03743125
v -0.15475485 -0.13639711 -0.07768531
v -0.17714798 -0.13355413 -0.06454121
v -0.05487474 0.37287831 -0.00010755
v -0.05440636 0.35774273 0.00980095
v -0.18295681 -0.23162875 -0.02209532
v -0.18583323 -0.24565415 -0.02813504
v -0.19148397 -0.23524673 -0.00582431
v -0.18949559 -0.22503513 0.00119920
v -0.04081532 0.38296932 -0.02372672
v -0.05292975 0.38228720 -0.00958340
v -0.18650810 -0.21773344 0.00171051
v -0.17807899 -0.21668577 -0.02265687
v -0.05683066 0.34227124 0.01400336
v -0.06398427 0.33066806 0.02090032
v -0.19363049 -0.23968013 0.01782276
v -0.19262835 -0.22831914 0.02058785
v -0.18465115 -0.15507048 -0.03221140
v -0.19147801 -0.16163857 -0.00742010
v -0.00111926 -0.26120457 -0.12769137
v -0.03416020 -0.25684792 -0.12462671
v -0.04124466 -0.23770906 -0.12300898
v -0.00580378 -0.24053712 -0.12803993
v -0.15508690 -0.15541524 -0.07913852
v -0.16764021 -0.15068842 -0.05447397
v -0.19302303 -0.17045671 0.01630742
v -0.12952362 -0.21354367 0.12114885
v -0.14784482 -0.22593312 0.10196719
v -0.13266720 -0.23975584 0.12085177
v -0.06411479 -0.25587901 0.16153388
v -0.08981211 -0.24066342 0.15331601
v -0.08275830 -0.27073747 0.13965216
v -0.05881740 -0.28446445 0.14777273
v -0.07132993 -0.32121211 0.12931444
v -0.08434720 -0.31505859 0.12656060
v -0.18980113 -0.23225239 0.04263385
v -0.18258435 -0.23954740 0.06375580
v -0.17927638 -0.23812415 0.06694970
v -0.18663335 -0.22712263 0.04602499
v -0.12845188 -0.13621201 -0.08849565
v -0.13284612 -0.15517882 -0.09784594
v -0.10224473 -0.13307706 -0.10157423
v -0.12548319 -0.10882431 -0.09595870
v -0.10096995 -0.10642261 -0.11056292
v -0.11234747 0.06370827 -0.11155093
v -0.13536780 0.04536663 -0.09444239
v -0.13985324 0.06579604 -0.09542704
v -0.11715548 0.08784322 -0.11119916
v -0.05749175 0.23424229 -0.11521884
v -0.05394397 0.25394291 -0.10443886
v -0.14801493 -0.27404740 0.10813745
v -0.06971354 -0.22105289 0.17209733
v -0.08741561 -0.20759116 0.15528347
v -0.11031336 -0.22596335 0.13823916
v -0.10649656 -0.19422279 0.13751177
v -0.13046186 -0.18221283 0.12297908
v -0.07014824 -0.08835486 0.16935979
v -0.09678620 -0.08378326 0.15607242
v -0.09737525 -0.11130574 0.15315650
v -0.07703745 -0.10919632 0.16843669
v -0.07068823 -0.05745984 0.17499542
v -0.10001065 -0.05319168 0.16450289
v -0.07059123 0.01274019 0.18079524
v -0.09309389 0.03938182 0.17425717
v -0.10710774 0.01218943 0.17139368
v -0.03509324 0.21089450 0.11779171
v -0.03546714 0.18623412 0.12135582
v -0.19050868 -0.23522463 0.03763163
v -0.18878512 -0.22037059 0.02463766
v -0.19044191 -0.16246481 0.04108309
v -0.18373695 -0.18315959 0.04169479
v -0.17751479 0.03096483 0.06176620
v -0.18609777 -0.00040110 0.04951564
v -0.07986119 0.10632198 0.15585212
v -0.08324227 0.09577251 0.15982212
v -0.16188927 -0.08219143 -0.06059991
v -0.14516301 -0.08063903 -0.07833338
v -0.15218119 0.06676319 0.10366806
v -0.16501427 0.05048409 0.08679815
v -0.15926169 0.04362283 0.10591553
v -0.14332549 0.06127624 0.11847177
v -0.16744654 0.06203505 0.07250436
v -0.15803377 0.07534400 0.09177016
v -0.16135047 0.08573043 0.08390344
v -0.16821000 0.07326782 0.06447083
v -0.18746543 0.11593497 0.06708534
v -0.19567385 0.11848167 0.06724299
v -0.07062972 -0.02428765 0.17718391
v -0.03911138 -0.02902229 0.17934470
v -0.03527384 0.00377091 0.18173876
v -0.10863711 -0.25676012 0.13281740
v -0.13415986 -0.30093667 0.11213669
v -0.11795434 -0.30559531 0.11751033
v -0.07257517 0.02226084 -0.11195691
v -0.07761007 0.05510420 -0.11866608
v -0.03829874 0.27274552 -0.10222404
v -0.02645629 0.27357498 -0.11158977
v -0.02998500 0.31084234 -0.07936668
v -0.02551582 0.32816863 -0.06611653
v -0.02073295 0.33125660 -0.07806966
v -0.02348733 0.31243294 -0.09136379
v -0.03759227 0.39019740 -0.02981829
v -0.18049900 0.06014678 -0.04967269
v -0.18647566 0.06674292 -0.05688773
v -0.17843251 0.07797664 -0.05649037
v -0.17527273 0.07033008 -0.04799985
v -0.07931643 0.14240809 -0.12475051
v -0.09060365 0.11186600 -0.12283567
v -0.06547771 0.31848958 0.02402053
v -0.15041138 0.29628751 0.01118494
v -0.15722501 0.28659084 0.03399407
v -0.14454432 0.28543460 0.02831026
v -0.13346694 0.29298046 0.00673183
v -0.12172976 0.27135819 -0.07601713
v -0.12576433 0.28116989 -0.05694461
v -0.10678379 0.28725666 -0.06165817
v -0.10531799 0.27633542 -0.07992228
v 0.00207860 -0.27301085 -0.12698771
v -0.03027593 -0.27059031 -0.12428048
v -0.04014966 -0.06412606 -0.12073821
v -0.06890235 -0.07303230 -0.11017172
v -0.06465805 -0.05166084 -0.10348574
v -0.03774703 -0.03895868 -0.11348572
v -0.11268999 0.12113559 -0.11343383
v -0.13603754 0.09520631 -0.10063221
v -0.03823362 0.10147352 0.15878907
v -0.03610995 0.12400956 0.14747828
v -0.04849546 0.13151085 0.15040782
v -0.05071182 0.11084479 0.15739679
v -0.19309080 0.12105725 -0.06644873
v -0.17429793 0.12189677 -0.07136139
v -0.17064869 0.10709080 -0.06685049
v -0.18101349 0.09961175 -0.06342987
v -0.17498484 -0.03834751 -0.03392699
v -0.16055706 -0.02905345 -0.05728664
v -0.16440831 -0.05725396 -0.06067133
v -0.17621391 -0.06001226 -0.03942318
v -0.18563496 0.02068775 -0.03337394
v -0.18391551 0.00374602 -0.03383181
v -0.18403107 0.03514662 -0.02926683
v -0.19255650 0.10479762 -0.07883404
v -0.20348205 0.08753042 -0.05910820
v -0.18792355 0.09358707 -0.07199227
v -0.19352877 0.08298021 -0.03459686
v -0.18346114 0.08217232 -0.03758843
v -0.20085740 0.07105612 -0.00413668
v -0.19894542 0.07962491 0.02474294
v -0.20721835 0.07815309 0.01984772
v -0.20826140 0.07325414 -0.01502216
v -0.20371456 0.07846907 -0.04516836
v -0.20052141 0.07368369 -0.03183720
v -0.15807697 0.20640329 0.09925611
v -0.15389562 0.21584658 0.10207068
v -0.15251964 0.23814940 0.08543842
v -0.15788522 0.22800985 0.08512767
v -0.13593116 0.21575682 0.10529769
v -0.11567897 0.21232435 0.10050628
v -0.11741796 0.23098059 0.08768860
v -0.13547057 0.23359673 0.08937702
v -0.07201762 0.28060865 0.04771420
v -0.06249621 0.26784161 0.06344885
v -0.05179273 0.26506644 0.07815191
v -0.03981531 0.26811728 0.09099653
v -0.02697043 0.38344723 -0.03283104
v -0.01990722 0.36603498 -0.04621883
v -0.02655782 0.36259839 -0.03525499
v -0.03474700 0.37385672 -0.02468844
v -0.03871305 0.28662214 0.07550094
v -0.29069564 0.11535424 0.03789482
v -0.28313202 0.12967984 0.03750426
v -0.28590554 0.13944475 0.02200316
v -0.29195806 0.12818985 0.01779664
v -0.13402392 0.26666310 0.05099918
v -0.13368595 0.28069848 0.02803292
v -0.14809707 0.27309486 0.04827199
v -0.19489609 -0.10832085 0.03900915
v -0.19757327 -0.09941278 0.01066965
v -0.04348150 -0.09194267 0.17489570
v -0.05671505 -0.10998295 0.18588306
v -0.08366238 -0.16727015 0.15357147
v -0.06106936 -0.18361562 0.16671564
v -0.06019363 -0.14600897 0.17560016
v -0.08734962 -0.13356727 0.17219912
v -0.05190215 -0.22418313 0.17319922
v -0.04945144 -0.24226063 0.17283261
v -0.23474240 0.14602035 0.04840751
v -0.22585383 0.16311450 0.05316737
v -0.22806963 0.18464807 0.04379165
v -0.24141073 0.16645959 0.04401519
v -0.11123516 -0.15723515 0.14789225
v -0.13750675 -0.14785972 0.13738562
v -0.17157209 0.12593219 0.08108181
v -0.18020682 0.10951900 0.06628019
v -0.03086047 0.03762616 0.18433428
v -0.06527836 0.11638331 0.15365176
v -0.06558233 0.13392724 0.14708754
v -0.08311922 0.13436742 0.14275664
v -0.08116428 0.11793149 0.14905152
v -0.19356014 0.20879266 -0.05503878
v -0.18261096 0.21598525 -0.06195585
v -0.17747857 0.20641237 -0.07082749
v -0.18931931 0.19974546 -0.06261986
v -0.28589004 0.13238581 -0.00105043
v -0.27835283 0.14964426 -0.00142660
v -0.26874122 0.14506385 -0.02068243
v -0.27518314 0.12939775 -0.01834268
v -0.18644544 0.07502195 -0.01517061
v -0.20018944 0.07707790 0.00570833
v -0.19931935 0.06952889 0.00456560
v -0.18708265 0.06662615 -0.01754692
v -0.18743756 0.05389259 -0.02363146
v -0.18144169 0.05581284 -0.04185574
v -0.17893329 0.06649286 -0.03648077
v -0.19875777 0.07660339 -0.06016923
v -0.21608116 0.08725746 -0.05967318
v -0.20535253 0.10301965 -0.06182190
v -0.18805444 0.08715642 -0.06085096
v -0.25589862 0.11856168 -0.03823408
v -0.25605851 0.13598940 -0.03680714
v -0.23286369 0.11930316 -0.05357734
v -0.23272544 0.09690616 -0.05523863
v -0.22698469 0.07483827 0.03675639
v -0.21287635 0.06510202 0.02084107
v -0.21340355 0.07622281 0.02345149
v -0.22819100 0.08487826 0.03791817
v -0.22766665 0.20219471 0.03142568
v -0.24291594 0.18393871 0.02938236
v -0.19881195 0.13590758 0.07959874
v -0.19607081 0.16143024 0.08317469
v -0.20542787 0.15227610 0.07315883
v -0.20660442 0.13080223 0.07084361
v -0.26240760 0.13372715 0.04763302
v -0.25294250 0.14681245 0.04698247
v -0.25862136 0.16265272 0.03476550
v -0.27192333 0.14366589 0.03808743
v -0.22880621 0.09140156 0.03657821
v -0.21568023 0.08453718 0.02492896
v -0.21933278 0.08936382 0.02880345
v -0.22647701 0.10234789 0.03512593
v -0.17172486 0.08661896 -0.05699117
v -0.16579708 0.09406969 -0.05967987
v -0.21705313 0.14212668 0.05158478
v -0.22804123 0.12736855 0.04342189
v -0.17040217 0.11647753 0.07887719
v -0.19202076 0.07413223 0.02257764
v -0.19416878 0.07791384 0.02478104
v -0.13907625 0.07601307 0.12131406
v -0.13602597 0.08852507 0.12283292
v -0.17376949 0.05982741 0.04404866
v -0.17879882 0.07044050 0.04133674
v -0.14697036 0.08052849 0.11036261
v -0.14267781 0.08959201 0.11507016
v -0.13051809 -0.01640492 0.15316151
v -0.04038908 0.27757168 0.08446953
v -0.24677500 0.12895010 0.04986154
v -0.23469663 0.11268888 0.04474850
v -0.16197672 0.12507579 -0.07470676
v -0.15482005 0.12626147 -0.08019435
v -0.15772304 0.11163805 -0.07748222
v -0.16165853 0.11234808 -0.07154556
v -0.14944211 0.12438971 -0.09985310
v -0.13409102 0.12247845 -0.10520486
v -0.15047060 0.10038993 -0.09174039
v -0.16244142 0.10235607 -0.08436023
v -0.20858961 0.21679978 -0.03245288
v -0.21952149 0.21506754 -0.01770630
v -0.20714566 0.22810860 -0.01853305
v -0.19747758 0.22682680 -0.03553830
v -0.21617627 0.22407006 -0.00049383
v -0.23003420 0.20900434 -0.00187876
v -0.23865789 0.19791228 0.01387496
v -0.22333091 0.21491641 0.01614338
v -0.18114766 -0.19530240 0.06623302
v -0.16751799 -0.21019825 0.08582944
v -0.15015113 -0.27515861 0.10355321
v -0.15395370 -0.11707723 0.11822456
v -0.17306978 -0.11817992 0.09650435
v -0.16708252 -0.06432183 0.09379823
v -0.18414244 -0.05694081 0.06989067
v -0.18396699 -0.08526693 0.06778791
v -0.16341996 -0.09384989 0.09023007
v -0.19129509 -0.04649157 0.01541089
v -0.18774413 -0.04103405 -0.01248362
v -0.18679373 -0.06687696 -0.01301963
v -0.19508034 -0.07356676 0.01256924
v -0.19044353 -0.09432377 -0.01369698
v -0.17937832 -0.08717195 -0.03844210
v -0.09537653 -0.02750562 -0.10299982
v -0.12244716 -0.04026638 -0.09190131
v -0.12482004 -0.00425662 -0.09120806
v -0.10169067 0.00709774 -0.10783978
v -0.20658684 0.08496448 -0.00432645
v -0.17343342 0.14148265 -0.09850115
v -0.18163264 0.11955348 -0.08877867
v -0.24251339 0.19290261 -0.00542122
v -0.25263178 0.18062797 0.01339662
v -0.22258653 0.11431991 0.03937384
v -0.21605894 0.20304061 0.04302388
v -0.21392514 0.18095170 0.05537586
v -0.21050906 0.20018315 0.05383888
v -0.17329054 -0.25731796 0.08252781
v -0.18454647 -0.23567149 0.05680669
v -0.11604766 0.26224568 0.05127731
v -0.19425638 0.09471838 0.04978472
v -0.20304003 0.09520189 0.04947750
v -0.21393450 0.12695432 0.04856972
v -0.24354374 0.14986978 -0.04328365
v -0.25494438 0.16265753 -0.02715340
v -0.21879184 0.10106245 0.03531071
v -0.20686486 0.11792774 0.06630238
v -0.21342918 0.11383547 0.05753948
v -0.19496052 0.05497895 -0.06046852
v -0.18773067 0.04775056 -0.05447948
v -0.18538396 0.04279301 -0.04658702
v -0.18724477 0.03989000 -0.03710227
v -0.21357903 0.05002654 0.01611922
v -0.23061329 0.05990930 0.03412946
v -0.23891295 0.07768499 0.04743772
v -0.26028499 0.08645079 0.04994302
v -0.29403391 0.11491997 0.02879652
v -0.29468745 0.11982062 0.01403110
v -0.28830621 0.12002790 -0.00317010
v -0.25262347 0.11174833 -0.03557835
v -0.27495342 0.11616264 -0.01840300
v -0.23243695 0.09723588 -0.05185678
v -0.28352267 0.09425665 0.04765525
v -0.22170012 0.07413200 -0.06034246
v -0.20680396 0.06362907 -0.06272058
v -0.19792995 0.04263478 -0.00512662
v -0.19870557 0.05800874 0.00083860
v -0.02556752 0.29286689 -0.10219587
v -0.17395449 0.04632648 0.04937340
v -0.16379137 0.01706558 0.11148094
v -0.17534678 0.02151618 0.08807245
v -0.18539488 0.08526298 0.04541185
v -0.18930018 0.09154324 0.04753153
v -0.21247000 0.09607265 0.04357522
v -0.22026265 0.09404325 0.03113902
v -0.17103419 0.08020744 0.05856290
v -0.05050094 -0.20318045 0.17941463
v -0.04804346 -0.15906732 -0.11202426
v -0.01520197 -0.15256509 -0.11876955
v -0.01591455 -0.17694816 -0.12304875
v -0.05192497 -0.17397174 -0.13049452
v -0.01495490 -0.19499891 -0.13429776
v -0.14964646 -0.23718974 -0.06899494
v -0.16663440 -0.22697970 -0.04627038
v -0.16603488 -0.20265073 -0.04535336
v -0.14786518 -0.21211627 -0.06812695
v -0.17906351 -0.18786013 -0.02668503
v -0.16902457 -0.18368328 -0.04710814
v -0.17831692 -0.20156933 -0.02144336
v -0.18512441 -0.20572242 0.00124131
v -0.18320833 -0.19398308 -0.00077097
v -0.18657063 -0.21138747 0.02506376
v -0.18849124 -0.19990003 0.02354122
v -0.18532486 -0.22057422 0.04788162
v -0.17798467 -0.23294441 0.06777897
v -0.16730270 -0.25395799 0.08730829
v -0.14907563 -0.27004120 0.10233559
v -0.16529235 -0.24961916 0.08653871
v -0.11427190 -0.30135798 0.11548098
v -0.13063452 -0.28921267 0.11104608
v -0.06719583 -0.31980410 0.12878311
v -0.09331536 -0.31101203 0.12143329
v -0.11815555 0.24518241 0.06993853
v -0.05447469 0.33939895 -0.01280807
v -0.06100199 0.32535240 -0.02162436
v -0.07159168 0.31422010 -0.00576296
v -0.09060024 0.27761984 -0.08142093
v -0.08829718 0.29186296 -0.06536792
v -0.07142583 0.29370013 -0.07060988
v -0.07477145 0.27750370 -0.08504296
v -0.04766972 0.34569538 -0.02002917
v -0.04774887 0.35713848 -0.01350100
v -0.04956694 0.33237430 -0.03100814
v -0.03106215 0.34118611 -0.04053491
v -0.03979756 0.33697402 -0.03478422
v -0.14064017 0.29584959 -0.01274353
v -0.13213372 0.28885484 -0.03540288
v -0.14070627 0.28073463 -0.02969066
v -0.15348496 0.28915727 -0.00937189
v -0.12166147 0.25761127 -0.09077773
v -0.12533002 0.24244271 -0.10277785
v -0.13114129 0.23776197 -0.09705321
v -0.12741739 0.25121093 -0.08529758
v -0.18283285 0.25593826 0.00903107
v -0.17720555 0.25946319 -0.01236978
v -0.18765725 0.25086629 -0.00499479
v -0.19484591 0.24432582 0.01396268
v -0.12717691 0.26436636 -0.07007746
v -0.10051931 0.14586332 -0.11869164
v -0.11898458 0.14471143 -0.11358133
v -0.13560177 0.14399542 -0.10924660
v -0.16329825 0.16502111 -0.10470330
v -0.15938418 0.15542533 -0.10628878
v -0.16831458 0.13132302 -0.09728082
v -0.16398537 0.17751761 -0.10405124
v -0.16491221 0.17889589 -0.10279030
v -0.20583740 0.17501809 0.06528004
v -0.19828480 0.18850176 0.07058201
v -0.19508117 0.21280111 0.05437204
v -0.15282208 0.17212850 -0.09396211
v -0.15794021 0.17680305 -0.09999979
v -0.15983804 0.16326095 -0.09875147
v -0.15236306 0.15954515 -0.09222992
v -0.12049569 0.29793668 -0.01687086
v -0.17930652 0.25296068 -0.02820319
v -0.17145243 0.25926968 -0.03215884
v -0.16785185 0.25297484 -0.04997101
v -0.17639180 0.24507761 -0.04247169
v -0.16981527 0.23920868 -0.06115925
v -0.16244952 0.24402905 -0.06961169
v -0.15913737 0.23297438 -0.08159707
v -0.16481511 0.23045617 -0.07429610
v -0.15429676 0.18463683 -0.09476992
v -0.15698716 0.18974724 -0.10078534
v -0.21638541 0.22113039 0.03154106
v -0.16894305 0.27224311 0.01658784
v -0.16909851 0.26068896 0.03861311
v -0.16857576 0.27343565 0.03438412
v -0.16754949 0.28561392 0.01240555
v -0.20818649 0.07750503 -0.02439161
v -0.21608579 0.08938538 0.01279934
v -0.19040297 0.08659878 -0.05594763
v -0.18000600 0.12422835 -0.08988802
v -0.17407663 0.09982860 -0.07256585
v -0.21105556 0.13983738 0.06032485
v -0.21146707 0.15775555 0.06083281
v -0.16905408 0.23859747 0.05371005
v -0.16448663 0.25616577 0.05428685
v -0.21012706 0.23266606 0.01677614
v -0.20123112 0.24010313 -0.00110029
v -0.15320903 0.16270579 -0.08750248
v -0.15178604 0.15051438 -0.08591011
v -0.15392856 0.14401634 -0.08128075
v -0.18300496 0.12724367 -0.08849799
v -0.16382381 0.14539225 -0.09615118
v -0.16728623 0.27957654 -0.00723012
v -0.19113550 0.24161705 -0.02321577
v -0.18531874 0.23517063 -0.04002472
v -0.15117063 0.24688709 -0.07569280
v -0.15507816 0.25832099 -0.05937549
v -0.14068006 0.26117361 -0.06462990
v -0.13852215 0.24939108 -0.08055094
v -0.17184596 0.22386222 -0.06717630
v -0.16722199 0.21305442 -0.07802557
v -0.13978268 0.23614869 -0.09257125
v -0.14975101 0.23610562 -0.09026507
v -0.15592739 0.17573132 -0.08838879
v -0.16150966 0.26885071 0.05236146
v -0.15958931 0.24836998 0.06842537
v -0.14971647 0.25565627 0.06586740
v -0.17042567 0.21842065 0.06937104
v -0.16174284 0.23553202 0.07147736
v -0.18269104 0.20162737 0.06828411
v -0.13486737 0.24920811 0.06955209
v -0.15363388 0.13615771 -0.08009661
v -0.16041519 0.13326862 -0.07626350
v -0.15945616 0.14112851 -0.07739608
v -0.21865639 0.13526575 -0.05932674
v -0.02408871 0.24118926 0.10448129
v -0.02425513 0.22419135 0.10867623
v -0.23996355 0.10116463 0.04351952
v -0.25299731 0.11475915 0.04962030
v -0.27159822 0.15893465 0.01834725
v -0.25713706 0.17422278 -0.01014855
v -0.11267041 -0.12193529 0.15861382
v -0.14521752 -0.04878520 -0.08005350
v -0.14432105 -0.01794293 -0.07319429
v -0.04164406 -0.00160382 -0.11932366
v -0.06879356 -0.01544537 -0.11364813
v -0.19505981 -0.07886918 0.04027163
v -0.19150098 -0.05142836 0.04283554
v -0.14423274 -0.10100178 0.11286792
v -0.14422911 -0.07190328 0.11589181
v -0.18579473 -0.11484672 0.06888976
v -0.09561317 -0.08076532 -0.09885287
v -0.12160520 -0.08803450 -0.09058277
v -0.11797816 -0.07321511 -0.08833147
v -0.09185290 -0.06414330 -0.09524304
v -0.01065373 0.00999384 -0.12256198
v -0.00817656 -0.02770627 -0.12355505
v -0.19132552 -0.02252839 0.01656476
v -0.18783455 -0.02106632 -0.00766795
v -0.16542402 -0.00575446 -0.05614265
v -0.14819628 0.00804007 -0.07475220
v -0.13097677 0.02231312 -0.09588730
v -0.10659687 0.03904633 -0.10777643
v -0.12712507 -0.04831405 0.14593415
v -0.10317791 -0.01960063 0.16798764
v -0.18214737 -0.02619756 0.04583153
v -0.04232937 -0.05946026 0.17578883
v -0.08116310 0.08603921 -0.12467866
v -0.04624952 0.09567881 -0.12797435
v -0.17825210 -0.01519151 -0.03399292
v -0.03592325 0.16525762 0.13120393
v -0.05067391 0.17145872 0.13397662
v -0.04857747 0.15128380 0.14218283
v -0.03533468 0.14463350 0.14067546
v -0.06717931 0.15228447 0.13774748
v -0.08492870 0.15363918 0.13904798
v -0.10437368 0.15882000 0.14324939
v -0.14004454 0.15142906 0.12000101
v -0.13418859 0.15723829 0.13077702
v -0.15941067 0.13402151 0.10395442
v -0.15000598 0.14428082 0.11051330
v -0.16539431 0.12091190 0.09235303
v -0.16831113 0.10665673 0.07838714
v -0.17896031 0.09955115 0.06235911
v -0.17364901 0.08968025 0.06029489
v -0.16367947 0.09444255 0.07794284
v -0.15971795 0.11106388 0.09744170
v -0.15217476 0.12337814 0.10798962
v -0.01998848 0.06639194 0.17294589
v -0.01962929 0.09278536 0.16076952
v -0.02461722 0.25634554 0.10066918
v -0.01900519 0.34771067 -0.06288204
v -0.02361687 0.34412974 -0.05124861
v -0.05618947 0.32157931 -0.04221979
v -0.07125474 0.31459841 -0.03020272
v -0.04227559 0.32376221 -0.04718369
v -0.03286216 0.32455143 -0.05537967
v -0.17531234 -0.00340698 0.07923664
v -0.03497305 0.29128346 -0.09160275
v -0.03886629 0.30896303 -0.06940724
v -0.04974873 0.30863425 -0.06145347
v -0.06490088 0.30955428 -0.05524144
v -0.08857860 0.30499351 -0.04366075
v -0.11196962 0.29734099 -0.04146607
v -0.13211952 0.27324820 -0.05090242
v -0.14741160 0.27129966 -0.04589869
v -0.16149248 0.26684368 -0.04030970
v -0.16642721 0.27037314 -0.02050671
v -0.15730588 0.28050935 -0.02723015
v -0.22986598 0.20259066 -0.02065068
v -0.23694071 0.18969613 -0.02666806
v -0.23723084 0.17757681 -0.03745151
v -0.22836223 0.16309263 -0.05061863
v -0.20664874 0.14891765 -0.06442096
v -0.18917295 0.13797121 -0.07036741
v -0.17353047 0.13389592 -0.07414735
v -0.15231460 0.13957223 -0.08385357
v -0.15358654 0.14652361 -0.08948865
v -0.18864773 0.11264194 -0.07992716
v -0.18764140 0.10249902 -0.07470758
v -0.17267208 0.08624087 -0.06655127
v -0.16582477 0.07909747 -0.07300752
v -0.15292986 0.07303655 -0.08387119
v -0.10843868 -0.20102347 -0.10137615
v -0.12782256 -0.19473204 -0.08694863
v -0.13275985 -0.17111695 -0.08683258
v -0.11075893 -0.17972842 -0.10933790
v -0.04559482 -0.12712836 -0.12581970
v -0.01378107 -0.12106061 -0.12777784
v -0.18176280 -0.17469944 -0.02806046
v -0.18970083 -0.17808196 -0.00566023
v -0.15038407 -0.16975324 -0.06715079
v -0.16709442 -0.17270400 -0.04928795
v -0.18707415 -0.18792030 0.02006853
v -0.15256454 -0.24466096 0.10376704
v -0.12798041 -0.26186958 0.11412077
v -0.08316614 -0.29359952 0.13299879
v -0.05892679 -0.30589378 0.13949285
v -0.18765701 -0.19743378 0.04435634
v -0.10502313 -0.27923855 0.12468167
v -0.17561185 -0.21164095 0.06466647
v -0.16639574 -0.22800171 0.08575276
v -0.07541084 -0.13093410 -0.11451600
v -0.07947487 -0.16209202 -0.10985076
v -0.10704558 -0.16001712 -0.10667758
v -0.04463251 0.17302115 -0.11602405
v -0.06834494 0.16841997 -0.12075235
v -0.08822958 0.16424626 -0.12024689
v -0.09863598 0.19065881 -0.11852755
v -0.10520713 0.16702479 -0.11812667
v -0.12277259 0.16768286 -0.11378665
v -0.11306333 0.19389668 -0.11510176
v -0.13977379 0.20401439 -0.11228804
v -0.14838448 0.18094876 -0.11185502
v -0.15340383 0.18711963 -0.10785923
v -0.14557022 0.20638458 -0.10845231
v -0.15712503 0.19398467 -0.10523370
v -0.15883154 0.19772878 -0.10471239
v -0.15593971 0.20070004 -0.09973445
v -0.15597388 0.19645479 -0.09422733
v -0.16072884 0.22146992 -0.08302087
v -0.15644579 0.22246686 -0.09222741
v -0.13199463 0.22454885 -0.10930561
v -0.11879009 0.22192201 -0.11039035
v -0.04304279 0.21307114 -0.12191812
v -0.02418794 0.21518573 -0.12412248
v -0.18366621 0.07885109 0.04291770
v -0.18942362 0.06703418 0.02223311
v -0.19295490 0.06200592 -0.00143221
v -0.19024909 0.06278427 -0.01936771
v -0.18845260 0.06981622 -0.03662890
v -0.18433085 0.07906011 -0.05274056
v -0.18220468 0.09572334 -0.07113601
v -0.17650601 0.09179398 -0.06780349
v -0.17554986 0.11168450 -0.08512725
v -0.16932173 0.10505286 -0.08131368
v -0.16057505 0.12204128 -0.09415330
v -0.14910637 0.14594206 -0.10587355
v -0.13846892 0.17359768 -0.11220771
v -0.12805817 0.19863132 -0.11305001
v -0.10458969 0.21853116 -0.11250419
v -0.09128657 0.21492259 -0.11782138
v -0.07040353 0.23647997 -0.11179373
v -0.06532766 0.25598326 -0.09936924
v -0.07627929 0.21153893 -0.12045020
v -0.08085559 0.18736130 -0.11884336
v -0.05032720 0.35696572 -0.00573507
v -0.04644577 0.37126392 -0.01315264
v -0.17529204 0.15530540 -0.07457739
v -0.16690601 0.14710341 -0.07629448
v -0.17012024 0.14172179 -0.07489954
v -0.18300828 0.14880955 -0.07292376
v -0.19646336 0.15717399 -0.06848688
v -0.19700119 0.18214531 -0.06354979
v -0.18818641 0.16723296 -0.07000799
v -0.21109860 0.17294818 -0.05876844
v -0.21936944 0.18731733 -0.04738978
v -0.20293249 0.19445089 -0.05567381
v -0.21991149 0.19826382 -0.03888716
v -0.20580021 0.20307688 -0.04742030
v -0.21657854 0.20695391 -0.03307277
v -0.20616072 0.20944218 -0.04256244
v -0.17809859 0.23178655 -0.05361247
v -0.18752085 0.22363153 -0.05110486
v -0.19781271 0.21563794 -0.04626533
v -0.15922783 0.18889013 -0.08696055
v -0.16637672 0.18120530 -0.08061028
v -0.17644712 0.17311862 -0.07471666
v -0.18364748 0.18843535 -0.06930576
v -0.17228520 0.19467255 -0.07713469
v -0.16345713 0.20121723 -0.08451358
v -0.04065691 0.19377413 -0.11635070
v -0.06047902 0.19115777 -0.11823162
v -0.15121393 0.20892289 -0.10483571
v -0.15445170 0.21157521 -0.10480905
v -0.15661357 0.21073830 -0.10129771
v -0.15828748 0.20901486 -0.09236869
v -0.15149136 0.22378853 -0.10114951
v -0.14462264 0.22258027 -0.10122449
v -0.13762733 0.22315449 -0.10482577
v -0.06047349 0.21180400 -0.12179524
v -0.01976242 0.19589837 -0.11767568
v -0.18077719 0.22530381 0.05349022
v -0.17609389 0.24267477 0.03937221
v -0.17415580 0.25799587 0.02341886
v -0.17090309 0.26831937 0.00136086
v -0.01010495 -0.05921545 -0.13272916
v -0.01519720 -0.08652540 -0.11559176
v -0.04603499 -0.09638629 -0.11331764
v -0.01848443 0.10706767 -0.12616012
v -0.02192202 0.17714125 -0.11580673
v -0.11282400 0.12247260 0.14957312
v -0.09699736 0.12140996 0.15089777
v -0.09909447 0.13889837 0.14764161
v -0.11595809 0.14066711 0.14618103
v -0.12842475 0.11740248 0.12829119
v -0.12268280 0.12021904 0.13904701
v -0.12722801 0.13798559 0.13566948
v -0.13302159 0.13341923 0.12484631
v -0.13836567 0.11456458 0.11909537
v -0.14338979 0.12867031 0.11569768
v -0.12070101 0.10408846 0.14112598
v -0.11034416 0.10534328 0.15087847
v -0.09477384 0.10486872 0.15480655
v -0.13533153 0.10106125 0.12165185
v -0.12682483 0.10247946 0.13080287
v -0.02901339 0.27922067 0.09132630
v -0.03005740 0.28846517 0.08258665
v -0.01787604 0.11636922 0.14820924
v -0.01898905 0.15622734 0.12711072
v -0.02039597 0.17747915 0.11985058
v -0.02234300 0.20224983 0.11425371
v -0.02678885 0.26848099 0.09673072
v -0.01753990 0.13607539 0.13800129
v -0.17686941 -0.26565287 -0.04858935
v -0.17218499 -0.25065240 -0.04657840
v -0.15223789 -0.25959092 -0.07253751
v -0.14864530 -0.27027950 -0.08291493
v -0.05404585 -0.19914769 -0.12768672
v -0.02086533 -0.21820864 -0.12662075
v -0.05147235 -0.22056054 -0.12113453
v -0.15215395 -0.18684164 -0.07030050
v -0.12797827 -0.21782476 -0.08884434
v -0.06287991 -0.25303781 -0.11897013
v -0.05573704 -0.27109224 -0.12186413
v -0.08054189 -0.26495242 -0.11741854
v -0.09163810 -0.24956119 -0.10965549
v -0.12667674 -0.23948120 -0.08934637
v -0.12372221 -0.25393483 -0.09498742
v -0.07073381 -0.23649091 -0.11469172
v -0.09908785 -0.23756777 -0.10400441
v -0.10475178 -0.21901248 -0.10533364
v -0.10960619 -0.25721136 -0.10737006
v -0.07751845 -0.21962686 -0.11502700
v -0.08708430 -0.19889227 -0.11448880
v -0.08391906 -0.17609192 -0.12635237
v -0.07430138 -0.10378045 -0.11260154
v -0.14784771 -0.25975266 0.10048959
v -0.12760231 -0.27909756 0.11200145
v -0.08708946 -0.30677333 0.12524313
v -0.06306083 -0.31719863 0.13208759
v -0.18369275 -0.21085721 0.04587582
v -0.10761389 -0.29429364 0.11882746
v -0.17876923 -0.22488035 0.06774546
v -0.16660734 -0.24109343 0.08639646
v -0.13327600 -0.11621283 0.13944280
v -0.12175106 -0.07844277 0.13742745
v -0.12095271 -0.10749786 0.13375825
v -0.17807844 -0.03010370 0.07358071
v -0.12197481 0.16119121 0.14114633
v 0.04609935 0.30150464 0.04039706
v 0.04784518 0.31771386 0.03165602
v 0.04365076 0.30117333 0.04634252
v 0.04716849 0.30794105 0.03872850
v 0.04742740 0.31409532 0.03724805
v 0.05535986 0.25809562 0.05847556
v 0.06244921 0.25962272 0.05419150
v 0.06566642 0.25086746 0.05871706
v 0.05794185 0.26879615 0.04960520
v 0.07392931 0.26202604 0.05058322
v 0.06838508 0.24148530 0.06264227
v 0.08036177 0.24281399 0.06171153
v 0.06097739 0.24118420 0.06620221
v 0.07084422 0.23203783 0.06781809
v 0.08286195 0.18451984 0.09603063
v 0.07246739 0.18337440 0.09829117
v 0.07310797 0.19320217 0.08835316
v 0.07118817 0.17509864 0.10821407
v 0.06269381 0.18255126 0.10205649
v 0.09733544 0.10576549 0.15184018
v 0.09023559 0.09733941 0.15464215
v 0.10372198 0.09842946 0.14865650
v 0.09716790 0.09823737 0.15175816
v 0.09513519 0.09059611 0.15342216
v 0.15687971 0.19778882 0.08833460
v 0.15598807 0.20776139 0.08265904
v 0.15774590 0.19697647 0.08372453
v 0.15783930 0.21656933 0.08004914
v 0.15716621 0.21754737 0.07466693
v 0.04721263 0.31782877 0.00145010
v 0.04809609 0.31196305 0.02665763
v 0.05130160 0.31087047 0.01018549
v 0.04693746 0.32020551 0.01052097
v 0.06980093 0.28263900 0.03412730
v 0.06014511 0.30226701 0.00934844
v 0.05632855 0.30282342 0.02071105
v 0.15040874 0.12225104 0.09928025
v 0.15054511 0.11646493 0.10137592
v 0.14731281 0.12377208 0.10762127
v 0.15499787 0.10984658 0.09497912
v 0.15048839 0.11125434 0.10343733
v 0.15275247 -0.00512594 0.12950401
v 0.13905729 -0.02469923 0.14300208
v 0.15770069 -0.01859883 0.11496327
v 0.14824276 -0.02157949 0.12915173
v 0.14332950 -0.03948740 0.12904440
v 0.19209680 0.01548016 0.02472220
v 0.19454885 0.02071955 0.01008046
v 0.19107452 0.00860851 0.01244842
v 0.19255947 0.03259714 0.00869310
v 0.19459464 0.02455075 -0.00530414
v 0.11846045 0.20069301 0.11241917
v 0.09453835 0.19741990 0.08885681
v 0.11249444 0.19654617 0.10679868
v 0.11397356 0.20512176 0.09753843
v 0.09223991 0.17834899 0.10560798
v 0.09385836 0.18724045 0.09724803
v 0.11018912 0.18840106 0.11385988
v 0.10479899 0.19133894 0.10087109
v 0.23936217 0.07864293 0.03866385
v 0.23169175 0.07385947 0.03545226
v 0.22903654 0.07975233 0.03534551
v 0.23329413 0.06857508 0.03564696
v 0.22344372 0.06911464 0.03082715
v 0.18265647 -0.14312015 0.06718487
v 0.18457717 -0.13816091 0.05465774
v 0.18549633 -0.15247132 0.05584646
v 0.18540519 -0.12825722 0.05233907
v 0.18482842 -0.13462901 0.04230310
v 0.17111731 0.21897589 0.03259058
v 0.16032843 0.23393813 0.02323188
v 0.16571568 0.21930990 0.03715477
v 0.16252351 0.22705111 0.03037393
v 0.15749222 0.23649707 0.02816366
v 0.16135588 0.18020254 0.09179725
v 0.16032906 0.16594434 0.09423926
v 0.15646811 0.19735035 0.09265032
v 0.15757827 0.18886730 0.09334847
v 0.15796205 0.18125123 0.09648448
v 0.15679672 0.16460352 0.09773303
v 0.15738207 0.17357828 0.09802460
v 0.15621492 0.18359850 0.10024756
v 0.18756472 0.07406484 -0.00845343
v 0.18672159 0.07179621 0.00411240
v 0.18365526 0.07705685 0.00338858
v 0.18481925 0.06645535 0.00514551
v 0.18484659 0.07155830 0.01661760
v 0.18824725 0.04208991 0.02231618
v 0.18984027 0.04319064 0.00721139
v 0.18332846 0.05968265 0.01872366
v 0.19028798 0.04619338 -0.00749839
v 0.18611950 0.06255402 -0.00724744
v 0.18511286 0.06026096 0.00572647
v 0.18672168 0.05264337 0.00635695
v 0.15176988 0.18128924 0.10694878
v 0.15544838 0.20552561 0.09314691
v 0.15565518 0.19457801 0.09830272
v 0.15433636 0.18863688 0.10353234
v 0.15061313 0.19458228 0.10760725
v 0.12702137 0.21159855 0.10832894
v 0.14508440 0.19939624 0.11232279
v 0.14602718 0.20817748 0.10632309
v 0.12467690 0.19465667 0.12159649
v 0.12674801 0.20298442 0.11628728
v 0.14245397 0.19124760 0.11621109
v 0.13705507 0.20285025 0.11661111
v 0.08958072 0.08255372 0.15731515
v 0.09830302 0.08141839 0.15548877
v 0.10697773 0.08163086 0.15274581
v 0.10156576 0.07158596 0.16015497
v 0.17857188 -0.16307946 0.08096453
v 0.18071675 -0.13569109 0.07770723
v 0.17847130 -0.14962177 0.07928224
v 0.16854756 -0.15683663 0.08836891
v 0.15885857 -0.16204803 0.09851114
v 0.16076182 -0.14706977 0.09769832
v 0.15993842 -0.17194872 0.10294532
v 0.14882129 -0.16635016 0.10875269
v 0.14489333 0.00494266 0.16058566
v 0.15539001 0.01037012 0.12898706
v 0.15171482 0.00757361 0.14538333
v 0.14823487 0.02068176 0.15681969
v 0.14032945 0.03595515 0.15677150
v 0.14846209 0.03747990 0.14605485
v 0.11690632 0.06091353 0.15996398
v 0.12881906 0.03449039 0.16150072
v 0.13291281 0.05013181 0.15363614
v 0.13953218 -0.18002412 0.12290719
v 0.14334077 -0.15656576 0.12064462
v 0.13927118 -0.17045833 0.12001546
v 0.12986571 -0.17280307 0.13135955
v 0.11925691 -0.17424572 0.14175873
v 0.12276848 -0.16209567 0.14187847
v 0.11908197 -0.18842307 0.14258787
v 0.10829208 -0.17568307 0.15093555
v 0.08339576 0.22437383 0.07322232
v 0.07314797 0.22308058 0.07317590
v 0.08358546 0.20342088 0.08082495
v 0.09509869 0.20595476 0.08189598
v 0.06453881 0.22276574 0.07577744
v 0.07409955 0.20158727 0.08115879
v 0.06458783 0.20081958 0.08515240
v 0.07422190 0.21210232 0.07711911
v 0.11032864 0.10652938 0.14502619
v 0.12268349 0.10725738 0.13541786
v 0.11040094 0.09870619 0.14499778
v 0.10978688 0.09077223 0.14699888
v 0.11523587 0.08221350 0.14873345
v 0.11706790 0.09899993 0.14054394
v 0.12991273 0.09974997 0.12975933
v 0.12352792 0.09911317 0.13527867
v 0.12399520 0.09125232 0.13723293
v 0.17674381 0.15244591 0.07911736
v 0.16394961 0.18609317 0.08465189
v 0.15965195 0.19622307 0.07868747
v 0.17762014 0.17008148 0.08485720
v 0.16557373 0.17858538 0.08817442
v 0.16582748 0.17158550 0.08941587
v 0.17387803 0.15914646 0.08316180
v 0.17587534 0.16399497 0.08426875
v 0.17153490 0.17534634 0.08544804
v 0.18672556 -0.16326295 0.05790779
v 0.18929194 -0.15791519 0.04540827
v 0.18246928 -0.16910815 0.06963890
v 0.17635188 -0.17318092 0.08263569
v 0.18172354 -0.17310281 0.05839927
v 0.13046309 -0.19713145 0.13593280
v 0.11955517 -0.20171456 0.14435542
v 0.10771989 -0.20628794 0.14886436
v 0.12004659 -0.21498513 0.14376342
v 0.20490505 0.09904856 -0.04207634
v 0.21210022 0.09791754 -0.01112185
v 0.20672426 0.10102073 -0.05243259
v 0.20962991 0.09700490 -0.03210434
v 0.21068001 0.09804699 -0.02259928
v 0.08111987 0.08564296 0.15984565
v 0.08041278 0.07564604 0.16349746
v 0.06255466 0.09094176 0.16471957
v 0.08374471 0.10139095 0.15727960
v 0.08223424 0.09445469 0.15838760
v 0.06598865 0.09869606 0.16207078
v 0.07285178 0.09121853 0.16206399
v 0.06121542 0.10576548 0.15901239
v 0.06962940 0.10458749 0.15976524
v 0.14247774 0.06386191 0.13744408
v 0.13897939 0.08117316 0.13039613
v 0.12078043 0.07268113 0.15172562
v 0.13501896 0.06291690 0.14577217
v 0.12667856 0.06212628 0.15330926
v 0.12335027 0.08265159 0.14362940
v 0.13066193 0.08290385 0.13690501
v 0.13658200 0.07374895 0.13750166
v 0.15364712 0.03914484 0.13288411
v 0.14929733 0.05236308 0.13657044
v 0.14990550 0.06486971 0.12944686
v 0.05142577 0.09248803 0.16513179
v 0.05892124 0.08102590 0.16881222
v 0.08028610 0.06405474 0.16901392
v 0.06863938 0.07058974 0.17055921
v 0.05543699 0.06694157 0.17589517
v 0.05450718 0.19964923 0.08992678
v 0.05520066 0.21086155 0.08515392
v 0.05343786 0.19075736 0.09647987
v 0.05306252 0.18135862 0.10624085
v 0.04477333 0.19778258 0.09373676
v 0.05394258 0.23196015 0.07635812
v 0.05490600 0.22231852 0.08084584
v 0.04463875 0.22076730 0.08537841
v 0.05066340 0.24957369 0.06802183
v 0.05261736 0.24111210 0.07216474
v 0.04288567 0.23965582 0.07735309
v 0.03317916 0.23717403 0.08136966
v 0.03167680 0.24508181 0.07690280
v 0.03503224 0.21863537 0.08937494
v 0.03406029 0.22827809 0.08519880
v 0.02354067 0.23471943 0.08509390
v 0.04480625 0.26358929 0.06017933
v 0.04805664 0.25676215 0.06369378
v 0.03922216 0.25480288 0.06873547
v 0.02988643 0.25216642 0.07262599
v 0.02063664 0.24979497 0.07630393
v 0.02808252 0.25867853 0.06911732
v 0.03428131 0.29051548 0.05580693
v 0.03475889 0.29628626 0.05493468
v 0.04085281 0.30067429 0.05092165
v 0.02615969 0.29242933 0.06174157
v 0.16305640 0.15912576 0.09010826
v 0.16458608 0.16532707 0.08977847
v 0.17203417 0.15451944 0.08240026
v 0.16931351 0.16320062 0.08580254
v 0.16126311 0.15308914 0.09058730
v 0.16620347 0.15218231 0.08570246
v 0.14956059 -0.18612912 0.11525149
v 0.14053549 -0.19179983 0.12596026
v 0.13962808 -0.20399316 0.12588176
v 0.06403765 0.26770800 -0.09747985
v 0.06663892 0.26086202 -0.10414457
v 0.07492761 0.26119727 -0.10407373
v 0.05979781 0.26028392 -0.10562249
v 0.07074150 0.25266117 -0.10964641
v 0.07955165 0.28537348 0.01661991
v 0.06362315 0.30361059 -0.00293191
v 0.07128350 0.29539526 0.00707179
v 0.08123793 0.28898871 0.00278943
v 0.14806882 0.18355353 -0.11982763
v 0.16442429 0.17243253 -0.11499506
v 0.14962769 0.18772116 -0.12066206
v 0.15649249 0.18004470 -0.11879769
v 0.16250846 0.17620304 -0.11611260
v 0.15010107 0.14731744 -0.10456300
v 0.13346869 0.15214889 -0.10001417
v 0.15088771 0.13894969 -0.09912376
v 0.14148763 0.14617662 -0.09997027
v 0.13744035 0.14439243 -0.09547222
v 0.18571207 -0.14350341 0.03102594
v 0.18608700 -0.13032925 0.02968459
v 0.18980646 -0.11960947 0.02724446
v 0.18652642 -0.12520367 0.01575303
v 0.17505653 0.08902234 -0.07411199
v 0.17795777 0.07883655 -0.06552161
v 0.18036251 0.08618741 -0.06166241
v 0.17776369 0.06985090 -0.06805167
v 0.18048626 0.07071267 -0.05495325
v 0.00827640 0.25862125 -0.11801716
v 0.01046814 0.24979997 -0.12212861
v 0.01732269 0.25034899 -0.11797304
v 0.00268966 0.24835895 -0.12543206
v 0.01271486 0.24048354 -0.12541001
v 0.01894921 0.27897456 -0.08848388
v 0.01499344 0.28796923 -0.08354568
v 0.01150681 0.28872699 -0.08850095
v 0.01980985 0.28765318 -0.08005629
v 0.01110231 0.29696611 -0.07874315
v 0.04974839 0.26623970 -0.09835418
v 0.05342232 0.25862911 -0.10519959
v 0.03290316 0.27108097 -0.09037773
v 0.05839192 0.25031069 -0.11158469
v 0.04747054 0.25664696 -0.10455839
v 0.18665040 0.07240672 -0.01955562
v 0.18822613 0.07783858 -0.02023579
v 0.18368326 0.07846598 -0.04071628
v 0.18697220 0.08248982 -0.02051464
v 0.18842576 0.08324286 -0.03065205
v 0.19515345 0.10696567 -0.03461332
v 0.19455308 0.10310259 -0.02358556
v 0.19654539 0.10545776 -0.02460055
v 0.19492082 0.10005407 -0.02308356
v 0.19309710 0.10289753 -0.01080124
v 0.03713811 0.33357137 0.00289718
v 0.03554513 0.33059537 -0.00423074
v 0.03259042 0.33851501 -0.00319214
v 0.03168631 0.34648561 -0.00225503
v 0.02810082 0.34371439 -0.00814750
v 0.00251104 0.37090296 -0.02408721
v 0.00024050 0.36609823 -0.02718385
v 0.00378514 0.36604977 -0.02324354
v -0.00249287 0.36832088 -0.03009717
v -0.00217727 0.36089799 -0.03242719
v 0.05866325 0.14943883 -0.12265276
v 0.04329450 0.14996691 -0.12213178
v 0.04924288 0.13801055 -0.12222040
v 0.03792134 0.16140360 -0.12055399
v 0.02787978 0.14975598 -0.12275120
v 0.20079145 0.13104457 -0.07217032
v 0.19529997 0.14212641 -0.08818604
v 0.20288298 0.12623052 -0.07006708
v 0.19958216 0.13402224 -0.07948922
v 0.19571805 0.13734333 -0.08794355
v 0.20011304 0.12866293 -0.06665243
v 0.19808026 0.13565539 -0.07485165
v 0.19906014 0.11396505 -0.04628403
v 0.20099802 0.12230456 -0.05810879
v 0.19853365 0.12662220 -0.06258675
v 0.19468305 0.10906272 -0.04260086
v 0.19622734 0.11205153 -0.04410104
v 0.19623889 0.11769964 -0.05213393
v 0.19535217 0.13141429 -0.06628408
v 0.19640747 0.12440343 -0.05916896
v 0.19476530 0.12215783 -0.05660740
v 0.18119550 0.10244170 -0.06462700
v 0.18594564 0.11244084 -0.06150335
v 0.18865730 0.09491896 -0.03869155
v 0.18759096 0.10487525 -0.05368894
v 0.18873599 0.11039973 -0.05261258
v 0.18290746 0.09314686 -0.05774186
v 0.18364029 0.08560995 -0.04966309
v 0.18612559 0.08431432 -0.03963275
v 0.18840864 0.08997913 -0.03910995
v 0.18551302 0.09929083 -0.05497880
v 0.18841666 0.09739113 -0.04661176
v 0.04605921 0.06870157 -0.11710155
v 0.06246424 0.06743082 -0.11391056
v 0.06042985 0.08363575 -0.11659657
v 0.06395465 0.05076300 -0.11130412
v 0.07813834 0.06592059 -0.11250497
v 0.20505485 0.10739094 0.02163589
v 0.20749141 0.11326054 0.03286051
v 0.20320761 0.10837807 0.02494108
v 0.20718797 0.11954960 0.04264005
v 0.20788865 0.12040132 0.04157198
v 0.13351814 0.17240939 -0.09239660
v 0.13707808 0.16777290 -0.09048896
v 0.14011459 0.17324881 -0.08905037
v 0.13469291 0.16276784 -0.09085419
v 0.13960665 0.16274182 -0.08869015
v 0.17420441 0.08265547 -0.03440733
v 0.17971225 0.08463178 -0.02044144
v 0.17711705 0.07724500 -0.02483324
v 0.18925944 0.10017487 0.00608160
v 0.18115975 0.09399380 -0.01671062
v 0.18394440 0.09035112 -0.00819932
v 0.07560571 0.29763708 -0.01880629
v 0.05591641 0.30802682 -0.01191805
v 0.06538657 0.30272812 -0.01545429
v 0.06599056 0.30227196 -0.02765970
v 0.09310761 0.28414449 -0.00084425
v 0.08409387 0.29176903 -0.01018064
v 0.08585089 0.29225579 -0.02160342
v 0.14744957 0.13037817 -0.09090378
v 0.15661098 0.11505207 -0.08233674
v 0.14914691 0.12052222 -0.08465354
v 0.15879238 0.10773733 -0.07571062
v 0.15397114 0.11387192 -0.08157195
v 0.15179005 0.11111483 -0.08025596
v 0.24862568 0.07726351 0.04040313
v 0.24638866 0.08346801 0.04120070
v 0.24285805 0.09133369 0.04165091
v 0.25175649 0.09231713 0.04151868
v 0.16433296 0.07929961 -0.05095272
v 0.15684670 0.09323509 -0.06951886
v 0.15811804 0.07832880 -0.06254924
v 0.15036629 0.10738476 -0.07891113
v 0.15366808 0.10027948 -0.07585123
v 0.15490964 0.08488089 -0.06897752
v 0.15623632 0.08914691 -0.06940529
v 0.15471476 0.08059224 -0.06874605
v 0.15256819 0.09105020 -0.07328865
v 0.18109868 0.05102016 -0.05636257
v 0.17068589 0.06905511 -0.07770843
v 0.17627944 0.05967286 -0.06747866
v 0.17413926 0.04882296 -0.06465630
v 0.17356910 -0.11014356 -0.03259326
v 0.19307277 -0.11014023 -0.00137033
v 0.17875740 -0.11416437 -0.02255931
v 0.18910788 -0.09943434 -0.02858854
v 0.18665573 -0.13527791 0.00345307
v 0.18565071 -0.12134857 0.00186844
v 0.17882127 -0.12918086 -0.02162849
v 0.18274954 -0.11817227 -0.01058330
v 0.18981698 -0.15301710 0.03269627
v 0.19145320 -0.16413584 0.03453099
v 0.18981268 -0.14960951 0.01948582
v 0.17375159 -0.13890904 -0.03223000
v 0.17812200 -0.14186834 -0.01931915
v 0.18745434 -0.14741489 0.00554183
v 0.18272679 -0.14475824 -0.00719840
v 0.19271924 -0.15592472 0.00758735
v 0.18300988 -0.15158460 -0.01802135
v 0.02741178 0.35993600 -0.00288511
v 0.02469535 0.37384257 -0.00486890
v 0.01907748 0.37878120 -0.01968749
v 0.18280101 -0.25308555 0.05925118
v 0.18538138 -0.25943151 0.05379764
v 0.17985560 -0.25716668 0.06518394
v 0.18965070 -0.26501128 0.04178384
v 0.18694510 -0.26552579 0.05059358
v -0.00296078 0.38899204 -0.03914274
v -0.00065783 0.38762546 -0.03620693
v 0.01046938 0.38639057 -0.01899230
v 0.00352257 0.39153850 -0.02593100
v 0.18605393 -0.24679804 0.04400676
v 0.18272059 -0.24692720 0.05708725
v 0.17712264 -0.24733315 0.06868302
v 0.18097852 -0.23951949 0.05660356
v 0.03581631 0.34743786 0.00296007
v 0.03169498 0.35366207 -0.00062449
v 0.03174118 0.36060762 0.00191565
v 0.04774015 0.32747075 0.02964814
v 0.04585057 0.33959359 0.01916754
v 0.04042512 0.35101736 0.00642291
v 0.04737958 0.32205021 0.03514618
v 0.04662367 0.31640533 0.03975231
v 0.17290904 -0.25480676 0.07677808
v 0.17485990 -0.26013359 0.07404616
v 0.17527765 -0.26678187 0.07278104
v 0.16873103 -0.26386607 0.08264117
v 0.18087888 -0.17158964 0.04852826
v 0.17511293 -0.17522883 0.05977783
v 0.18490244 -0.16857558 0.03592518
v 0.18913420 -0.16661230 0.02296518
v 0.18309796 -0.17812327 0.03944837
v 0.07527607 -0.25020733 -0.12116870
v 0.09802674 -0.23729336 -0.11388146
v 0.09207182 -0.25609812 -0.11579487
v 0.09469301 -0.24698292 -0.11519064
v 0.11245824 -0.24584098 -0.10671966
v 0.19038902 -0.16545053 0.00985521
v 0.18961999 -0.16356091 -0.00320298
v 0.18766181 -0.17365457 0.01268565
v 0.18522994 -0.16069733 -0.03056588
v 0.18780327 -0.16126136 -0.01708576
v 0.19226184 -0.16978052 -0.01360678
v 0.16855094 -0.18013243 0.07085241
v 0.17352171 -0.18488453 0.06309528
v 0.09573815 -0.22536761 0.15399040
v 0.08243124 -0.24546912 0.15440536
v 0.10710499 -0.23353215 0.14570843
v 0.09461679 -0.23958451 0.15017679
v 0.09293605 -0.25109136 0.14419720
v -0.00222280 -0.27702913 0.16268480
v 0.01244396 -0.27312487 0.16352411
v 0.01190014 -0.28646719 0.15632544
v 0.01346886 -0.25780538 0.16960666
v 0.02665640 -0.26823393 0.16284618
v 0.00594898 -0.32716230 0.13986652
v -0.01676931 -0.31625959 0.14368007
v 0.15965460 -0.26136979 0.09317797
v 0.16160317 -0.26677239 0.09097318
v 0.15802285 -0.25620964 0.09487709
v 0.15008697 -0.26075077 0.10292808
v 0.14099988 -0.26591399 0.11163466
v 0.14063346 -0.26141793 0.11120984
v 0.14175919 -0.26992059 0.11122797
v 0.13256596 -0.27263737 0.11932967
v 0.17896563 -0.16038953 -0.04413082
v 0.18456863 -0.16871394 -0.04100088
v 0.16974944 -0.13540818 -0.04564410
v 0.17403215 -0.14831297 -0.04576483
v 0.17115858 -0.15967235 -0.05667258
v 0.15863855 -0.14565931 -0.07006840
v 0.14915900 -0.12927210 -0.08024408
v 0.16681153 -0.12176514 -0.04494186
v 0.17172632 -0.10620931 -0.04405176
v 0.16339970 -0.13371281 -0.05853134
v 0.15818316 -0.13179804 -0.07044487
v 0.15544492 -0.11443722 -0.06631941
v 0.13247369 0.10494635 -0.11786199
v 0.16290052 0.09129533 -0.09070732
v 0.14365578 0.09711333 -0.10808581
v 0.14162117 0.11000794 -0.10926501
v 0.16291304 0.07918963 -0.08776638
v 0.16303475 0.06686705 -0.08684248
v 0.14472839 0.08487412 -0.10729443
v 0.15370825 0.08860047 -0.09784918
v 0.01950967 0.25953016 -0.10819775
v 0.01933143 0.26935342 -0.09818667
v 0.02338797 0.25071627 -0.11353084
v 0.02706151 0.24209026 -0.11835926
v 0.02851235 0.25121611 -0.10955207
v 0.02806481 -0.23743287 0.16824284
v 0.00137210 -0.24781772 0.17179023
v 0.01461870 -0.24276820 0.17056008
v 0.01422890 -0.22349086 0.17039382
v 0.09479574 -0.19597656 0.15277897
v 0.09518819 -0.21096422 0.15274027
v 0.08208653 -0.21584371 0.15641214
v 0.06876945 -0.22076228 0.15998784
v 0.04088193 -0.21190970 0.16577470
v 0.06833341 -0.20302443 0.16056490
v 0.06947803 -0.23610410 0.16126388
v 0.06909920 -0.25169304 0.15810516
v 0.04147293 -0.24783234 0.16699511
v 0.04146031 -0.23177505 0.16625014
v 0.05518905 -0.22585131 0.16352729
v 0.03677360 -0.09522834 0.18422453
v 0.05308554 -0.09280957 0.17882930
v 0.04829326 -0.11052801 0.17398423
v 0.05914211 -0.08053544 0.18623811
v 0.06738766 -0.09127143 0.17091966
v 0.07977435 -0.06390739 0.18182217
v 0.04675843 -0.06535156 0.18987462
v 0.06416403 -0.06470278 0.18760391
v 0.06853227 -0.04634474 0.18734458
v 0.06770931 0.03848036 0.17550567
v 0.12225167 0.02019609 0.16750583
v 0.11468050 0.03511088 0.16360086
v 0.08831239 0.02053476 0.16454189
v 0.09310307 0.06153671 0.16671544
v 0.10566039 0.06066179 0.16411589
v 0.10978262 0.04885465 0.16510503
v 0.08135325 0.05076006 0.17215681
v 0.08293666 0.03643529 0.16745138
v 0.09819705 0.03613129 0.16351701
v 0.03585228 0.20688508 0.09323540
v 0.03626480 0.19539654 0.09749124
v 0.02618528 0.21641628 0.09335838
v 0.03627316 0.18628541 0.10370196
v 0.02826732 0.19324574 0.10179878
v 0.16361424 -0.26955047 0.08813726
v 0.15300852 -0.26842821 0.10040624
v 0.14203809 -0.27236825 0.11010806
v 0.17158464 -0.24920326 0.07843988
v 0.17022862 -0.24312732 0.07851687
v 0.16502935 -0.25224790 0.08674629
v 0.15674496 -0.25093171 0.09559551
v 0.16763732 -0.17703812 0.09450063
v 0.15841861 -0.18132564 0.10502040
v 0.16856298 -0.18214214 0.08083117
v 0.15559626 -0.19300181 0.10387522
v 0.16091885 -0.18502603 0.08116086
v 0.14987697 -0.19824350 0.10286471
v 0.16068538 -0.19434857 0.08418899
v 0.15620194 -0.19140767 0.09284531
v 0.18354794 0.03377576 0.04476630
v 0.18743911 0.02008004 0.04023936
v 0.18901964 0.00496916 0.03627221
v 0.17970990 0.02549200 0.05779378
v 0.08463798 0.10754313 0.15643257
v 0.07762474 0.10460497 0.15874904
v 0.07343729 0.10909113 0.15772429
v 0.07103424 0.11429949 0.15469806
v 0.07785879 0.11342640 0.15567780
v 0.18656056 -0.07976799 -0.04775332
v 0.19236895 -0.08453067 -0.03490373
v 0.19474313 -0.09176847 -0.01970574
v 0.18878676 -0.07734730 -0.04067385
v 0.14289129 0.08507954 0.12321902
v 0.14740761 0.07588677 0.12464870
v 0.15503585 0.06696771 0.12032744
v 0.15301313 0.08040735 0.10729432
v 0.16149567 0.05608194 0.11560525
v 0.15775202 0.07201484 0.10002710
v 0.15680429 0.06962033 0.10969031
v 0.17077245 0.05143217 0.07341968
v 0.16112766 0.07426406 0.09152260
v 0.16320179 0.06105644 0.09300016
v 0.17323728 0.05635108 0.06463336
v 0.16894935 0.06698545 0.07550896
v 0.15944621 0.09736401 0.09214837
v 0.15967380 0.08507891 0.09256982
v 0.16424450 0.07717134 0.08429208
v 0.16737376 0.08072096 0.07882646
v 0.17284480 0.07697856 0.06495763
v 0.16073175 0.10734709 0.08586896
v 0.16019201 0.10223758 0.08867835
v 0.16960154 0.08518153 0.07446480
v 0.16490629 0.09250443 0.08308706
v 0.17042662 0.09003171 0.07086278
v 0.17745867 0.14170618 0.07288931
v 0.18022895 0.14411035 0.07301610
v 0.18376949 0.14484186 0.07292634
v 0.18374723 0.13565361 0.06560738
v 0.05108280 0.01200930 0.17207530
v 0.03874350 -0.03696715 0.18202412
v 0.03026880 -0.01067700 0.17096657
v 0.07313625 -0.03112646 0.18456799
v 0.05598961 -0.03296626 0.18265951
v 0.06571661 -0.00119621 0.17024966
v 0.04805551 -0.00576278 0.17006077
v 0.04385357 -0.02262472 0.17557639
v 0.06745081 -0.26404887 0.15087099
v 0.03983096 -0.27652252 0.15470982
v 0.04085685 -0.26273802 0.16237794
v 0.05485715 -0.25743493 0.16051681
v 0.08841582 -0.30370098 0.13918680
v 0.03255603 -0.31280628 0.14406545
v 0.06655976 -0.31692240 0.13876379
v 0.02704778 -0.31010020 0.14676544
v 0.03636853 -0.30681092 0.14748301
v 0.09544074 0.04611816 -0.10667637
v 0.09166764 0.07897203 -0.11744372
v 0.09345391 0.06332188 -0.11163217
v 0.12184455 0.08443107 -0.12056727
v 0.10906643 0.05877982 -0.11040407
v -0.00085881 0.26684898 -0.11757956
v 0.00577417 0.26825464 -0.11417142
v 0.01088553 0.26887372 -0.10888795
v 0.01174331 0.27910268 -0.09854952
v 0.01531908 0.26897979 -0.10327580
v 0.00340049 0.27861726 -0.11013561
v 0.00132123 0.30825514 -0.08479349
v -0.00410280 0.31922287 -0.09176107
v -0.00586641 0.32801086 -0.08514846
v -0.00848829 0.32770571 -0.08988223
v -0.00504762 0.32756329 -0.07992496
v -0.00743447 0.33609900 -0.07763036
v -0.00738447 0.39528918 -0.03797833
v 0.15353462 0.08119036 -0.07178432
v 0.15760504 0.07036065 -0.07053453
v 0.16131738 0.07328892 -0.07080611
v 0.15792868 0.07944520 -0.07192315
v 0.16462548 0.06631581 -0.06950703
v 0.16713709 0.07628605 -0.07079013
v 0.06538068 0.16129017 -0.12331390
v 0.07395650 0.14886288 -0.12721027
v 0.08667819 0.13503623 -0.12935382
v 0.11538711 0.12652013 -0.12600426
v 0.09232773 0.14671008 -0.13029851
v 0.04708981 0.32098258 0.02441259
v 0.04634764 0.32950613 0.02229911
v 0.04226329 0.32861054 0.01017235
v 0.04645158 0.32163018 0.01826615
v 0.03875709 0.33808175 0.00736669
v 0.03983441 0.34493512 0.00736256
v 0.04384705 0.34143299 0.01309610
v 0.09897520 0.29081333 -0.00772887
v 0.11462414 0.29705948 -0.00139914
v 0.12022789 0.29251564 0.00939685
v 0.11125597 0.29267415 0.00770523
v 0.12976296 0.28648850 0.00818155
v 0.12541400 0.28742591 0.02021183
v 0.07122186 0.27352148 -0.09004740
v 0.07910673 0.27733624 -0.08188679
v 0.08002031 0.28178599 -0.07323025
v 0.07150054 0.28275681 -0.07335750
v 0.08720665 0.27954167 -0.07259869
v 0.08223799 0.28630480 -0.06416859
v 0.09008253 -0.26219597 -0.11623517
v 0.10632242 -0.26105326 -0.10836645
v 0.07178345 -0.26714909 -0.12229207
v 0.08798818 -0.26665443 -0.11605427
v 0.09043726 -0.04420066 -0.11883116
v 0.10640308 -0.04701854 -0.11232948
v 0.09957218 -0.02864298 -0.10688726
v 0.10459578 -0.06416968 -0.10409217
v 0.12140499 -0.05143018 -0.10381157
v 0.12398192 0.13319358 -0.12009275
v 0.10014234 0.15463473 -0.12857226
v 0.10914785 0.14126769 -0.12736532
v 0.13676268 0.12440158 -0.11234330
v 0.14919415 0.11516279 -0.10430644
v 0.13150999 0.13962372 -0.11506325
v 0.04677268 0.10279290 0.15953967
v 0.04057181 0.09590649 0.16234039
v 0.05242259 0.10860327 0.15679650
v 0.05792730 0.11325242 0.15463567
v 0.04334664 0.11306401 0.15466785
v 0.04712553 0.12697549 0.14906977
v 0.03382728 0.11863804 0.15189998
v 0.04066983 0.12314291 0.15038848
v 0.03846966 0.13345937 0.14680073
v 0.16475764 0.09460915 -0.07328309
v 0.17281823 0.11437653 -0.07500812
v 0.16404450 0.11997603 -0.07770281
v 0.16104996 0.11166748 -0.07641525
v 0.16563083 0.12728035 -0.07794034
v 0.15543793 0.12342285 -0.08005832
v 0.19159645 -0.07243622 -0.01689169
v 0.19440864 -0.04391062 -0.01050521
v 0.18478194 -0.06148622 -0.04436709
v 0.19001812 -0.06747508 -0.03158435
v 0.19184381 -0.03780409 -0.02513374
v 0.19206771 -0.05504066 -0.02128870
v 0.18858600 -0.02432019 -0.02852683
v 0.18960628 -0.03168597 -0.03958108
v 0.19063033 0.04093947 -0.02061000
v 0.18866865 0.05058031 -0.02080429
v 0.18497866 0.05404992 -0.04539173
v 0.18485534 0.04312085 -0.04437150
v 0.18816754 0.01818884 -0.01577584
v 0.19206424 0.02954322 -0.01949037
v 0.18278003 0.03188993 -0.04132055
v 0.18845929 0.03599212 -0.03222941
v 0.18544957 0.06660681 -0.01957928
v 0.18642159 0.05929323 -0.02004651
v 0.18201534 0.07162347 -0.04246335
v 0.18276834 0.06328195 -0.04433513
v 0.18398720 0.07201684 -0.03100821
v 0.18591994 0.05625813 -0.03330739
v 0.19126801 0.10997616 -0.07775089
v 0.17187306 0.12948050 -0.09780532
v 0.20196244 0.10708482 -0.07045295
v 0.20698364 0.10524112 -0.06044630
v 0.20268022 0.12216399 -0.07866325
v 0.19432400 0.11714190 -0.08481707
v 0.17396146 0.13738126 -0.10238898
v 0.18819535 0.14168930 -0.09761244
v 0.19627748 0.13158453 -0.08918555
v 0.18495631 0.12689263 -0.09548865
v 0.19629391 0.12445456 -0.08851488
v 0.17234421 0.08840933 -0.04542266
v 0.16756326 0.08345617 -0.04824810
v 0.16525897 0.10143015 -0.06754780
v 0.15936047 0.09717416 -0.06884605
v 0.16181669 0.08775803 -0.06076482
v 0.17565240 0.09156265 -0.03978042
v 0.16873489 0.10292870 -0.06453797
v 0.17021531 0.09545692 -0.05503277
v 0.19874738 0.10578632 -0.02637541
v 0.19642954 0.10596570 -0.01231083
v 0.20726094 0.09942288 -0.01383540
v 0.20852956 0.10205727 -0.03311757
v 0.20227143 0.10598362 -0.01900678
v 0.20678240 0.10289736 0.00455081
v 0.20045006 0.10625529 -0.00228707
v 0.20202476 0.10279810 -0.00723690
v 0.19207418 0.10653313 0.00230565
v 0.19775185 0.10724225 0.00104420
v 0.19747563 0.10998245 0.01390773
v 0.20035225 0.11018615 -0.03850478
v 0.20389622 0.11715778 -0.05311517
v 0.20218486 0.11586235 -0.04878362
v 0.20354030 0.10726392 -0.02990140
v 0.20520139 0.10690098 -0.03466545
v 0.20892726 0.10585215 -0.05103489
v 0.20522575 0.11814757 -0.05959798
v 0.20456007 0.12020349 -0.06806049
v 0.20690799 0.11433874 -0.06585571
v 0.20709415 0.10579187 -0.04144613
v 0.20688726 0.11186309 -0.04810125
v 0.15671507 0.21556327 0.08702658
v 0.15870029 0.22471493 0.08066931
v 0.15274861 0.21533458 0.09412412
v 0.15812154 0.23454687 0.07384720
v 0.15423842 0.23154387 0.08386729
v 0.14078735 0.24477708 0.07796307
v 0.14714190 0.21787706 0.09934540
v 0.13704616 0.22067893 0.10223631
v 0.14956617 0.22602177 0.09242167
v 0.14485867 0.23630746 0.08664750
v 0.13199955 0.23812912 0.08344806
v 0.11968806 0.21649170 0.09430431
v 0.12662166 0.21961567 0.09960867
v 0.12611152 0.22650208 0.09130096
v 0.12360974 0.24064389 0.07314400
v 0.12489466 0.23360191 0.08294024
v 0.11926772 0.23038104 0.07888310
v 0.09115965 0.24154922 0.05885784
v 0.09336611 0.23314220 0.06506497
v 0.11337805 0.22769611 0.07438708
v 0.11176750 0.23454197 0.06628403
v 0.09493943 0.22469129 0.07126728
v 0.11450036 0.21276265 0.08876303
v 0.10700514 0.20858619 0.08355865
v 0.09579046 0.21512184 0.07713920
v 0.11469012 0.21959011 0.08138141
v 0.10582909 0.22543095 0.07090571
v 0.04588457 0.29377601 0.04220488
v 0.04837864 0.30239835 0.03476106
v 0.05729098 0.28411946 0.04012283
v 0.05159004 0.30296126 0.02857921
v 0.05836794 0.29350740 0.03080806
v 0.04197164 0.28804824 0.04956694
v 0.04735470 0.27332363 0.05163400
v 0.05212079 0.27676165 0.04603817
v 0.03611611 0.28372711 0.05574282
v 0.04783064 0.28508714 0.04411693
v 0.04140722 0.27030855 0.05736228
v 0.03431059 0.26757914 0.06254467
v 0.02932835 0.28008297 0.06079833
v 0.03856033 0.27689379 0.05608372
v 0.02595511 0.26498526 0.06635603
v 0.01754109 0.26260990 0.07050549
v 0.02383452 0.27110472 0.06507386
v -0.00747982 0.38927579 -0.03702375
v -0.01109936 0.39161462 -0.03996623
v -0.00199068 0.37515220 -0.02870190
v -0.00469832 0.37166047 -0.03259666
v -0.00379995 0.38535881 -0.03238601
v -0.00715132 0.38291150 -0.03653637
v -0.00669673 0.36555478 -0.03729315
v -0.00887601 0.37755293 -0.04037482
v -0.00709292 0.37500075 -0.03615206
v -0.00974513 0.37865129 -0.04354845
v -0.00951846 0.36959371 -0.04541596
v -0.01194898 0.36872345 -0.05334571
v -0.01111223 0.38565633 -0.04231737
v -0.01133760 0.37839848 -0.04648296
v -0.01447172 0.37462434 -0.04881409
v 0.04597474 0.30994162 0.04373441
v 0.04244331 0.30594724 0.04874668
v 0.03841906 0.30086529 0.05330439
v 0.02053103 0.28932032 0.06460470
v 0.01908714 0.29575685 0.06456095
v 0.26109949 0.08966526 0.03995005
v 0.25808507 0.09805277 0.03985617
v 0.25360721 0.10734001 0.04003935
v 0.26257592 0.10573996 0.03511951
v 0.27024537 0.10628219 0.02671000
v 0.26620939 0.11361200 0.02831240
v 0.26132917 0.12267878 0.02854633
v 0.26771557 0.12009326 0.02012188
v 0.10343361 0.27285433 0.02210827
v 0.11825397 0.28283164 0.02575023
v 0.12848586 0.28214619 0.03037189
v 0.11711647 0.27063730 0.03398970
v 0.10262489 0.27884090 0.01016513
v 0.10324099 0.28425524 -0.00105201
v 0.10568877 0.28725472 0.00296699
v 0.11151364 0.28459764 0.01508328
v 0.11165658 0.27516556 0.02212268
v 0.11478342 0.27765620 0.02397563
v 0.18425079 -0.11911571 0.06140734
v 0.18578532 -0.11511450 0.04955385
v 0.18115270 -0.12334612 0.07500754
v 0.17399113 -0.12737671 0.08760290
v 0.18017153 -0.11083399 0.07061739
v -0.02830874 -0.10187106 0.19173077
v 0.01546253 -0.11166489 0.18225217
v -0.01305076 -0.09973551 0.19311726
v -0.01999503 -0.11214960 0.18694049
v 0.02556946 -0.08158258 0.19330402
v 0.02044086 -0.09793045 0.18867716
v -0.00838776 -0.08447087 0.19300814
v 0.00376095 -0.09888522 0.19111373
v 0.01596825 0.00174933 0.17497106
v 0.01236272 -0.01524112 0.17451404
v 0.00797273 -0.02984646 0.17669496
v -0.00609684 -0.02056267 0.17812847
v 0.02538416 -0.19660529 0.16898184
v 0.03909091 -0.19240361 0.16670428
v 0.02856137 -0.12787604 0.17493968
v 0.01262275 -0.12909858 0.17967689
v 0.02656382 -0.15958551 0.18460719
v -0.00326351 -0.13451046 0.17878109
v 0.01129761 -0.16255471 0.18749303
v 0.01102577 -0.14806896 0.18130469
v 0.01171330 -0.20142177 0.17134090
v -0.00033468 -0.20790368 0.17363450
v 0.01106840 -0.18293795 0.18384856
v -0.00431973 -0.16884297 0.18869297
v -0.01090580 -0.22973764 0.17264104
v -0.01111344 -0.25282198 0.17207310
v -0.00867208 -0.24074666 0.17230760
v -0.01693922 -0.23615451 0.17245302
v 0.21652588 0.14659452 0.04222500
v 0.21795923 0.16995537 0.03749198
v 0.21657720 0.14780405 0.04393119
v 0.21710527 0.15876746 0.04118384
v 0.21568966 0.16996560 0.04175858
v 0.09681621 -0.16561657 0.15823956
v 0.09499037 -0.17854667 0.15565363
v 0.08146656 -0.18169788 0.15995541
v 0.06752197 -0.18411167 0.16212058
v 0.05299833 -0.18786189 0.16439043
v 0.04008636 -0.17497008 0.17765100
v 0.04170160 -0.15717103 0.18051536
v 0.07012168 -0.16843329 0.17172283
v 0.17308986 0.14500104 0.07831813
v 0.17038170 0.14995119 0.08210908
v 0.16929357 0.14493768 0.08189015
v 0.17611076 0.13791217 0.07317190
v 0.17906651 0.13049787 0.06574742
v 0.17426389 0.13624641 0.07423587
v 0.04182969 0.06105125 0.17837097
v 0.05312354 0.04719562 0.18046045
v 0.05250738 0.02845630 0.17780456
v 0.03597356 0.02181560 0.17901631
v 0.06351012 0.11709359 0.15288457
v 0.06924126 0.12000064 0.15063813
v 0.05544191 0.12123841 0.15103823
v 0.05371482 0.12991753 0.14740331
v 0.05252433 0.13917965 0.14378557
v 0.06079417 0.13193640 0.14518470
v 0.07534371 0.12220938 0.14920986
v 0.06834141 0.12627020 0.14677495
v 0.06828754 0.13338684 0.14263463
v 0.06829360 0.14110985 0.13797313
v 0.07568070 0.13500778 0.14059803
v 0.16374110 0.20724116 -0.06089982
v 0.15667865 0.21099234 -0.06518935
v 0.15548658 0.20699321 -0.06999235
v 0.15814084 0.21496624 -0.06016470
v 0.14949092 0.21483734 -0.06849032
v 0.26978099 0.11772481 0.01062608
v 0.26518378 0.12265770 -0.00505172
v 0.26262009 0.13074777 -0.00622054
v 0.25770262 0.13063946 -0.01490471
v 0.26751652 0.12560414 0.01174214
v 0.26306358 0.13319124 0.01511732
v 0.26534203 0.12843376 0.00236761
v 0.25755417 0.14072821 -0.00864799
v 0.16689800 0.07276003 -0.04095409
v 0.16139708 0.06909082 -0.05417247
v 0.16240574 0.07433638 -0.05288164
v 0.16057542 0.06462396 -0.05560593
v 0.16486746 0.06068278 -0.04538029
v 0.16993065 0.05914829 -0.03342130
v 0.16883498 0.05308201 -0.03577575
v 0.17290199 0.07224479 -0.02790321
v 0.18042603 0.07200897 -0.01536143
v 0.17115666 0.06566800 -0.03103780
v 0.17614636 0.06010800 -0.02115762
v 0.16308244 0.05077797 -0.04959681
v 0.15717262 0.07023703 -0.06380637
v 0.15480679 0.07614270 -0.06896207
v 0.15549654 0.07141555 -0.06888375
v 0.16012082 0.06031400 -0.05734125
v 0.15953784 0.05617294 -0.05933291
v 0.15747169 0.06170072 -0.06914353
v 0.15648133 0.06682314 -0.06911066
v 0.15893468 0.05222724 -0.06222552
v 0.15722772 0.06176664 -0.06592330
v 0.18032750 0.07179197 -0.06963795
v 0.16981980 0.08708444 -0.07201485
v 0.17472747 0.07960434 -0.07071579
v 0.17324308 0.09736294 -0.07268468
v 0.18342674 0.08391754 -0.07001474
v 0.18700330 0.11669631 -0.07162648
v 0.17971033 0.10601115 -0.07254396
v 0.19316271 0.08951205 -0.06874814
v 0.18390669 0.09543733 -0.07057545
v 0.19891524 0.08177359 -0.06808720
v 0.20288834 0.09527197 -0.06662928
v 0.25212300 0.12202597 -0.02471622
v 0.21441264 0.09280583 -0.06302341
v 0.22714749 0.10844482 -0.05213337
v 0.20741731 0.11180529 -0.06466043
v 0.21223424 0.10217412 -0.06322595
v 0.23040679 0.11932672 -0.04919868
v 0.22087325 0.10788697 -0.05806803
v 0.25067160 0.12960370 -0.02550611
v 0.24706805 0.13864192 -0.02818777
v 0.24123497 0.12653580 -0.03737555
v 0.23165283 0.13070878 -0.04633811
v 0.21108963 0.05795039 0.02395625
v 0.21362287 0.07129060 0.02427555
v 0.21369828 0.06444949 0.02443604
v 0.20417899 0.05954896 0.01655706
v 0.18155672 0.05515979 -0.01200374
v 0.18304777 0.06317747 -0.00943813
v 0.19541338 0.05453228 0.00703488
v 0.19713646 0.06259335 0.00917753
v 0.17957976 0.04811842 -0.01485882
v 0.19269004 0.04643321 0.00409723
v 0.18732230 0.05050270 -0.00360933
v 0.21728472 0.16605619 0.03520105
v 0.21767464 0.18095878 0.03306977
v 0.21198979 0.19008264 0.03382581
v 0.21565865 0.18966225 0.02760626
v 0.18632245 0.15304780 0.07952996
v 0.19012778 0.14300519 0.07272691
v 0.20609273 0.13248858 0.05952430
v 0.19986591 0.14463595 0.07398900
v 0.19477369 0.15598200 0.07862219
v 0.20037337 0.14949098 0.07249701
v 0.18265133 0.16576651 0.08390604
v 0.17673752 0.17853552 0.08236447
v 0.18837480 0.16160019 0.08219215
v 0.18947399 0.16718054 0.07736322
v 0.24226931 0.11090743 0.04112054
v 0.24804582 0.11688408 0.03936303
v 0.25213143 0.12483741 0.03488451
v 0.24215320 0.12712124 0.03825336
v 0.22540304 0.15591022 0.03429504
v 0.22526979 0.16571900 0.02966842
v 0.23785381 0.13705695 0.03681418
v 0.24046192 0.14290684 0.03337473
v 0.21715260 0.13807419 0.03774825
v 0.22067174 0.14698672 0.03772998
v 0.23319200 0.13100623 0.04001403
v 0.22967069 0.14467737 0.03706055
v 0.21190007 0.07816634 0.02424027
v 0.20517617 0.07542406 0.01740640
v 0.20236199 0.09372343 0.01606658
v 0.18718205 0.08728217 -0.00137015
v 0.18772793 0.09538324 0.00334661
v 0.19659199 0.08840848 0.01148590
v 0.19561446 0.09911074 0.01205400
v 0.18547209 0.07795005 -0.00478340
v 0.18410458 0.07058688 -0.00665361
v 0.19824550 0.07080857 0.01027757
v 0.19059359 0.06673448 0.00113615
v 0.19787174 0.07950807 0.01106366
v 0.19068338 0.08430682 0.00436541
v 0.14788973 0.11325783 -0.08028047
v 0.15063921 0.10298349 -0.07655048
v 0.15142141 0.09639808 -0.07545554
v 0.15009828 0.11266664 -0.07769167
v 0.15279205 0.09113054 -0.07364896
v 0.15499884 0.08548692 -0.07255121
v 0.15877998 0.08982459 -0.07314344
v 0.15950543 0.10126399 -0.07445896
v 0.15461554 0.10687046 -0.07641601
v 0.15169960 0.10130056 -0.07601987
v 0.21180631 0.13842475 0.04008385
v 0.21323901 0.14747281 0.04538274
v 0.20825204 0.12842596 0.03926452
v 0.20884021 0.13121839 0.03859732
v 0.16832164 0.13910554 0.08172215
v 0.17132537 0.13709415 0.07739405
v 0.17374048 0.12868117 0.07099934
v 0.19153710 0.10612165 0.00288146
v 0.19030733 0.10214043 0.00313368
v 0.18970352 0.10919316 0.01720750
v 0.18922788 0.09694600 0.00253187
v 0.18779662 0.10348887 0.01668436
v 0.13518588 0.10050714 0.12372401
v 0.13859792 0.09306772 0.12352560
v 0.15020896 0.08870619 0.10844392
v 0.14661469 0.08701937 0.11554850
v 0.13338867 0.10793989 0.12428838
v 0.13978057 0.10142578 0.11811154
v 0.18136340 0.07847799 0.02735903
v 0.18350491 0.07277652 0.02840170
v 0.18187372 0.06730220 0.02968880
v 0.18084063 0.06081591 0.03165669
v 0.17780210 0.07517442 0.05213162
v 0.18162805 0.07573034 0.03954840
v 0.14594692 0.11268732 0.11048192
v 0.14948510 0.10679494 0.10570739
v 0.14195253 0.10831834 0.11489704
v 0.15329993 0.10079335 0.10132904
v 0.15397570 0.09068234 0.10201260
v 0.15713321 0.09363014 0.09644648
v 0.14705566 0.09586345 0.11107129
v 0.14389606 0.10239513 0.11317173
v 0.14729820 0.10381861 0.10897349
v 0.13799059 -0.01068444 0.15880635
v 0.12821852 -0.02584217 0.15435959
v 0.13207978 0.00483127 0.16919169
v 0.11536732 0.00645769 0.17122050
v 0.02111877 0.28318778 0.06452154
v 0.02200718 0.27701047 0.06445784
v 0.01481341 0.27426887 0.06808472
v 0.01435682 0.28648657 0.06720260
v 0.20454141 0.10606222 0.02159138
v 0.20344180 0.11872281 0.02665616
v 0.21285665 0.12975824 0.03754799
v 0.22852279 0.12083520 0.03888935
v 0.22306080 0.13056183 0.03608167
v 0.20799288 0.12345731 0.03358887
v 0.21238385 0.11651686 0.02866969
v 0.14780071 0.13192417 -0.08300908
v 0.14519259 0.12268893 -0.08342320
v 0.14857720 0.12124528 -0.08076086
v 0.14808664 0.12744743 -0.08226009
v 0.14669123 0.11793335 -0.08085427
v 0.14224996 0.13267435 -0.08453051
v 0.13653260 0.14255218 -0.09273548
v 0.14160088 0.13694702 -0.09260285
v 0.14594877 0.12883131 -0.08909727
v 0.14463192 0.12635686 -0.08608381
v 0.14120026 0.13145480 -0.08630806
v 0.13247027 0.14719187 -0.09203248
v 0.13844022 0.13840763 -0.08621984
v 0.13855308 0.13580395 -0.08627847
v 0.13685974 0.13984771 -0.08964295
v 0.15938446 0.15594244 -0.09964485
v 0.15121268 0.13506564 -0.10428629
v 0.15300456 0.15265891 -0.10276320
v 0.16258350 0.14462483 -0.09486829
v 0.12757701 0.15315130 -0.11658249
v 0.13951023 0.14414965 -0.11112201
v 0.14228669 0.16106522 -0.10858576
v 0.14675862 0.14854008 -0.10680233
v 0.17105228 0.22350588 -0.03107109
v 0.17651503 0.22368486 -0.02228639
v 0.16979782 0.22785124 -0.02423349
v 0.18502113 0.21548556 -0.02170633
v 0.18218872 0.22243056 -0.01321718
v 0.18106107 0.22404470 -0.00647582
v 0.18835528 0.22083074 -0.00422153
v 0.20297606 0.20370819 0.02244576
v 0.19277644 0.21532625 0.00978317
v 0.21424381 0.18284549 0.02370918
v 0.21178445 0.19758467 0.02209027
v 0.20672379 0.20505436 0.01693812
v 0.19697347 0.21000606 -0.00490737
v 0.19441375 0.21613835 0.00409014
v 0.20099570 0.21119404 0.01117725
v 0.20748346 0.19813490 0.01044097
v 0.18392101 -0.27270430 0.05708508
v 0.18867598 -0.27219534 0.04775258
v 0.19215652 -0.27262041 0.03757832
v 0.12699080 -0.22083373 0.13206731
v 0.11847635 -0.22769798 0.14012714
v 0.11536589 -0.23730442 0.13470995
v 0.13466080 -0.21344568 0.12265937
v 0.14245687 -0.20575976 0.11285867
v 0.14842519 -0.20759158 0.10385540
v 0.13330209 -0.22321646 0.12194111
v 0.09823004 -0.29217434 0.13763161
v 0.08848821 -0.30272686 0.13846526
v 0.17841618 -0.27209207 0.06671754
v 0.17281926 -0.27654102 0.07584801
v 0.16513719 -0.27165052 0.08480132
v 0.14988600 -0.14252046 0.12410932
v 0.14040779 -0.14685597 0.13573363
v 0.12902302 -0.14929524 0.14521158
v 0.11534416 -0.15072618 0.15301590
v 0.13363405 -0.13277313 0.14588717
v 0.14020379 -0.05612816 0.12977949
v 0.15294550 -0.05460133 0.12063687
v 0.14657179 -0.11495784 0.13337834
v 0.14997110 -0.08501875 0.12586257
v 0.17237163 -0.10484552 0.09649277
v 0.16374120 -0.08158220 0.11919837
v 0.16083163 -0.09659386 0.12202108
v 0.16326985 -0.05148777 0.10784990
v 0.16478112 -0.06657347 0.11488192
v 0.17280680 -0.07865036 0.10573415
v 0.18477453 -0.09532779 0.05367958
v 0.19191037 -0.06699648 0.04621384
v 0.19041756 -0.06838194 0.00963973
v 0.19150865 -0.06300469 0.03240002
v 0.19103006 -0.07734013 0.03662042
v 0.19434382 -0.03631889 -0.00107009
v 0.19272804 -0.05081705 0.00387354
v 0.19344583 -0.04724162 0.02808500
v 0.19004698 -0.05837372 0.01902495
v 0.19757017 -0.10226420 0.00911049
v 0.19669473 -0.09741192 -0.00564200
v 0.19268832 -0.08839215 -0.01010364
v 0.19213881 -0.07914179 -0.00042928
v 0.19198957 -0.08336069 0.01440481
v 0.19065487 -0.11123722 0.03729232
v 0.19568674 -0.10690685 0.02375752
v 0.18658009 -0.10534798 0.04492448
v 0.18999404 -0.09078001 0.04057845
v 0.19198602 -0.08769187 0.02765513
v 0.19557691 -0.09614317 0.01889667
v 0.12456892 -0.01860506 -0.09514124
v 0.12644053 0.03598699 -0.10517409
v 0.13744597 0.01421078 -0.09771886
v 0.14980781 0.00628764 -0.09428768
v 0.14886916 0.02453133 -0.09658802
v 0.14912586 -0.01180742 -0.08694809
v 0.16049570 -0.00168763 -0.08701047
v 0.19154239 0.09953954 -0.00079791
v 0.18056229 0.09800927 -0.02615551
v 0.18369624 0.10071854 -0.01003362
v 0.17819561 0.09806013 -0.03486330
v 0.17502904 0.16490510 -0.10565791
v 0.16657519 0.17245047 -0.11190142
v 0.15896659 0.18059482 -0.11717357
v 0.16953571 0.16935122 -0.10782333
v 0.22348908 0.17384194 0.02298747
v 0.23219739 0.16475947 0.02262316
v 0.22042336 0.18190132 0.01605109
v 0.21650380 0.18969125 0.00908979
v 0.21114635 0.19649529 0.00139173
v 0.22517703 0.18123622 0.00749655
v 0.20308085 0.11638026 0.02836409
v 0.19732541 0.11012296 0.02020681
v 0.20136605 0.11904631 0.02859395
v 0.20207846 0.11280110 0.02365825
v 0.18648127 0.20382030 0.04025341
v 0.20674530 0.18887432 0.03973659
v 0.20256963 0.19701234 0.03474043
v 0.18028480 0.20385599 0.04598895
v 0.19069643 0.19584015 0.04593556
v 0.21017799 0.18018049 0.04343343
v 0.21051310 0.16896217 0.04642094
v 0.20059955 0.18767835 0.04451483
v 0.19428529 0.18748833 0.05155221
v 0.12265493 -0.28410861 0.12490341
v 0.10565170 -0.28482717 0.13536821
v 0.10689451 -0.28700590 0.13464499
v 0.10317236 -0.28734282 0.13520180
v 0.11250700 -0.29039744 0.12995504
v 0.12961917 -0.28070781 0.11969125
v 0.14428473 -0.27194360 0.10659754
v 0.12194689 -0.29311106 0.12403377
v 0.08120745 0.26967904 0.03852001
v 0.07960889 0.27871487 0.02861825
v 0.09220219 0.27372760 0.02431928
v 0.10485545 0.26627693 0.03329511
v 0.18399569 0.12695986 0.05656752
v 0.18756296 0.12792821 0.05602951
v 0.18969458 0.11549036 0.03081163
v 0.18931998 0.11369549 0.03165657
v 0.19098045 0.12628721 0.05500032
v 0.19915786 0.11159915 0.02780911
v 0.19348720 0.11412905 0.02952824
v 0.18964569 0.12042739 0.04410723
v 0.20863427 0.12372893 0.03561461
v 0.20970361 0.12916578 0.04559905
v 0.20974942 0.13348755 0.04096882
v 0.20662573 0.12660022 0.03541839
v 0.20412077 0.12285753 0.03047642
v 0.24122027 0.14802185 -0.03183575
v 0.22383887 0.13741428 -0.05247979
v 0.23509522 0.14180179 -0.04093952
v 0.24630520 0.15033221 -0.02149976
v 0.24960290 0.15250894 -0.01148454
v 0.23395327 0.15706675 -0.03656036
v 0.19516262 0.10288529 0.01789834
v 0.20121764 0.10879244 0.02527159
v 0.18795380 0.10220388 0.01026648
v 0.19412068 0.10721694 0.01596567
v 0.19062482 0.10223138 0.01122884
v 0.19808930 0.10942602 0.02347959
v 0.19396181 0.13487834 0.06313856
v 0.19838426 0.13988717 0.07047641
v 0.20450631 0.13472670 0.06580044
v 0.19938415 0.12259138 0.05458900
v 0.20971379 0.11602080 0.04051374
v 0.20894238 0.12472937 0.05103177
v 0.20730841 0.12914126 0.05953943
v 0.20859270 0.12585744 0.05567411
v 0.16333787 0.05750996 -0.06904098
v 0.16880535 0.05900163 -0.06871363
v 0.17618561 0.06038158 -0.06876632
v 0.18607359 0.06515560 -0.07066105
v 0.17354670 0.05258599 -0.06943642
v 0.17459510 0.05981731 -0.07515765
v 0.15986437 0.05573707 -0.06864692
v 0.15832517 0.05258744 -0.06776819
v 0.16433768 0.04891008 -0.06810227
v 0.15977399 0.04293145 -0.05714195
v 0.15908611 0.04803346 -0.06496276
v 0.16086845 0.04245715 -0.06490791
v 0.19695535 0.04365852 0.01171222
v 0.19053738 0.03816485 0.00084243
v 0.18210557 0.03634652 -0.00932437
v 0.18913215 0.03158242 -0.00045443
v 0.21927044 0.05719963 0.03142586
v 0.20534638 0.05110764 0.02289186
v 0.19870332 0.04452742 0.02131074
v 0.19513561 0.04080324 0.02155976
v 0.20217890 0.04354974 0.02860249
v 0.21116829 0.04703737 0.03494133
v 0.24247405 0.06885112 0.03894735
v 0.23361145 0.06343127 0.03613272
v 0.23131254 0.05695319 0.03715392
v 0.26928598 0.09325217 0.03336953
v 0.27240175 0.10198441 0.02373205
v 0.27210185 0.10779951 0.01717328
v 0.27078268 0.11139084 0.01017109
v 0.27251327 0.09887381 0.02218629
v 0.26886645 0.11391094 0.00255706
v 0.26598564 0.11612178 -0.00521529
v 0.27181247 0.10582825 0.00890204
v 0.25532728 0.09175821 0.03183584
v 0.23572569 0.11033839 -0.04058009
v 0.26125824 0.11693315 -0.01264755
v 0.25054514 0.11612274 -0.02618701
v 0.26519367 0.11083143 -0.00703414
v 0.24163833 0.10931686 -0.03475060
v 0.24126795 0.10619909 -0.03076483
v 0.23221779 0.10035688 -0.04478839
v 0.23840967 0.10413267 -0.03826297
v 0.22773343 0.10557856 -0.04961072
v 0.22009890 0.09742181 -0.05794028
v 0.22530502 0.10173255 -0.05031809
v 0.22610742 0.09641001 -0.05143715
v 0.21954770 0.09211037 -0.05652433
v 0.24974506 0.07286254 0.04006714
v 0.25665671 0.07804745 0.04086543
v 0.26291174 0.08247033 0.04048503
v 0.24912226 0.06783204 0.04009768
v 0.26199016 0.07844830 0.04118152
v 0.19516802 0.07148848 -0.07078621
v 0.20215242 0.07505412 -0.06901391
v 0.19099918 0.06472670 -0.07498918
v 0.20957695 0.07817379 -0.06672829
v 0.21506318 0.08634153 -0.06321192
v 0.21253709 0.08730938 -0.06260408
v 0.20455751 0.06994478 -0.07140838
v 0.21351090 0.08771093 -0.06127098
v 0.20738210 0.08358701 -0.06568073
v 0.16298710 0.03779882 -0.04322528
v 0.15549904 0.03566605 -0.04877962
v 0.17441198 0.02824274 -0.02160829
v 0.15196188 0.03296316 -0.05193254
v 0.15458973 0.02896682 -0.04418214
v 0.16744965 0.04764855 -0.03783062
v 0.17298225 0.04689252 -0.02616193
v 0.16571783 0.04240788 -0.04010093
v 0.17699866 0.04128160 -0.01731754
v 0.17497154 0.03484685 -0.01938115
v 0.16964275 0.03507244 -0.02949499
v -0.00411377 0.28753069 -0.11032274
v 0.00151464 0.28910384 -0.10612577
v -0.00623511 0.30851561 -0.10158169
v -0.00763191 0.26469615 -0.11998264
v -0.00878006 0.27471480 -0.11612701
v -0.00997614 0.28509030 -0.11231400
v -0.01114915 0.29539767 -0.10815578
v -0.01496506 0.28066444 -0.11347462
v 0.18337397 0.04348481 0.03777849
v 0.18150450 0.05318244 0.03415621
v 0.17890266 0.04815522 0.05226396
v 0.17480217 0.06331985 0.05873815
v 0.17608896 0.06952292 0.05484811
v 0.17862934 0.06406225 0.04391088
v 0.16126598 0.01270651 0.11436781
v 0.15808159 0.02544186 0.12681626
v 0.16131566 0.04102590 0.12148535
v 0.16735458 0.04322101 0.11013367
v 0.17304790 0.03602053 0.07307345
v 0.17845365 0.01953683 0.07320216
v 0.16825005 0.04613670 0.09710766
v 0.16736503 0.04847083 0.08459068
v 0.17214644 0.03016473 0.10152052
v 0.18172917 0.12439366 0.05598551
v 0.18152139 0.11996552 0.05521636
v 0.18714093 0.11037204 0.03179588
v 0.18522069 0.10569362 0.03007329
v 0.18473653 0.11857205 0.04473339
v 0.18061095 0.11436465 0.05317467
v 0.18502747 0.10057522 0.02892521
v 0.18289408 0.10938422 0.04236177
v 0.21075542 0.10065776 -0.00030978
v 0.21323460 0.10121386 0.01002336
v 0.21211335 0.10985397 0.02611328
v 0.21353582 0.11297892 0.03530169
v 0.20887497 0.10347918 0.01816732
v 0.20415261 0.10664801 0.02392146
v 0.20047103 0.11547011 0.03930448
v 0.20729318 0.11942796 0.05050246
v 0.21185221 0.11537921 0.04356079
v 0.21369106 0.10861982 0.02765662
v 0.17592408 0.08684480 0.05871341
v 0.17780554 0.08573131 0.04820304
v 0.17945194 0.08043976 0.04989250
v -0.00989043 -0.21510935 0.17432974
v -0.01295370 -0.19755311 0.18243368
v -0.01781878 -0.22114769 0.17421861
v -0.02780252 -0.24654917 0.17347139
v -0.01459328 -0.26679000 0.16710448
v -0.01767536 -0.28061259 0.16092812
v -0.02340092 -0.25651467 0.17116277
v -0.03356986 -0.25409517 0.17195016
v 0.10509793 -0.16736530 -0.11164275
v 0.08529764 -0.16692233 -0.11174148
v 0.09009084 -0.17845686 -0.11533243
v 0.08210652 -0.15765704 -0.11643099
v 0.06424443 -0.16467087 -0.11300072
v 0.04967459 -0.18885320 -0.12041663
v 0.04600518 -0.17562325 -0.11490491
v 0.04338764 -0.16237916 -0.11467762
v 0.02562330 -0.18375875 -0.11954271
v 0.09478867 -0.19248815 -0.11572810
v 0.07350500 -0.19088496 -0.12108327
v 0.05338897 -0.19876157 -0.12737158
v 0.18761972 -0.23957813 -0.00701370
v 0.18586144 -0.23146974 0.03126748
v 0.18497929 -0.22568303 0.00418191
v 0.18994176 -0.25278729 0.03141858
v 0.18761542 -0.24191934 0.03143002
v 0.19040163 -0.24948461 0.00696036
v 0.18738344 -0.23773025 0.00593633
v 0.18660833 -0.23424622 0.01865075
v 0.18573864 -0.21429798 0.02925149
v 0.18269999 -0.22894616 0.04346119
v 0.18395001 -0.22253621 0.03407640
v 0.18349895 -0.21559861 0.04216015
v 0.18569097 -0.21119381 0.01606273
v 0.19044814 -0.20653826 0.02787861
v 0.18376265 -0.20958212 0.05312917
v 0.18079437 -0.21737839 0.05418545
v 0.17967139 -0.23184325 0.05567843
v 0.17478102 -0.23374590 0.06723356
v 0.17891312 -0.22460267 0.05493457
v 0.17594397 -0.22007355 0.06521036
v 0.17242177 -0.21624185 0.07439043
v 0.17048357 -0.22372611 0.07538122
v 0.16939874 -0.23659264 0.07760374
v 0.16308190 -0.24089454 0.08696716
v 0.16924350 -0.23016094 0.07649496
v 0.16425063 -0.22800198 0.08501558
v 0.14900485 -0.25146198 0.10327759
v 0.15638644 -0.24597256 0.09544952
v 0.15638618 -0.24042943 0.09457064
v 0.14080864 -0.25723571 0.11050399
v 0.13331790 -0.26350421 0.11745486
v 0.14169240 -0.25267050 0.10973782
v 0.12426078 -0.27542692 0.12431131
v 0.12364282 -0.27973098 0.12493636
v 0.10737056 -0.28767979 0.13371833
v 0.11553634 -0.28453663 0.13013291
v 0.12486863 -0.27078834 0.12298745
v 0.12559026 -0.26594618 0.12209732
v 0.11642620 -0.27849999 0.12853849
v 0.09847564 -0.29303759 0.13575032
v 0.10732894 -0.28576377 0.13273227
v 0.10762761 -0.28158170 0.13192345
v 0.07880896 -0.30985898 0.13806750
v 0.08900834 -0.30103791 0.13747060
v 0.08879122 -0.29774740 0.13687970
v 0.06894747 -0.31438246 0.13827761
v 0.05861814 -0.31704819 0.13853253
v 0.06881867 -0.31137902 0.13832738
v 0.02182454 -0.32300580 0.14019190
v 0.04180738 -0.31908447 0.14007077
v 0.04455008 -0.31949559 0.13903327
v 0.00717647 -0.32749432 0.13894387
v -0.00306190 -0.32868212 0.13791980
v 0.01017035 -0.32712665 0.13881007
v -0.02003875 -0.32945085 0.13640571
v -0.02073366 -0.32861486 0.13664037
v -0.02454208 -0.32805941 0.13722461
v -0.04077309 -0.32711831 0.13439856
v 0.08795122 0.25012597 0.05217175
v 0.08381232 0.26005054 0.04603191
v 0.11028115 0.24117798 0.05807496
v 0.10175283 0.24086846 0.05728990
v 0.09645125 0.25772181 0.04339869
v 0.02426010 0.34048370 -0.01435114
v 0.02259932 0.34928751 -0.01149241
v 0.04889649 0.31574064 -0.00864443
v 0.04121616 0.32283795 -0.00592333
v 0.03451174 0.32722288 -0.01233442
v 0.04908416 0.31423569 -0.01906160
v 0.02814537 0.33235779 -0.01809331
v 0.02152737 0.33671200 -0.02287289
v 0.03419369 0.32556996 -0.02219626
v 0.05456316 0.27385473 -0.09094875
v 0.06244967 0.27333638 -0.08980345
v 0.06186005 0.27844095 -0.08178624
v 0.04689651 0.27314946 -0.09069012
v 0.02961984 0.27981153 -0.08442693
v 0.02648088 0.28802273 -0.07857413
v 0.03968782 0.27244568 -0.09058444
v 0.04457900 0.28010061 -0.08330692
v 0.02351246 0.29642233 -0.07300498
v 0.04282498 0.28747097 -0.07628268
v 0.03438212 0.28808138 -0.07755926
v 0.06177124 0.28411579 -0.07392071
v 0.06268476 0.29022163 -0.06601246
v 0.05220871 0.28654379 -0.07573576
v 0.04101438 0.29481938 -0.06999937
v 0.00556554 0.35487410 -0.02574379
v 0.01329001 0.34924692 -0.02065928
v 0.00701671 0.36852539 -0.01940048
v 0.00666989 0.36229372 -0.02118855
v 0.00959806 0.36000836 -0.01847854
v 0.01518758 0.34086856 -0.02664486
v 0.01836474 0.33266670 -0.03291802
v 0.00999793 0.34444171 -0.02980188
v 0.00067274 0.34951633 -0.03486164
v 0.00515540 0.34698546 -0.03224130
v 0.00499561 0.33899024 -0.03859530
v -0.00327537 0.35296375 -0.03765948
v -0.00577291 0.35793272 -0.03901767
v -0.00851906 0.35801962 -0.04435724
v -0.00391182 0.34310690 -0.04286984
v 0.11555943 0.29175696 -0.01277943
v 0.10898215 0.29924342 -0.01253364
v 0.12814082 0.28762680 -0.01355041
v 0.12035859 0.28827161 -0.02322677
v 0.11269180 0.28685862 -0.03251941
v 0.12061084 0.28862610 -0.03219092
v 0.09316894 0.28593230 -0.05390597
v 0.10318018 0.29241684 -0.03464498
v 0.10625523 0.28542429 -0.04252104
v 0.08009967 0.26804554 -0.09759889
v 0.08583999 0.27250338 -0.09025742
v 0.07900284 0.27325800 -0.09014377
v 0.09159529 0.27147377 -0.09023447
v 0.09226075 0.26627305 -0.09758854
v 0.09381545 0.26018122 -0.10363381
v 0.09820116 0.25851414 -0.10284229
v 0.08204585 0.26151937 -0.10375059
v 0.08476786 0.25408557 -0.10892709
v 0.08820003 0.26090327 -0.10339215
v 0.09643409 0.25374025 -0.10895383
v 0.14471284 0.24476177 0.00982403
v 0.16467264 0.23282146 0.01864831
v 0.15465003 0.24035989 0.01583287
v 0.14882709 0.24450636 0.00627290
v 0.14443007 0.24822034 -0.00443850
v 0.15469791 0.24388370 0.00164906
v 0.13515510 0.25611323 -0.00976638
v 0.14016262 0.25197524 -0.01430171
v 0.09233606 0.27480727 -0.08119658
v 0.09417463 0.27797705 -0.07170480
v 0.09642361 0.26967037 -0.08887081
v 0.09307003 0.16550125 -0.12749255
v 0.10633409 0.16083115 -0.12540963
v 0.11657799 0.16202506 -0.12091933
v 0.12438692 0.16551864 -0.11678857
v 0.10669427 0.17136031 -0.12406742
v 0.13820587 0.17217900 -0.11105163
v 0.13117562 0.16913578 -0.11307447
v 0.12123204 0.17707635 -0.11703124
v 0.15151282 0.18922630 -0.12100485
v 0.15371048 0.18544115 -0.11827473
v 0.17096682 0.16587472 -0.10494731
v 0.16328278 0.17416021 -0.11082634
v 0.15503563 0.18247084 -0.11600861
v 0.14693911 0.19088358 -0.11971866
v 0.15605573 0.17928296 -0.11496252
v 0.14738674 0.19451539 -0.12292488
v 0.14522126 0.19750991 -0.12294906
v 0.14142881 0.19456814 -0.12063701
v 0.14621301 0.19409029 -0.12199850
v 0.14083940 0.20109311 -0.12286443
v 0.16965595 0.21186955 0.04456152
v 0.16204198 0.22137412 0.04401272
v 0.17426306 0.20433210 0.05337036
v 0.17059667 0.18991227 0.07551828
v 0.17785557 0.18411486 0.07533229
v 0.17764461 0.19462030 0.05983574
v 0.16788980 0.20279118 0.05949341
v 0.19303764 0.16889828 0.06749105
v 0.18562979 0.17733282 0.07267380
v 0.18744865 0.18657596 0.05796546
v 0.19672695 0.17799166 0.05458953
v 0.18124156 0.18565188 0.06616076
v 0.12009580 0.18202624 -0.10621651
v 0.13793769 0.18711412 -0.11908371
v 0.14229372 0.18130329 -0.11882149
v 0.12295654 0.18656108 -0.11200386
v 0.12471006 0.18051223 -0.11198214
v 0.13528700 0.19312167 -0.11909579
v 0.13386235 0.19916993 -0.11898260
v 0.12269941 0.19222251 -0.11186247
v 0.12866074 0.19000667 -0.11658790
v 0.08221792 0.29789340 -0.02692143
v 0.09049065 0.29301211 -0.01768862
v 0.09860055 0.29950497 -0.01433404
v 0.10280971 0.30027369 -0.02414790
v 0.09730271 0.30055511 -0.03587036
v 0.14599289 0.25071985 -0.01926501
v 0.13591528 0.25613907 -0.02502198
v 0.13846037 0.24788174 -0.03623347
v 0.12959902 0.25318021 -0.04197498
v 0.12923244 0.24919349 -0.04705423
v 0.12743117 0.26277852 -0.03090959
v 0.12990932 0.25740659 -0.03626913
v 0.12306575 0.26030934 -0.04688980
v 0.13227713 0.24408665 -0.05253529
v 0.12436506 0.24939772 -0.05896909
v 0.12747686 0.23932658 -0.07115664
v 0.12072197 0.23917568 -0.08321252
v 0.11951962 0.25529855 -0.06670537
v 0.12274200 0.24712288 -0.06887674
v 0.12136054 0.24391554 -0.07742177
v 0.11806452 0.24759549 -0.08321588
v 0.12083738 0.19340926 -0.10581185
v 0.12290942 0.19770065 -0.11147872
v 0.13195224 0.20494205 -0.11837021
v 0.12735572 0.20130610 -0.11594055
v 0.12359481 0.20260528 -0.11083208
v 0.18205494 0.21180785 0.03461714
v 0.17765610 0.21901800 0.02871500
v 0.19825181 0.20427929 0.02915794
v 0.19355267 0.21016744 0.02273551
v 0.19253439 0.20422226 0.03514141
v 0.13490166 0.28730139 -0.00308825
v 0.14151703 0.28474888 0.00770574
v 0.13603240 0.28611031 -0.01338188
v 0.14749464 0.27660370 -0.00219586
v 0.14666556 0.28184012 0.01936123
v 0.15157166 0.27307630 0.00821070
v 0.15007694 0.27912235 0.00694222
v 0.15154967 0.26738188 0.01058243
v 0.15452385 0.27075556 0.01972139
v 0.20622383 0.10011083 -0.01061966
v 0.20699984 0.10669263 0.01629536
v 0.19928220 0.10365466 0.00659550
v 0.19381328 0.10133907 -0.01035808
v 0.20866017 0.10444477 0.00773864
v 0.19255400 0.09901501 -0.05032906
v 0.20209569 0.09864649 -0.03171489
v 0.17872196 0.10071838 -0.04574893
v 0.18716823 0.09863507 -0.02802425
v 0.19855995 0.09973630 -0.02080496
v 0.18574917 0.10478672 -0.06782869
v 0.16754994 0.10933930 -0.07268976
v 0.17967963 0.11316639 -0.08180729
v 0.17475533 0.10378574 -0.06083314
v 0.18242218 0.10346112 -0.05721496
v 0.16238953 0.14706969 -0.10682394
v 0.15075357 0.15539260 -0.10981135
v 0.17885625 0.15093575 -0.10496956
v 0.17627417 0.14504834 -0.10464678
v 0.16027972 0.13088483 -0.09669290
v 0.15205351 0.13091680 -0.09318964
v 0.16127025 0.11705633 -0.08235325
v 0.15337795 0.12374209 -0.08708503
v 0.17003143 0.12219985 -0.09109282
v 0.16877009 0.11567339 -0.08269712
v 0.20694281 0.13561355 0.05486947
v 0.20414796 0.14231890 0.06495216
v 0.20229523 0.15174739 0.06413336
v 0.20606424 0.14208926 0.04716960
v 0.20790116 0.13559948 0.04766002
v 0.20894723 0.15891063 0.04700229
v 0.19899355 0.15973288 0.06091028
v 0.20766766 0.14996329 0.04791849
v 0.20393161 0.16816613 0.05079895
v 0.19845268 0.16832775 0.05872685
v 0.20335622 0.15184280 0.05313631
v 0.15602410 0.27261147 0.02877599
v 0.15592472 0.26541489 0.02912591
v 0.15322305 0.25718546 0.03062905
v 0.15563105 0.25756401 0.03832817
v 0.17298493 0.22530955 0.02138526
v 0.18349287 0.22241214 0.00962287
v 0.18879995 0.21670696 0.01647750
v 0.16864789 0.23212495 0.01395667
v 0.18360446 0.21764199 0.02284443
v 0.17308417 0.23233874 -0.00731877
v 0.17792118 0.22684662 0.00112210
v 0.16538323 0.23761064 0.00574653
v 0.15927915 0.24015953 -0.00422636
v 0.17363036 0.22922710 0.00780791
v 0.13019082 0.16195172 -0.09206367
v 0.13328999 0.15803829 -0.09030643
v 0.12678736 0.16698390 -0.09328088
v 0.12141060 0.17138265 -0.10027555
v 0.12671472 0.16202541 -0.09212214
v 0.12801754 0.17237721 -0.09401433
v 0.12978305 0.17813697 -0.09428976
v 0.12110387 0.18284547 -0.10117248
v 0.12088417 0.17715089 -0.10084818
v 0.12346926 0.17168127 -0.09626226
v 0.16254500 0.16972619 -0.11475047
v 0.17274423 0.16495888 -0.10967464
v 0.18099053 0.15452626 -0.10401488
v 0.16847096 0.15924290 -0.11089655
v 0.14855324 0.17464247 -0.11753628
v 0.13988742 0.16264245 -0.11099786
v 0.12742074 0.17469114 -0.11172809
v 0.13463810 0.17831270 -0.11638384
v 0.15310341 0.16240183 -0.11369389
v 0.15769099 0.16711448 -0.11513670
v 0.13736273 0.28618878 -0.02232652
v 0.14422709 0.27222344 -0.01031014
v 0.14290251 0.28061843 -0.01242342
v 0.15812720 0.23328713 -0.03527545
v 0.14656925 0.24147183 -0.03917698
v 0.16275732 0.23395762 -0.02624564
v 0.16721125 0.23456512 -0.01694999
v 0.15474944 0.24258065 -0.01450227
v 0.14948705 0.24665627 -0.02537765
v 0.14811085 0.24381779 -0.03194436
v 0.16402508 0.23810799 -0.01035627
v 0.15455672 0.23904708 -0.03111990
v 0.11472036 0.24952957 -0.08827262
v 0.11471651 0.25412089 -0.08059895
v 0.09927728 0.26205277 -0.09423165
v 0.09962794 0.26776910 -0.08687141
v 0.10857322 0.25821024 -0.08888073
v 0.10166700 0.27250022 -0.07830816
v 0.11006225 0.26342100 -0.08097355
v 0.10191286 0.26548341 -0.08436937
v 0.11646882 0.26387662 -0.06351942
v 0.11489433 0.25941038 -0.07263460
v 0.11409608 0.26188129 -0.07730921
v 0.11239132 0.26921636 -0.07290950
v 0.14276475 0.21582928 -0.07796568
v 0.14368191 0.22030115 -0.07257990
v 0.14485361 0.22472455 -0.06669575
v 0.13331550 0.23504536 -0.06565004
v 0.12966950 0.23276132 -0.07390265
v 0.13617793 0.22468154 -0.07683443
v 0.10034293 0.25623751 -0.10064308
v 0.10294603 0.25052500 -0.10638449
v 0.10179605 0.25367427 -0.09785911
v 0.11496541 0.24399492 -0.09364071
v 0.11195096 0.25149634 -0.09246709
v 0.10790542 0.25256115 -0.09545384
v 0.10836264 0.24715392 -0.10134409
v 0.13221744 0.18414941 -0.09396292
v 0.12191372 0.18858285 -0.10131040
v 0.12332154 0.19379002 -0.10133859
v 0.12551400 0.18335672 -0.09722821
v 0.13900760 0.27902216 0.03035448
v 0.13064216 0.27591980 0.04006550
v 0.15012403 0.27757117 0.02991515
v 0.15182836 0.27272666 0.04004887
v 0.12674510 0.25234973 0.06283484
v 0.11897013 0.26273268 0.04334528
v 0.12276809 0.26784921 0.04400348
v 0.13220394 0.26832530 0.04926675
v 0.14962144 0.25080284 0.06783599
v 0.13701950 0.25287706 0.06787582
v 0.15439218 0.26499510 0.04874347
v 0.14347282 0.26806986 0.04990797
v 0.13431664 0.26064223 0.05820275
v 0.15864383 0.23610391 0.06386451
v 0.15667638 0.24478675 0.06578619
v 0.15685509 0.25729713 0.04722104
v 0.15572190 0.24773034 0.04707005
v 0.15520301 0.25518656 0.05711877
v 0.15693966 0.21854806 0.06805103
v 0.15856825 0.22771297 0.06529459
v 0.15642107 0.23871903 0.04851111
v 0.15721072 0.23739238 0.05570466
v 0.15595825 0.20788305 0.07098249
v 0.16166162 0.19735372 0.07313046
v 0.15889125 0.21087211 0.05740213
v 0.16377871 0.20034982 0.06593767
v 0.15773299 0.21984319 0.06048068
v 0.12219316 0.24720044 0.06283081
v 0.11728064 0.24343714 0.06034845
v 0.11475626 0.25950670 0.04206547
v 0.10649744 0.25791270 0.04247838
v 0.10834661 0.24891683 0.05015214
v 0.12067588 0.25422335 0.05252827
v 0.13149285 0.14796883 -0.08872720
v 0.13027604 0.15308082 -0.08981902
v 0.13666165 0.15511385 -0.08825480
v 0.13272907 0.15351497 -0.08904570
v 0.13301209 0.14944556 -0.08768486
v 0.14133219 0.13890038 -0.08528832
v 0.13505661 0.14293000 -0.08652150
v 0.13364814 0.14609012 -0.08676664
v 0.13759443 0.14695349 -0.08533147
v 0.19269030 0.13084245 -0.07067852
v 0.20040658 0.12168588 -0.06747560
v 0.21212271 0.12926376 -0.06149410
v 0.21662965 0.14503790 -0.05665437
v 0.01312755 0.24064204 0.08446953
v 0.01449673 0.23267327 0.08887392
v 0.01579300 0.22378643 0.09292704
v 0.01721178 0.21428888 0.09762801
v 0.00588995 0.23090619 0.09311561
v 0.23191062 0.09250668 0.03900304
v 0.23835219 0.09982324 0.04194109
v 0.23403525 0.11080841 0.03726713
v 0.21859816 0.10577210 0.03131730
v 0.22360092 0.11267313 0.03429072
v 0.22513290 0.08692680 0.03507378
v 0.21889764 0.08190584 0.02994061
v 0.21005255 0.08772566 0.02233916
v 0.20793945 0.09747945 0.02095950
v 0.21394002 0.10043849 0.02631910
v 0.22291081 0.09591158 0.03254693
v 0.25478134 0.13281922 0.02827539
v 0.25760764 0.13630284 0.02056411
v 0.25444651 0.14601661 0.01095882
v 0.24696574 0.14118482 0.02988078
v 0.23892318 0.15507619 0.02518782
v 0.23802599 0.16484974 0.01646926
v 0.24863173 0.15510166 -0.00129752
v 0.23412170 0.17326498 0.00669773
v 0.22782823 0.18054102 -0.00325898
v 0.24047132 0.16506350 -0.01596065
v 0.24411765 0.15972739 0.00786989
v 0.04371322 -0.12723784 0.16995969
v 0.05953138 -0.12658340 0.16643135
v 0.04165643 -0.14417513 0.17203242
v 0.07148036 -0.15389667 0.17177999
v 0.05646828 -0.15551783 0.17597909
v 0.17861670 -0.05433663 -0.05583776
v 0.18390521 -0.04221289 -0.04777520
v 0.18537821 -0.02503151 -0.05353433
v 0.16920993 -0.02691925 -0.06860609
v 0.17794336 -0.00880006 -0.05481163
v 0.16722509 0.00939362 -0.07926988
v 0.16929705 -0.00961302 -0.07635348
v 0.17795104 -0.01758361 -0.06542628
v 0.08143416 0.03115388 -0.10542023
v 0.09794112 0.02784606 -0.10339317
v 0.08476898 -0.00435061 -0.11272904
v 0.11363861 0.02412380 -0.10345220
v 0.09997985 -0.00947837 -0.10767386
v 0.11151528 -0.01304004 -0.10080194
v 0.12495117 0.00184929 -0.09757773
v 0.12783895 0.01868815 -0.10247020
v 0.09869823 0.01079830 -0.10475127
v 0.17941329 -0.06187122 0.08514878
v 0.19266875 -0.05430464 0.05549636
v 0.18825786 -0.07017232 0.05912875
v 0.17919892 -0.09764560 0.06631760
v 0.17668150 -0.10032125 0.08104104
v 0.17653655 -0.09051148 0.09395920
v 0.17704929 -0.07634607 0.08930316
v 0.18367697 -0.08455818 0.06321363
v 0.18166658 -0.07428155 0.07376480
v 0.12658119 -0.05704663 0.13813719
v 0.13839082 -0.07129921 0.12981544
v 0.13553204 -0.08800492 0.13066648
v 0.13481601 -0.11769114 0.14201708
v 0.12134960 -0.11973453 0.14809556
v 0.13501561 -0.10298438 0.13577443
v 0.12151007 -0.08923387 0.13746367
v 0.16431035 -0.13342182 0.09876509
v 0.15709934 -0.13834605 0.11103965
v 0.16782779 -0.11961310 0.09801245
v 0.15349674 -0.12739222 0.12434363
v 0.15669504 -0.11195800 0.12346928
v 0.16581850 -0.10835765 0.11109339
v 0.14127435 -0.09092379 -0.06908149
v 0.13228297 -0.07138559 -0.08892734
v 0.12651300 -0.03882973 -0.09214491
v 0.13498250 -0.05588901 -0.09573162
v 0.13667823 -0.02457441 -0.08745587
v 0.14815982 -0.03133013 -0.07946449
v 0.14687330 -0.06052441 -0.08687013
v 0.17250174 -0.06477482 -0.05993576
v 0.15942231 -0.03866865 -0.07149836
v 0.16919312 -0.04678597 -0.06304417
v 0.15779299 -0.06559601 -0.07727002
v 0.15077603 -0.05198620 -0.07630390
v 0.17564234 -0.08974778 -0.05236753
v 0.15124950 -0.09639890 -0.05932968
v 0.16136673 -0.10146582 -0.05149891
v 0.17652819 -0.07510864 -0.05737383
v 0.15503004 -0.08120485 -0.07056612
v 0.16750360 -0.07059263 -0.06737863
v 0.07070214 -0.02008128 -0.12186985
v 0.07001980 -0.00253319 -0.11563814
v 0.04969026 0.03463047 -0.11307410
v 0.06536524 0.03342816 -0.10887758
v 0.06804467 0.01486860 -0.10824099
v 0.05468718 -0.00134282 -0.11782259
v 0.18998921 -0.00700343 0.02824296
v 0.18545088 -0.00938771 0.04320069
v 0.19167925 -0.03556041 0.03717725
v 0.18985847 -0.03319671 0.02333690
v 0.19118445 -0.00472101 0.01500966
v 0.18960288 -0.00088939 0.00155618
v 0.18593416 -0.02440974 -0.00441717
v 0.19001080 -0.02913870 0.00881531
v 0.18988565 -0.01830634 0.01863360
v 0.17675775 0.02746632 -0.05016298
v 0.17661504 -0.00240676 -0.04394654
v 0.18051663 0.01948626 -0.03771484
v 0.17248748 0.00713185 -0.05736331
v 0.17225187 0.03585550 -0.06207680
v 0.16818509 0.04492556 -0.07366613
v 0.16493793 0.02653695 -0.08055162
v 0.16965137 0.01681477 -0.06962340
v 0.17085637 0.02204895 -0.05945342
v 0.13577640 0.07872488 -0.11408011
v 0.14696111 0.07132970 -0.10550713
v 0.12444965 0.05254781 -0.10937633
v 0.12293487 0.06949618 -0.11537504
v 0.13966842 0.04670628 -0.10725893
v 0.16328461 0.05392573 -0.08517923
v 0.15666276 0.06272088 -0.09616946
v 0.15229084 0.04035201 -0.10250329
v 0.15829509 0.03441867 -0.09126601
v 0.16238728 0.04031395 -0.08229921
v 0.15089111 0.05668809 -0.10451807
v 0.11974331 -0.04355614 0.15154442
v 0.09841792 -0.04552919 0.17613637
v 0.11556326 -0.02786054 0.16479412
v 0.11607423 -0.05812737 0.14989558
v 0.08877587 -0.03028924 0.18339390
v 0.08294843 0.00245415 0.16999480
v 0.09919712 0.00579500 0.16955972
v 0.07757654 -0.01503243 0.17876229
v 0.10953016 -0.01042540 0.17360279
v 0.10298243 -0.02983655 0.17707852
v 0.18591100 -0.00975532 0.05818408
v 0.19080079 -0.03935087 0.05114774
v 0.18984947 -0.04186404 0.06591803
v 0.18908767 -0.02346720 0.04655511
v 0.02934384 -0.06591949 0.19169807
v 0.03389825 -0.05014127 0.18652576
v 0.02147115 -0.04020991 0.17975342
v 0.01254265 -0.06758003 0.19073327
v 0.00507587 -0.04402593 0.17835088
v 0.06994458 0.12033340 -0.12294712
v 0.05808316 0.09844095 -0.11873516
v 0.07366773 0.09671617 -0.11974350
v 0.08531175 0.12159161 -0.12714715
v 0.08915704 0.09385300 -0.12146394
v 0.12003902 0.09876271 -0.12438354
v 0.11870741 0.11190156 -0.12572545
v 0.10573421 0.09018864 -0.12244204
v 0.10203099 0.12179203 -0.12926835
v 0.08241525 0.10868481 -0.12414129
v 0.18619168 0.00479942 -0.01174695
v 0.18355885 -0.01824293 -0.01723471
v 0.18039578 -0.01094466 -0.03064929
v 0.18245524 0.01170651 -0.02425050
v 0.18524669 -0.00960941 -0.00767066
v 0.17747238 0.00499064 -0.03285557
v 0.02888934 0.17426501 0.11713228
v 0.03704601 0.14329894 0.14259693
v 0.02978137 0.13956092 0.14354607
v 0.02896281 0.15757383 0.13291974
v 0.04442175 0.14614385 0.14097737
v 0.05181673 0.14794265 0.13881761
v 0.03662828 0.16061221 0.13030535
v 0.03655692 0.15249039 0.13709593
v 0.05240931 0.17295597 0.11597827
v 0.04437700 0.17949049 0.10959817
v 0.03673541 0.17703035 0.11304229
v 0.03697975 0.16839057 0.12224317
v 0.04383653 0.16284020 0.12723286
v 0.06026732 0.16568968 0.12080441
v 0.05980413 0.14874519 0.13571665
v 0.06848542 0.14917593 0.13240346
v 0.05151173 0.15655211 0.13249847
v 0.05162010 0.16471367 0.12452485
v 0.08000039 0.16724831 0.11457460
v 0.06981811 0.16647983 0.11736163
v 0.07743396 0.15034905 0.13009666
v 0.06899440 0.15773803 0.12570591
v 0.09011151 0.16943955 0.11407562
v 0.09944167 0.17384133 0.11637226
v 0.08806179 0.16087285 0.12228812
v 0.14547093 0.17929675 0.11470542
v 0.13944036 0.18311931 0.12015583
v 0.12218525 0.18587825 0.12663865
v 0.13159914 0.18575789 0.12527499
v 0.13623302 0.17479837 0.12434690
v 0.15704082 0.15529162 0.09534144
v 0.15425469 0.16069198 0.10013485
v 0.15952286 0.14692652 0.09125818
v 0.15225503 0.16796942 0.10547502
v 0.14939606 0.17432190 0.11006311
v 0.14701758 0.16754213 0.11329393
v 0.15176032 0.15564077 0.10248329
v 0.16371593 0.13998841 0.08622926
v 0.16684376 0.13332379 0.08098870
v 0.15883459 0.13968322 0.09089512
v 0.16925943 0.12523921 0.07501560
v 0.16549493 0.12819508 0.08069817
v 0.17801678 0.09150483 0.04791304
v 0.17503987 0.09564572 0.05656821
v 0.17272693 0.11058801 0.06607043
v 0.17732958 0.11897033 0.06188652
v 0.17336595 0.12243423 0.06905480
v 0.18008937 0.10821093 0.05150839
v 0.17294893 0.11650971 0.06740841
v 0.17600229 0.10689732 0.05855402
v 0.16034724 0.11254374 0.08341326
v 0.17196915 0.09462906 0.06763854
v 0.16627736 0.10217321 0.07676619
v 0.17270558 0.09708074 0.06312757
v 0.16817728 0.11418663 0.07375632
v 0.17250429 0.10478967 0.06529720
v 0.15463975 0.12091342 0.09039621
v 0.15053526 0.12860179 0.09781629
v 0.15519081 0.13776833 0.09409790
v 0.15976815 0.13158429 0.08754987
v 0.16362585 0.12339267 0.08129154
v 0.16163574 0.11813311 0.08205742
v 0.14858536 0.13659613 0.10400794
v 0.15166786 0.14474992 0.09964191
v 0.14935482 0.15091850 0.10525763
v 0.15156655 0.13589683 0.09782639
v 0.03246533 0.08847895 0.16404180
v 0.02911456 0.10227903 0.15876228
v 0.03302520 0.07359470 0.17177787
v 0.02797750 0.05775810 0.17862882
v 0.02241975 0.08218266 0.16502801
v 0.01181562 0.24775821 0.08021044
v 0.01056165 0.25440931 0.07700669
v 0.00358959 0.24647212 0.08468895
v -0.00823756 0.34214276 -0.06514437
v -0.00921796 0.35927981 -0.04904095
v -0.00941242 0.36021522 -0.05395975
v -0.00885413 0.34861439 -0.05200877
v -0.00987703 0.34319720 -0.07456218
v -0.00854393 0.34334660 -0.07027198
v -0.01029806 0.36019629 -0.05863003
v -0.01254485 0.35884008 -0.06233837
v -0.00918283 0.35111329 -0.06254426
v -0.01245062 0.32593191 -0.09267974
v -0.01253407 0.33456290 -0.08556930
v -0.01258403 0.34202603 -0.07769547
v -0.01518956 0.35491088 -0.06491500
v -0.01259424 0.34942472 -0.07007930
v -0.01561938 0.33891445 -0.07955999
v 0.04756553 0.31263715 -0.03039251
v 0.04046579 0.32001382 -0.02570079
v 0.03071851 0.32345569 -0.03200147
v 0.02180989 0.32680196 -0.03798429
v 0.01352400 0.32980752 -0.04253210
v 0.02582687 0.32063413 -0.04323324
v 0.00568869 0.33221453 -0.04491676
v -0.00063345 0.33596975 -0.04546585
v -0.00528141 0.33641320 -0.04996911
v 0.01010054 0.32501516 -0.05056030
v -0.00696174 0.33336464 -0.06699891
v -0.00751215 0.33857670 -0.05467643
v -0.00813060 0.34037790 -0.05979761
v -0.00336232 0.32931367 -0.05657566
v 0.16797113 -0.00078877 0.10085674
v 0.18279456 0.00397185 0.07261989
v 0.17106473 0.01487932 0.10178754
v 0.17784278 0.01737282 0.08829893
v 0.18334043 -0.01256893 0.07439522
v 0.00848595 0.28911236 -0.09401017
v 0.00495045 0.29884222 -0.08945439
v 0.00547196 0.28924853 -0.10016174
v -0.00000716 0.30932406 -0.09117617
v -0.00197415 0.30954427 -0.09702747
v -0.00025571 0.29943269 -0.10189586
v 0.00384005 0.30680901 -0.07908219
v 0.00740287 0.30589417 -0.07423492
v -0.00179070 0.31780258 -0.08087449
v -0.00451462 0.32602918 -0.07453295
v -0.00291021 0.32411775 -0.06914131
v 0.01268598 0.30537808 -0.07072473
v 0.02002352 0.30537930 -0.06911471
v 0.00481967 0.32083359 -0.06042334
v 0.00018556 0.32264465 -0.06452383
v 0.00369992 0.31547078 -0.07108171
v 0.02875072 0.30454361 -0.06751986
v 0.03919782 0.30365875 -0.06526987
v 0.03129306 0.31423554 -0.04996835
v 0.01935317 0.31850350 -0.05309693
v 0.01165007 0.31937289 -0.05803803
v 0.01569670 0.31503683 -0.06479921
v 0.06583688 0.30022666 -0.04011900
v 0.05627447 0.30539185 -0.03631157
v 0.06464739 0.29760215 -0.05915153
v 0.05181931 0.30185720 -0.06229128
v 0.04457724 0.31046522 -0.04386646
v 0.03960466 0.31169298 -0.05619888
v 0.07429804 0.30186534 -0.03770211
v 0.07678464 0.29501736 -0.05719436
v 0.08590148 0.29186797 -0.05540315
v 0.09214942 0.29735798 -0.04697303
v 0.08682065 0.30301794 -0.03723315
v 0.06865967 0.30335370 -0.04996730
v 0.09717209 0.28116396 -0.06206935
v 0.10900173 0.28432137 -0.05166406
v 0.10130303 0.28354663 -0.05243006
v 0.10062964 0.27742228 -0.07067130
v 0.10529080 0.27691767 -0.06943190
v 0.11529142 0.28515589 -0.05141943
v 0.10822891 0.27618775 -0.06791880
v 0.11620811 0.27353743 -0.06442945
v 0.10964561 0.28108659 -0.06047475
v 0.13035408 0.28886279 -0.03245996
v 0.12221827 0.28797790 -0.04202780
v 0.13412651 0.28062755 -0.03041898
v 0.11966565 0.28279510 -0.05011132
v 0.12609807 0.26822862 -0.02629573
v 0.12233651 0.26963180 -0.03769784
v 0.13594413 0.27409959 -0.02691140
v 0.13226233 0.27625784 -0.03688504
v 0.11900584 0.26690125 -0.05470943
v 0.12006569 0.26879218 -0.04703031
v 0.11828554 0.27029908 -0.05984442
v 0.12119994 0.27651462 -0.05607985
v 0.12701666 0.27796385 -0.04698928
v 0.12711048 0.27344012 -0.04236250
v 0.19834740 0.20746905 -0.01431211
v 0.20502190 0.20326181 -0.00630252
v 0.21246201 0.19665201 -0.00865978
v 0.21971038 0.18934160 -0.01187435
v 0.22578338 0.18150488 -0.01618318
v 0.21055351 0.19534342 -0.01997697
v 0.22896878 0.17085452 -0.03211937
v 0.22969061 0.17565110 -0.02282328
v 0.21856540 0.18387818 -0.03021704
v 0.22126397 0.15729593 -0.05003422
v 0.22586665 0.16528742 -0.04155916
v 0.20924929 0.15219280 -0.06100495
v 0.21642879 0.17232126 -0.04697758
v 0.18626049 0.13878815 -0.07346188
v 0.19785896 0.14534408 -0.06855060
v 0.20161408 0.15858215 -0.06435870
v 0.17518111 0.13513817 -0.07674736
v 0.16461888 0.13448890 -0.07955132
v 0.18122651 0.14615303 -0.07594493
v 0.15521443 0.13459720 -0.08198428
v 0.14726032 0.13629250 -0.08358153
v 0.14624536 0.14051126 -0.08429316
v 0.16223159 0.14054140 -0.08139016
v 0.12800317 0.15412754 -0.09409750
v 0.12986659 0.15095159 -0.09138073
v 0.12747306 0.15747689 -0.09124255
v 0.12460457 0.16148354 -0.09412088
v 0.12919290 0.15312369 -0.09052157
v 0.13135739 0.16052932 -0.10528991
v 0.12750523 0.15725185 -0.09902762
v 0.12311207 0.17063546 -0.10527585
v 0.12261239 0.16616169 -0.09897667
v 0.13007829 0.16813955 -0.10961919
v 0.12447326 0.16047525 -0.09676948
v 0.17903337 0.16102624 -0.10401386
v 0.19305348 0.14581181 -0.08942735
v 0.18911198 0.14979421 -0.09639761
v 0.18260308 0.15736236 -0.09858565
v 0.18124986 0.15760705 -0.10357039
v 0.19431694 0.14252333 -0.08319927
v 0.19376497 0.14032899 -0.07786787
v 0.18423130 0.15417872 -0.09382664
v 0.18922508 0.14993443 -0.09097546
v 0.17597780 0.10838851 -0.07518671
v 0.18068546 0.11258954 -0.06902997
v 0.18298577 0.12025512 -0.07005541
v 0.17122746 0.13591491 -0.08573347
v 0.16605693 0.13161360 -0.09003860
v 0.18547864 0.12533250 -0.06840749
v 0.17768297 0.13813508 -0.08169496
v 0.17920636 0.12960872 -0.07724618
v 0.16880700 0.09611419 -0.08568610
v 0.17210861 0.10244353 -0.08063373
v 0.16001382 0.10560520 -0.09589635
v 0.15527099 0.12097450 -0.10053287
v 0.16083349 0.12638323 -0.09540036
v 0.16914442 0.11747606 -0.08545934
v 0.16408806 -0.17261386 -0.05645047
v 0.16415933 -0.20003983 -0.06367328
v 0.18178654 -0.17496347 -0.03365895
v 0.17367537 -0.17367595 -0.04518420
v 0.16807583 -0.18561594 -0.04948290
v 0.18085882 -0.21721435 -0.02419726
v 0.17434266 -0.20641285 -0.05234350
v 0.16958235 -0.19718146 -0.05207583
v 0.17509934 -0.19660917 -0.03981945
v 0.05974703 -0.13804738 -0.12605874
v 0.09801620 -0.14545181 -0.11422953
v 0.07949635 -0.14233330 -0.11983688
v 0.07530582 -0.12920642 -0.12091555
v 0.17806020 -0.19021532 0.05494775
v 0.17236185 -0.19327100 0.06603801
v 0.18415028 -0.20186347 0.05021086
v 0.17871502 -0.20482358 0.06161096
v 0.18233332 -0.18790376 0.04298498
v 0.18560964 -0.18502487 0.03051108
v 0.18787809 -0.20007434 0.03810373
v 0.19111364 -0.19824536 0.02549381
v 0.18279397 -0.19513889 0.04651193
v 0.18826503 -0.18232602 0.01742527
v 0.19030121 -0.17990685 0.00437304
v 0.19031605 -0.19823453 0.01239496
v 0.19026114 -0.19034147 0.02198108
v 0.19167532 -0.17938085 -0.00922888
v 0.18830119 -0.17864342 -0.02194909
v 0.18005261 -0.18618768 -0.02504978
v 0.18968770 -0.18916982 -0.00525879
v 0.16708343 -0.19774611 0.07682725
v 0.16019903 -0.20282905 0.08653151
v 0.17295548 -0.20844989 0.07201353
v 0.16656169 -0.21325509 0.08190713
v 0.17231752 -0.20125969 0.06896862
v 0.07944353 -0.26921436 0.14428703
v 0.06622183 -0.27631420 0.14688222
v 0.09177415 -0.26169056 0.14095327
v 0.10319179 -0.25443491 0.13733213
v 0.09079342 -0.27121821 0.13948761
v -0.00344369 -0.30132630 0.15188938
v 0.01153231 -0.29757717 0.15227672
v 0.02567628 -0.29335111 0.15205117
v 0.01210883 -0.30779049 0.14861810
v 0.15442845 -0.20935032 0.09648611
v 0.14791179 -0.21663404 0.10587875
v 0.16008064 -0.21898289 0.09164433
v 0.15979357 -0.21101499 0.08908917
v 0.03935470 -0.28837195 0.15095767
v 0.05312655 -0.28260237 0.14961983
v 0.06595335 -0.28540498 0.14453000
v 0.03996721 -0.29835966 0.14733316
v 0.11366725 -0.24720478 0.13245371
v 0.12380791 -0.23967037 0.12735993
v 0.11285268 -0.25627187 0.13165475
v 0.13410062 -0.23249733 0.12293970
v 0.14146465 -0.22418091 0.11514760
v 0.14807440 -0.22479624 0.10795948
v 0.13181543 -0.24039218 0.12134664
v 0.16751191 -0.16756219 -0.06557305
v 0.16327663 -0.15782164 -0.06980181
v 0.15374893 -0.15592682 -0.08123958
v 0.15541446 -0.17118838 -0.06884249
v 0.14282715 -0.15329874 -0.09221615
v 0.11987607 -0.16125904 -0.10877319
v 0.12073949 -0.16824985 -0.10274340
v 0.14745219 -0.16463278 -0.08974767
v 0.13998270 -0.14103638 -0.09120461
v 0.13632056 -0.12705055 -0.08771299
v 0.11611772 -0.14862551 -0.10790206
v 0.10972784 -0.13668397 -0.10510533
v 0.13149855 -0.15025149 -0.10228711
v 0.04579689 0.17232232 -0.11830217
v 0.03257917 0.17225915 -0.11890134
v 0.05829659 0.17264090 -0.11993832
v 0.07046974 0.17308727 -0.12387504
v 0.05148450 0.18288870 -0.11748286
v 0.08167408 0.17410448 -0.12646280
v 0.09015311 0.17690292 -0.12690020
v 0.07335082 0.18379031 -0.12406422
v 0.08592317 0.21253292 -0.12448879
v 0.11101738 0.18513717 -0.12019742
v 0.11997795 0.18568358 -0.11719257
v 0.09389009 0.20361675 -0.12452959
v 0.09923772 0.20524251 -0.12193859
v 0.09737626 0.18015520 -0.12598202
v 0.10452463 0.18284678 -0.12373357
v 0.08731103 0.18821414 -0.12625481
v 0.08789467 0.20161031 -0.12613121
v 0.10047910 0.19388007 -0.12375489
v 0.11655153 0.22401315 -0.12142882
v 0.13913162 0.20185202 -0.12340631
v 0.13851212 0.20507893 -0.12375478
v 0.12303726 0.21555041 -0.12280290
v 0.12627849 0.21769540 -0.12275544
v 0.13847284 0.19873723 -0.12223523
v 0.13762045 0.19626100 -0.12179378
v 0.11897468 0.21337920 -0.12261575
v 0.13038184 0.20708060 -0.12298836
v 0.13548243 0.20867252 -0.12307526
v 0.12700142 0.21868934 -0.12213702
v 0.13283463 0.21216540 -0.12327478
v 0.13528952 0.20798367 -0.12252796
v 0.13398230 0.20736569 -0.12046016
v 0.12936923 0.21035153 -0.11722281
v 0.13023043 0.21402954 -0.12166256
v 0.12606664 0.21094476 -0.11360809
v 0.12683247 0.21466847 -0.11532608
v 0.12326194 0.20317359 -0.10475665
v 0.12391877 0.20719612 -0.10974275
v 0.12394212 0.21147779 -0.10858279
v 0.12511382 0.23246434 -0.08211135
v 0.12057151 0.23413019 -0.08824369
v 0.12960583 0.22424936 -0.08640167
v 0.13013539 0.22824135 -0.07960848
v 0.11811509 0.23661828 -0.09416375
v 0.11564344 0.23861775 -0.09952299
v 0.12088309 0.22969911 -0.09467162
v 0.08889844 0.24624577 -0.11342885
v 0.09430606 0.24689037 -0.11341307
v 0.10439435 0.23054497 -0.11991464
v 0.11050382 0.23197463 -0.11986764
v 0.08321910 0.24512358 -0.11412510
v 0.07590617 0.24356097 -0.11454234
v 0.10023016 0.22964647 -0.12049363
v 0.09427153 0.23810837 -0.11735839
v 0.02317691 0.23149815 -0.12371320
v 0.01499792 0.23041615 -0.12622349
v 0.00627574 0.22909769 -0.12777360
v 0.01713115 0.22051686 -0.12453712
v 0.18186544 0.08414582 0.02709998
v 0.18043068 0.08733372 0.03803949
v 0.18039794 0.09792291 0.03972865
v 0.17880490 0.09691752 0.04856393
v 0.17887177 0.10223494 0.04983950
v 0.18432076 0.08207677 0.00291267
v 0.18284075 0.08242890 0.01513176
v 0.18570463 0.09239660 0.01547517
v 0.18297659 0.09480006 0.02807457
v 0.18218425 0.08934887 0.02737598
v 0.18696289 0.08373319 -0.00948354
v 0.18906532 0.08742025 -0.02106475
v 0.19072749 0.09378359 -0.01047892
v 0.18845780 0.09202000 0.00242860
v 0.18655697 0.08714538 0.00262726
v 0.19007294 0.09287243 -0.03097875
v 0.19526584 0.10024116 -0.03301506
v 0.19328724 0.09628627 -0.02243754
v 0.19008909 0.09957957 -0.03862073
v 0.19131480 0.09206253 -0.02170730
v 0.19350947 0.10556093 -0.04130665
v 0.19341063 0.11246702 -0.04848786
v 0.19043416 0.11422158 -0.05234404
v 0.19090530 0.10667919 -0.04572406
v 0.19334660 0.10243659 -0.04005741
v 0.19368966 0.11956587 -0.05470643
v 0.19317855 0.12671250 -0.06174245
v 0.18971926 0.12130377 -0.06000148
v 0.18781906 0.12801746 -0.06827822
v 0.19229905 0.11671012 -0.05338164
v 0.19189607 0.13381603 -0.06941963
v 0.17973496 0.14247945 -0.08417834
v 0.18437389 0.13525422 -0.07642960
v 0.19019681 0.13070452 -0.06883807
v 0.19271728 0.13838822 -0.07380320
v 0.19222902 0.13614477 -0.07119443
v 0.18934274 0.14519167 -0.08187316
v 0.18899387 0.14083870 -0.07779865
v 0.17524138 0.15019296 -0.09140508
v 0.18304969 0.14457402 -0.08529838
v 0.18495086 0.14730689 -0.08620327
v 0.17814724 0.15855545 -0.09812233
v 0.17254433 0.16320059 -0.10307061
v 0.18449675 0.15153614 -0.09013447
v 0.18486127 0.14937645 -0.08791717
v 0.17972401 0.15379485 -0.09395558
v 0.15742072 0.16522127 -0.10485432
v 0.16685542 0.15721907 -0.09831634
v 0.16574113 0.16896018 -0.10786865
v 0.17341247 0.15677375 -0.09785304
v 0.17366420 0.16098496 -0.10124344
v 0.14671397 0.17379905 -0.11030206
v 0.13321118 0.18102278 -0.11398810
v 0.15723100 0.17700967 -0.11389460
v 0.14764875 0.18596402 -0.11884645
v 0.12428100 0.18948129 -0.11717520
v 0.15601128 0.17265597 -0.11063915
v 0.13704793 0.19437408 -0.12243621
v 0.10444235 0.20728503 -0.12138070
v 0.11407875 0.19845723 -0.12008739
v 0.12627995 0.20301628 -0.12438913
v 0.13184464 0.19186676 -0.12035684
v 0.09615229 0.21653801 -0.12150557
v 0.10775432 0.22128612 -0.12306243
v 0.11622221 0.21202826 -0.12446938
v 0.09517236 0.22765259 -0.12145282
v 0.11104675 0.20962121 -0.12362247
v 0.05875698 0.23893091 -0.11607857
v 0.07231277 0.21964291 -0.12342642
v 0.07796919 0.22183537 -0.12301663
v 0.06991574 0.24263749 -0.11635655
v 0.06429961 0.24100772 -0.11691269
v 0.08305293 0.22379178 -0.12156873
v 0.08200426 0.23465542 -0.11846353
v 0.08853562 0.22563288 -0.12060560
v 0.07084815 0.23139909 -0.12050854
v 0.04722321 0.24658065 -0.11106471
v 0.03270741 0.25207913 -0.10635439
v 0.03753713 0.24364664 -0.11267002
v 0.05332966 0.23719859 -0.11644761
v 0.02697919 0.26996964 -0.09084590
v 0.02299984 0.26952806 -0.09353313
v 0.03682831 0.26281786 -0.09692598
v 0.04160494 0.25472665 -0.10418454
v 0.02771186 0.26071084 -0.09965151
v 0.03652096 0.25329903 -0.10426825
v 0.06627851 0.19399615 -0.12316442
v 0.07655160 0.19339579 -0.12529732
v 0.07417092 0.20770882 -0.12478948
v 0.08161164 0.19848228 -0.12574656
v 0.04273272 0.23409215 -0.11701693
v 0.06654558 0.21736506 -0.12337474
v 0.05970218 0.22731964 -0.12069933
v 0.04782675 0.23557203 -0.11647561
v 0.06067373 0.21494494 -0.12285572
v 0.02205811 0.35846233 -0.00873136
v 0.02254320 0.36708134 -0.00618125
v 0.01911163 0.37410420 -0.00858078
v 0.01716829 0.35467866 -0.01413417
v 0.01269012 0.35796541 -0.01600946
v 0.01158632 0.36615184 -0.01445360
v 0.00169824 0.37581071 -0.02424694
v 0.00538768 0.37324220 -0.02036038
v 0.01257373 0.38119569 -0.01395401
v 0.00086167 0.38650307 -0.02637450
v 0.00593009 0.38700482 -0.02090292
v -0.00035749 0.38103816 -0.02638543
v 0.00867871 0.37184340 -0.01638528
v 0.01234831 0.37366331 -0.01321175
v 0.14884979 0.16577315 -0.08505273
v 0.16779086 0.14846581 -0.08055545
v 0.15936425 0.14582863 -0.08255007
v 0.15850809 0.15863925 -0.08279847
v 0.14229405 0.14949721 -0.08485680
v 0.14389251 0.14528376 -0.08432872
v 0.15163264 0.14471586 -0.08385572
v 0.15189275 0.15531889 -0.08380184
v 0.15548882 0.15112802 -0.08268625
v 0.14425506 0.16145936 -0.08650523
v 0.14052302 0.15784432 -0.08736704
v 0.14111711 0.15347308 -0.08619731
v 0.14823395 0.15874782 -0.08491360
v 0.14620635 0.15340158 -0.08472659
v 0.18482326 0.15743554 -0.07400058
v 0.17641108 0.15237656 -0.07778872
v 0.17132476 0.15782879 -0.07825956
v 0.20660171 0.17852128 -0.05234738
v 0.20417571 0.17003904 -0.05934733
v 0.19355258 0.16390656 -0.06805228
v 0.18440261 0.16694605 -0.07134090
v 0.18354024 0.18138289 -0.06641820
v 0.16047040 0.16744447 -0.08152909
v 0.16591911 0.16317415 -0.08040540
v 0.17423360 0.16677627 -0.07646143
v 0.17186111 0.17947778 -0.07418341
v 0.17908205 0.17436518 -0.07194382
v 0.20803571 0.19007161 -0.03734126
v 0.20809346 0.18440917 -0.04409138
v 0.18643731 0.18788067 -0.06005251
v 0.19625089 0.18313231 -0.05587965
v 0.17072441 0.20013097 -0.06157221
v 0.17757645 0.19180441 -0.06321952
v 0.18823603 0.19351885 -0.05384742
v 0.20208818 0.20029847 -0.02739111
v 0.20576864 0.19490631 -0.03159234
v 0.19804451 0.19468030 -0.04297916
v 0.18867135 0.19836445 -0.04844119
v 0.17189896 0.20775649 -0.05262538
v 0.17150006 0.20440882 -0.05711480
v 0.17971590 0.20126918 -0.05276775
v 0.18782030 0.20212619 -0.04346886
v 0.17231335 0.21032336 -0.04838358
v 0.17920417 0.21298701 -0.03661887
v 0.17888382 0.20805970 -0.04471554
v 0.18529484 0.21245597 -0.02968781
v 0.19163145 0.21051636 -0.02224221
v 0.19744182 0.20519015 -0.02406596
v 0.19387569 0.20372824 -0.03389819
v 0.18609843 0.20622128 -0.03971156
v 0.18349937 0.20951767 -0.03712711
v 0.13985595 0.24022536 -0.04890737
v 0.13633360 0.23750411 -0.05760676
v 0.14717948 0.23751807 -0.04664080
v 0.14008290 0.23309416 -0.06158736
v 0.15292856 0.22260377 -0.05726732
v 0.15959677 0.22668637 -0.04151414
v 0.15318210 0.23288620 -0.04445228
v 0.14666584 0.22824888 -0.06016610
v 0.14803991 0.23235662 -0.05363168
v 0.16613302 0.21356292 -0.05131455
v 0.15969715 0.21788368 -0.05440893
v 0.17343089 0.21691200 -0.03794911
v 0.16565187 0.22249353 -0.03954425
v 0.17318511 0.21293128 -0.04368545
v 0.16008633 0.22165078 -0.04796617
v 0.12501213 0.19875090 -0.10094792
v 0.12931001 0.19461948 -0.09648102
v 0.12631950 0.20375325 -0.09993565
v 0.13919011 0.18436360 -0.08970845
v 0.13495439 0.19009195 -0.09307942
v 0.13726303 0.19569644 -0.09139586
v 0.14385690 0.17921332 -0.08685619
v 0.14754698 0.17315283 -0.08544171
v 0.15448716 0.17088284 -0.08304662
v 0.16451801 0.18333220 -0.07582308
v 0.16217962 0.17615819 -0.07938801
v 0.14771408 0.18568343 -0.08408577
v 0.16128527 0.19894926 -0.06991655
v 0.16715743 0.18957028 -0.07115826
v 0.16922808 0.19546613 -0.06654841
v 0.15044066 0.19204903 -0.08134989
v 0.15713590 0.18755972 -0.07780139
v 0.15410680 0.20263392 -0.07403691
v 0.14703229 0.20607693 -0.07778055
v 0.13907090 0.20111790 -0.08892902
v 0.14406656 0.19610497 -0.08440192
v 0.15259482 0.19759437 -0.07772242
v 0.14173214 0.21100989 -0.08221030
v 0.13465188 0.21529584 -0.08724532
v 0.12772702 0.20901138 -0.09865718
v 0.13247095 0.20501122 -0.09323613
v 0.14064777 0.20614690 -0.08580469
v 0.03512837 0.19248584 -0.11962562
v 0.02853063 0.21141607 -0.12018591
v 0.01898305 0.21052879 -0.12141363
v 0.04598714 0.19301403 -0.12008014
v 0.05599771 0.19347756 -0.12046130
v 0.03780182 0.21152370 -0.11923721
v 0.05735253 0.20282817 -0.12014811
v 0.03863995 0.20150846 -0.11777032
v 0.12128472 0.22526547 -0.12019246
v 0.12600967 0.21936628 -0.12082167
v 0.12510160 0.21994373 -0.11968716
v 0.12457080 0.22092128 -0.11786109
v 0.12142597 0.22515120 -0.11795525
v 0.12520687 0.21892209 -0.11567007
v 0.12486885 0.21787831 -0.11195105
v 0.12113892 0.22731993 -0.10658911
v 0.12264573 0.22398184 -0.11511908
v 0.12885286 0.21957012 -0.09223785
v 0.12421194 0.21599132 -0.10754170
v 0.12478925 0.21279012 -0.10265850
v 0.12457589 0.22404382 -0.09505088
v 0.12178822 0.22509605 -0.10093822
v 0.12849198 0.21430239 -0.09639966
v 0.12324654 0.22103880 -0.10675245
v 0.11043310 0.24160266 -0.10687302
v 0.11325668 0.24016722 -0.10344707
v 0.11748265 0.23369919 -0.10554454
v 0.11898541 0.22989774 -0.11392520
v 0.12005310 0.22884873 -0.11116304
v 0.10662176 0.24431734 -0.11110444
v 0.10768127 0.24258590 -0.10915450
v 0.11669119 0.23105323 -0.11700226
v 0.11760300 0.23052907 -0.11572848
v 0.11374100 0.23607548 -0.11181208
v 0.10418082 0.24590015 -0.11294047
v 0.10005627 0.24699067 -0.11369377
v 0.11382736 0.23207106 -0.11925964
v 0.10505008 0.23976760 -0.11735455
v 0.11599924 0.23180979 -0.11805314
v 0.11118745 0.23818229 -0.11497778
v 0.03097448 0.23208417 -0.12062752
v 0.03754501 0.23277983 -0.11833703
v 0.03454460 0.22156014 -0.12089192
v 0.05401101 0.21279177 -0.12056331
v 0.04838907 0.22345687 -0.11995799
v 0.04645414 0.21217768 -0.11915471
v 0.00949812 0.20973739 -0.12195757
v 0.01845711 0.20031512 -0.11924040
v 0.16152056 0.23206861 0.03979750
v 0.15981281 0.22274390 0.05010199
v 0.15715030 0.24033828 0.04258414
v 0.15948361 0.23081660 0.05047343
v 0.15815142 0.22134706 0.05445473
v 0.15086983 0.24469019 0.02269146
v 0.15706944 0.23925504 0.03203134
v 0.15113255 0.25554132 0.02354413
v 0.15385389 0.24820648 0.03274109
v 0.15742022 0.24004701 0.03562234
v 0.14517006 0.24895014 0.01329303
v 0.13970381 0.25406471 0.00405851
v 0.14664838 0.26629239 0.00465282
v 0.14920104 0.26105216 0.01373956
v 0.14797030 0.25161383 0.01657047
v 0.13635331 0.26002538 -0.00488874
v 0.13172713 0.26669621 -0.01509032
v 0.14374246 0.27149650 -0.00592611
v 0.13881020 0.27262864 -0.01681200
v 0.13202238 0.27241588 -0.02194624
v 0.14076355 0.26304114 -0.00099968
v -0.01421898 0.39476824 -0.04131784
v -0.01182668 0.39096478 -0.04071586
v -0.01443800 0.38954926 -0.04050295
v 0.01765862 0.13829195 -0.12334652
v 0.01478998 0.14945501 -0.12358323
v 0.01176200 0.16037741 -0.12117939
v 0.00262197 0.15135373 -0.12308916
v 0.03143683 0.05281530 -0.12176246
v 0.02950922 0.06937847 -0.12177100
v 0.02758202 0.08573544 -0.12178972
v 0.01482467 0.07325307 -0.12542966
v 0.08665882 -0.07236503 -0.10018884
v 0.10313198 -0.07677408 -0.09355146
v 0.07277603 -0.11057526 -0.11422750
v 0.09121047 -0.11519472 -0.11186450
v 0.07010086 -0.06826737 -0.10901587
v 0.05391171 -0.10510596 -0.11544994
v 0.07035457 -0.08742837 -0.10764690
v 0.07243738 -0.05809909 -0.12065832
v 0.07384083 -0.04117829 -0.12450017
v 0.05551517 -0.03750570 -0.12953494
v 0.05356794 -0.06438453 -0.11835758
v 0.04178229 -0.15090403 -0.12414648
v 0.02252533 -0.15708959 -0.11833453
v 0.04031623 -0.13430458 -0.12890194
v 0.03803458 -0.12110072 -0.12809746
v 0.03552857 -0.10059396 -0.11764171
v 0.02117337 -0.12816662 -0.13105136
v 0.03885184 -0.03471101 -0.13375875
v 0.03842114 -0.05415384 -0.13360099
v 0.03938711 -0.01682239 -0.12825795
v 0.03803752 0.00129866 -0.12174465
v 0.02319307 -0.03019138 -0.13144793
v 0.05333841 0.12515993 -0.12147965
v 0.03628797 0.12594903 -0.12195130
v 0.04174808 0.09959081 -0.11974675
v 0.05614547 0.11198311 -0.12018462
v 0.02561327 0.10062858 -0.12160855
v 0.02023634 0.17143685 -0.11884265
v 0.02820177 0.18244614 -0.11724260
v 0.02444338 0.19189365 -0.12087677
v 0.01383004 0.19105306 -0.11971166
v 0.00939575 0.17096846 -0.11768463
v 0.00063321 0.19878018 -0.11912555
v -0.00012418 0.21804744 -0.12577446
v 0.00120071 0.20836580 -0.12240849
v -0.00572643 0.20513310 -0.12164231
v -0.00305988 0.23701575 -0.12935609
v -0.00152279 0.22737792 -0.12835942
v -0.00832998 0.22412799 -0.12791994
v 0.10126718 0.16132723 0.13369164
v 0.10348577 0.14736474 0.14321187
v 0.08428418 0.14480093 0.13500591
v 0.08598720 0.15274175 0.12941608
v 0.09393421 0.15633127 0.13059150
v 0.09671319 0.14375831 0.14179470
v 0.09860700 0.15250129 0.13846897
v 0.08204645 0.13004167 0.14407301
v 0.08297116 0.13705593 0.13959379
v 0.09539302 0.13553596 0.14505145
v 0.09009027 0.13990615 0.13996772
v 0.13947213 0.16411988 0.12241677
v 0.13304487 0.16673371 0.12834813
v 0.13410093 0.14871898 0.12824394
v 0.12553260 0.16844378 0.13381937
v 0.11431050 0.15934120 0.14020681
v 0.12765265 0.15040870 0.13407683
v 0.13016200 0.15879399 0.13169676
v 0.11037933 0.14060853 0.14409448
v 0.11182699 0.15001649 0.14263861
v 0.12557431 0.14150552 0.13573088
v 0.12015070 0.15100007 0.13934626
v 0.14627548 0.13985750 0.11119940
v 0.14431110 0.16083066 0.11683169
v 0.14741951 0.15642776 0.11132951
v 0.14758459 0.14578086 0.10833789
v 0.14158142 0.15381250 0.12021154
v 0.14480525 0.13330166 0.11312401
v 0.14350292 0.12657182 0.11439662
v 0.13708156 0.13873379 0.12417256
v 0.13921952 0.14649898 0.12271613
v 0.14331400 0.14365259 0.11734013
v 0.10338808 0.11365028 0.14851657
v 0.10994244 0.11418164 0.14461945
v 0.10231327 0.12991717 0.14731716
v 0.09515171 0.12837410 0.14856803
v 0.12205721 0.11534762 0.13521411
v 0.11608510 0.11474352 0.13995501
v 0.10973015 0.13125695 0.14462733
v 0.11687534 0.13220112 0.14075173
v 0.10972969 0.12253366 0.14473924
v 0.09675267 0.11325184 0.15179077
v 0.09061846 0.11148502 0.15386952
v 0.08402622 0.11351094 0.15515409
v 0.08106005 0.11838917 0.15256920
v 0.08192456 0.12397458 0.14873578
v 0.08861145 0.12603985 0.14857076
v 0.09587733 0.12098485 0.15105489
v 0.14231230 0.12019894 0.11520135
v 0.13725232 0.11506692 0.11992790
v 0.14147018 0.11419265 0.11559481
v 0.13489158 0.13092470 0.12479509
v 0.13952923 0.12926698 0.11977349
v 0.12756050 0.11557804 0.12989819
v 0.13266392 0.11553763 0.12472192
v 0.12967850 0.13207383 0.13056894
v 0.12367024 0.13245888 0.13615112
v 0.12222793 0.12363843 0.13553658
v 0.13314950 0.12321037 0.12485603
v 0.00698454 0.29043356 0.06833824
v 0.00744805 0.28368285 0.07000431
v 0.00780576 0.27194515 0.07171769
v 0.00741707 0.27765214 0.07107951
v 0.00036188 0.28165609 0.07366014
v 0.02632657 0.11415239 0.15362622
v 0.02414641 0.12501325 0.14877963
v 0.01768499 0.10930069 0.15451120
v 0.01966529 0.18050385 0.11280401
v 0.02035083 0.17060764 0.12071137
v 0.02109068 0.16164519 0.12796186
v 0.02132826 0.15352248 0.13433944
v 0.01192028 0.16657400 0.12233975
v 0.01870685 0.20215325 0.10194719
v 0.01954079 0.19059804 0.10647807
v 0.00835621 0.21231098 0.10221832
v 0.01041846 0.18759342 0.11113310
v 0.00946576 0.26057374 0.07461905
v 0.00849202 0.26626435 0.07283614
v 0.00178609 0.25902477 0.07978347
v 0.00095203 0.27034301 0.07667564
v -0.00328972 0.23813085 0.09285408
v -0.00224895 0.22957551 0.09721434
v -0.00119776 0.22046225 0.10151522
v -0.00031510 0.21048981 0.10641570
v -0.01025160 0.22726163 0.10143745
v 0.02237353 0.13555701 0.14457472
v 0.02143409 0.14509366 0.14000261
v 0.01444572 0.13087203 0.14470725
v 0.01331555 0.14924335 0.13501363
v 0.01044434 0.09112930 0.16013768
v 0.01234482 0.07718423 0.16573285
v 0.01709131 0.04763393 0.18142609
v 0.01435690 0.06332383 0.17426993
v 0.00171613 0.07075657 0.16787854
v -0.00415156 0.24575968 0.08913895
v -0.00476861 0.25257462 0.08682916
v -0.01146092 0.24394658 0.09462936
v 0.01891107 0.01606793 0.18001339
v 0.00062553 0.00966073 0.18070039
v 0.01907194 0.03191879 0.18416443
v 0.00238570 0.04018590 0.18296778
v 0.19425863 -0.28747535 0.02307472
v 0.19175774 -0.26326331 0.03094406
v 0.19269978 -0.27408037 0.02865351
v 0.19266544 -0.26116151 0.00733706
v 0.19163601 -0.25771889 0.01936540
v 0.19411266 -0.27994320 0.01608582
v 0.19224904 -0.26228544 -0.00503823
v 0.19455421 -0.27970648 0.00547959
v 0.19425091 -0.27198219 0.00691798
v 0.19421236 -0.28763953 0.00151021
v 0.19377767 -0.28076324 -0.00574960
v 0.11352577 -0.19309890 -0.10768243
v 0.09981935 -0.20384526 -0.11586439
v 0.11914109 -0.22759242 -0.10402231
v 0.12347659 -0.21138118 -0.10895642
v 0.08175868 -0.22797062 -0.11902833
v 0.10242818 -0.22739719 -0.11241670
v 0.08418381 -0.20715527 -0.12452099
v 0.10533565 -0.20771182 -0.11769101
v 0.11077379 -0.21810649 -0.11266129
v 0.18213472 -0.21623090 -0.01070687
v 0.18427064 -0.21416438 0.00306103
v 0.18859904 -0.20518643 0.00514323
v 0.17998633 -0.19595128 -0.02662649
v 0.18211654 -0.20535155 -0.02663120
v 0.18658260 -0.19777980 -0.00089987
v 0.18304305 -0.19442494 -0.01423552
v 0.18535702 -0.23993534 -0.02047863
v 0.18331641 -0.22795552 -0.02221717
v 0.17471281 -0.21762480 -0.05051690
v 0.17844021 -0.21789157 -0.03766058
v 0.12813941 -0.24606435 -0.09736295
v 0.12522152 -0.25394511 -0.09870812
v 0.15051386 -0.25442117 -0.07825310
v 0.14685166 -0.26074940 -0.08099729
v 0.15726061 -0.26115081 -0.07016434
v 0.12141787 -0.26064712 -0.10019316
v 0.11859295 -0.26688507 -0.10119050
v 0.13494682 -0.26099506 -0.09109356
v 0.14013153 -0.26708248 -0.08543619
v 0.18981268 -0.27032149 -0.01878223
v 0.18839893 -0.27610770 -0.02217809
v 0.17304468 -0.25953883 -0.05190551
v 0.18749952 -0.25087598 -0.01900664
v 0.18948886 -0.26122582 -0.01840333
v 0.18170530 -0.23912725 -0.03431726
v 0.18431348 -0.25838619 -0.03319137
v 0.13115150 -0.23745620 -0.09595221
v 0.13308632 -0.22876626 -0.09480561
v 0.14179063 -0.24633941 -0.08717126
v 0.15390202 -0.24794042 -0.07602585
v 0.16567115 -0.25051537 -0.06338467
v 0.17613229 -0.25430486 -0.04859488
v 0.17660823 -0.24639615 -0.04766393
v 0.15595494 -0.24048924 -0.07424628
v 0.16868594 -0.21664269 -0.06270234
v 0.17673400 -0.22698703 -0.04977686
v 0.17600867 -0.23727873 -0.04813359
v 0.16748348 -0.23499517 -0.06124666
v 0.18217345 -0.27288887 -0.03236571
v 0.16806874 -0.26271707 -0.05679452
v 0.16077608 -0.26701272 -0.06378730
v 0.17844385 -0.26723266 -0.04123616
v 0.11627041 -0.27149871 -0.10169832
v 0.14161921 -0.27259216 -0.08343175
v 0.12914079 -0.27532381 -0.09343766
v 0.10165076 -0.27172163 -0.10921923
v 0.08599077 -0.27179191 -0.11619286
v 0.07009720 -0.27329236 -0.12192556
v 0.05205945 -0.28585497 -0.12738293
v 0.13651007 -0.21153167 -0.09777050
v 0.13693389 -0.22057053 -0.09835118
v 0.14512810 -0.23039627 -0.08427252
v 0.15694033 -0.23257041 -0.07330680
v 0.16012201 -0.22419643 -0.07526203
v 0.12314209 -0.18056455 -0.09833924
v 0.14811510 -0.18349105 -0.07585803
v 0.14522603 -0.16935942 -0.08158281
v 0.13309675 -0.16851734 -0.09232046
v 0.13012704 -0.19352163 -0.09831873
v 0.16114098 -0.20597239 -0.07157546
v 0.15412161 -0.19636279 -0.07432942
v 0.13782981 -0.20551819 -0.09340282
v 0.16038445 -0.21474178 -0.07462217
v 0.14919522 -0.21282487 -0.08616456
v 0.14350539 -0.19467880 -0.08657568
v 0.13131070 -0.10693036 -0.08212028
v 0.11875316 -0.08087038 -0.08862983
v 0.12944314 -0.08566479 -0.07744574
v 0.10696233 -0.11997256 -0.10306770
v 0.12221490 -0.12339641 -0.09623644
v 0.10481302 -0.09712949 -0.09988976
v 0.15816890 -0.27146855 0.09250133
v 0.15113690 -0.27022609 0.09853792
v 0.14479901 -0.26881421 0.10470940
v 0.18117316 -0.27440321 -0.03000109
v 0.17621830 -0.27425098 -0.04055786
v 0.16986005 -0.27111211 -0.05054979
v 0.15261039 -0.27321410 -0.07268746
v 0.16182709 -0.27394336 -0.06211634
v 0.08906930 -0.29265493 0.13699135
v 0.07837546 -0.30050451 0.13827100
v 0.07794780 -0.28666121 0.14067495
v 0.06645107 -0.29389083 0.14240415
v 0.10826777 -0.27644536 0.13133487
v 0.09871554 -0.28443623 0.13488080
v 0.08946143 -0.27899557 0.13832211
v 0.10084879 -0.27142972 0.13534534
v 0.08889309 -0.28623956 0.13744763
v 0.01230709 -0.32521015 0.13934764
v -0.00430219 -0.32709628 0.13875359
v -0.00317347 -0.31892818 0.14414702
v 0.04392028 -0.31694809 0.13924502
v 0.02895050 -0.32155356 0.13942713
v 0.01242042 -0.31560457 0.14449570
v 0.02743872 -0.31148136 0.14451203
v 0.01274713 -0.32127786 0.14123620
v 0.15948766 -0.22660762 0.09349667
v 0.15734114 -0.23352152 0.09398448
v 0.15047950 -0.24050488 0.10202261
v 0.15419441 -0.22561117 0.10104363
v 0.14703065 -0.23272961 0.10913224
v 0.06750810 -0.30730987 0.13869311
v 0.05650733 -0.31253123 0.13888453
v 0.04130182 -0.30641448 0.14414890
v 0.05414620 -0.30058232 0.14357977
v 0.06695380 -0.30121917 0.14026634
v 0.04244803 -0.31266052 0.14106070
v 0.12689321 -0.26101580 0.12163052
v 0.11799610 -0.26855138 0.12682113
v 0.11158082 -0.26391467 0.13144115
v 0.12126504 -0.25639153 0.12679102
v 0.10986048 -0.27054918 0.13104792
v 0.14277673 -0.24745342 0.10897417
v 0.13522370 -0.25425401 0.11584118
v 0.12997253 -0.24843928 0.12117135
v 0.13886158 -0.24074648 0.11527050
v 0.14520495 -0.24090132 0.10943694
v 0.12880987 -0.25554228 0.12209634
v 0.05557869 -0.25395459 -0.12561893
v 0.05653559 -0.24189818 -0.12464928
v 0.05848699 -0.22927730 -0.12400883
v 0.03149440 -0.20023723 -0.13324106
v 0.05888946 -0.20519044 -0.13164198
v 0.06733704 -0.21728747 -0.12503774
v 0.03526911 -0.23428750 -0.12727098
v -0.02108914 -0.32744020 0.13753586
v -0.03876282 -0.32565925 0.13525295
v -0.02017242 -0.32536075 0.13946499
v -0.00792249 0.28774402 0.07505822
v -0.00728496 0.28156632 0.07865100
v -0.00684705 0.27560371 0.08099101
v -0.00627429 0.26973826 0.08271430
v -0.01498013 0.28102708 0.08470444
v -0.00531580 0.25835422 0.08524321
v -0.00575474 0.26395261 0.08401111
v -0.01201037 0.25742146 0.09095049
v -0.01325288 0.26892835 0.08887838
v 0.03338357 0.03618082 -0.11948442
v 0.03605286 0.01935650 -0.11741083
v 0.01824417 0.04057015 -0.12392741
v 0.02194569 0.00592029 -0.12388688
v -0.02613067 0.38436854 -0.04404582
v -0.01209027 0.31626400 -0.09869813
v -0.01162104 0.30602390 -0.10366617
v -0.01623905 0.30080777 -0.10424163
v -0.01625287 0.32136115 -0.09392164
v 0.10067696 -0.15228921 0.15990824
v 0.07484122 -0.12476618 0.16160542
v 0.08598556 -0.15313867 0.16585416
v 0.10395839 -0.13669157 0.15675944
v 0.07225893 -0.14044870 0.16371933
v 0.08766046 -0.07846939 0.16957906
v 0.09415675 -0.06278880 0.17387199
v 0.11176962 -0.07572447 0.14761437
v 0.10806472 -0.08952221 0.14595816
v 0.10588096 -0.06060096 0.16197830
v 0.07844347 -0.10582536 0.16298449
v 0.08094019 -0.09069303 0.16271141
v 0.10622518 -0.12130959 0.15355207
v 0.10771850 -0.10508431 0.14975451
v 0.09099422 -0.12299554 0.15800616
v 0.09496359 -0.08971235 0.15476535
v 0.16595227 -0.01757699 0.10217045
v 0.16510296 -0.03296709 0.10383731
v 0.17273830 -0.04724550 0.09444920
v 0.18344736 -0.04429973 0.08153751
v 0.18470803 -0.02862968 0.07801872
v 0.17654924 -0.01485276 0.08889103
v -0.00627607 0.25551075 -0.12403858
v -0.00475848 0.24656051 -0.12778699
v -0.01385508 0.26093373 -0.12193958
v -0.01125483 0.24283873 -0.12903368
v 0.11420523 0.18378854 0.12464537
v 0.10738137 0.17945151 0.12062390
v 0.10434578 0.17045462 0.12748566
v 0.11969350 0.17709243 0.13175975
v 0.10887500 0.16562681 0.13605756
v 0.11718285 0.16823381 0.13647488
v 0.05418379 -0.26459605 -0.12647662
v 0.05303375 -0.27462494 -0.12703063
v 0.03566644 -0.27920130 -0.12921070
v 0.03568260 -0.25915843 -0.12841441
v 0.00146005 0.18495376 0.11463602
v 0.00059731 0.19764064 0.11108784
v -0.00832020 0.20661253 0.11022723
v 0.00223702 0.17384422 0.11846086
v 0.00342304 0.16341598 0.12338074
v -0.00632955 0.18098767 0.11714517
v 0.00453213 0.15390457 0.12924738
v 0.00526218 0.14532138 0.13536027
v -0.00447292 0.15933383 0.12466137
v 0.00628654 0.12663950 0.14471559
v 0.00565755 0.13624874 0.14023863
v -0.00238142 0.14050919 0.13607386
v -0.02317939 -0.22889288 0.17276262
v -0.02549476 -0.23773755 0.17291704
v -0.02664091 -0.21673512 0.17681526
v -0.03363043 -0.23947489 0.17350829
v -0.02954069 -0.20300157 0.18210559
v -0.03500928 -0.21140623 0.17882985
v 0.03590225 -0.07978750 -0.11989173
v 0.03682765 -0.06226754 -0.12655120
v 0.01807200 -0.09395797 -0.12187918
v 0.02132309 -0.06284431 -0.13242453
v -0.01813176 -0.29378557 0.15469168
v -0.03273872 -0.28502399 0.15708162
v -0.01839445 -0.30445248 0.15053590
v -0.01972874 -0.15893035 0.18743445
v -0.01753841 -0.17841887 0.18814656
v -0.02522010 -0.19046108 0.18552278
v -0.03549097 -0.19111994 0.18478073
v 0.02058150 0.12645391 -0.12283322
v 0.00686851 0.12845686 -0.12363653
v 0.01108886 0.10330970 -0.12331424
v 0.02340275 0.11401218 -0.12201045
v 0.00876555 0.10469258 0.15507938
v 0.00731550 0.11602844 0.14969018
v -0.00004703 0.09875459 0.15639699
v -0.00163100 0.12137839 0.14546356
v -0.01783477 -0.31415442 0.14673182
v -0.01884712 -0.32102984 0.14267527
v -0.03442697 -0.32185900 0.13967651
v -0.03200728 -0.30723113 0.14773564
v 0.00449264 0.19046465 -0.11934155
v -0.00081297 0.17245267 -0.11677927
v 0.00710844 0.18113121 -0.11560821
v -0.00388394 0.19174038 -0.11920390
v -0.03173849 -0.11819109 0.18080308
v -0.01788741 -0.12416863 0.17798446
v -0.01888353 -0.14083342 0.18407756
v -0.02965657 -0.15362200 0.17781170
v -0.03806499 -0.31163731 0.14193006
v -0.01871374 -0.07814699 0.18356846
v -0.00371048 -0.07009304 0.18779404
v -0.01167587 -0.04928302 0.17728391
v 0.00103656 -0.05894991 0.18154228
v -0.06324448 0.28870678 0.05786039
v -0.06600269 0.30136368 0.04633966
v -0.06636538 0.28978339 0.05264334
v -0.06649490 0.29544872 0.04957023
v -0.06713222 0.30353799 0.04147570
v -0.07730806 0.25490838 0.06128184
v -0.08109007 0.24738824 0.06791326
v -0.09356500 0.25173271 0.06509131
v -0.06975284 0.24552786 0.07298340
v -0.08298633 0.23930715 0.07466041
v -0.09617281 0.23520590 0.08045252
v -0.08317832 0.23235992 0.08191678
v -0.07126167 0.23245050 0.08735703
v -0.08270449 0.22548950 0.08884178
v -0.07775082 0.17417118 0.13245702
v -0.07961090 0.18480274 0.12745476
v -0.06898966 0.18437152 0.12888668
v -0.09163772 0.18563220 0.12597038
v -0.08060705 0.19489625 0.11904964
v -0.10576714 0.08210582 0.15383799
v -0.09517358 0.07560675 0.15926453
v -0.10076586 0.09018840 0.15602812
v -0.09884052 0.08280843 0.15712442
v -0.09133835 0.08273792 0.15978000
v -0.16013740 0.20043066 0.09144744
v -0.16628717 0.19205219 0.08978887
v -0.16515033 0.20297797 0.08250692
v -0.16645671 0.18148991 0.09671297
v -0.17181832 0.18260063 0.09139474
v -0.09139562 0.27089149 0.04502434
v -0.08893123 0.29636556 0.02297295
v -0.07032049 0.29886082 0.03719442
v -0.07972634 0.30078089 0.02210360
v -0.08301584 0.29235601 0.03256664
v -0.07489001 0.30791461 0.01251656
v -0.07200136 0.30759645 0.02083866
v -0.15364726 0.09380013 0.10077595
v -0.15021946 0.09852688 0.10653716
v -0.14888416 0.09339242 0.10800043
v -0.15165454 0.10412325 0.10505805
v -0.14701861 0.10432840 0.11113397
v -0.16417044 -0.02258255 0.10267296
v -0.16070615 -0.03908292 0.11434931
v -0.15822910 -0.01178964 0.11910749
v -0.15902363 -0.02487199 0.11662586
v -0.15159732 -0.02702784 0.12977016
v -0.18853705 0.01647279 0.01037024
v -0.18949088 0.00710161 0.01004857
v -0.19073343 0.00724117 -0.00515151
v -0.19235301 0.00421585 0.02312681
v -0.19040805 -0.00271954 0.00855100
v -0.10033966 0.17820168 0.13286181
v -0.10223089 0.18619102 0.12518014
v -0.11922764 0.18054689 0.13366041
v -0.10313628 0.19495334 0.11501724
v -0.12170772 0.18862958 0.12700881
v -0.11197591 0.18683457 0.12513463
v -0.13158420 0.18982333 0.12834087
v -0.12327415 0.19764997 0.11829625
v -0.25529048 0.08949526 0.04838191
v -0.25539669 0.09335364 0.04817044
v -0.24580353 0.08940122 0.04584913
v -0.26478696 0.09776915 0.04927287
v -0.25397697 0.09685107 0.04757425
v -0.20236892 -0.10797770 -0.00161259
v -0.20080446 -0.11488830 0.00064009
v -0.20096302 -0.10967923 -0.01276041
v -0.19725265 -0.11824377 0.01355938
v -0.19894394 -0.12147380 0.00007457
v -0.20036000 0.22744989 0.04498515
v -0.18909456 0.23767556 0.03360561
v -0.20531759 0.22887346 0.03868807
v -0.19712870 0.23343572 0.03685704
v -0.19392641 0.23887151 0.02840536
v -0.16116953 0.14941318 0.10416961
v -0.16110727 0.17937422 0.09984025
v -0.16519226 0.17245133 0.10058191
v -0.15925279 0.16590922 0.10428394
v -0.16911997 0.16500641 0.10026126
v -0.16504286 0.15040167 0.10219920
v -0.16201746 0.15741602 0.10411700
v -0.16323516 0.16482857 0.10337739
v -0.18546589 0.04723784 0.00928324
v -0.18586834 0.05349188 0.00884185
v -0.18339966 0.05645872 0.02061056
v -0.18542244 0.05039957 -0.00093233
v -0.18607470 0.05649704 0.01025296
v -0.18358210 0.02658162 0.02459422
v -0.18558107 0.02382169 0.01020974
v -0.17988668 0.04313339 0.02185512
v -0.18679763 0.02370110 -0.00443427
v -0.18654719 0.03884145 -0.00350577
v -0.18292545 0.04076168 0.00896473
v -0.18399996 0.03252074 0.00949785
v -0.15207990 0.16223735 0.11045713
v -0.13774665 0.17968115 0.13112248
v -0.14100067 0.18877493 0.12674004
v -0.14541535 0.17213178 0.12070563
v -0.14331239 0.19787772 0.11951938
v -0.14955528 0.18094885 0.11759014
v -0.14681984 0.18509069 0.12175675
v -0.15723799 0.18696290 0.10244811
v -0.15476322 0.16982645 0.10758007
v -0.15734830 0.17583458 0.10415874
v -0.15138879 0.17578089 0.11327201
v -0.15311837 0.19038679 0.11266896
v -0.10523371 0.06698869 0.15719958
v -0.09668547 0.06793515 0.16069816
v -0.08810468 0.06996643 0.16336004
v -0.09838666 0.05945282 0.16358984
v -0.19616011 -0.13047969 0.02671982
v -0.18947251 -0.14491509 0.05446072
v -0.19098921 -0.12969856 0.05507249
v -0.18501610 -0.13627765 0.06770973
v -0.19588181 -0.11642469 0.02663752
v -0.19662237 -0.12051620 0.02693287
v -0.19568790 -0.12382786 0.04133196
v -0.19037411 -0.12153281 0.05571408
v -0.14421155 -0.00136767 0.14818299
v -0.11298322 0.04858803 0.16207729
v -0.12615511 0.02523681 0.16259821
v -0.13602610 0.02537059 0.15367334
v -0.12937717 0.03729397 0.15587130
v -0.15905231 0.00215253 0.12251334
v -0.15266776 0.00008893 0.13588247
v -0.14434679 0.01288153 0.14775917
v -0.14393151 0.02582892 0.14271133
v -0.17950480 -0.15646346 0.07980099
v -0.16268057 -0.16601506 0.10099268
v -0.16469513 -0.15114841 0.10400975
v -0.15504782 -0.15560372 0.11348890
v -0.18068939 -0.14176761 0.08120264
v -0.18201771 -0.12732282 0.08249024
v -0.17464902 -0.14704907 0.09368810
v -0.16893587 -0.13490723 0.10789612
v -0.09485559 0.21794955 0.09310463
v -0.08178559 0.21720801 0.09548481
v -0.09333842 0.20212081 0.10854954
v -0.10472573 0.20274833 0.10729253
v -0.07016634 0.21905538 0.10117029
v -0.07019684 0.20533851 0.11753954
v -0.08123514 0.20319475 0.11188293
v -0.08130366 0.20990555 0.10330443
v -0.12849426 0.08121005 0.13284808
v -0.11254276 0.08174603 0.14985424
v -0.11006421 0.07422962 0.15246812
v -0.11340623 0.06638646 0.15269929
v -0.12332690 0.07407731 0.14169097
v -0.11420011 0.08932155 0.14855717
v -0.12385248 0.08846918 0.13785258
v -0.12382858 0.08128741 0.13880447
v -0.11881313 0.08158825 0.14479631
v -0.17609997 0.16419189 0.09557062
v -0.17164734 0.15617767 0.09626175
v -0.17466186 0.14199440 0.08684530
v -0.17992090 0.18472095 0.08577667
v -0.17938651 0.17360513 0.09271456
v -0.18154879 0.16053547 0.09281046
v -0.17888615 0.13589635 0.07993989
v -0.17918430 0.14749898 0.08674768
v -0.18506742 0.15482353 0.08847360
v -0.19488040 -0.12790054 -0.01245657
v -0.19564964 -0.13192686 0.00122317
v -0.19528353 -0.13689944 0.01397893
v -0.19387457 -0.14381477 0.02708630
v -0.19265948 -0.14407048 0.00273474
v -0.16935952 -0.17529108 0.09040570
v -0.16659325 -0.17989902 0.10208889
v -0.15732712 -0.18632171 0.11188858
v -0.16726658 -0.19356628 0.10144044
v -0.21192273 0.07687050 -0.03854916
v -0.21854980 0.07520641 -0.00975532
v -0.21399035 0.07631891 -0.02873380
v -0.21901873 0.07594161 -0.01888694
v -0.22142097 0.07656956 0.00402554
v -0.06221712 0.09672088 0.16429834
v -0.08265492 0.08080108 0.16290349
v -0.08562937 0.08746098 0.16102672
v -0.06678192 0.08768599 0.16645518
v -0.07167161 0.09301336 0.16346902
v -0.07997563 0.07361275 0.16531959
v -0.07791340 0.06515425 0.16878538
v -0.06193897 0.08120216 0.16982536
v -0.07273987 0.07956424 0.16663884
v -0.13712226 0.04873939 0.13893791
v -0.13338536 0.06493649 0.13250847
v -0.14337392 0.03856891 0.13609648
v -0.15020852 0.02689588 0.13119003
v -0.14180742 0.04990903 0.12996984
v -0.11723913 0.05785481 0.15400076
v -0.12278302 0.04814265 0.15548904
v -0.13063191 0.04823856 0.14767258
v -0.12747340 0.06635842 0.13992591
v -0.12081883 0.06632242 0.14688917
v -0.13165992 0.05796307 0.13960487
v -0.05075996 0.08485483 0.17020002
v -0.05702429 0.07290740 0.17367136
v -0.07658371 0.05482432 0.17306431
v -0.06576278 0.06147373 0.17426187
v -0.05210951 0.05974038 0.17873280
v -0.06041522 0.20632255 0.12249367
v -0.06093724 0.21539837 0.11690128
v -0.06072932 0.18424927 0.12951246
v -0.05993459 0.19495514 0.12517835
v -0.05115170 0.20560013 0.12406479
v -0.06101935 0.22836140 0.10155632
v -0.06109051 0.22232664 0.10861573
v -0.05201276 0.22428456 0.11585486
v -0.04166911 0.22318594 0.11873688
v -0.04241221 0.23164220 0.11405843
v -0.04367578 0.23876557 0.10876985
v -0.03465315 0.23728745 0.11096236
v -0.06105406 0.24025778 0.08769633
v -0.06129621 0.23474520 0.09500962
v -0.05293642 0.23746607 0.10263765
v -0.04458174 0.24537475 0.10335283
v -0.03732467 0.25172710 0.10301337
v -0.04480788 0.25120470 0.09783974
v -0.05918694 0.25272933 0.07523093
v -0.06029023 0.24616295 0.08072694
v -0.05225302 0.24869935 0.08976057
v -0.04520351 0.25665167 0.09278270
v -0.05554752 0.27929056 0.06895061
v -0.05580569 0.28433126 0.06643315
v -0.06002847 0.28766358 0.06116943
v -0.04873206 0.28177851 0.07274528
v -0.16783381 0.14371583 0.09787193
v -0.16898553 0.14948347 0.09720580
v -0.17226990 0.13730252 0.08659969
v -0.17296039 0.14718072 0.09205063
v -0.16637760 0.13858724 0.09811318
v -0.16976641 0.13678406 0.09237379
v -0.18239249 -0.16256730 0.06664405
v -0.17502375 -0.16903630 0.07849792
v -0.17402388 -0.18289641 0.07855363
v -0.09420577 0.25138909 -0.09921885
v -0.10147813 0.25248480 -0.09887318
v -0.10396808 0.24262656 -0.10392612
v -0.09979026 0.26124951 -0.09347540
v -0.10864698 0.25345245 -0.10014243
v -0.09230681 0.30022341 0.01098257
v -0.09823839 0.29162589 0.02121898
v -0.10474496 0.28018969 0.03056440
v -0.10691870 0.28754291 0.01825004
v -0.17154793 0.16056286 -0.09987263
v -0.17835397 0.14310984 -0.09635285
v -0.17086281 0.15668386 -0.09855966
v -0.17571887 0.14978549 -0.09746335
v -0.17977281 0.13935360 -0.09378321
v -0.16691414 0.11436146 -0.08370258
v -0.15852779 0.12158748 -0.08382533
v -0.16757172 0.12234133 -0.08850665
v -0.16138873 0.12252217 -0.08628687
v -0.15724280 0.13071065 -0.08753444
v -0.19749646 -0.10598507 -0.02550254
v -0.20122278 -0.11557877 -0.02679383
v -0.19401774 -0.10398638 -0.02579095
v -0.18771313 -0.10455881 -0.03672122
v -0.16609667 0.03591572 -0.06473595
v -0.16677988 0.04238241 -0.06040392
v -0.17266268 0.03514526 -0.05075871
v -0.16214228 0.05171458 -0.06855412
v -0.17082217 0.04771892 -0.05619195
v -0.02054930 0.26308173 -0.11931936
v -0.01990946 0.25383040 -0.12387518
v -0.01761521 0.23523131 -0.12832725
v -0.01907877 0.24474549 -0.12730281
v -0.02680782 0.24456012 -0.12453311
v -0.03501186 0.24410474 -0.12112574
v -0.03484236 0.23470294 -0.12379525
v -0.03456061 0.25348592 -0.11695078
v -0.04276149 0.24331072 -0.11659424
v -0.05916162 0.28440374 -0.08279027
v -0.05313072 0.28345340 -0.08520215
v -0.05037213 0.29237166 -0.07872668
v -0.05570167 0.27395749 -0.09103300
v -0.04756227 0.28278303 -0.08837925
v -0.08505988 0.26007104 -0.09563430
v -0.08713178 0.25057361 -0.10145096
v -0.06935146 0.26739696 -0.09374101
v -0.08977859 0.24060440 -0.10751700
v -0.08029132 0.24919470 -0.10330549
v -0.19023548 0.05528503 -0.01195075
v -0.18410049 0.04438175 -0.01226489
v -0.18603547 0.05114543 -0.01203166
v -0.17948185 0.04427069 -0.03450972
v -0.18758568 0.05236983 -0.02222794
v -0.19246036 0.06603551 -0.01079636
v -0.19356550 0.06741458 -0.01187130
v -0.19487502 0.06885305 -0.00032167
v -0.19317295 0.06856623 -0.02224925
v -0.19506584 0.06932331 -0.01260760
v -0.06211834 0.32216793 0.01267342
v -0.05738708 0.33505869 0.00815470
v -0.06359477 0.32033339 0.00517017
v -0.05943600 0.32767832 0.00665978
v -0.05736504 0.33380434 0.00124834
v -0.03599688 0.36232263 -0.02444796
v -0.03911294 0.35937962 -0.02218958
v -0.03644919 0.35475898 -0.02679479
v -0.04153458 0.36315608 -0.01909614
v -0.04277793 0.35841402 -0.01901575
v -0.00841903 0.14705792 -0.12272719
v -0.00970683 0.15800148 -0.12122745
v -0.03523253 0.15309560 -0.12086355
v -0.00721278 0.13565817 -0.12318916
v -0.00563004 0.12385240 -0.12378757
v -0.03579311 0.14127944 -0.12271901
v -0.02151911 0.14450204 -0.12265591
v -0.05028339 0.13710067 -0.12468451
v -0.03623151 0.12858468 -0.12459162
v -0.19708203 0.08718678 -0.05750867
v -0.19431852 0.10030124 -0.07055341
v -0.19401266 0.08953284 -0.05966319
v -0.19445291 0.09348095 -0.06459448
v -0.19204535 0.10137399 -0.07138144
v -0.19321930 0.08557153 -0.05582444
v -0.19164075 0.09221946 -0.06323506
v -0.19011334 0.08555932 -0.05771008
v -0.19109404 0.07119819 -0.03089442
v -0.19219179 0.07198006 -0.03239690
v -0.18958448 0.07860486 -0.04730526
v -0.19437155 0.07374151 -0.03558175
v -0.19499159 0.08048658 -0.04800617
v -0.19223109 0.08245608 -0.05254636
v -0.19112845 0.08074079 -0.04964679
v -0.19218352 0.07639311 -0.04147964
v -0.17116521 0.06090415 -0.05925637
v -0.17800863 0.04844062 -0.04371020
v -0.17386509 0.05317280 -0.05201026
v -0.18496533 0.05509156 -0.03123225
v -0.18422882 0.04949627 -0.03297381
v -0.17860417 0.05930278 -0.04947677
v -0.18796141 0.06036637 -0.03089487
v -0.18104292 0.06510831 -0.04691982
v -0.18380766 0.06011271 -0.03955532
v -0.17806946 0.07010379 -0.05451648
v -0.18402438 0.06944746 -0.04565194
v 0.00332225 0.05061901 -0.12628332
v 0.00457352 0.03433870 -0.12289926
v -0.02969645 0.04192038 -0.12120442
v -0.03063359 0.05835463 -0.12465563
v -0.04615967 0.05297371 -0.12143941
v 0.00182696 0.06685430 -0.12733534
v -0.00015014 0.08273020 -0.12615645
v -0.01399971 0.06290852 -0.12674098
v -0.03157679 0.07390864 -0.12717521
v -0.21265088 0.11615118 0.05200561
v -0.21460158 0.11280038 0.04327700
v -0.21358697 0.11799087 0.05264390
v -0.21503177 0.10433556 0.03273465
v -0.21533756 0.10595147 0.03737321
v -0.15775385 0.15144143 -0.07975161
v -0.15980922 0.15676537 -0.07960127
v -0.16252139 0.15239646 -0.07860796
v -0.15749010 0.16075987 -0.08181614
v -0.16314265 0.16322349 -0.07915190
v -0.21134761 0.09557629 0.01859613
v -0.20383345 0.08502094 -0.00024570
v -0.19892895 0.08405504 -0.00274672
v -0.20765397 0.08629377 0.01118960
v -0.19331311 0.08294059 -0.01690287
v -0.19752832 0.08164227 -0.00633177
v -0.10201390 0.29671323 -0.00494223
v -0.10943239 0.29301780 0.00633759
v -0.11621811 0.28595641 0.01703932
v -0.11084967 0.29342264 -0.00661535
v -0.08590046 0.30431691 0.00079941
v -0.09417534 0.30056804 -0.00254123
v -0.09534057 0.30011046 -0.01562749
v -0.17445025 0.08874634 -0.05532188
v -0.16656367 0.09206043 -0.05983634
v -0.16322756 0.10597154 -0.07583228
v -0.17113630 0.09404452 -0.06337021
v -0.16775161 0.09188355 -0.06139828
v -0.16360317 0.09807666 -0.06724896
v -0.27471414 0.09768607 0.04892513
v -0.27290866 0.10289186 0.04944453
v -0.26915738 0.10889141 0.04979625
v -0.27876318 0.11068224 0.04763883
v -0.17348267 0.07637959 -0.04246840
v -0.16979799 0.08557391 -0.05210974
v -0.16606042 0.09106411 -0.05769346
v -0.17275989 0.07991558 -0.04262261
v -0.17020611 0.08259127 -0.04896749
v -0.18294701 0.07796829 -0.02553805
v -0.17438576 0.08119358 -0.04435175
v -0.17639448 0.07788724 -0.03438279
v -0.17353627 0.08067195 -0.04392030
v -0.15744662 0.03550612 -0.07770123
v -0.16780911 0.02993425 -0.07013654
v -0.17421509 0.02388462 -0.05833704
v -0.16379780 0.02202372 -0.06881398
v -0.17902444 -0.11230607 -0.04682497
v -0.17817833 -0.10360494 -0.04794692
v -0.15785632 -0.11021663 -0.06548084
v -0.17617472 -0.10048959 -0.04731010
v -0.15935929 -0.09891056 -0.06921852
v -0.16870165 -0.10155192 -0.05798150
v -0.14774451 -0.09659711 -0.07956276
v -0.15452529 -0.09511738 -0.06701815
v -0.19528767 -0.12676801 -0.02559228
v -0.18859190 -0.13539089 -0.02394298
v -0.19337946 -0.12625961 -0.03911679
v -0.15073131 -0.12294360 -0.07558300
v -0.16102588 -0.12347186 -0.06631567
v -0.18418507 -0.12293328 -0.05180635
v -0.17160761 -0.12341388 -0.05884618
v -0.18433425 -0.13685730 -0.05076146
v -0.16632888 -0.13291690 -0.07323832
v -0.05447717 0.34962580 0.00764550
v -0.05451727 0.36557567 0.00421757
v -0.18466252 -0.23989736 -0.02579939
v -0.18768653 -0.23267235 -0.01425136
v -0.18875185 -0.23914427 -0.01804244
v -0.18739039 -0.22703846 -0.00868857
v -0.19064707 -0.22926587 -0.00279337
v -0.05455908 0.37881541 -0.00446949
v -0.04579360 0.38042012 -0.01924729
v -0.04530226 0.38256615 -0.02283471
v -0.04751345 0.38041058 -0.02017239
v -0.04311919 0.38369408 -0.02539181
v -0.18512648 -0.22343867 -0.01020779
v -0.18830760 -0.22199062 0.00088184
v -0.18050544 -0.22431062 -0.02239948
v -0.18330514 -0.21780854 -0.01039382
v -0.05816120 0.33455044 0.01288251
v -0.05618209 0.34179881 0.01039895
v -0.05594509 0.34874806 0.01314127
v -0.06692259 0.31677061 0.03158543
v -0.06079975 0.33683375 0.01576980
v -0.06522875 0.31381983 0.03643508
v -0.06552231 0.31880164 0.03134395
v -0.06337426 0.30264109 0.04732172
v -0.06436890 0.30818930 0.04189648
v -0.19327106 -0.23817824 0.00707420
v -0.19285581 -0.23121625 0.00734421
v -0.19096500 -0.22642070 0.00979368
v -0.19367954 -0.23378772 0.01856736
v -0.18892476 -0.14641732 -0.02147555
v -0.18354315 -0.14337531 -0.03434745
v -0.19197591 -0.15014057 -0.00880616
v -0.19227205 -0.15518725 0.00368940
v -0.18938173 -0.15787841 -0.01959280
v 0.01619626 -0.25466990 -0.12877215
v 0.01725782 -0.26485184 -0.12905982
v -0.01846388 -0.25872681 -0.12591873
v -0.03726175 -0.24763438 -0.12448142
v 0.01476768 -0.24277009 -0.12859789
v 0.01151201 -0.23029917 -0.12845585
v -0.00311583 -0.25173292 -0.12798969
v -0.02104647 -0.24952489 -0.12640758
v -0.02456259 -0.23896492 -0.12582104
v -0.15669839 -0.14399199 -0.08279169
v -0.16806537 -0.14451467 -0.07393701
v -0.17813945 -0.14193475 -0.04759101
v -0.17370343 -0.14509916 -0.06035377
v -0.17734399 -0.15265457 -0.04380532
v -0.16226408 -0.15127058 -0.06764399
v -0.19366521 -0.15989491 0.01497421
v -0.19368841 -0.16471899 0.00343426
v -0.14206745 -0.20722438 0.11556576
v -0.14985052 -0.21321064 0.10469390
v -0.13857359 -0.22045550 0.11180958
v -0.12898892 -0.22828287 0.12046570
v -0.13981712 -0.23368253 0.11152124
v -0.04979803 -0.26298979 0.16214387
v -0.07733883 -0.24827048 0.15885566
v -0.07311946 -0.26398864 0.15109989
v -0.08609455 -0.25745323 0.14761940
v -0.04610313 -0.27755219 0.15532790
v -0.04598004 -0.29093486 0.15116648
v -0.05963821 -0.27089676 0.15310588
v -0.07108275 -0.27769679 0.14399825
v -0.05077117 -0.31289679 0.13827793
v -0.06120270 -0.32378468 0.13041022
v -0.06494498 -0.32333618 0.13106132
v -0.07755622 -0.31832966 0.12781854
v -0.19278830 -0.23475254 0.02924750
v -0.19179754 -0.23042364 0.03113498
v -0.18666852 -0.23452124 0.05340212
v -0.18536156 -0.23368300 0.05501165
v -0.18086573 -0.23913644 0.06599984
v -0.19000179 -0.22665729 0.03346428
v -0.18842754 -0.22983283 0.04439833
v -0.18373680 -0.23171234 0.05629053
v -0.13927588 -0.12270933 -0.08439218
v -0.14120916 -0.13703701 -0.08219827
v -0.14386928 -0.14602417 -0.08805716
v -0.14515558 -0.15590924 -0.08992656
v -0.13217542 -0.14934066 -0.09273201
v -0.11519121 -0.13483462 -0.09506819
v -0.13636309 -0.10870093 -0.08565739
v -0.13659590 -0.09469433 -0.08991395
v -0.12700456 -0.12192501 -0.09240385
v -0.11494297 -0.12139144 -0.10070860
v -0.10303113 -0.12143359 -0.10953511
v -0.11432230 -0.10837515 -0.10518313
v -0.14815670 0.04512724 -0.08673615
v -0.14549720 0.03480146 -0.08639555
v -0.12551948 0.05388286 -0.10518912
v -0.14981715 0.05532461 -0.08756959
v -0.12766272 0.06444933 -0.10410748
v -0.13904715 0.05370435 -0.09722701
v -0.11589795 0.07510182 -0.11198115
v -0.12948698 0.07682201 -0.10385410
v -0.05070780 0.23388129 -0.11724091
v -0.04963639 0.24354371 -0.11274461
v -0.04791545 0.25328287 -0.10780985
v -0.05180081 0.26371175 -0.09927560
v -0.05590761 0.24412167 -0.10981415
v -0.16867723 -0.25798708 0.09653462
v -0.07008307 -0.23947293 0.16987243
v -0.08198083 -0.23072040 0.16563928
v -0.09209792 -0.22324188 0.15803275
v -0.07924287 -0.21389100 0.16450411
v -0.11878174 -0.22007826 0.12902030
v -0.12149087 -0.23424925 0.13010728
v -0.10141987 -0.23290080 0.14733936
v -0.10145825 -0.21675570 0.14992513
v -0.11973812 -0.20443404 0.13084185
v -0.09642376 -0.20081568 0.14607842
v -0.10965022 -0.21101630 0.13999134
v -0.14446452 -0.17654410 0.11948892
v -0.14309008 -0.19271320 0.11592474
v -0.13045996 -0.19811238 0.12214752
v -0.11777712 -0.18818754 0.12955643
v -0.08348883 -0.08609957 0.16367665
v -0.08133171 -0.10006561 0.15871838
v -0.09336096 -0.09651981 0.15030412
v -0.06970168 -0.10363443 0.16630697
v -0.08722524 -0.11139651 0.16210745
v -0.07106051 -0.07218670 0.17371693
v -0.08538752 -0.07047830 0.16875938
v -0.09980974 -0.06898039 0.16187689
v -0.08548261 -0.05612673 0.17045979
v -0.06503464 0.03174033 0.18163480
v -0.10161328 0.04956448 0.16692047
v -0.08933096 0.05129603 0.17058781
v -0.10694410 0.03823898 0.16944174
v -0.07801272 0.04209958 0.17708375
v -0.08236172 0.02667905 0.17965798
v -0.12114523 0.01261142 0.16461703
v -0.11327785 0.02542092 0.16929337
v -0.09089430 0.01179533 0.17717379
v -0.09881470 0.02563198 0.17544919
v -0.04169655 0.21414150 0.12116455
v -0.04220458 0.20266515 0.12214833
v -0.03436935 0.22066151 0.11658354
v -0.04260634 0.19052617 0.12315281
v -0.03560675 0.19859883 0.11916179
v -0.19274078 -0.23846546 0.02642340
v -0.19032928 -0.23405010 0.04049247
v -0.18734197 -0.23446298 0.05069684
v -0.18928906 -0.22241911 0.01197457
v -0.18760078 -0.21843910 0.01325833
v -0.19070224 -0.22395322 0.02300177
v -0.18800414 -0.22313236 0.03531784
v -0.19197501 -0.15112257 0.04073124
v -0.18955670 -0.15695409 0.05476258
v -0.19423629 -0.15530185 0.02734338
v -0.18404320 -0.16821174 0.05380434
v -0.19147639 -0.16655818 0.02818957
v -0.18023396 -0.18044044 0.05340815
v -0.18631473 -0.17570058 0.02883046
v -0.18419972 -0.17246346 0.04072609
v -0.18607607 0.02379758 0.04549425
v -0.19254743 0.00909119 0.03923787
v -0.19396442 -0.00334045 0.03183539
v -0.18337771 0.01568392 0.05682368
v -0.07437353 0.10394761 0.15835796
v -0.08807107 0.09337974 0.15910785
v -0.07646909 0.09723121 0.16086265
v -0.08029079 0.09137418 0.16164766
v -0.08190090 0.10107439 0.15826003
v -0.16335635 -0.09165314 -0.05853338
v -0.15286040 -0.08815349 -0.06877872
v -0.14551592 -0.08516264 -0.07824995
v -0.15831171 -0.08267817 -0.07316568
v -0.17166193 0.04014035 0.07641921
v -0.15881626 0.05969596 0.09558846
v -0.15377478 0.04139628 0.11558658
v -0.15530469 0.05592547 0.10365445
v -0.16321504 0.04645608 0.09650744
v -0.13656360 0.06785488 0.12606639
v -0.13924935 0.05972062 0.12597884
v -0.14611125 0.05138915 0.12087619
v -0.14800224 0.06356017 0.11096750
v -0.15077296 0.05326895 0.11202748
v -0.17175965 0.04650446 0.06751397
v -0.16602987 0.05583398 0.07867470
v -0.15522294 0.08294342 0.09714269
v -0.15567443 0.07074415 0.09726506
v -0.16108967 0.06431423 0.08828717
v -0.16269869 0.06958792 0.08251070
v -0.15845776 0.09351904 0.09117925
v -0.15695803 0.08807380 0.09394215
v -0.16425814 0.07521817 0.07781146
v -0.15986572 0.08046271 0.08744610
v -0.16832797 0.06823814 0.06778184
v -0.16524537 0.08025348 0.07422984
v -0.18199033 0.12501568 0.07378139
v -0.18589883 0.12809852 0.07398192
v -0.19183901 0.12929679 0.07427105
v -0.19072087 0.11825120 0.06607386
v -0.07122734 -0.04088683 0.17715991
v -0.08685468 -0.03882189 0.17329580
v -0.07038247 -0.00648113 0.17739436
v -0.02098340 -0.01636398 0.17935550
v -0.02389136 -0.03043610 0.17933238
v -0.05575718 -0.04260126 0.17830946
v -0.05470949 -0.02684936 0.17856789
v -0.01822699 0.00012137 0.18125500
v -0.01604033 0.01505339 0.18237248
v -0.05200674 0.00734426 0.18144538
v -0.05347891 -0.01060263 0.17900427
v -0.03718095 -0.01375241 0.17986403
v -0.12221421 -0.24860300 0.12861682
v -0.09948201 -0.24993810 0.14379603
v -0.09530818 -0.26407033 0.13646668
v -0.11229351 -0.24188185 0.13923621
v -0.14256433 -0.28601807 0.11139653
v -0.09473592 -0.29802954 0.12962164
v -0.11008869 -0.30886853 0.11987657
v -0.12604079 -0.30247363 0.11492947
v -0.05886642 0.02950716 -0.11503170
v -0.06050289 0.04637597 -0.11822519
v -0.06214778 0.06254996 -0.12163354
v -0.09582265 0.06078686 -0.11648300
v -0.07493778 0.03900693 -0.11601665
v -0.03998828 0.26293078 -0.10730930
v -0.04417640 0.27262855 -0.09758226
v -0.04590047 0.26308632 -0.10279367
v -0.02060532 0.27305162 -0.11491995
v -0.02076646 0.28308147 -0.11051852
v -0.02694597 0.26340038 -0.11603929
v -0.03367081 0.26320657 -0.11222415
v -0.03246309 0.27338967 -0.10750894
v -0.03680575 0.30091500 -0.07998190
v -0.02751926 0.32017070 -0.07306099
v -0.01865660 0.33193111 -0.08261620
v -0.01769186 0.33976191 -0.07533889
v -0.02496603 0.32157615 -0.07939458
v -0.02310505 0.33002964 -0.07233223
v -0.01934445 0.32282135 -0.08977165
v -0.02027944 0.31262180 -0.09554808
v -0.02695467 0.31191489 -0.08592316
v -0.02202017 0.32252192 -0.08518411
v -0.02819122 0.38580537 -0.04053013
v -0.03570373 0.39181665 -0.03311859
v -0.03871855 0.39057872 -0.02561288
v -0.18265969 0.06276783 -0.05351957
v -0.17901476 0.06826507 -0.05296548
v -0.18221071 0.07250345 -0.05635054
v -0.17314434 0.07500911 -0.04791138
v -0.17752206 0.06541695 -0.04886068
v -0.17583457 0.07328189 -0.05247958
v -0.06323782 0.14677146 -0.12498732
v -0.06710996 0.13289806 -0.12650561
v -0.07525552 0.11675796 -0.12673536
v -0.10385198 0.10031150 -0.11827476
v -0.08453190 0.12621962 -0.12431937
v -0.06697509 0.31327605 0.03265926
v -0.06790631 0.30679083 0.03439644
v -0.06913331 0.30785507 0.02801858
v -0.06619672 0.31584519 0.01972269
v -0.06168638 0.32557216 0.01659964
v -0.06147032 0.33142012 0.01626908
v -0.06522212 0.32562095 0.02207853
v -0.15453260 0.29252541 0.02247892
v -0.14621454 0.29116157 0.01969373
v -0.14961562 0.28574952 0.03123840
v -0.12801605 0.29042044 0.00519320
v -0.14096133 0.29626906 0.00873064
v -0.13978733 0.28925037 0.01809372
v -0.12342249 0.27650577 -0.06685950
v -0.11538979 0.28102848 -0.07055581
v -0.11722766 0.28599551 -0.06055730
v -0.10564060 0.26931939 -0.08745854
v -0.11425230 0.27517450 -0.07940599
v -0.10587602 0.28239158 -0.07148001
v 0.01887427 -0.27575058 -0.12832415
v 0.01788091 -0.27215657 -0.12886812
v 0.00064074 -0.26834941 -0.12745389
v -0.01657299 -0.26578212 -0.12559636
v -0.03214571 -0.26456040 -0.12459362
v -0.01461021 -0.27170432 -0.12510824
v -0.05470457 -0.06820711 -0.11530791
v -0.05293180 -0.05992199 -0.11233675
v -0.06676770 -0.06461011 -0.10807621
v -0.03900786 -0.05534675 -0.11675267
v -0.05157487 -0.04538392 -0.10830682
v -0.11584501 0.10360532 -0.11213168
v -0.09603994 0.13147825 -0.11997235
v -0.10145967 0.11617525 -0.11820915
v -0.13889576 0.08042911 -0.09812193
v -0.12791081 0.09192799 -0.10577891
v -0.12564164 0.10712797 -0.10726227
v -0.04690574 0.09621546 0.16427882
v -0.04037887 0.09025218 0.16627267
v -0.03700210 0.11270323 0.15235372
v -0.04250388 0.12835571 0.14929654
v -0.05279990 0.10151296 0.16254395
v -0.05930849 0.10577805 0.16036470
v -0.04489867 0.10657429 0.15810201
v -0.04356786 0.11727802 0.15298191
v -0.04941279 0.12104131 0.15350932
v -0.18255970 0.12131618 -0.06919688
v -0.17994174 0.11339086 -0.06799193
v -0.17273159 0.11512413 -0.06993527
v -0.17858717 0.08866867 -0.06043611
v -0.18651065 0.10912676 -0.06589440
v -0.17622510 0.10376757 -0.06562988
v -0.16780360 -0.03467686 -0.04650339
v -0.16780242 -0.06955040 -0.06499163
v -0.15646160 -0.06777844 -0.07129050
v -0.16909260 -0.04885435 -0.04685539
v -0.16106622 -0.04323467 -0.05770522
v -0.17014205 -0.06972391 -0.05166295
v -0.17946699 -0.05066296 -0.03853345
v -0.17444551 -0.05984324 -0.05258698
v -0.18730089 0.01796187 -0.01946690
v -0.18671654 0.02487407 -0.01878788
v -0.18182936 0.02562503 -0.04588081
v -0.18118560 0.01724898 -0.04706774
v -0.18833882 0.00879917 -0.01988233
v -0.18803985 0.00043590 -0.02043505
v -0.17902938 0.00836959 -0.04679413
v -0.18529704 0.01225575 -0.03421973
v -0.18584670 0.03990579 -0.01568301
v -0.18693098 0.03204507 -0.01736447
v -0.18025926 0.03220329 -0.04277946
v -0.17828546 0.03653701 -0.03747366
v -0.18203911 0.04009498 -0.02474870
v -0.18517807 0.02729524 -0.03195588
v -0.18341403 0.10970969 -0.08390906
v -0.19697770 0.09869922 -0.07049224
v -0.19260132 0.10820102 -0.07784716
v -0.20534134 0.08335592 -0.05459058
v -0.20862013 0.08109151 -0.04622193
v -0.20032538 0.08968198 -0.06194407
v -0.19755574 0.09478395 -0.07010393
v -0.19709148 0.08550971 -0.06163792
v -0.18100204 0.10372511 -0.07987417
v -0.19028327 0.10029750 -0.07696740
v -0.19751538 0.09146473 -0.06710776
v -0.19617721 0.08451634 -0.02458654
v -0.18637505 0.08563538 -0.04768484
v -0.19101165 0.08253194 -0.02689389
v -0.18649018 0.07960097 -0.02649260
v -0.18275262 0.08660465 -0.04782921
v -0.17615081 0.08337406 -0.04505300
v -0.17977396 0.08093959 -0.03609479
v -0.18798476 0.08279015 -0.03757003
v -0.19772790 0.06992429 -0.00118283
v -0.19708334 0.06866038 -0.01444102
v -0.19666269 0.07319944 0.01206996
v -0.19894874 0.07405732 0.01083883
v -0.21147509 0.07833461 0.01615269
v -0.20218039 0.07403161 0.00745100
v -0.20271905 0.07874155 0.02337020
v -0.21202666 0.07455187 -0.02174499
v -0.21316116 0.07466684 -0.00277400
v -0.20474841 0.07174088 -0.00889330
v -0.20734957 0.07353126 0.00271115
v -0.20949289 0.07964365 -0.03828744
v -0.20027171 0.08090614 -0.04898834
v -0.20054995 0.08560623 -0.05536826
v -0.20626283 0.08454770 -0.05164181
v -0.20686862 0.07518934 -0.03108967
v -0.19698605 0.07258481 -0.02772451
v -0.19741787 0.07843164 -0.04332395
v -0.19664598 0.07577465 -0.03839100
v -0.20077685 0.07132836 -0.01884525
v -0.20400533 0.07334372 -0.02431841
v -0.20249546 0.07662803 -0.03800797
v -0.15841997 0.19831300 0.09913057
v -0.15937315 0.20958687 0.09346744
v -0.15655454 0.19754106 0.10384568
v -0.15215708 0.20456733 0.10941669
v -0.15549307 0.20066090 0.10694218
v -0.15711918 0.20999856 0.10093930
v -0.15328981 0.22829652 0.09410177
v -0.15948848 0.22119956 0.08631534
v -0.15791065 0.21706000 0.09342758
v -0.15680356 0.22203679 0.09320798
v -0.15715021 0.23255636 0.08438230
v -0.13496308 0.20718926 0.11259013
v -0.14479682 0.20730460 0.11274835
v -0.14561746 0.21667869 0.10610467
v -0.10705291 0.21984272 0.09318521
v -0.11459828 0.20396432 0.10782512
v -0.12457261 0.20572162 0.11025761
v -0.10585259 0.21075262 0.09963707
v -0.12555699 0.21407236 0.10272755
v -0.10767791 0.23768249 0.07995663
v -0.10755841 0.22933136 0.08691434
v -0.12607095 0.22362001 0.09604055
v -0.11682415 0.22183703 0.09429398
v -0.14603101 0.22632329 0.09911730
v -0.14480726 0.23505792 0.08956499
v -0.13619246 0.22510724 0.09817542
v -0.12598415 0.23242296 0.08854763
v -0.06640327 0.28234372 0.05486072
v -0.06943768 0.29022673 0.04639396
v -0.07797221 0.27012190 0.04923306
v -0.08166308 0.28136942 0.04113052
v -0.07507382 0.29044142 0.03995078
v -0.06164433 0.27641577 0.06303328
v -0.06453004 0.26003695 0.06468143
v -0.07147618 0.26291630 0.05679751
v -0.05625109 0.27283400 0.06993334
v -0.06769912 0.27252364 0.05569988
v -0.05819875 0.25895065 0.07224648
v -0.05198152 0.25976795 0.08069117
v -0.05107902 0.27126265 0.07628824
v -0.05717839 0.26562551 0.07062079
v -0.03922579 0.26312366 0.09475310
v -0.04583786 0.26174158 0.08857955
v -0.04606833 0.26659575 0.08529641
v -0.01957461 0.38390204 -0.03904424
v -0.02453108 0.38970605 -0.03618178
v -0.03466712 0.38553050 -0.02723653
v -0.03404104 0.38926792 -0.03048889
v -0.01732800 0.36643386 -0.05129254
v -0.01765432 0.37597999 -0.04427655
v -0.02174080 0.37527445 -0.03910198
v -0.03033255 0.36002591 -0.03134513
v -0.02595970 0.37334290 -0.03371085
v -0.02321062 0.36473143 -0.04041371
v -0.03722990 0.36871976 -0.02255756
v -0.03334557 0.36611259 -0.02644596
v -0.03752518 0.37981275 -0.02359099
v -0.03096190 0.37882674 -0.02833188
v -0.02987706 0.36983836 -0.02942284
v -0.06172607 0.29570314 0.05196350
v -0.05951650 0.29194781 0.05692941
v -0.05694485 0.28787068 0.06105933
v -0.04509416 0.28111491 0.07690717
v -0.04222246 0.28649092 0.07254455
v -0.28681946 0.10890939 0.04415034
v -0.28401291 0.11563117 0.04372498
v -0.27985945 0.12308805 0.04353274
v -0.28746566 0.12181813 0.03778525
v -0.28927216 0.12832433 0.02907594
v -0.28505194 0.13574325 0.02909493
v -0.29271296 0.12265965 0.02769044
v -0.28924936 0.13419166 0.01998149
v -0.12427355 0.27140155 0.03948879
v -0.12435409 0.27959999 0.02857846
v -0.12597647 0.28539404 0.01609996
v -0.14058690 0.28327915 0.02892739
v -0.13445295 0.28676620 0.01670954
v -0.13354416 0.27333874 0.03902813
v -0.15249096 0.27897871 0.04140472
v -0.14641762 0.27954969 0.03740312
v -0.14236623 0.26911902 0.05037686
v -0.14143991 0.27594167 0.03916217
v -0.19718774 -0.11131891 0.02527808
v -0.19286308 -0.11417636 0.03998667
v -0.20055795 -0.10556565 0.01032721
v -0.19856112 -0.10322041 -0.00168988
v -0.19993991 -0.10226400 0.02428499
v -0.03317542 -0.08978029 0.18173532
v -0.02867667 -0.07899348 0.17625976
v -0.05631544 -0.09028747 0.17019179
v -0.05929188 -0.10333945 0.17430750
v -0.04036593 -0.09677603 0.18665449
v -0.03985864 -0.11211714 0.18865678
v -0.04604307 -0.12172879 0.17835836
v -0.06749123 -0.10658813 0.17567214
v -0.04909097 -0.10179248 0.18070081
v -0.08324747 -0.18946880 0.15141369
v -0.09444629 -0.18247989 0.14436868
v -0.05025060 -0.17506629 0.17475526
v -0.06700732 -0.20174657 0.16922870
v -0.07342817 -0.19631609 0.16013770
v -0.07071081 -0.17523852 0.15825227
v -0.04447376 -0.15735342 0.17326194
v -0.04588319 -0.13882960 0.17914933
v -0.06124904 -0.12784682 0.17891923
v -0.07128197 -0.15475275 0.16195002
v -0.05786170 -0.16288769 0.16449471
v -0.08557498 -0.11654643 0.17252173
v -0.07437433 -0.12185253 0.18072672
v -0.08487421 -0.14995557 0.16034089
v -0.07412171 -0.13889603 0.17510906
v -0.04533239 -0.22531943 0.17289273
v -0.05819008 -0.22282392 0.17326668
v -0.03950683 -0.24546538 0.17347920
v -0.04394308 -0.25507116 0.17038101
v -0.04211340 -0.23548332 0.17304963
v -0.05700355 -0.24910986 0.17037827
v -0.06000196 -0.23411882 0.17236310
v -0.05134384 -0.23116896 0.17278351
v -0.23035070 0.15408245 0.05213716
v -0.22784114 0.17439157 0.04824070
v -0.23849301 0.15639995 0.04836121
v -0.23360845 0.16494207 0.04849732
v -0.23468493 0.17527479 0.04303704
v -0.10670398 -0.17623420 0.13891266
v -0.12102197 -0.17086472 0.13503236
v -0.09703223 -0.16165861 0.15044282
v -0.09909496 -0.14511843 0.15869312
v -0.14438117 -0.16131078 0.12284607
v -0.14908986 -0.14370845 0.12884180
v -0.13436888 -0.16680236 0.13111407
v -0.12555330 -0.15346210 0.14479417
v -0.17333731 0.12795545 0.08091240
v -0.17087619 0.13320364 0.08637647
v -0.16990922 0.12917644 0.08582897
v -0.17837100 0.12115313 0.07414614
v -0.18430762 0.11285719 0.06693089
v -0.17436355 0.11938699 0.07529008
v -0.01256809 0.04571813 0.18108559
v -0.01415633 0.03106513 0.18455642
v -0.03805208 0.05556990 0.17997789
v -0.04903889 0.04189020 0.18250090
v -0.04990607 0.02382862 0.18368945
v -0.03291174 0.01922397 0.18286499
v -0.06615828 0.10873553 0.15751018
v -0.07328707 0.11061074 0.15474971
v -0.05706850 0.12374847 0.15307659
v -0.05769853 0.11448706 0.15643913
v -0.05697673 0.13370845 0.15021600
v -0.06527986 0.12468536 0.15047771
v -0.07408888 0.13358782 0.14381172
v -0.08059733 0.11140169 0.15257579
v -0.07306422 0.11733072 0.15100157
v -0.07344288 0.12481166 0.14756820
v -0.08208773 0.12553494 0.14571720
v -0.18800369 0.21228988 -0.05851349
v -0.18554968 0.20820937 -0.06306605
v -0.17993939 0.21163979 -0.06682090
v -0.19150358 0.20478846 -0.05901007
v -0.18318418 0.20305793 -0.06687672
v -0.28953695 0.13188949 0.00793030
v -0.28294158 0.14528233 0.01239065
v -0.28710341 0.13860297 0.00916682
v -0.28330755 0.14018698 -0.00107650
v -0.27844095 0.13906075 -0.01051283
v -0.27396935 0.14749229 -0.01201081
v -0.28120303 0.13146336 -0.00996147
v -0.27285776 0.13671778 -0.01905127
v -0.18677077 0.07692079 -0.01479008
v -0.18057761 0.07570492 -0.02556302
v -0.18118557 0.07659253 -0.02496849
v -0.20308545 0.08151814 0.00560176
v -0.19413653 0.07941814 -0.00603144
v -0.19207215 0.07504830 -0.00343648
v -0.19251269 0.07230547 -0.00505469
v -0.19940686 0.07347044 0.00599776
v -0.18144527 0.07122577 -0.02648483
v -0.18631884 0.07208219 -0.01612598
v -0.19270670 0.06852876 -0.00677163
v -0.18760754 0.06016431 -0.01986102
v -0.18005401 0.05787914 -0.04645656
v -0.17791936 0.06311434 -0.04479731
v -0.18392229 0.05425790 -0.03480422
v -0.17767486 0.07109514 -0.03545570
v -0.17482302 0.07281712 -0.04258805
v -0.17634645 0.06815025 -0.04318651
v -0.18266350 0.06522943 -0.02775180
v -0.18349627 0.05996516 -0.03045089
v -0.17994806 0.06133093 -0.03876781
v -0.19184646 0.07144754 -0.05891094
v -0.20695634 0.08195842 -0.06039827
v -0.20002469 0.11333419 -0.06405497
v -0.19182022 0.10215957 -0.06380811
v -0.20210262 0.08881527 -0.06107626
v -0.21242872 0.09514049 -0.06054038
v -0.18690331 0.07732678 -0.05917223
v -0.18257569 0.08334877 -0.05958141
v -0.18530430 0.09346934 -0.06216225
v -0.19342609 0.08277505 -0.06048509
v -0.19431794 0.09366900 -0.06212034
v -0.26752532 0.12560524 -0.02717299
v -0.26225275 0.14092267 -0.02943518
v -0.26553917 0.13274884 -0.02800309
v -0.25638169 0.12769197 -0.03767360
v -0.22291851 0.10185119 -0.05823436
v -0.21879487 0.11069008 -0.05912355
v -0.24455383 0.11845520 -0.04734907
v -0.24608800 0.13050467 -0.04480710
v -0.22522530 0.09260596 -0.05793821
v -0.24140382 0.10729351 -0.04974959
v -0.23342445 0.10622805 -0.05445515
v -0.23476252 0.08041832 0.04260360
v -0.20595008 0.06747354 0.01328069
v -0.22040328 0.06907031 0.02952842
v -0.20668054 0.07633205 0.01581005
v -0.20612383 0.07216410 0.01518321
v -0.22041431 0.07553259 0.03021887
v -0.21306956 0.07108641 0.02257890
v -0.23615935 0.08512333 0.04257513
v -0.23646209 0.08878379 0.04291558
v -0.22758743 0.08034321 0.03733367
v -0.22029676 0.08098406 0.03185417
v -0.22853203 0.19419159 0.03844941
v -0.23604107 0.18434620 0.03653681
v -0.24364196 0.17521721 0.03628722
v -0.23544568 0.19286802 0.02983804
v -0.19246174 0.13831457 0.08085368
v -0.19770104 0.12893313 0.07410691
v -0.19083074 0.16587414 0.08741915
v -0.19007705 0.15045860 0.08657087
v -0.19610046 0.14720705 0.08388625
v -0.20162055 0.14488094 0.07856893
v -0.20018052 0.15693580 0.07858537
v -0.20998992 0.12774651 0.06428729
v -0.20245904 0.13328142 0.07601628
v -0.20626546 0.14062664 0.07424855
v -0.26858014 0.12516016 0.04809551
v -0.24581976 0.14640403 0.04899444
v -0.24901712 0.15599570 0.04555110
v -0.25743952 0.14142065 0.04779003
v -0.24989146 0.16598582 0.03969101
v -0.24999435 0.17562884 0.03152434
v -0.26283106 0.14768456 0.04265776
v -0.25577429 0.15352729 0.04324042
v -0.27425846 0.13080725 0.04360956
v -0.27772573 0.13793314 0.03772350
v -0.26840386 0.13944046 0.04317641
v -0.26638058 0.15334645 0.03641945
v -0.23549697 0.09266410 0.04202596
v -0.22786337 0.08848245 0.03880211
v -0.21046010 0.08316404 0.01813160
v -0.20715937 0.08066545 0.01730774
v -0.21379046 0.08069286 0.02584664
v -0.22130160 0.08453809 0.03295999
v -0.22166449 0.08792800 0.03323651
v -0.21440795 0.08966735 0.02289986
v -0.21290532 0.08445165 0.02031597
v -0.22282496 0.09098086 0.03211667
v -0.21733648 0.08581392 0.02770237
v -0.22661459 0.09648511 0.03656488
v -0.22240873 0.09671122 0.03263398
v -0.17081109 0.08187387 -0.05282911
v -0.17481539 0.08247664 -0.05679400
v -0.17306784 0.07787895 -0.05222612
v -0.17071939 0.09632316 -0.06280283
v -0.17467919 0.09319106 -0.06132840
v -0.16429077 0.09623348 -0.06225950
v -0.16873720 0.08579836 -0.05383667
v -0.16701791 0.08952568 -0.05530528
v -0.16648665 0.09998330 -0.06397832
v -0.16866159 0.09006807 -0.05816470
v -0.22505687 0.14399476 0.04959998
v -0.22018455 0.15174940 0.05348479
v -0.23123252 0.13603301 0.04683267
v -0.22110385 0.13507128 0.04706554
v -0.16924307 0.12461869 0.08570576
v -0.17092051 0.12131742 0.07966909
v -0.17403172 0.11285175 0.07255717
v -0.19392484 0.07066065 0.01011864
v -0.19407086 0.07222219 0.01116417
v -0.19502434 0.07303996 0.01192566
v -0.19605681 0.07932880 0.02490549
v -0.19244224 0.07683384 0.02305265
v -0.13289985 0.08150706 0.12745926
v -0.13459797 0.07489912 0.12724976
v -0.14560184 0.07157424 0.11273986
v -0.14112292 0.06932892 0.11943682
v -0.13200553 0.08821886 0.12753327
v -0.13717987 0.08238083 0.12226316
v -0.17740829 0.05457859 0.03277233
v -0.17619854 0.04753586 0.03440752
v -0.17065588 0.06616767 0.05438837
v -0.17907958 0.06101674 0.03130210
v -0.18361397 0.06531456 0.03163614
v -0.17529392 0.06558710 0.04220887
v -0.15002832 0.08395234 0.10616589
v -0.14962730 0.07467960 0.10661639
v -0.15295261 0.07846968 0.10144750
v -0.14320470 0.07795163 0.11543819
v -0.14105798 0.08365037 0.11732238
v -0.14711921 0.08870348 0.11008022
v -0.14375803 0.09349609 0.11376318
v -0.13961880 0.08890356 0.11846992
v -0.14450483 0.08545598 0.11318497
v -0.14117253 -0.02901131 0.14050648
v -0.14217131 -0.01540748 0.14425687
v -0.13252158 -0.00174491 0.15669067
v -0.11899161 -0.00217610 0.16276699
v -0.04545993 0.27690369 0.07998191
v -0.04570360 0.27183768 0.08268046
v -0.04019947 0.27298152 0.08781555
v -0.04057390 0.28160319 0.08086319
v -0.24133852 0.13631937 0.05026079
v -0.25372878 0.13123639 0.05040760
v -0.25013733 0.13742635 0.04968168
v -0.23642771 0.12755340 0.04768892
v -0.22956915 0.10714414 0.04021102
v -0.23055924 0.11995387 0.04427173
v -0.24065326 0.12046220 0.04835705
v -0.16718701 0.12296448 -0.07323389
v -0.15416169 0.12720877 -0.08200467
v -0.15803733 0.12524769 -0.07643019
v -0.15954562 0.11324307 -0.07933798
v -0.15638916 0.12025180 -0.08131119
v -0.16052687 0.10448796 -0.07140829
v -0.16069847 0.10512464 -0.07402909
v -0.15579973 0.11884364 -0.07954686
v -0.16161972 0.10383448 -0.06867189
v -0.16636389 0.11644185 -0.07207483
v -0.16593789 0.10903098 -0.06905653
v -0.16370675 0.10215890 -0.06640439
v -0.16105035 0.12018932 -0.07399926
v -0.15729940 0.11935746 -0.07597557
v -0.15867282 0.11177286 -0.07426853
v -0.12495396 0.12131497 -0.10839354
v -0.13454780 0.10956554 -0.10286104
v -0.14248851 0.12405938 -0.10219441
v -0.14362693 0.09792280 -0.09608063
v -0.14956899 0.11289795 -0.09565751
v -0.14272095 0.11132101 -0.09915192
v -0.15587620 0.11347589 -0.09307108
v -0.15623890 0.10216980 -0.08793639
v -0.21389663 0.21636647 -0.02530766
v -0.20834669 0.22226568 -0.02588860
v -0.21349587 0.22152221 -0.01769442
v -0.20327190 0.22179237 -0.03356595
v -0.20232914 0.22811639 -0.02728549
v -0.21840633 0.21895921 -0.00916754
v -0.21178892 0.22607359 -0.00932965
v -0.22480410 0.21197517 -0.00970010
v -0.22314420 0.21671799 -0.00081488
v -0.23376477 0.20053920 0.02288030
v -0.24160773 0.19144140 0.02171089
v -0.23450986 0.20394641 0.00622295
v -0.22595543 0.20917636 0.02425939
v -0.22012919 0.22004093 0.00821700
v -0.22729212 0.21207348 0.00740299
v -0.23091720 0.20658188 0.01498263
v -0.18586306 -0.24871820 -0.02970104
v -0.18943332 -0.24779657 -0.02081369
v -0.19155088 -0.24585909 -0.01197219
v -0.17682378 -0.19225708 0.07818115
v -0.17682709 -0.18791443 0.06567763
v -0.18107457 -0.19062328 0.05404297
v -0.17267248 -0.19937129 0.08929633
v -0.16224851 -0.20646751 0.09795491
v -0.15875763 -0.21845357 0.09515692
v -0.17748860 -0.20296329 0.07748477
v -0.14982624 -0.27505359 0.10554069
v -0.14162593 -0.28675205 0.10934111
v -0.19302469 -0.24493635 -0.00105666
v -0.19415574 -0.24752584 0.01106628
v -0.19241618 -0.24174917 0.02324174
v -0.15864649 -0.12398259 0.11926188
v -0.16682705 -0.12289954 0.10778388
v -0.17938703 -0.12147891 0.08246241
v -0.17348514 -0.12226354 0.09560636
v -0.16450316 -0.11765572 0.10759384
v -0.16773185 -0.05001230 0.09743410
v -0.15927593 -0.05382955 0.10962537
v -0.17458174 -0.04617869 0.08498330
v -0.17615974 -0.05991011 0.08257940
v -0.18984137 -0.09580572 0.05396425
v -0.17563978 -0.07487208 0.08071181
v -0.18510365 -0.07051153 0.06919800
v -0.16693838 -0.11013266 0.09379381
v -0.16477306 -0.07902822 0.09146976
v -0.17427209 -0.08957317 0.07953039
v -0.18581136 -0.04049401 -0.02502361
v -0.18360698 -0.05048307 -0.02644203
v -0.18860368 -0.04484583 0.00180269
v -0.18219976 -0.06370161 -0.02601598
v -0.19251323 -0.05773357 0.00078666
v -0.18832780 -0.05397650 -0.01252667
v -0.19572228 -0.08510739 0.01112296
v -0.19662315 -0.06063521 0.01363137
v -0.19213930 -0.07000660 -0.00100054
v -0.19499266 -0.10060950 -0.01413072
v -0.18955092 -0.09821269 -0.02585717
v -0.19498873 -0.09722076 -0.00174790
v -0.18909253 -0.07870390 -0.01448755
v -0.19346780 -0.08232047 -0.00177481
v -0.18405493 -0.09484194 -0.03802699
v -0.17693025 -0.09343156 -0.05086443
v -0.17185806 -0.08365164 -0.05025336
v -0.17769729 -0.07211719 -0.03982967
v -0.18384288 -0.07561863 -0.02699533
v -0.18482730 -0.09122039 -0.02547110
v -0.07975221 -0.03891740 -0.10364073
v -0.10929529 -0.03442257 -0.09801317
v -0.11001609 -0.01585817 -0.09690589
v -0.12224936 -0.02257017 -0.08977959
v -0.08683699 0.01488047 -0.11083893
v -0.09695581 -0.00880358 -0.10289713
v -0.11388793 0.00287459 -0.09935366
v -0.21010542 0.09233995 0.01040925
v -0.20218284 0.08310689 -0.00928762
v -0.20762780 0.08832690 0.00542439
v -0.20159166 0.08018567 -0.01994078
v -0.17396404 0.14798403 -0.09902705
v -0.17906235 0.13616426 -0.09495272
v -0.18325961 0.12540841 -0.09005392
v -0.17787254 0.13009760 -0.09403743
v -0.23632039 0.20133002 -0.00365802
v -0.24091968 0.19601490 0.00465549
v -0.24761449 0.18392465 0.02229103
v -0.25607461 0.17315607 0.02373831
v -0.24500211 0.19077671 0.01326480
v -0.24830541 0.18738809 0.00347201
v -0.21997628 0.11575434 0.04227417
v -0.22303957 0.10840088 0.03793418
v -0.22418997 0.12057105 0.04117420
v -0.22610292 0.11353997 0.04144758
v -0.21438135 0.21393327 0.04297644
v -0.22038084 0.19363536 0.04546010
v -0.22085837 0.20261097 0.03922308
v -0.21905273 0.17181346 0.05375151
v -0.21998908 0.18298243 0.04985056
v -0.21551377 0.19346502 0.04987594
v -0.20952529 0.21132542 0.04849954
v -0.21503514 0.20305195 0.04824195
v -0.21440020 0.19178082 0.05539780
v -0.17869274 -0.24728473 0.07344578
v -0.16516659 -0.26437163 0.09480686
v -0.16144866 -0.26559594 0.09592487
v -0.18404002 -0.23830427 0.05971449
v -0.18771699 -0.23421395 0.04772439
v -0.18170035 -0.24759483 0.06870931
v -0.17352250 -0.25981677 0.08809146
v -0.17897344 -0.26140979 0.07742003
v -0.18244761 -0.24985485 0.06675059
v -0.10443585 0.26229966 0.05294405
v -0.10402104 0.27112219 0.04175051
v -0.11447302 0.27018762 0.03994249
v -0.12548943 0.26401150 0.05100517
v -0.19153459 0.10545893 0.05867722
v -0.19427122 0.10654742 0.05857621
v -0.19677486 0.08688532 0.03794880
v -0.19379507 0.08564445 0.03744474
v -0.19879495 0.10668772 0.05908404
v -0.20146418 0.08694798 0.03706231
v -0.20544219 0.08619963 0.03534079
v -0.19750869 0.09507746 0.04959968
v -0.21329536 0.12577884 0.05613622
v -0.21697588 0.12137225 0.04864907
v -0.21357293 0.13389970 0.04837147
v -0.21880287 0.12775318 0.04423323
v -0.21810891 0.12148646 0.04288707
v -0.25647274 0.14909726 -0.03210892
v -0.25048161 0.14198616 -0.04002663
v -0.23819393 0.13605541 -0.04890466
v -0.26685292 0.15680975 -0.01498483
v -0.26276562 0.15406077 -0.02405504
v -0.24937376 0.15753049 -0.03518555
v -0.21801549 0.10676568 0.03989739
v -0.21669063 0.09995734 0.03170336
v -0.21438733 0.09505953 0.02666778
v -0.21891725 0.09560443 0.03192689
v -0.22120863 0.10178351 0.03472584
v -0.22092442 0.10878231 0.03849038
v -0.20112373 0.11851939 0.06741940
v -0.20232102 0.12696624 0.07344344
v -0.20720825 0.12522151 0.07055316
v -0.20608959 0.10676406 0.05927155
v -0.21376264 0.11147953 0.04927492
v -0.21141376 0.12036011 0.05831144
v -0.21009777 0.12310912 0.06526655
v -0.21104421 0.11655484 0.06316838
v -0.19094093 0.06035793 -0.05779559
v -0.19641325 0.06484497 -0.05945568
v -0.18385494 0.05374679 -0.05149091
v -0.18655582 0.05678640 -0.05456363
v -0.19076575 0.05101367 -0.05775990
v -0.18261276 0.05168918 -0.04824984
v -0.18298641 0.04988100 -0.04464927
v -0.18598056 0.04488795 -0.05083618
v -0.18616804 0.04728306 -0.03030859
v -0.18492201 0.04786073 -0.04000191
v -0.18582928 0.04096071 -0.04224807
v -0.21273562 0.05822879 0.01912902
v -0.22743137 0.06823540 0.03580551
v -0.22130331 0.06209394 0.02753014
v -0.22169679 0.05451807 0.02564837
v -0.24157731 0.08135830 0.04665157
v -0.23295875 0.07576586 0.04272153
v -0.23130125 0.07177197 0.04325109
v -0.26573819 0.09026023 0.04931312
v -0.25262403 0.08570722 0.04872238
v -0.24877082 0.08243622 0.04957774
v -0.24696685 0.07831617 0.05037016
v -0.25794920 0.08342493 0.05102623
v -0.23005670 0.06876201 0.04410305
v -0.23876807 0.07363379 0.04821489
v -0.29334193 0.11180355 0.03636123
v -0.29487208 0.12003473 0.02427725
v -0.29338291 0.12371914 0.01589730
v -0.29152375 0.12568384 0.00712603
v -0.29527858 0.11745824 0.02153539
v -0.28784767 0.12561496 -0.00124870
v -0.28276190 0.12434423 -0.01020588
v -0.29248327 0.12039296 0.00541731
v -0.27923056 0.11198360 0.03550392
v -0.25767952 0.11452113 -0.03479927
v -0.25119522 0.10852188 -0.03520620
v -0.27587762 0.12251990 -0.01778881
v -0.26894528 0.11934930 -0.02535703
v -0.28290555 0.11794161 -0.01153971
v -0.26942331 0.11343917 -0.02508655
v -0.24406168 0.10711767 -0.04617920
v -0.23440684 0.09451876 -0.05406862
v -0.24263772 0.10686930 -0.04360689
v -0.24274299 0.10397681 -0.04233720
v -0.23475690 0.09856825 -0.04838642
v -0.27585953 0.09420944 0.04862977
v -0.28299031 0.09904680 0.04743721
v -0.28821397 0.10257895 0.04551471
v -0.27459705 0.08988290 0.04896759
v -0.28753170 0.09951157 0.04634501
v -0.22685689 0.09300470 -0.05373608
v -0.21837990 0.07974560 -0.05964837
v -0.22670788 0.08448430 -0.05791752
v -0.22907564 0.07976235 -0.05810223
v -0.20278201 0.06949557 -0.06079073
v -0.21011439 0.07470077 -0.06082392
v -0.20049982 0.05911053 -0.06188485
v -0.21402319 0.06868097 -0.06187117
v -0.19050041 0.04818998 -0.01551730
v -0.18320253 0.04311559 -0.02275256
v -0.20515445 0.04538625 0.00522517
v -0.17859164 0.03900836 -0.02700904
v -0.18234088 0.03919841 -0.01895496
v -0.19906810 0.06463517 0.00270440
v -0.19263393 0.06202561 -0.00847042
v -0.19252023 0.05503859 -0.01112686
v -0.20554394 0.06147205 0.01138756
v -0.20536366 0.05398752 0.00899327
v -0.19890167 0.05054704 -0.00157049
v -0.02108175 0.29281184 -0.10570184
v -0.02082391 0.30253440 -0.10067741
v -0.03141130 0.28306866 -0.10269095
v -0.02600058 0.28343564 -0.10699622
v -0.02468910 0.30227965 -0.09694517
v -0.17984660 0.03142728 0.03955364
v -0.17760788 0.03996945 0.03620158
v -0.17782348 0.03832508 0.05398650
v -0.17257658 0.05392588 0.06151127
v -0.17081612 0.06052759 0.05733010
v -0.17315014 0.05337815 0.04623117
v -0.16478160 0.00464901 0.10959652
v -0.15818438 0.01557603 0.12322673
v -0.15598463 0.02823935 0.12008899
v -0.16214636 0.02987524 0.10956594
v -0.17705564 0.02520004 0.07419948
v -0.17936270 0.01031389 0.07045260
v -0.17151663 0.03601026 0.08774015
v -0.16814756 0.03251788 0.09917510
v -0.16979873 0.01872282 0.10003413
v -0.18231961 0.09658208 0.05549707
v -0.18950275 0.07931551 0.03470376
v -0.18770213 0.10396717 0.05757681
v -0.18482794 0.10072242 0.05617399
v -0.19032232 0.08249635 0.03529588
v -0.19172563 0.08404149 0.03674243
v -0.19181022 0.09338126 0.04896685
v -0.18729189 0.08859830 0.04704410
v -0.21585393 0.08561072 0.02820992
v -0.21102005 0.08572508 0.03237886
v -0.20728706 0.09609133 0.04628127
v -0.20996429 0.10753225 0.05585417
v -0.21438600 0.10664785 0.05207862
v -0.22066157 0.08475836 0.02339234
v -0.22127996 0.08387426 0.01400602
v -0.21643294 0.10244615 0.03728892
v -0.21699977 0.10436450 0.04551897
v -0.21788900 0.09576750 0.03849051
v -0.16908717 0.07755139 0.06151884
v -0.17202246 0.07129636 0.05218003
v -0.17437463 0.07574417 0.05093987
v -0.04306503 -0.21429786 0.17666453
v -0.04130366 -0.20135064 0.18174507
v -0.04542991 -0.18770707 0.18207608
v -0.06006159 -0.20910186 0.17530821
v -0.05620805 -0.19196914 0.17591658
v -0.05182818 -0.21628430 0.17497568
v 0.00309918 -0.16370454 -0.11629759
v 0.00317669 -0.15009961 -0.12262958
v -0.03210241 -0.15557717 -0.11528868
v 0.00471669 -0.18606265 -0.12650768
v 0.00374124 -0.17626375 -0.11894484
v -0.03360865 -0.16885476 -0.11823896
v -0.01628270 -0.16759011 -0.11702840
v -0.05017708 -0.16822077 -0.12000861
v -0.03422894 -0.17542697 -0.12761126
v 0.00650430 -0.19208771 -0.13210404
v 0.00673874 -0.20524210 -0.13207147
v -0.01482527 -0.18401602 -0.13205236
v -0.03392396 -0.18494400 -0.13468224
v -0.17519717 -0.23139530 -0.03447767
v -0.17305762 -0.22159658 -0.03423821
v -0.15860429 -0.23267034 -0.05767449
v -0.17148662 -0.21170813 -0.03409698
v -0.16572994 -0.21529709 -0.04582856
v -0.14849168 -0.22470556 -0.06866451
v -0.15711018 -0.22029805 -0.05700479
v -0.15724865 -0.20769571 -0.05697194
v -0.17368484 -0.19426435 -0.03722166
v -0.16785036 -0.19166514 -0.04886803
v -0.17468761 -0.18542068 -0.03869539
v -0.17752902 -0.20836477 -0.02281793
v -0.17411362 -0.20218553 -0.03237258
v -0.17837355 -0.19530520 -0.02456138
v -0.18533963 -0.21239904 0.00150445
v -0.18153478 -0.21122129 -0.01065850
v -0.18120943 -0.20400333 -0.01097309
v -0.18021737 -0.19100977 -0.01360551
v -0.18056545 -0.19735181 -0.01183010
v -0.18432881 -0.19943431 0.00064556
v -0.18626560 -0.21395412 0.01353334
v -0.18743622 -0.21626393 0.02547059
v -0.18641846 -0.20810974 0.01310215
v -0.18694006 -0.20211932 0.01251425
v -0.18497282 -0.19766389 0.01166316
v -0.18757895 -0.20565982 0.02440519
v -0.18556440 -0.22416957 0.04732962
v -0.18669304 -0.21986069 0.03642618
v -0.18598324 -0.21536486 0.03668084
v -0.17817642 -0.23588154 0.06754160
v -0.18238465 -0.22936305 0.05722353
v -0.18301915 -0.22608134 0.05806198
v -0.17583771 -0.24635588 0.07661431
v -0.17395417 -0.24530675 0.07779194
v -0.15979180 -0.26428196 0.09622645
v -0.16949789 -0.25563595 0.08590240
v -0.14938019 -0.27283898 0.10278269
v -0.15863511 -0.26222420 0.09625045
v -0.17289481 -0.24351019 0.07770055
v -0.17197540 -0.24078892 0.07735014
v -0.16620126 -0.25226054 0.08723409
v -0.15815768 -0.25947547 0.09519961
v -0.12495016 -0.30001414 0.11344208
v -0.11733831 -0.30185768 0.11564617
v -0.13218427 -0.29441857 0.11128794
v -0.14060178 -0.28356436 0.10814752
v -0.13953404 -0.28010151 0.10768226
v -0.12249781 -0.29657942 0.11318897
v -0.05613920 -0.32316294 0.13116257
v -0.05263132 -0.32265472 0.13277380
v -0.06977127 -0.31978172 0.12848127
v -0.07777985 -0.31710240 0.12640637
v -0.09318116 -0.31264940 0.12173368
v -0.10864174 -0.30675906 0.11802233
v -0.10518826 -0.30570632 0.11813007
v -0.07937904 -0.31620407 0.12518753
v -0.10556119 0.25351262 0.06274320
v -0.10785549 0.24503778 0.07106517
v -0.11754048 0.23872656 0.07950298
v -0.12620141 0.23991722 0.07942109
v -0.11733973 0.25250432 0.06038488
v -0.05477658 0.34092623 -0.00399643
v -0.05830685 0.33338153 -0.00747974
v -0.06097839 0.32605633 -0.01079420
v -0.05784595 0.33240184 -0.01721425
v -0.07764384 0.30870286 0.00278690
v -0.06978399 0.31358445 0.00398648
v -0.06476523 0.31926593 -0.00376089
v -0.07935783 0.30980155 -0.00824637
v -0.06604786 0.32080153 -0.01395135
v -0.09124076 0.26943591 -0.08779714
v -0.09885743 0.26945662 -0.08743414
v -0.09823357 0.27738014 -0.08081827
v -0.09775802 0.29031155 -0.06344712
v -0.09761676 0.28400734 -0.07273654
v -0.08949668 0.28499773 -0.07404016
v -0.06319895 0.29364571 -0.07343641
v -0.08131765 0.28515318 -0.07546969
v -0.07932083 0.29281065 -0.06799893
v -0.08357818 0.26911560 -0.08938353
v -0.06753780 0.27663839 -0.08740438
v -0.06552582 0.28551033 -0.08053766
v -0.07615156 0.26858044 -0.09158827
v -0.08270191 0.27757439 -0.08278639
v -0.07331237 0.28562227 -0.07760196
v -0.04464166 0.34844729 -0.02239020
v -0.05057373 0.34292960 -0.01679229
v -0.04545814 0.35449171 -0.01783260
v -0.04586158 0.35989261 -0.01539300
v -0.04769051 0.35212073 -0.01562438
v -0.05285967 0.33617043 -0.02168984
v -0.05590358 0.32989469 -0.02744298
v -0.04820670 0.33859822 -0.02506230
v -0.03234049 0.35140377 -0.03304348
v -0.03586539 0.34649712 -0.03219904
v -0.02796880 0.35133982 -0.03839596
v -0.03987743 0.34356785 -0.03013910
v -0.04400764 0.34108347 -0.02789399
v -0.04413269 0.33440265 -0.03361176
v -0.03583831 0.33785829 -0.03770521
v -0.14565347 0.29706863 -0.00056262
v -0.13560112 0.29843539 -0.00299798
v -0.12866580 0.28526598 -0.04645333
v -0.13622996 0.29364541 -0.02459536
v -0.14194047 0.28927341 -0.02145006
v -0.13707510 0.28518930 -0.03262010
v -0.15413466 0.29458520 0.00079407
v -0.14717506 0.29229888 -0.01028880
v -0.14695045 0.28487095 -0.01932351
v -0.11517692 0.26080662 -0.09408635
v -0.12107041 0.26474500 -0.08380228
v -0.11407856 0.26824281 -0.08705061
v -0.11971833 0.24403767 -0.10480075
v -0.11717221 0.25290009 -0.10028537
v -0.12317757 0.25026965 -0.09732597
v -0.12683225 0.24737975 -0.09452451
v -0.12884939 0.24022222 -0.10036629
v -0.12449664 0.26140481 -0.08113729
v -0.12523641 0.25433558 -0.08808479
v -0.12897615 0.24456301 -0.09155070
v -0.18624033 0.25317433 0.01972574
v -0.18019041 0.25782365 -0.00151742
v -0.18652177 0.25328162 0.00255782
v -0.18268305 0.25365216 -0.00848525
v -0.19125794 0.24480373 0.01992545
v -0.19826671 0.24058297 0.02315006
v -0.18961991 0.25191030 0.01283628
v -0.19207001 0.25029427 0.00600342
v -0.12491283 0.26796234 -0.07308925
v -0.12678191 0.27272472 -0.06372724
v -0.12676400 0.25812867 -0.07834315
v -0.09240176 0.14436817 -0.12103996
v -0.10509612 0.13565795 -0.11674382
v -0.11660437 0.13302302 -0.11275721
v -0.12586446 0.13366677 -0.10968887
v -0.10952903 0.14430256 -0.11606246
v -0.14301802 0.13537151 -0.10550537
v -0.13455458 0.13462982 -0.10714835
v -0.12721664 0.14511947 -0.11083923
v -0.16906811 0.15940613 -0.10171345
v -0.16841044 0.15340480 -0.10183267
v -0.16710733 0.14786726 -0.10215958
v -0.16185412 0.16004251 -0.10584491
v -0.17167173 0.13592088 -0.09821530
v -0.17547929 0.12500201 -0.09309315
v -0.16435276 0.14310800 -0.10210758
v -0.16816519 0.16711323 -0.10288689
v -0.16432881 0.17053439 -0.10394409
v -0.16707394 0.17057471 -0.10112465
v -0.16912422 0.16806844 -0.10240115
v -0.16540623 0.17763790 -0.10404868
v -0.20066406 0.16958931 0.07439711
v -0.20400736 0.16287586 0.06981547
v -0.20990865 0.17820376 0.05917162
v -0.20937008 0.18815339 0.06147005
v -0.19263622 0.18090773 0.08039344
v -0.19630976 0.17498340 0.07941963
v -0.20435415 0.19471823 0.06153180
v -0.20132236 0.18209918 0.06967675
v -0.20116362 0.21751469 0.04925735
v -0.19571085 0.22396311 0.04985059
v -0.20321800 0.20697579 0.05536041
v -0.19633374 0.20101133 0.06215341
v -0.16346177 0.17105418 -0.10049216
v -0.16226946 0.17843390 -0.10158238
v -0.15430883 0.17492968 -0.09702308
v -0.16487184 0.16395541 -0.09956523
v -0.16699106 0.15568341 -0.09863155
v -0.15440053 0.16853678 -0.09654396
v -0.15880607 0.17012124 -0.09930573
v -0.15231761 0.16591637 -0.09308290
v -0.15499941 0.16180088 -0.09596817
v -0.11183720 0.29500377 -0.01843024
v -0.12013474 0.29265955 -0.00668360
v -0.12716375 0.29535055 -0.00484315
v -0.13068721 0.29931861 -0.01544324
v -0.12660167 0.29853818 -0.02794168
v -0.17933598 0.25540212 -0.01989996
v -0.18339510 0.25177801 -0.01655325
v -0.17458905 0.26052094 -0.02308705
v -0.17585945 0.25663620 -0.03122179
v -0.17415909 0.25403276 -0.03965639
v -0.17048705 0.25674862 -0.04040321
v -0.17781371 0.24964741 -0.03581842
v -0.17265880 0.24974957 -0.04648016
v -0.16885135 0.24621597 -0.05627774
v -0.17268479 0.24273215 -0.05198270
v -0.16487080 0.24919778 -0.06099440
v -0.16642582 0.24234414 -0.06593111
v -0.16085985 0.23818602 -0.07549896
v -0.16722605 0.23409314 -0.06828416
v -0.16445039 0.23657319 -0.07217941
v -0.16250104 0.23164974 -0.07792617
v -0.15337822 0.17840303 -0.09449328
v -0.15447789 0.18144482 -0.09712946
v -0.16106018 0.18574280 -0.10239761
v -0.15758635 0.18331820 -0.10057072
v -0.15502369 0.18762808 -0.09749238
v -0.21278274 0.22106868 0.03779208
v -0.20848708 0.22737935 0.03200865
v -0.21979687 0.21015358 0.03219151
v -0.21892662 0.21818374 0.02581004
v -0.21733247 0.21257327 0.03689623
v -0.16940865 0.26744044 0.02806542
v -0.16670769 0.28101328 0.03349405
v -0.17000848 0.27260241 0.02485780
v -0.16888078 0.26798788 0.03672978
v -0.16029344 0.29399049 0.01241787
v -0.16529869 0.28889993 0.02324507
v -0.16133268 0.29019278 0.00110612
v -0.16943127 0.27666017 0.01297081
v -0.16945104 0.27864215 0.02242912
v -0.20760354 0.07657419 -0.03563602
v -0.21501327 0.07666725 -0.01654978
v -0.20184271 0.08068220 -0.03170998
v -0.20703116 0.08109697 -0.01415235
v -0.21810526 0.08253005 0.00381872
v -0.21539770 0.09887469 0.02767961
v -0.21503735 0.09408832 0.01975714
v -0.21044564 0.08736561 0.00345862
v -0.21871148 0.09189546 0.02141040
v -0.21298082 0.08099446 -0.00519143
v -0.19808254 0.08301812 -0.05322050
v -0.18469165 0.09050281 -0.05807932
v -0.18931076 0.08929794 -0.06447175
v -0.19156377 0.08271158 -0.04554124
v -0.20010042 0.08226120 -0.04285204
v -0.17687072 0.11961911 -0.08846752
v -0.16986112 0.12912701 -0.09191367
v -0.18752089 0.11698545 -0.08392691
v -0.18646823 0.11479657 -0.08497655
v -0.17247820 0.10564770 -0.07913981
v -0.16678886 0.10580361 -0.07755356
v -0.17586929 0.09468188 -0.06485294
v -0.16858560 0.09974348 -0.07070604
v -0.18007965 0.09727734 -0.07342799
v -0.18202907 0.09309040 -0.06654406
v -0.21201684 0.13056424 0.06214191
v -0.20938723 0.14628793 0.06724099
v -0.20915736 0.13619944 0.06880958
v -0.21150802 0.14064105 0.05374734
v -0.21055229 0.13337483 0.05443329
v -0.21761832 0.16017616 0.05778230
v -0.20658255 0.15517379 0.06480063
v -0.21395496 0.14976984 0.05622372
v -0.21269792 0.16896668 0.05867574
v -0.20807253 0.16653851 0.06209877
v -0.20924942 0.14747964 0.05952194
v -0.16978483 0.25064841 0.04658654
v -0.16744941 0.25989228 0.04685586
v -0.16641350 0.26683614 0.04476572
v -0.16584063 0.24826525 0.05502564
v -0.20569097 0.23427056 0.02509184
v -0.21326458 0.22727396 0.00866642
v -0.21602212 0.22288276 0.01708726
v -0.20215164 0.23879765 0.01605595
v -0.21400419 0.22743241 0.02476653
v -0.20506537 0.23322347 -0.01005786
v -0.20930579 0.23058237 -0.00044745
v -0.19463858 0.24654201 -0.00232985
v -0.19853657 0.24306498 0.00736083
v -0.20581847 0.23742235 0.00853162
v -0.15402594 0.15835552 -0.08460364
v -0.15576614 0.16466084 -0.08518518
v -0.15268129 0.16764794 -0.09066992
v -0.15197483 0.16158664 -0.08983990
v -0.15279193 0.15232730 -0.08391663
v -0.15174547 0.15540271 -0.08890402
v -0.15213060 0.15654854 -0.08674935
v -0.15438376 0.14922363 -0.08154654
v -0.15676685 0.14662959 -0.07964701
v -0.15232496 0.14667973 -0.08316858
v -0.18381555 0.12896131 -0.08899413
v -0.17824855 0.13722217 -0.09302927
v -0.18729031 0.11774717 -0.08282349
v -0.18171823 0.12637264 -0.08932870
v -0.16997434 0.14650552 -0.09672355
v -0.16256018 0.13854709 -0.09360470
v -0.16138616 0.15526946 -0.09775247
v -0.15576532 0.15443805 -0.09502111
v -0.17234801 0.13397925 -0.09364708
v -0.17517671 0.13648421 -0.09372687
v -0.16361973 0.28560716 -0.00933978
v -0.16864960 0.27523690 0.00439829
v -0.16838013 0.28179941 0.00153382
v -0.20065027 0.23444775 -0.01989398
v -0.19602618 0.23316652 -0.02895981
v -0.18982655 0.24690394 -0.01343703
v -0.18412925 0.24804372 -0.02483086
v -0.18260527 0.24371770 -0.03268974
v -0.19677481 0.24189235 -0.01125693
v -0.19152391 0.23152691 -0.03752983
v -0.18105161 0.23959926 -0.03996057
v -0.18755670 0.23804019 -0.03302484
v -0.15686586 0.24543458 -0.07252066
v -0.15552220 0.23978658 -0.07904380
v -0.16128026 0.25582001 -0.05541206
v -0.15871660 0.25087723 -0.06490573
v -0.15279752 0.25231969 -0.06769215
v -0.13323319 0.26270574 -0.06694209
v -0.14582725 0.25332537 -0.07064275
v -0.14791669 0.25949878 -0.06241054
v -0.13211754 0.25000045 -0.08233278
v -0.13204476 0.25672099 -0.07522282
v -0.14458045 0.24802548 -0.07852045
v -0.13918203 0.25521648 -0.07278578
v -0.17741098 0.21985793 -0.06505907
v -0.17083356 0.23068182 -0.06395040
v -0.16676997 0.22731163 -0.07158657
v -0.17465845 0.21532297 -0.07051747
v -0.17219624 0.21007606 -0.07494844
v -0.16929112 0.21831200 -0.07314688
v -0.13497582 0.23685724 -0.09478247
v -0.13308372 0.24334507 -0.08868465
v -0.13864319 0.24283759 -0.08688908
v -0.15421550 0.23434703 -0.08562853
v -0.14992568 0.24148759 -0.08325103
v -0.14419332 0.24228621 -0.08535363
v -0.14459237 0.23612382 -0.09171278
v -0.15777576 0.17115417 -0.08556796
v -0.15356410 0.17393203 -0.09146804
v -0.15458311 0.18041161 -0.09172606
v -0.15458453 0.16908287 -0.08805646
v -0.15944977 0.27821457 0.04341031
v -0.15465066 0.27164871 0.05167324
v -0.16511507 0.27253255 0.04349671
v -0.16355588 0.26286462 0.05281588
v -0.15787113 0.24290371 0.07606679
v -0.15828258 0.23850375 0.07719062
v -0.16239892 0.25296396 0.06135000
v -0.16148540 0.25827760 0.05970266
v -0.15102161 0.24694380 0.07560728
v -0.14290094 0.25995886 0.05935458
v -0.14920118 0.26447034 0.05712520
v -0.15601090 0.26279947 0.06011735
v -0.15740526 0.25316158 0.06814988
v -0.16565095 0.21506239 0.07733165
v -0.17167467 0.20575759 0.07383674
v -0.16883765 0.22825149 0.06148244
v -0.16034891 0.22429059 0.07989459
v -0.15977658 0.23261133 0.07841884
v -0.16497360 0.23674256 0.06235847
v -0.16342266 0.24624561 0.06266186
v -0.16091281 0.24338529 0.07054661
v -0.16422166 0.22544526 0.07055545
v -0.17724328 0.19722523 0.07523809
v -0.18589893 0.18829818 0.07921607
v -0.19090295 0.19445643 0.07016570
v -0.18856291 0.20737533 0.06069132
v -0.17768435 0.20919329 0.06747910
v -0.14365904 0.24315110 0.07906275
v -0.13489969 0.24148898 0.07957136
v -0.13453138 0.25750348 0.06004851
v -0.12673911 0.25443834 0.06002912
v -0.12696375 0.24677028 0.06972738
v -0.14319910 0.25126371 0.06857480
v -0.15344512 0.13265312 -0.08044656
v -0.15357372 0.13946217 -0.08076835
v -0.16106294 0.12901616 -0.07580635
v -0.15654510 0.13002111 -0.07799201
v -0.15592094 0.13432533 -0.07818750
v -0.15964642 0.14501382 -0.07806294
v -0.15618885 0.14220634 -0.07916065
v -0.15591608 0.13814980 -0.07851778
v -0.15978147 0.13727355 -0.07669441
v -0.20627952 0.12777817 -0.06376134
v -0.21274516 0.11912446 -0.06130859
v -0.22557953 0.12736619 -0.05598637
v -0.23116647 0.14336787 -0.05238349
v -0.01840508 0.23951891 0.10060929
v -0.01832441 0.24698299 0.09847075
v -0.02894481 0.23500709 0.10960645
v -0.02935485 0.24299374 0.10715628
v -0.01827763 0.23094530 0.10330047
v -0.01741819 0.22129418 0.10599731
v -0.02909494 0.22679703 0.11162671
v -0.02958514 0.21791527 0.11343644
v -0.02438128 0.23311669 0.10663732
v -0.24298339 0.09717784 0.04442121
v -0.25065383 0.10198092 0.04757719
v -0.23302622 0.09619004 0.04085569
v -0.23147532 0.10124729 0.04079518
v -0.23645800 0.10718173 0.04447382
v -0.25777346 0.10837884 0.04934650
v -0.26445413 0.11568275 0.05052809
v -0.25859946 0.12298728 0.05043059
v -0.24849474 0.12257951 0.05013226
v -0.24270526 0.11419922 0.04859714
v -0.24660116 0.10748827 0.04738759
v -0.27917677 0.14445928 0.02893882
v -0.28029549 0.14808634 0.01950650
v -0.27490065 0.15630648 0.00714950
v -0.26496804 0.16318738 0.02616216
v -0.27224362 0.15197569 0.03046764
v -0.26140007 0.17127877 0.01481843
v -0.26851597 0.16177157 -0.00602410
v -0.24953586 0.18413931 -0.00730223
v -0.25674686 0.17846762 0.00298106
v -0.25830916 0.16762385 -0.01866528
v -0.26561183 0.16762805 0.00443667
v -0.10540150 -0.11462935 0.15560620
v -0.09512052 -0.11424632 0.16327739
v -0.10081977 -0.12759899 0.16638973
v -0.11328056 -0.14035931 0.15484276
v -0.12679589 -0.13526228 0.14951397
v -0.14529958 -0.06420297 -0.07971382
v -0.15289117 -0.03798826 -0.06784582
v -0.15602389 -0.05288985 -0.07144082
v -0.13565321 -0.04595373 -0.08923592
v -0.15527003 -0.02493870 -0.06859511
v -0.13333726 -0.02869368 -0.08209535
v -0.13504653 -0.01149685 -0.08227348
v -0.14515583 -0.03443325 -0.07798746
v -0.04358850 0.01771243 -0.11531430
v -0.05713870 0.01087981 -0.11369581
v -0.03970924 -0.02122401 -0.11744837
v -0.07060535 0.00398516 -0.11301629
v -0.06646311 -0.03238808 -0.10834020
v -0.05317297 -0.02713457 -0.11326727
v -0.08188599 -0.02031072 -0.10790274
v -0.08400966 -0.00382619 -0.10931142
v -0.05542169 -0.00859980 -0.11754102
v -0.19552632 -0.09225353 0.03967352
v -0.19821323 -0.08709680 0.02448721
v -0.19252875 -0.06834890 0.05567554
v -0.19137926 -0.08285046 0.05432953
v -0.19507751 -0.07538919 0.02582764
v -0.18946749 -0.05286950 0.05579199
v -0.19351479 -0.04836084 0.02867532
v -0.19683097 -0.06400721 0.02811080
v -0.19448084 -0.06600385 0.04091883
v -0.15098816 -0.11506053 0.11848840
v -0.15936233 -0.11317334 0.10595392
v -0.15408608 -0.09797561 0.10178561
v -0.14790463 -0.05794975 0.12113180
v -0.15665545 -0.06868374 0.10599054
v -0.15314239 -0.08187208 0.10130931
v -0.14234020 -0.08468986 0.11177659
v -0.18604165 -0.11938032 0.06961893
v -0.19071242 -0.11697125 0.05516673
v -0.18987277 -0.11149330 0.05381455
v -0.18054932 -0.11726551 0.08416919
v -0.18144307 -0.10061404 0.06662394
v -0.17483890 -0.10551612 0.08047261
v -0.09956723 -0.09146626 -0.10859153
v -0.08297315 -0.07761338 -0.10521959
v -0.13328658 -0.08924561 -0.08503996
v -0.12626670 -0.09351595 -0.10054108
v -0.11288942 -0.09217858 -0.10558525
v -0.13396630 -0.08284095 -0.08406913
v -0.10857961 -0.08408045 -0.09414989
v -0.13151886 -0.07753240 -0.08405444
v -0.12118595 -0.05657144 -0.09300365
v -0.13284695 -0.06021161 -0.08630010
v -0.10758559 -0.07587435 -0.09579616
v -0.12095790 -0.07917185 -0.09056865
v -0.08092710 -0.06906935 -0.10493027
v -0.07818547 -0.05811076 -0.09902037
v -0.09358355 -0.04565695 -0.09965493
v -0.10736468 -0.05156716 -0.09521530
v -0.09489040 -0.07328483 -0.10198177
v -0.10566162 -0.06932259 -0.09357976
v 0.00688096 -0.00189733 -0.12609614
v 0.00586493 0.01567382 -0.12382106
v -0.01205205 0.02954988 -0.12028658
v -0.02864763 0.02397752 -0.11775742
v -0.02684126 0.00424468 -0.12077643
v 0.00737035 -0.03890578 -0.12922612
v 0.00788979 -0.02113117 -0.12761244
v -0.02344224 -0.03305104 -0.11789073
v -0.02512144 -0.01468164 -0.12143411
v -0.00925157 -0.00810848 -0.12422123
v -0.19458140 -0.01305093 0.01836967
v -0.18950793 -0.01295258 0.03245821
v -0.18842733 -0.03543915 0.01624073
v -0.19122712 -0.03251659 0.00137789
v -0.18746863 -0.01101380 -0.00659767
v -0.19098961 -0.01245098 0.00646520
v -0.18370444 -0.02963073 -0.02151434
v -0.19169022 -0.03083216 -0.01158379
v -0.19325492 -0.02183547 0.00315469
v -0.16876636 0.00462093 -0.05760776
v -0.16469036 -0.01812453 -0.05872757
v -0.17629977 -0.00147005 -0.04638759
v -0.15408769 -0.01152865 -0.06454860
v -0.15161784 0.01947877 -0.07718121
v -0.16061752 0.01176603 -0.06733675
v -0.13674909 0.00302892 -0.08307898
v -0.14531158 -0.00458730 -0.07334232
v -0.15712212 0.00063981 -0.06557765
v -0.14411840 0.02566744 -0.08842766
v -0.13259745 0.03379121 -0.09375696
v -0.12703773 0.01100607 -0.09225138
v -0.11726493 0.01640076 -0.10245852
v -0.13921006 0.01626581 -0.08449508
v -0.11004122 0.05148077 -0.11142428
v -0.12139601 0.04327855 -0.10191901
v -0.08953264 0.03165160 -0.11101780
v -0.09301403 0.04663847 -0.11556109
v -0.10425682 0.02374276 -0.10650044
v -0.11890160 0.03027999 -0.10024071
v -0.13935015 -0.04505218 0.13640381
v -0.11467424 -0.05043641 0.15621521
v -0.12959026 -0.03090196 0.14970455
v -0.13564016 -0.06135949 0.13108137
v -0.10240372 -0.03619581 0.16719301
v -0.08775666 -0.00405137 0.17480016
v -0.10456822 -0.00267467 0.16930068
v -0.08673479 -0.02202882 0.17366408
v -0.11759607 -0.01761586 0.16055085
v -0.11693866 -0.03333016 0.15951931
v -0.18079773 -0.01333885 0.04701119
v -0.18715300 -0.03739782 0.03071378
v -0.18748373 -0.03850826 0.04426986
v -0.18482186 -0.02389633 0.03129535
v -0.02635165 -0.04480252 0.17824659
v -0.02787356 -0.06161246 0.17622450
v -0.05722462 -0.07366431 0.17398617
v -0.05643230 -0.05837183 0.17513466
v -0.04093499 -0.04379287 0.17808977
v -0.04266183 -0.07635726 0.17422290
v -0.06864849 0.10391716 -0.12720925
v -0.06356785 0.07738824 -0.12462661
v -0.09842442 0.07374652 -0.11901690
v -0.10171600 0.08622297 -0.11911894
v -0.08019911 0.07000880 -0.12143475
v -0.08710518 0.09990545 -0.12384864
v -0.05057199 0.10662840 -0.12752056
v -0.04811126 0.08339099 -0.12675788
v -0.03222109 0.08868458 -0.12776488
v -0.06056070 0.09251089 -0.12775160
v -0.18473929 -0.00864064 -0.02048153
v -0.17676964 -0.02611293 -0.03418377
v -0.17043804 -0.02178716 -0.04674936
v -0.18347192 -0.00612282 -0.03477681
v -0.18258040 -0.01862152 -0.02054284
v -0.17587653 -0.01209732 -0.04818118
v -0.03560477 0.17500548 0.12632915
v -0.06092801 0.17332649 0.13325351
v -0.05162529 0.18291622 0.12950438
v -0.04242110 0.17884286 0.12780881
v -0.04226117 0.16851741 0.13305581
v -0.04824440 0.14166558 0.14720258
v -0.05732615 0.14321379 0.14576620
v -0.04208226 0.15850544 0.13718180
v -0.04925556 0.16091429 0.13777509
v -0.03556232 0.13426337 0.14429437
v -0.04181511 0.13857898 0.14655921
v -0.03557688 0.15503626 0.13544671
v -0.04187211 0.14897437 0.14260899
v -0.06843844 0.16271567 0.13517681
v -0.06607619 0.14294215 0.14231744
v -0.07485984 0.14260094 0.13967489
v -0.05942680 0.16210562 0.13631773
v -0.05805601 0.15243757 0.14061876
v -0.08658889 0.16497289 0.13680887
v -0.07664753 0.16310683 0.13537394
v -0.08388387 0.14372376 0.14044933
v -0.07585430 0.15237342 0.13709711
v -0.09725080 0.16768263 0.13827035
v -0.10745644 0.16982649 0.13861045
v -0.09453501 0.15623118 0.14199683
v -0.14405021 0.15949705 0.11824135
v -0.14114119 0.16346598 0.12292865
v -0.13393524 0.17013976 0.13472015
v -0.13871880 0.16686074 0.12834945
v -0.13709281 0.15461831 0.12505960
v -0.16195032 0.14066590 0.10313024
v -0.15795149 0.14504761 0.10526229
v -0.16478693 0.13306135 0.09881849
v -0.15357083 0.15041171 0.10840481
v -0.14840244 0.15497769 0.11280822
v -0.14484963 0.14791085 0.11487809
v -0.15478025 0.13958232 0.10670825
v -0.16728288 0.12640473 0.09291770
v -0.16820638 0.11954771 0.08578211
v -0.16310512 0.12597401 0.09829265
v -0.16976117 0.11196260 0.07850458
v -0.16631058 0.11423540 0.08636802
v -0.17934713 0.10369129 0.06395639
v -0.17362857 0.10796858 0.07115118
v -0.18160726 0.09276856 0.05428374
v -0.17259422 0.10367467 0.07021042
v -0.17699330 0.08053540 0.05038091
v -0.17229891 0.08503696 0.05957672
v -0.17045349 0.09849168 0.06970561
v -0.17705770 0.09530333 0.06127048
v -0.15963463 0.09831528 0.08902169
v -0.16235672 0.09036140 0.08112693
v -0.16601473 0.08415097 0.07144799
v -0.16798575 0.08657419 0.06675358
v -0.16582960 0.10101412 0.07847834
v -0.16816154 0.09316505 0.06895586
v -0.15689741 0.10443219 0.09728958
v -0.15331338 0.10981166 0.10395939
v -0.15922676 0.12218813 0.10125513
v -0.16289043 0.11694583 0.09445105
v -0.16419409 0.10859065 0.08751874
v -0.16156556 0.10302160 0.08828547
v -0.15057951 0.11654683 0.10884447
v -0.15496710 0.12806764 0.10561754
v -0.15109874 0.13283208 0.10894239
v -0.15498748 0.11756622 0.10443545
v -0.00973069 0.07562819 0.16646877
v -0.01073356 0.06094188 0.17417884
v -0.03053846 0.06851434 0.17395695
v -0.02416406 0.05353883 0.17874210
v -0.00964987 0.08943044 0.16075253
v -0.00960898 0.10248182 0.15465978
v -0.03095340 0.08429518 0.16723354
v -0.02935442 0.09694672 0.16019630
v -0.02036505 0.07949775 0.16712818
v -0.01852264 0.25426084 0.09690078
v -0.01897856 0.26072398 0.09576050
v -0.03030144 0.25061908 0.10442436
v -0.03146051 0.25767007 0.10160816
v -0.02414895 0.24889596 0.10243317
v -0.01731829 0.35698858 -0.05987600
v -0.01709746 0.34773064 -0.06762853
v -0.02166415 0.33806896 -0.06470009
v -0.01943887 0.33927944 -0.07067973
v -0.01943364 0.35660613 -0.05496950
v -0.02408026 0.33585060 -0.05855674
v -0.02179396 0.35521442 -0.04919463
v -0.02460723 0.35316774 -0.04327713
v -0.02676583 0.34217224 -0.04588690
v -0.02119798 0.34638384 -0.05721099
v -0.05928861 0.32417110 -0.03293047
v -0.05197750 0.32679754 -0.03767333
v -0.08059350 0.31144631 -0.02145804
v -0.06520754 0.32025275 -0.02574783
v -0.07246339 0.31594399 -0.01716565
v -0.06285224 0.31795046 -0.03780089
v -0.04530223 0.32830051 -0.03988753
v -0.03491767 0.33089939 -0.04451008
v -0.03935561 0.33117184 -0.04024346
v -0.04968438 0.32223195 -0.04597531
v -0.02877958 0.32599407 -0.06016222
v -0.03088337 0.33208230 -0.04842960
v -0.02714882 0.33362171 -0.05313674
v -0.03705413 0.32373631 -0.05123314
v -0.17023009 -0.00603797 0.09252378
v -0.17820789 -0.00197355 0.06529976
v -0.17093913 0.00707783 0.09711454
v -0.17627327 0.00874356 0.08442800
v -0.17730954 -0.01520998 0.06163305
v -0.03964179 0.29154786 -0.08616292
v -0.04224931 0.28207767 -0.09209463
v -0.03685653 0.28203756 -0.09707437
v -0.03258770 0.30110642 -0.08562647
v -0.02884357 0.30181327 -0.09211866
v -0.03029965 0.29221478 -0.09766567
v -0.04738560 0.30091953 -0.07237051
v -0.04188106 0.30077124 -0.07580540
v -0.03397205 0.30969131 -0.07366881
v -0.03113701 0.31813592 -0.06706602
v -0.03570018 0.31701320 -0.06248782
v -0.05353867 0.30111519 -0.06897858
v -0.06006505 0.30170485 -0.06626967
v -0.04575825 0.31633282 -0.05466152
v -0.04048255 0.31627226 -0.05808337
v -0.04402921 0.30880490 -0.06531078
v -0.07701290 0.30017477 -0.06027275
v -0.06842017 0.30147219 -0.06365090
v -0.05888887 0.31718308 -0.04791488
v -0.06822090 0.31166682 -0.04320031
v -0.05177689 0.31630865 -0.05235507
v -0.05599048 0.30902785 -0.05884372
v -0.09601159 0.30016607 -0.03069962
v -0.08858688 0.30655211 -0.02686548
v -0.09825953 0.29652888 -0.05400631
v -0.08762082 0.29868168 -0.05615592
v -0.07875938 0.30982646 -0.03622845
v -0.07657535 0.30695480 -0.05015039
v -0.10556020 0.29986182 -0.03070032
v -0.11977743 0.29024354 -0.04995625
v -0.10872603 0.29273963 -0.05214555
v -0.12256771 0.29402757 -0.03893157
v -0.11594743 0.29993340 -0.02968091
v -0.10068563 0.30100003 -0.04312173
v -0.12954699 0.27724206 -0.05391126
v -0.13302988 0.28155774 -0.04372984
v -0.13579054 0.27789840 -0.04091505
v -0.12921347 0.26894826 -0.06078183
v -0.13569094 0.26734179 -0.05757070
v -0.14357656 0.27661869 -0.03816244
v -0.15133163 0.26503608 -0.05299712
v -0.14345562 0.26607350 -0.05530316
v -0.13919224 0.27178225 -0.04783889
v -0.16496696 0.26246971 -0.03636914
v -0.16250920 0.25904053 -0.04560549
v -0.15816893 0.26336086 -0.04995215
v -0.15545852 0.27091488 -0.04379957
v -0.16979457 0.26599282 -0.01568476
v -0.16687131 0.26408184 -0.02638205
v -0.16677001 0.27683768 -0.01462836
v -0.16397792 0.27008578 -0.03057733
v -0.14858320 0.27941227 -0.02797215
v -0.15574139 0.28390765 -0.01884183
v -0.16354927 0.28292960 -0.01787538
v -0.15214586 0.27661955 -0.03666680
v -0.16015759 0.27525380 -0.03459038
v -0.16438569 0.27727509 -0.02490022
v -0.22501104 0.20879562 -0.01872403
v -0.23067077 0.20515133 -0.01123888
v -0.23633468 0.19853629 -0.01331872
v -0.24144714 0.19108601 -0.01585389
v -0.24620068 0.18318927 -0.01868075
v -0.23377474 0.19632708 -0.02332193
v -0.24633662 0.17095125 -0.03192734
v -0.24855156 0.17680269 -0.02409357
v -0.23840010 0.18335298 -0.03131884
v -0.23609293 0.15643066 -0.04711558
v -0.24161327 0.16496308 -0.03952115
v -0.22389546 0.15039741 -0.05566530
v -0.23310444 0.17177445 -0.04410068
v -0.20112908 0.13505778 -0.06628017
v -0.21223867 0.14239946 -0.06224684
v -0.21721879 0.15641530 -0.05910973
v -0.19145152 0.13066830 -0.06857780
v -0.18247858 0.12888864 -0.07103845
v -0.19744289 0.14248505 -0.06804866
v -0.17453180 0.12844810 -0.07306850
v -0.16729268 0.12855788 -0.07431204
v -0.16645090 0.13296758 -0.07499252
v -0.18110171 0.13540177 -0.07264034
v -0.15321426 0.13507065 -0.08480204
v -0.15273720 0.13315178 -0.08227059
v -0.15193357 0.14508240 -0.08492415
v -0.15238287 0.14170671 -0.08252162
v -0.15262061 0.13723326 -0.08165542
v -0.15417343 0.13806327 -0.08749396
v -0.15678290 0.13974246 -0.09072711
v -0.15287991 0.15311714 -0.09112826
v -0.15216298 0.14955962 -0.08771918
v -0.15649579 0.14727554 -0.09324177
v -0.15262693 0.14323810 -0.08620749
v -0.18612838 0.12205012 -0.08596327
v -0.18997195 0.11022543 -0.07734156
v -0.19045912 0.10397056 -0.07318198
v -0.18642843 0.11576247 -0.08358259
v -0.18703416 0.11944807 -0.08369593
v -0.19032049 0.09910084 -0.06960437
v -0.18949759 0.09545203 -0.06735805
v -0.18495327 0.11066325 -0.08196577
v -0.18857068 0.10717026 -0.07688481
v -0.17651831 0.08020426 -0.06037637
v -0.16812411 0.09225062 -0.07464938
v -0.16572849 0.06648904 -0.06963078
v -0.17211413 0.06913252 -0.06410667
v -0.17415352 0.07568455 -0.06255228
v -0.15772179 0.08969074 -0.08329792
v -0.16339006 0.09164684 -0.07976594
v -0.16955899 0.08430539 -0.07019459
v -0.15593256 0.05890509 -0.08094398
v -0.16052914 0.06239183 -0.07501436
v -0.14754085 0.06952764 -0.08939133
v -0.14534980 0.08395609 -0.09289619
v -0.15174256 0.08717162 -0.08785813
v -0.15870936 0.07636136 -0.07850227
v -0.13789733 -0.20356973 -0.07744274
v -0.11700417 -0.19784348 -0.09495157
v -0.14218919 -0.16493879 -0.08347382
v -0.13334590 -0.16686326 -0.09552023
v -0.12964715 -0.18290599 -0.08597444
v -0.12259282 -0.16529104 -0.10652074
v -0.10647938 -0.19088812 -0.10256130
v -0.11730142 -0.18607903 -0.09429846
v -0.12292919 -0.17445344 -0.09787878
v -0.04625618 -0.14247772 -0.11925427
v -0.03073313 -0.14010295 -0.12398875
v 0.00340482 -0.13386618 -0.13004816
v 0.00271148 -0.11676540 -0.12790392
v -0.01416408 -0.13709725 -0.12767117
v -0.03006973 -0.12457103 -0.12738734
v -0.18311946 -0.16530992 -0.02959474
v -0.18727911 -0.16817416 -0.01776327
v -0.18157972 -0.17926455 -0.02881818
v -0.17505148 -0.17907280 -0.03841636
v -0.19160441 -0.16908601 -0.00759304
v -0.19248809 -0.17423919 0.00521831
v -0.18419978 -0.18287826 -0.01626293
v -0.18427829 -0.18631364 -0.00294702
v -0.18684289 -0.17389688 -0.01841667
v -0.15068310 -0.16196561 -0.07240900
v -0.15959409 -0.16062339 -0.06233915
v -0.14194152 -0.17075133 -0.07524716
v -0.17664230 -0.16326165 -0.04132579
v -0.16846760 -0.16150944 -0.05223332
v -0.16743387 -0.17973994 -0.04785054
v -0.17451397 -0.17380838 -0.03819932
v -0.15826006 -0.17172037 -0.05908822
v -0.18766615 -0.17895682 0.01778531
v -0.18624446 -0.18575482 0.03050443
v -0.18504961 -0.19067979 0.00983346
v -0.18629925 -0.19562890 0.02229377
v -0.18646601 -0.18234982 0.00738966
v -0.15062116 -0.23690429 0.10340165
v -0.14304371 -0.24317539 0.11217616
v -0.13153827 -0.25208014 0.11867765
v -0.11822316 -0.26021382 0.12315378
v -0.14090964 -0.25352323 0.10976917
v -0.08257333 -0.28320128 0.13666423
v -0.07103071 -0.28998011 0.14030826
v -0.04516973 -0.30173606 0.14642780
v -0.04580643 -0.31096336 0.14217660
v -0.05848347 -0.29623368 0.14378019
v -0.07138538 -0.30006692 0.13643359
v -0.18442063 -0.19247320 0.04302513
v -0.18517555 -0.19666350 0.05500023
v -0.18831494 -0.19849767 0.03382566
v -0.18585451 -0.19394918 0.03234026
v -0.09372115 -0.27632588 0.13178682
v -0.10529058 -0.26851308 0.12704748
v -0.11622559 -0.27119738 0.11944377
v -0.09413618 -0.28664422 0.12912343
v -0.18099254 -0.20431685 0.06604283
v -0.17121573 -0.21108170 0.07483307
v -0.18399671 -0.20452768 0.05531343
v -0.15735295 -0.22931637 0.09357506
v -0.16371185 -0.21956900 0.08438966
v -0.16104358 -0.23597178 0.09592523
v -0.17034835 -0.22007774 0.07518227
v -0.08964045 -0.13214700 -0.10814016
v -0.08975619 -0.11971989 -0.11654364
v -0.06183716 -0.14525780 -0.11326555
v -0.06096971 -0.12990372 -0.12111317
v -0.09105339 -0.14798023 -0.10456033
v -0.06355618 -0.16137536 -0.11032729
v -0.06652692 -0.16611516 -0.11994729
v -0.07654194 -0.14613120 -0.10811167
v -0.11876381 -0.15049540 -0.09662889
v -0.11957918 -0.15609547 -0.10287666
v -0.10477611 -0.14966327 -0.10072395
v -0.10915589 -0.16376512 -0.11331339
v -0.09364950 -0.16167411 -0.10880835
v -0.04621293 0.16140260 -0.11922155
v -0.03408980 0.16429171 -0.11801682
v -0.05967787 0.15879230 -0.12203236
v -0.07203063 0.15629214 -0.12304235
v -0.05679075 0.17079712 -0.11922857
v -0.08347093 0.15497407 -0.12174673
v -0.09406716 0.15484804 -0.11979689
v -0.07905865 0.16678409 -0.12098016
v -0.10363790 0.15519629 -0.11773173
v -0.11285342 0.15578814 -0.11579062
v -0.09593717 0.16584076 -0.11916497
v -0.10294763 0.17906147 -0.11877684
v -0.12100831 0.15608647 -0.11320475
v -0.13071564 0.15385927 -0.11141127
v -0.11039758 0.18024968 -0.11651149
v -0.11337247 0.16738096 -0.11635514
v -0.10595726 0.19199508 -0.11701226
v -0.11777385 0.18195966 -0.11472612
v -0.15644823 0.17234702 -0.10862464
v -0.15404075 0.16823928 -0.10964869
v -0.14396627 0.19288567 -0.11256224
v -0.15828446 0.17644188 -0.10679194
v -0.16004901 0.18093395 -0.10534766
v -0.14682236 0.19506013 -0.11053699
v -0.15118161 0.18406463 -0.11021014
v -0.14281651 0.20526503 -0.11063055
v -0.14949387 0.19702002 -0.10825385
v -0.16024463 0.18685187 -0.10467619
v -0.15599050 0.19049442 -0.10617644
v -0.15254156 0.19916616 -0.10664062
v -0.16129701 0.18692319 -0.10462589
v -0.16227956 0.18768018 -0.10376354
v -0.15939316 0.19331798 -0.10271351
v -0.15803118 0.19488250 -0.10469087
v -0.15640830 0.19594568 -0.10050538
v -0.15786427 0.20006000 -0.10252550
v -0.15526198 0.19072741 -0.09462604
v -0.15565826 0.19344686 -0.09714596
v -0.15593880 0.19904256 -0.09684172
v -0.16026890 0.22695780 -0.08305958
v -0.16296452 0.22620571 -0.07854770
v -0.16510566 0.22206996 -0.07613350
v -0.16314942 0.21692485 -0.08106505
v -0.15753654 0.22799049 -0.08736479
v -0.15381056 0.22930573 -0.09216581
v -0.15868473 0.22180001 -0.08777389
v -0.12293479 0.23419313 -0.10776459
v -0.12827028 0.23383796 -0.10659035
v -0.13582706 0.21469820 -0.11144482
v -0.13869062 0.21478894 -0.10962777
v -0.10745357 0.23164015 -0.10811926
v -0.11467610 0.23329179 -0.10805851
v -0.13132434 0.21298659 -0.11208105
v -0.12697594 0.22381799 -0.11015509
v -0.03419168 0.22463077 -0.12417920
v -0.04327315 0.22367376 -0.12205236
v -0.01530609 0.21581256 -0.12529433
v -0.01635951 0.22567676 -0.12746394
v -0.02500137 0.22539644 -0.12587495
v -0.03377326 0.21417049 -0.12309247
v -0.18597417 0.06964196 0.03182760
v -0.18203804 0.07481431 0.04194736
v -0.18381697 0.08191705 0.04439111
v -0.18134297 0.08940660 0.05281538
v -0.17983568 0.08505679 0.05170626
v -0.18754852 0.06334429 0.02184106
v -0.18947834 0.05989299 0.01012730
v -0.19122538 0.07077031 0.02238854
v -0.18737614 0.07588693 0.03378290
v -0.18520951 0.07184863 0.03348212
v -0.19192402 0.05781730 -0.00117953
v -0.19083205 0.05802466 -0.01202041
v -0.19345239 0.06611871 -0.00168641
v -0.19268951 0.06746350 0.01003636
v -0.19364686 0.06360655 0.01085596
v -0.18985209 0.06037543 -0.02151126
v -0.19175252 0.06628344 -0.02080970
v -0.19233476 0.06487843 -0.01054763
v -0.18847999 0.06294465 -0.02909803
v -0.19178042 0.06258226 -0.01222458
v -0.19045378 0.06846607 -0.02887849
v -0.18933454 0.07299235 -0.03787792
v -0.18734033 0.06760794 -0.03762213
v -0.18529254 0.07197937 -0.04453215
v -0.18977094 0.06673802 -0.02959014
v -0.18655832 0.08108235 -0.05389888
v -0.18842323 0.07691095 -0.04549297
v -0.18236357 0.07704236 -0.05215465
v -0.17856883 0.08318645 -0.05980098
v -0.18695791 0.07492340 -0.04508645
v -0.18793997 0.09202901 -0.06539473
v -0.18577752 0.08922270 -0.06347132
v -0.18544260 0.09844807 -0.07305923
v -0.18306570 0.08706335 -0.06184660
v -0.16982608 0.09696129 -0.07551353
v -0.17425567 0.08945854 -0.06707691
v -0.18064608 0.08523536 -0.06024128
v -0.17925581 0.09338992 -0.06916528
v -0.17901865 0.11501752 -0.08709340
v -0.17216140 0.12096791 -0.09149598
v -0.18214659 0.10670390 -0.08036052
v -0.17896262 0.10348247 -0.07804961
v -0.16585208 0.10467939 -0.08280081
v -0.17562133 0.10098718 -0.07628676
v -0.17264761 0.09889530 -0.07526758
v -0.17176627 0.10856814 -0.08302090
v -0.15523803 0.12361712 -0.09756795
v -0.16065556 0.11346934 -0.09054983
v -0.16396752 0.12741171 -0.09569040
v -0.16804263 0.11749150 -0.08958378
v -0.16495338 0.11245499 -0.08735681
v -0.14994660 0.13487488 -0.10308994
v -0.14209650 0.14524131 -0.10850447
v -0.15511529 0.15109980 -0.10570431
v -0.15962096 0.13880970 -0.10115620
v -0.13789316 0.15771234 -0.11123709
v -0.15588915 0.13281995 -0.10010365
v -0.14993085 0.16413610 -0.10938744
v -0.13183466 0.17095481 -0.11328285
v -0.12599771 0.18384340 -0.11453538
v -0.14457029 0.17728581 -0.11237218
v -0.14385641 0.16032092 -0.10948955
v -0.12074067 0.19620577 -0.11477187
v -0.13553151 0.20174791 -0.11345250
v -0.13996264 0.18995382 -0.11373176
v -0.12325633 0.21048149 -0.11204863
v -0.13322482 0.18645440 -0.11333580
v -0.10031488 0.23037463 -0.10912737
v -0.09346880 0.22926433 -0.11235265
v -0.10876197 0.20637779 -0.11479100
v -0.11159461 0.22031674 -0.11135738
v -0.11590725 0.20848297 -0.11381040
v -0.08687779 0.22790343 -0.11439339
v -0.09493680 0.20237817 -0.11922931
v -0.10194762 0.20411573 -0.11721268
v -0.09793070 0.21675159 -0.11562254
v -0.07658178 0.23800002 -0.11071099
v -0.06401855 0.23514095 -0.11356944
v -0.06193810 0.24501599 -0.10729338
v -0.08025207 0.22656621 -0.11591283
v -0.06327374 0.26581064 -0.09455530
v -0.05768494 0.26445922 -0.09634788
v -0.07133458 0.25758767 -0.09897762
v -0.07374619 0.24791080 -0.10459816
v -0.05981447 0.25471213 -0.10138336
v -0.06769568 0.24627250 -0.10520462
v -0.06617597 0.22417144 -0.11910278
v -0.08695401 0.20036659 -0.11935318
v -0.08389612 0.21304193 -0.11890182
v -0.07335305 0.22494826 -0.11739766
v -0.07488932 0.17865117 -0.12034580
v -0.08580264 0.17479528 -0.12001549
v -0.09003897 0.18919775 -0.11842380
v -0.09402489 0.17784320 -0.11909410
v -0.07877642 0.19935738 -0.12028269
v -0.05292805 0.34976861 -0.00072998
v -0.05214009 0.36628750 -0.00235180
v -0.05291545 0.35869175 0.00243694
v -0.05151841 0.34699333 -0.00893368
v -0.04919297 0.35026810 -0.01274078
v -0.04866941 0.35746771 -0.01068086
v -0.04157255 0.36809078 -0.01859612
v -0.04481528 0.36482528 -0.01552860
v -0.05165193 0.37306660 -0.00641017
v -0.04347362 0.37807193 -0.01844861
v -0.04998107 0.37823784 -0.01132496
v -0.04056168 0.37400067 -0.01970478
v -0.04746942 0.36291265 -0.01205121
v -0.04933107 0.36526993 -0.00824428
v -0.17139857 0.15731257 -0.07613687
v -0.16338792 0.14785503 -0.07747633
v -0.16734365 0.15186013 -0.07702202
v -0.16364372 0.14403285 -0.07663444
v -0.17062037 0.15032601 -0.07556471
v -0.16543834 0.13696450 -0.07535562
v -0.16434091 0.14058506 -0.07593283
v -0.17203465 0.13827120 -0.07449867
v -0.17341472 0.14775994 -0.07464373
v -0.16835327 0.14493307 -0.07548690
v -0.18629551 0.14398514 -0.07181415
v -0.17891902 0.14057210 -0.07378601
v -0.17908221 0.15267500 -0.07354043
v -0.17628038 0.14486599 -0.07409011
v -0.20122291 0.15419850 -0.06650721
v -0.19375634 0.14834771 -0.06967949
v -0.19013143 0.15333948 -0.07110919
v -0.18119238 0.16134246 -0.07301243
v -0.18569797 0.15812594 -0.07179545
v -0.19341314 0.16245058 -0.06898748
v -0.19239959 0.17511444 -0.06705461
v -0.22495672 0.17690757 -0.04872683
v -0.22050653 0.16828638 -0.05465144
v -0.21022965 0.16122377 -0.06201835
v -0.20233056 0.16408107 -0.06527032
v -0.20365387 0.17853953 -0.06145571
v -0.19841433 0.17076993 -0.06529126
v -0.22925998 0.18888977 -0.03765009
v -0.22761753 0.18322237 -0.04238856
v -0.20819846 0.18525150 -0.05606014
v -0.21612479 0.18117341 -0.05238039
v -0.19581556 0.19685657 -0.05879036
v -0.20046118 0.18867283 -0.05973180
v -0.21089944 0.19135392 -0.05182946
v -0.22591297 0.19960000 -0.02961611
v -0.22826080 0.19424228 -0.03318068
v -0.22058028 0.19323772 -0.04296554
v -0.21213758 0.19646776 -0.04743215
v -0.19937746 0.20562989 -0.05130440
v -0.19788653 0.20174032 -0.05509526
v -0.20476201 0.19904527 -0.05132186
v -0.21258003 0.20086476 -0.04329846
v -0.21318302 0.21164174 -0.03201370
v -0.21879552 0.21041232 -0.02553475
v -0.22298695 0.20504886 -0.02704279
v -0.21882980 0.20284663 -0.03560562
v -0.21228836 0.20493935 -0.04033271
v -0.20086673 0.20893441 -0.04788383
v -0.20795578 0.21243992 -0.03806447
v -0.20635402 0.20658813 -0.04454628
v -0.21084711 0.20847905 -0.03848783
v -0.17673597 0.23808880 -0.04853940
v -0.17376907 0.23504575 -0.05695048
v -0.18170038 0.23375201 -0.04672196
v -0.17603204 0.22795327 -0.05945246
v -0.18549646 0.21936783 -0.05645908
v -0.19283620 0.22507979 -0.04338762
v -0.18752496 0.22959772 -0.04532094
v -0.18043581 0.22354390 -0.05909010
v -0.18253440 0.22792867 -0.05313278
v -0.19582695 0.21191525 -0.05071734
v -0.19062908 0.21542045 -0.05344845
v -0.20348336 0.21653980 -0.03934497
v -0.19836980 0.22070920 -0.04105750
v -0.20253646 0.21232708 -0.04414233
v -0.19266903 0.21950231 -0.04853006
v -0.15576592 0.18677945 -0.09144886
v -0.15744911 0.18237373 -0.08807477
v -0.15702014 0.19295692 -0.09064488
v -0.16336624 0.17408653 -0.08162959
v -0.15999447 0.17812158 -0.08549193
v -0.16244282 0.18499337 -0.08427073
v -0.17078319 0.16469266 -0.07729217
v -0.16730466 0.16995470 -0.07824863
v -0.17639831 0.16398714 -0.07453285
v -0.18659206 0.17826304 -0.06965671
v -0.18304335 0.17014053 -0.07170433
v -0.17102908 0.17770298 -0.07694712
v -0.18672711 0.19436705 -0.06608067
v -0.19016212 0.18564217 -0.06731246
v -0.19328168 0.19162226 -0.06293686
v -0.17478062 0.18475966 -0.07509829
v -0.18058133 0.18156044 -0.07237823
v -0.17502561 0.20075154 -0.07450558
v -0.18061173 0.19751656 -0.07033355
v -0.16502762 0.19168024 -0.08296671
v -0.16940328 0.18816689 -0.07915080
v -0.17782271 0.19146065 -0.07290744
v -0.16993764 0.20424016 -0.07862346
v -0.16537604 0.20722799 -0.08202520
v -0.15879470 0.19882388 -0.08995920
v -0.16140600 0.19519639 -0.08602825
v -0.16749150 0.19823986 -0.08132784
v -0.04350765 0.18414636 -0.11788210
v -0.04309892 0.20318367 -0.12021767
v -0.03327613 0.20451139 -0.12097013
v -0.05420573 0.18247879 -0.11935563
v -0.06497159 0.18050155 -0.12042271
v -0.05248821 0.20203160 -0.12092441
v -0.06977245 0.18955344 -0.11895207
v -0.05044786 0.19240947 -0.11701961
v -0.14862134 0.20766866 -0.10672586
v -0.15453818 0.20116057 -0.10503976
v -0.15567063 0.20326327 -0.10455006
v -0.15660715 0.20599726 -0.10503756
v -0.15331787 0.21011598 -0.10437785
v -0.15773092 0.20512883 -0.10344935
v -0.15668720 0.20507228 -0.10056553
v -0.15631039 0.21670935 -0.09705199
v -0.15673086 0.21112567 -0.10398280
v -0.16169566 0.21113692 -0.08554858
v -0.15727013 0.20442483 -0.09663805
v -0.15738232 0.20215757 -0.09366983
v -0.15928315 0.21589668 -0.08783932
v -0.15793672 0.21595311 -0.09243692
v -0.16036358 0.20486802 -0.08856847
v -0.15770283 0.21013534 -0.09639233
v -0.14600322 0.22967668 -0.09710105
v -0.15032661 0.23029503 -0.09666894
v -0.15465380 0.22377677 -0.09764167
v -0.15305075 0.21720073 -0.10394512
v -0.15563644 0.21749191 -0.10170540
v -0.13784526 0.22999100 -0.09944341
v -0.14186990 0.22934654 -0.09752848
v -0.14790593 0.21594033 -0.10354090
v -0.15062483 0.21643491 -0.10333200
v -0.14798637 0.22294055 -0.10077286
v -0.13164663 0.23249310 -0.10475229
v -0.13426566 0.23073600 -0.10164045
v -0.14146908 0.21504666 -0.10722066
v -0.13498774 0.22396119 -0.10767829
v -0.14458244 0.21552715 -0.10518198
v -0.14112636 0.22294466 -0.10284069
v -0.05168498 0.22355723 -0.12059821
v -0.05912738 0.22368468 -0.11990321
v -0.05200454 0.21231508 -0.12152101
v -0.06836046 0.21135409 -0.12158036
v -0.07027774 0.19965659 -0.12125134
v -0.06168658 0.20087248 -0.12116966
v -0.01059927 0.19703750 -0.11864532
v -0.01403943 0.20638107 -0.12242137
v -0.01187920 0.18843934 -0.11800966
v -0.02322130 0.20550251 -0.12142692
v -0.03015722 0.19486567 -0.11693325
v -0.18658161 0.22784744 0.04668832
v -0.18876334 0.21929397 0.05529960
v -0.17194635 0.23106229 0.05359115
v -0.17550828 0.22238883 0.06174987
v -0.18302411 0.21379445 0.06032294
v -0.18403955 0.23639861 0.03933825
v -0.18215804 0.24472874 0.03267497
v -0.17234218 0.25144187 0.03931373
v -0.17182271 0.24067357 0.04601697
v -0.17768815 0.23387688 0.04587600
v -0.18215606 0.25220689 0.02659753
v -0.17912267 0.25604564 0.01601027
v -0.17102128 0.26609221 0.02003262
v -0.17154324 0.26050261 0.03068784
v -0.17577510 0.25187606 0.03309160
v -0.17576872 0.25925273 0.00500098
v -0.17250356 0.26383099 -0.00522524
v -0.17025933 0.27025306 0.00865956
v -0.16836847 0.27373928 -0.00314284
v -0.16930598 0.27201247 -0.00973643
v -0.17255443 0.26385778 0.01256576
v 0.00657246 -0.05565690 -0.13701631
v 0.00447375 -0.06997597 -0.12888464
v -0.02593100 -0.06200121 -0.12662205
v -0.02393701 -0.04993015 -0.12116516
v -0.00837055 -0.04500612 -0.12424288
v 0.00077674 -0.10137130 -0.12346183
v 0.00166426 -0.08129887 -0.11871135
v -0.02729949 -0.07754152 -0.12008344
v -0.01550128 -0.10569148 -0.12377392
v -0.01173131 -0.07490891 -0.12465741
v -0.04258928 -0.08161103 -0.11729126
v -0.05730413 -0.08513960 -0.11592913
v -0.04600827 -0.11178768 -0.12483528
v -0.03100294 -0.10907838 -0.12450615
v -0.03113910 -0.09156813 -0.11421774
v -0.00196881 0.09765980 -0.12523329
v -0.00391354 0.11108214 -0.12431607
v -0.02020644 0.12004901 -0.12478012
v -0.03550953 0.11547115 -0.12630609
v -0.01657209 0.09338852 -0.12663405
v -0.03367133 0.10222641 -0.12757498
v -0.01060055 0.16868566 -0.11793435
v -0.01140114 0.17882940 -0.11553650
v -0.02172614 0.16659097 -0.11838209
v -0.03344742 0.17535287 -0.11551145
v -0.03293936 0.18573779 -0.11760681
v -0.02188682 0.18692158 -0.11834905
v -0.09030234 0.12764354 0.14678501
v -0.08931956 0.11949957 0.14919826
v -0.10492242 0.12263951 0.15210366
v -0.09129187 0.13665654 0.14500667
v -0.09238794 0.14577468 0.14363901
v -0.10131099 0.14813584 0.14602274
v -0.10597387 0.13154218 0.15044335
v -0.09780397 0.12995276 0.14920609
v -0.11027053 0.15001731 0.14635840
v -0.11404967 0.13151896 0.14795488
v -0.10758358 0.14052030 0.14841402
v -0.11895441 0.12146923 0.14455886
v -0.12061340 0.13054805 0.14310983
v -0.12544769 0.11897260 0.13380954
v -0.13039330 0.14735699 0.13351667
v -0.12314899 0.13975993 0.14150272
v -0.12725729 0.12739179 0.13205656
v -0.12445055 0.12903222 0.13735135
v -0.13612476 0.14207126 0.12258206
v -0.13314699 0.14481775 0.12790087
v -0.13026460 0.12527543 0.12659074
v -0.13008761 0.13593984 0.13026148
v -0.14211719 0.10586949 0.11632431
v -0.14391297 0.11242699 0.11477779
v -0.13286012 0.11588625 0.12318226
v -0.13484903 0.12316716 0.12152071
v -0.14594883 0.11873613 0.11333203
v -0.14082208 0.13923596 0.11736075
v -0.14634855 0.13656718 0.11295675
v -0.14852205 0.12567155 0.11144450
v -0.13768114 0.13088717 0.11982679
v -0.14051077 0.12136284 0.11757105
v -0.12339445 0.09578758 0.13669856
v -0.11992408 0.09647173 0.14190984
v -0.11777873 0.11299377 0.14561550
v -0.12153317 0.11195981 0.14026430
v -0.10887751 0.09730562 0.15151964
v -0.11526244 0.09696697 0.14717719
v -0.11160131 0.11372148 0.15028752
v -0.10390442 0.11396763 0.15296786
v -0.11662608 0.10485892 0.14641286
v -0.10185243 0.09771822 0.15497378
v -0.09507350 0.09661865 0.15661184
v -0.08638365 0.10591900 0.15511711
v -0.08888389 0.09959528 0.15731606
v -0.08828031 0.11229989 0.15214881
v -0.09607832 0.11325593 0.15257011
v -0.10293099 0.10565467 0.15398392
v -0.14026888 0.09981600 0.11739714
v -0.13502350 0.09475669 0.12243195
v -0.13920438 0.09426889 0.11832382
v -0.13157608 0.10862272 0.12485806
v -0.13670468 0.10761565 0.12070215
v -0.12689854 0.09526856 0.13153288
v -0.13092363 0.09499986 0.12683357
v -0.12734270 0.10972489 0.12979619
v -0.12432032 0.11094396 0.13519493
v -0.12370814 0.10327750 0.13604303
v -0.13079937 0.10176612 0.12594940
v -0.02274729 0.28361249 0.08762662
v -0.02189742 0.27815229 0.09078647
v -0.03448402 0.27412900 0.09211265
v -0.03524181 0.27854371 0.08880371
v -0.02339122 0.28899196 0.08331831
v -0.03504719 0.28744859 0.07937900
v -0.03573143 0.28250036 0.08494771
v -0.02978167 0.28341931 0.08776493
v -0.00958327 0.12405606 0.14343838
v -0.00957588 0.11401863 0.14896083
v -0.02790254 0.10844860 0.15300144
v -0.02689970 0.11988515 0.14762197
v -0.01874831 0.10526522 0.15411571
v -0.01232475 0.16330363 0.12287080
v -0.01141338 0.15298153 0.12718590
v -0.02753044 0.16071205 0.12901977
v -0.02645283 0.15033548 0.13315421
v -0.01413662 0.18581642 0.11689615
v -0.01306234 0.17408730 0.11950015
v -0.02858992 0.18192993 0.12078793
v -0.02826666 0.17089921 0.12495197
v -0.01982367 0.16664436 0.12359651
v -0.01621582 0.21090820 0.10983676
v -0.01507952 0.19852854 0.11384392
v -0.02959599 0.20701532 0.11547070
v -0.02896488 0.19417340 0.11818330
v -0.02356295 0.21425761 0.11116311
v -0.02129222 0.18931477 0.11723675
v -0.02086520 0.27237016 0.09313726
v -0.01982385 0.26668116 0.09463291
v -0.03260504 0.26364410 0.09848894
v -0.03364583 0.26898459 0.09528394
v -0.02559881 0.26273870 0.09884843
v -0.02798205 0.27404723 0.09426929
v -0.01038501 0.14315815 0.13287997
v -0.00973761 0.13363802 0.13869382
v -0.02644439 0.13014166 0.14327869
v -0.02616531 0.14003342 0.13895111
v -0.01756465 0.12633906 0.14286377
v -0.01816660 0.14600620 0.13194099
v -0.18202138 -0.26443699 -0.04096780
v -0.16438022 -0.25177950 -0.06691466
v -0.17753473 -0.24160196 -0.03506137
v -0.18024394 -0.25213176 -0.03726947
v -0.16123690 -0.24520580 -0.05778605
v -0.16899063 -0.23872630 -0.04618967
v -0.17512035 -0.26106206 -0.04768284
v -0.15128213 -0.24933171 -0.06980520
v -0.16398756 -0.26483896 -0.06280610
v -0.16364311 -0.25672653 -0.05892128
v -0.15657771 -0.26772174 -0.07614926
v -0.15032782 -0.26686597 -0.07789271
v -0.05257336 -0.18600526 -0.13360198
v -0.03469325 -0.19699275 -0.13250384
v 0.00096345 -0.21811244 -0.12833032
v -0.02998320 -0.22841269 -0.12445162
v -0.01112115 -0.22908318 -0.12708609
v -0.01637612 -0.20704409 -0.12982878
v -0.03557375 -0.20879479 -0.12720026
v -0.04616100 -0.22802190 -0.12153190
v -0.05121245 -0.21258305 -0.12430091
v -0.03869945 -0.21871904 -0.12416702
v -0.15904629 -0.19605346 -0.05919084
v -0.14917657 -0.19938189 -0.06836418
v -0.16254008 -0.18504880 -0.05702819
v -0.14015770 -0.19093116 -0.07906573
v -0.14133318 -0.18022868 -0.08041683
v -0.14946592 -0.17686321 -0.06811682
v -0.15856728 -0.17938043 -0.05808010
v -0.13845323 -0.22769690 -0.07917875
v -0.13795443 -0.21585453 -0.07833314
v -0.11710753 -0.20876846 -0.09609856
v -0.12758599 -0.20676622 -0.08733193
v -0.04869291 -0.25522122 -0.12194850
v -0.05227616 -0.24579269 -0.12082173
v -0.04607228 -0.26425651 -0.12276378
v -0.04450239 -0.27198684 -0.12304633
v -0.05962812 -0.26262099 -0.12077004
v -0.07325633 -0.25920501 -0.11744443
v -0.06733223 -0.26927501 -0.12037710
v -0.07697327 -0.25074077 -0.11445950
v -0.08677852 -0.25625238 -0.11349612
v -0.13869631 -0.23944227 -0.07945038
v -0.13911085 -0.25016469 -0.08108003
v -0.12745932 -0.22906347 -0.08917681
v -0.13877663 -0.25826547 -0.08457129
v -0.13592069 -0.26167187 -0.08925088
v -0.10692538 -0.24999908 -0.10318062
v -0.12580925 -0.24855961 -0.09100338
v -0.05615588 -0.23675083 -0.11893206
v -0.06041681 -0.22801143 -0.11762057
v -0.06684963 -0.24451585 -0.11683585
v -0.08136118 -0.24345006 -0.11155228
v -0.09607077 -0.24386691 -0.10620785
v -0.11302420 -0.23880398 -0.09705430
v -0.11103487 -0.24571182 -0.09923583
v -0.08477345 -0.23645583 -0.10932797
v -0.10666331 -0.20908663 -0.10422972
v -0.11671852 -0.21886741 -0.09782460
v -0.11507120 -0.22911203 -0.09699937
v -0.10186370 -0.22925203 -0.10373350
v -0.12720653 -0.25814486 -0.09790899
v -0.09381892 -0.26128724 -0.11364114
v -0.10146481 -0.25391868 -0.10786524
v -0.11796226 -0.25501424 -0.10039181
v -0.01282352 -0.27811626 -0.12545349
v -0.02799818 -0.27726540 -0.12464389
v -0.04297441 -0.27711380 -0.12353379
v -0.05695179 -0.27891761 -0.12295396
v -0.07060095 -0.27310485 -0.12098879
v 0.01937650 -0.27687195 -0.12869178
v 0.00350900 -0.27771762 -0.12717269
v -0.06674518 -0.21004114 -0.12208903
v -0.06349919 -0.21936774 -0.11829932
v -0.07429058 -0.22832929 -0.11331848
v -0.08791026 -0.22870390 -0.10865354
v -0.09155311 -0.21938732 -0.11057411
v -0.09910358 -0.19975272 -0.10758302
v -0.09644575 -0.18808408 -0.11241350
v -0.07280263 -0.19797978 -0.12098812
v -0.09521894 -0.20888032 -0.11131860
v -0.08195908 -0.20905669 -0.11758959
v -0.06856107 -0.17437780 -0.13005352
v -0.09759924 -0.17842069 -0.12001924
v -0.08150663 -0.16400826 -0.11755867
v -0.09533583 -0.16358995 -0.11571591
v -0.06961135 -0.18705197 -0.12835686
v -0.08403959 -0.18738751 -0.12113057
v -0.08752974 -0.10508091 -0.11379473
v -0.07167786 -0.08796310 -0.11376170
v -0.08580169 -0.08999525 -0.11091536
v -0.06079996 -0.11491574 -0.12447779
v -0.07554889 -0.11703432 -0.12284037
v -0.06022235 -0.10064651 -0.11275988
v -0.19092208 -0.24067643 0.03471925
v -0.18823074 -0.23863457 0.04538638
v -0.18476662 -0.23693621 0.05563685
v -0.13153285 -0.25924668 -0.09906970
v -0.12106647 -0.26216942 -0.10521674
v -0.10881987 -0.26133001 -0.11050127
v -0.08399846 -0.27068469 -0.11876212
v -0.09658532 -0.26713294 -0.11538770
v -0.14838718 -0.26563981 0.10118361
v -0.15727012 -0.25549778 0.09407885
v -0.14890027 -0.25227326 0.10097071
v -0.13783859 -0.26181602 0.10662661
v -0.13874699 -0.27568191 0.10716359
v -0.12883608 -0.28500926 0.11113569
v -0.12689735 -0.27151319 0.11243954
v -0.11616300 -0.28031427 0.11758957
v -0.13776897 -0.26963699 0.10676886
v -0.10108593 -0.30420130 0.11929668
v -0.09042808 -0.30934465 0.12278116
v -0.08447768 -0.30152500 0.12871140
v -0.07301489 -0.30776396 0.13218209
v -0.04999493 -0.32113183 0.13484849
v -0.04752273 -0.31767914 0.13819444
v -0.06528071 -0.31926280 0.12998435
v -0.07792711 -0.31478050 0.12609361
v -0.06068049 -0.31312311 0.13537030
v -0.07547876 -0.31236124 0.12866050
v -0.18513024 -0.21040146 0.03571086
v -0.18722898 -0.20473425 0.03492331
v -0.18462059 -0.21596622 0.04738019
v -0.18626042 -0.20453475 0.04517578
v -0.17977887 -0.21130565 0.05508101
v -0.11060318 -0.29873353 0.11652111
v -0.11968347 -0.29265261 0.11388260
v -0.09542269 -0.29478461 0.12553653
v -0.10572732 -0.28782028 0.12171260
v -0.11747634 -0.28738570 0.11557448
v -0.09750879 -0.30079776 0.12195047
v -0.18258685 -0.22242752 0.05795539
v -0.17972378 -0.22915587 0.06827463
v -0.17606682 -0.21935874 0.06604118
v -0.17320518 -0.22680391 0.07696705
v -0.18109706 -0.21763474 0.05676251
v -0.17269954 -0.23702586 0.07743034
v -0.16488203 -0.24585202 0.08579117
v -0.16002956 -0.24387652 0.09515385
v -0.16864635 -0.23488900 0.08721969
v -0.15716359 -0.24993280 0.09349678
v -0.17498234 -0.23246904 0.07807256
v -0.14894912 -0.12670760 0.13059619
v -0.11717863 -0.11524409 0.14845164
v -0.13874938 -0.13015416 0.14115576
v -0.14316916 -0.11616659 0.12844884
v -0.12342724 -0.11784709 0.14959954
v -0.11027575 -0.08119757 0.14844826
v -0.11351593 -0.06699613 0.15375611
v -0.13096835 -0.08756895 0.12221009
v -0.13274908 -0.07473760 0.12529978
v -0.12457846 -0.06394261 0.14136457
v -0.10677940 -0.09338080 0.14259389
v -0.10862150 -0.10993782 0.14382623
v -0.14074384 -0.11598250 0.13024923
v -0.13323677 -0.10399294 0.12387291
v -0.12933895 -0.11614474 0.14019665
v -0.11970589 -0.09072240 0.13342573
v -0.17016111 -0.01988823 0.08940934
v -0.17268547 -0.03229835 0.08696853
v -0.18109718 -0.04200160 0.07135186
v -0.18534237 -0.03985239 0.05769503
v -0.18085578 -0.02757710 0.05950271
v -0.17559268 -0.01674859 0.07583649
v -0.12530906 0.17159432 0.13824625
v -0.11616298 0.17124775 0.13891301
v -0.11341651 0.16068463 0.14286861
v -0.12965612 0.15979882 0.13691393
v -0.11913345 0.15074460 0.14430320
v -0.12644012 0.14972481 0.13960740
f 1925 2 1928
f 1928 4 1927
f 1927 1 1925
f 1925 1928 1927
f 1928 2 1926
f 1926 3 1929
f 1929 4 1928
f 1928 1926 1929
f 1932 7 1931
f 1931 5 1930
f 1930 6 1932
f 1932 1931 1930
f 1931 7 1934
f 1934 8 1933
f 1933 5 1931
f 1931 1934 1933
f 1932 6 1935
f 1935 9 1936
f 1936 7 1932
f 1932 1935 1936
f 1935 6 1937
f 1937 10 1938
f 1938 9 1935
f 1935 1937 1938
f 1941 13 1940
f 1940 11 1939
f 1939 12 1941
f 1941 1940 1939
f 1940 13 1943
f 1943 14 1942
f 1942 11 1940
f 1940 1943 1942
f 1944 16 1947
f 1947 18 1946
f 1946 15 1944
f 1944 1947 1946
f 1947 16 1945
f 1945 17 1948
f 1948 18 1947
f 1947 1945 1948
f 1951 21 1950
f 1950 19 1949
f 1949 20 1951
f 1951 1950 1949
f 1950 21 1953
f 1953 22 1952
f 1952 19 1950
f 1950 1953 1952
f 1957 25 1956
f 1956 23 1954
f 1954 24 1957
f 1957 1956 1954
f 1956 25 1960
f 1960 26 1959
f 1959 23 1956
f 1956 1960 1959
f 1963 29 1962
f 1962 27 1961
f 1961 28 1963
f 1963 1962 1961
f 1962 29 1965
f 1965 30 1964
f 1964 27 1962
f 1962 1965 1964
f 1966 32 1969
f 1969 34 1968
f 1968 31 1966
f 1966 1969 1968
f 1969 32 1967
f 1967 33 1970
f 1970 34 1969
f 1969 1967 1970
f 1973 37 1972
f 1972 35 1971
f 1971 36 1973
f 1973 1972 1971
f 1972 37 1975
f 1975 38 1974
f 1974 35 1972
f 1972 1975 1974
f 1979 41 1978
f 1978 39 1976
f 1976 40 1979
f 1979 1978 1976
f 1978 41 1983
f 1983 42 1982
f 1982 39 1978
f 1978 1983 1982
f 1986 45 1985
f 1985 43 1984
f 1984 44 1986
f 1986 1985 1984
f 1985 45 1988
f 1988 46 1987
f 1987 43 1985
f 1985 1988 1987
f 1991 49 1990
f 1990 47 1989
f 1989 48 1991
f 1991 1990 1989
f 1990 49 1993
f 1993 50 1992
f 1992 47 1990
f 1990 1993 1992
f 1994 52 1997
f 1997 54 1996
f 1996 51 1994
f 1994 1997 1996
f 1997 52 1995
f 1995 53 1998
f 1998 54 1997
f 1997 1995 1998
f 2000 56 2005
f 2005 58 2004
f 2004 55 2000
f 2000 2005 2004
f 2005 56 2003
f 2003 57 2006
f 2006 58 2005
f 2005 2003 2006
f 2009 61 2008
f 2008 59 2007
f 2007 60 2009
f 2009 2008 2007
f 2008 61 2011
f 2011 62 2010
f 2010 59 2008
f 2008 2011 2010
f 1974 38 2013
f 2013 63 2012
f 2012 35 1974
f 1974 2013 2012
f 2013 38 2015
f 2015 64 2018
f 2018 63 2013
f 2013 2015 2018
f 2026 67 2025
f 2025 65 2023
f 2023 66 2026
f 2026 2025 2023
f 2025 67 2030
f 2030 68 2029
f 2029 65 2025
f 2025 2030 2029
f 2031 69 2032
f 2032 18 1948
f 1948 17 2031
f 2031 2032 1948
f 2032 69 2034
f 2034 70 2033
f 2033 18 2032
f 2032 2034 2033
f 2040 73 2039
f 2039 71 2038
f 2038 72 2040
f 2040 2039 2038
f 2039 73 2042
f 2042 74 2041
f 2041 71 2039
f 2039 2042 2041
f 2048 77 2047
f 2047 75 2046
f 2046 76 2048
f 2048 2047 2046
f 2047 77 2051
f 2051 78 2050
f 2050 75 2047
f 2047 2051 2050
f 2057 81 2056
f 2056 79 2055
f 2055 80 2057
f 2057 2056 2055
f 2056 81 2059
f 2059 82 2058
f 2058 79 2056
f 2056 2059 2058
f 1938 10 2061
f 2061 83 2060
f 2060 9 1938
f 1938 2061 2060
f 2061 10 2064
f 2064 84 2067
f 2067 83 2061
f 2061 2064 2067
f 2069 86 2075
f 2075 88 2074
f 2074 85 2069
f 2069 2075 2074
f 2075 86 2073
f 2073 87 2076
f 2076 88 2075
f 2075 2073 2076
f 2077 90 2084
f 2084 92 2083
f 2083 89 2077
f 2077 2084 2083
f 2084 90 2080
f 2080 91 2085
f 2085 92 2084
f 2084 2080 2085
f 1991 48 2086
f 2086 93 2087
f 2087 49 1991
f 1991 2086 2087
f 2086 48 2088
f 2088 94 2090
f 2090 93 2086
f 2086 2088 2090
f 2058 82 2092
f 2092 95 2091
f 2091 79 2058
f 2058 2092 2091
f 2092 82 2093
f 2093 96 2094
f 2094 95 2092
f 2092 2093 2094
f 2095 98 2098
f 2098 100 2097
f 2097 97 2095
f 2095 2098 2097
f 2098 98 2096
f 2096 99 2099
f 2099 100 2098
f 2098 2096 2099
f 2106 103 2105
f 2105 101 2102
f 2102 102 2106
f 2106 2105 2102
f 2105 103 2108
f 2108 104 2107
f 2107 101 2105
f 2105 2108 2107
f 2112 77 2109
f 2109 105 2116
f 2116 106 2112
f 2112 2109 2116
f 2109 77 2118
f 2118 107 2119
f 2119 105 2109
f 2109 2118 2119
f 2123 102 2121
f 2121 108 2124
f 2124 109 2123
f 2123 2121 2124
f 2121 102 2102
f 2102 101 2120
f 2120 108 2121
f 2121 2102 2120
f 2127 13 2125
f 2125 110 2129
f 2129 111 2127
f 2127 2125 2129
f 2125 13 2066
f 2066 84 2126
f 2126 110 2125
f 2125 2066 2126
f 2130 112 2131
f 2131 84 2064
f 2064 10 2130
f 2130 2131 2064
f 2131 112 2132
f 2132 110 2126
f 2126 84 2131
f 2131 2132 2126
f 2137 114 2136
f 2136 112 2135
f 2135 113 2137
f 2137 2136 2135
f 2136 114 2140
f 2140 115 2139
f 2139 112 2136
f 2136 2140 2139
f 2146 117 2144
f 2144 113 2143
f 2143 116 2146
f 2146 2144 2143
f 2144 117 2145
f 2145 114 2137
f 2137 113 2144
f 2144 2145 2137
f 2147 1 2148
f 2148 119 2150
f 2150 118 2147
f 2147 2148 2150
f 2148 1 1927
f 1927 4 2149
f 2149 119 2148
f 2148 1927 2149
f 2114 106 2115
f 2115 88 2076
f 2076 87 2114
f 2114 2115 2076
f 2115 106 2116
f 2116 105 2110
f 2110 88 2115
f 2115 2116 2110
f 2000 55 2151
f 2151 120 2152
f 2152 56 2000
f 2000 2151 2152
f 2151 55 2155
f 2155 121 2156
f 2156 120 2151
f 2151 2155 2156
f 2159 122 2158
f 2158 79 2091
f 2091 95 2159
f 2159 2158 2091
f 2158 122 2157
f 2157 74 2052
f 2052 79 2158
f 2158 2157 2052
f 2162 125 2161
f 2161 123 2160
f 2160 124 2162
f 2162 2161 2160
f 2161 125 2164
f 2164 126 2163
f 2163 123 2161
f 2161 2164 2163
f 2168 128 2167
f 2167 26 2165
f 2165 127 2168
f 2168 2167 2165
f 2167 128 2166
f 2166 23 1959
f 1959 26 2167
f 2167 2166 1959
f 2169 130 2172
f 2172 132 2171
f 2171 129 2169
f 2169 2172 2171
f 2172 130 2170
f 2170 131 2173
f 2173 132 2172
f 2172 2170 2173
f 2174 134 2177
f 2177 136 2176
f 2176 133 2174
f 2174 2177 2176
f 2177 134 2175
f 2175 135 2178
f 2178 136 2177
f 2177 2175 2178
f 2181 50 2180
f 2180 137 2182
f 2182 138 2181
f 2181 2180 2182
f 2180 50 1993
f 1993 49 2179
f 2179 137 2180
f 2180 1993 2179
f 2185 141 2184
f 2184 139 2183
f 2183 140 2185
f 2185 2184 2183
f 2184 141 2187
f 2187 142 2186
f 2186 139 2184
f 2184 2187 2186
f 2190 145 2189
f 2189 143 2188
f 2188 144 2190
f 2190 2189 2188
f 2189 145 2192
f 2192 146 2191
f 2191 143 2189
f 2189 2192 2191
f 2195 149 2194
f 2194 147 2193
f 2193 148 2195
f 2195 2194 2193
f 2194 149 2197
f 2197 150 2196
f 2196 147 2194
f 2194 2197 2196
f 2163 126 2199
f 2199 151 2198
f 2198 123 2163
f 2163 2199 2198
f 2199 126 2201
f 2201 152 2202
f 2202 151 2199
f 2199 2201 2202
f 2203 153 2204
f 2204 60 2007
f 2007 59 2203
f 2203 2204 2007
f 2204 153 2207
f 2207 154 2206
f 2206 60 2204
f 2204 2207 2206
f 2210 157 2209
f 2209 155 2208
f 2208 156 2210
f 2210 2209 2208
f 2209 157 2212
f 2212 158 2211
f 2211 155 2209
f 2209 2212 2211
f 2214 160 2215
f 2215 159 2213
f 2213 24 2214
f 2214 2215 2213
f 2215 160 2217
f 2217 161 2216
f 2216 159 2215
f 2215 2217 2216
f 2220 164 2219
f 2219 162 2218
f 2218 163 2220
f 2220 2219 2218
f 2219 164 2222
f 2222 165 2221
f 2221 162 2219
f 2219 2222 2221
f 2225 168 2224
f 2224 166 2223
f 2223 167 2225
f 2225 2224 2223
f 2224 168 2227
f 2227 169 2226
f 2226 166 2224
f 2224 2227 2226
f 2228 171 2231
f 2231 173 2230
f 2230 170 2228
f 2228 2231 2230
f 2231 171 2229
f 2229 172 2232
f 2232 173 2231
f 2231 2229 2232
f 2237 175 2242
f 2242 177 2241
f 2241 174 2237
f 2237 2242 2241
f 2242 175 2240
f 2240 176 2243
f 2243 177 2242
f 2242 2240 2243
f 2248 180 2247
f 2247 178 2245
f 2245 179 2248
f 2248 2247 2245
f 2247 180 2254
f 2254 181 2253
f 2253 178 2247
f 2247 2254 2253
f 2257 184 2256
f 2256 182 2255
f 2255 183 2257
f 2257 2256 2255
f 2256 184 2259
f 2259 185 2258
f 2258 182 2256
f 2256 2259 2258
f 2262 188 2261
f 2261 186 2260
f 2260 187 2262
f 2262 2261 2260
f 2261 188 2264
f 2264 189 2263
f 2263 186 2261
f 2261 2264 2263
f 2267 192 2266
f 2266 190 2265
f 2265 191 2267
f 2267 2266 2265
f 2266 192 2269
f 2269 193 2268
f 2268 190 2266
f 2266 2269 2268
f 2272 196 2271
f 2271 194 2270
f 2270 195 2272
f 2272 2271 2270
f 2271 196 2275
f 2275 197 2274
f 2274 194 2271
f 2271 2275 2274
f 2278 128 2276
f 2276 198 2279
f 2279 199 2278
f 2278 2276 2279
f 2276 128 2281
f 2281 200 2282
f 2282 198 2276
f 2276 2281 2282
f 2284 202 2287
f 2287 204 2286
f 2286 201 2284
f 2284 2287 2286
f 2287 202 2285
f 2285 203 2288
f 2288 204 2287
f 2287 2285 2288
f 2291 44 2290
f 2290 205 2292
f 2292 206 2291
f 2291 2290 2292
f 2290 44 1984
f 1984 43 2289
f 2289 205 2290
f 2290 1984 2289
f 2299 209 2298
f 2298 207 2295
f 2295 208 2299
f 2299 2298 2295
f 2298 209 2301
f 2301 210 2300
f 2300 207 2298
f 2298 2301 2300
f 2305 212 2304
f 2304 142 2302
f 2302 211 2305
f 2305 2304 2302
f 2304 212 2303
f 2303 139 2186
f 2186 142 2304
f 2304 2303 2186
f 2309 215 2308
f 2308 213 2306
f 2306 214 2309
f 2309 2308 2306
f 2308 215 2313
f 2313 216 2312
f 2312 213 2308
f 2308 2313 2312
f 2179 49 2314
f 2314 217 2316
f 2316 137 2179
f 2179 2314 2316
f 2314 49 2087
f 2087 93 2315
f 2315 217 2314
f 2314 2087 2315
f 2312 216 2318
f 2318 218 2317
f 2317 213 2312
f 2312 2318 2317
f 2318 216 2320
f 2320 219 2322
f 2322 218 2318
f 2318 2320 2322
f 2328 224 2327
f 2327 222 2326
f 2326 223 2328
f 2328 2327 2326
f 2327 224 2330
f 2330 225 2329
f 2329 222 2327
f 2327 2330 2329
f 2332 226 2331
f 2334 226 2332
f 2326 222 2336
f 2336 229 2337
f 2337 223 2326
f 2326 2336 2337
f 2336 222 2335
f 2335 228 2338
f 2338 229 2336
f 2336 2335 2338
f 2342 3 2343
f 2345 3 2342
f 2347 232 2348
f 2348 224 2328
f 2328 223 2347
f 2347 2348 2328
f 2348 232 2350
f 2350 233 2349
f 2349 224 2348
f 2348 2350 2349
f 2325 221 2333
f 2355 235 2353
f 2353 93 2351
f 2351 234 2355
f 2355 2353 2351
f 2353 235 2354
f 2354 217 2315
f 2315 93 2353
f 2353 2354 2315
f 2356 237 2359
f 2359 239 2358
f 2358 236 2356
f 2356 2359 2358
f 2359 237 2357
f 2357 238 2360
f 2360 239 2359
f 2359 2357 2360
f 2366 241 2365
f 2365 219 2362
f 2362 240 2366
f 2366 2365 2362
f 2365 241 2364
f 2364 218 2322
f 2322 219 2365
f 2365 2364 2322
f 2368 234 2352
f 2352 94 2367
f 2367 242 2368
f 2368 2352 2367
f 2352 234 2351
f 2351 93 2090
f 2090 94 2352
f 2352 2351 2090
f 2373 245 2372
f 2372 243 2370
f 2370 244 2373
f 2373 2372 2370
f 2372 245 2371
f 2371 96 2369
f 2369 243 2372
f 2372 2371 2369
f 2376 248 2375
f 2375 246 2374
f 2374 247 2376
f 2376 2375 2374
f 2375 248 2378
f 2378 249 2377
f 2377 246 2375
f 2375 2378 2377
f 2386 254 2385
f 2385 252 2384
f 2384 253 2386
f 2386 2385 2384
f 2385 254 2388
f 2388 255 2387
f 2387 252 2385
f 2385 2388 2387
f 2390 256 2389
f 2389 218 2364
f 2364 241 2390
f 2390 2389 2364
f 2389 256 2393
f 2393 257 2392
f 2392 218 2389
f 2389 2393 2392
f 2400 260 2399
f 2399 258 2395
f 2395 259 2400
f 2400 2399 2395
f 2399 260 2398
f 2398 257 2394
f 2394 258 2399
f 2399 2398 2394
f 2404 263 2403
f 2403 261 2401
f 2401 262 2404
f 2404 2403 2401
f 2403 263 2408
f 2408 264 2407
f 2407 261 2403
f 2403 2408 2407
f 2413 266 2411
f 2411 144 2409
f 2409 265 2413
f 2413 2411 2409
f 2411 266 2412
f 2412 145 2190
f 2190 144 2411
f 2411 2412 2190
f 2417 269 2416
f 2416 249 2414
f 2414 268 2417
f 2417 2416 2414
f 2416 269 2415
f 2415 246 2377
f 2377 249 2416
f 2416 2415 2377
f 2423 271 2421
f 2421 243 2420
f 2420 270 2423
f 2423 2421 2420
f 2421 271 2428
f 2428 272 2424
f 2424 243 2421
f 2421 2428 2424
f 2431 275 2430
f 2430 273 2429
f 2429 274 2431
f 2431 2430 2429
f 2430 275 2433
f 2433 276 2432
f 2432 273 2430
f 2430 2433 2432
f 2437 278 2436
f 2436 276 2434
f 2434 277 2437
f 2437 2436 2434
f 2436 278 2435
f 2435 273 2432
f 2432 276 2436
f 2436 2435 2432
f 2447 281 2446
f 2446 279 2441
f 2441 280 2447
f 2447 2446 2441
f 2446 281 2445
f 2445 109 2438
f 2438 279 2446
f 2446 2445 2438
f 2451 111 2449
f 2449 282 2452
f 2452 283 2451
f 2451 2449 2452
f 2449 111 2129
f 2129 110 2448
f 2448 282 2449
f 2449 2129 2448
f 2381 252 2382
f 2382 233 2350
f 2350 232 2381
f 2381 2382 2350
f 2382 252 2454
f 2454 284 2453
f 2453 233 2382
f 2382 2454 2453
f 2459 253 2383
f 2383 232 2458
f 2458 285 2459
f 2459 2383 2458
f 2383 253 2384
f 2384 252 2381
f 2381 232 2383
f 2383 2384 2381
f 2466 242 2464
f 2464 286 2467
f 2467 287 2466
f 2466 2464 2467
f 2464 242 2367
f 2367 94 2462
f 2462 286 2464
f 2464 2367 2462
f 2035 71 2089
f 2089 94 2088
f 2088 48 2035
f 2035 2089 2088
f 2089 71 2460
f 2460 286 2462
f 2462 94 2089
f 2089 2460 2462
f 2471 289 2469
f 2469 35 2468
f 2468 288 2471
f 2471 2469 2468
f 2469 289 2470
f 2470 36 1971
f 1971 35 2469
f 2469 2470 1971
f 2473 290 2474
f 2474 104 2108
f 2108 103 2473
f 2473 2474 2108
f 2474 290 2476
f 2476 291 2475
f 2475 104 2474
f 2474 2476 2475
f 2480 293 2478
f 2478 214 2477
f 2477 292 2480
f 2480 2478 2477
f 2478 293 2479
f 2479 215 2309
f 2309 214 2478
f 2478 2479 2309
f 2487 296 2486
f 2486 294 2484
f 2484 295 2487
f 2487 2486 2484
f 2486 296 2490
f 2490 297 2489
f 2489 294 2486
f 2486 2490 2489
f 2496 299 2495
f 2495 297 2492
f 2492 298 2496
f 2496 2495 2492
f 2495 299 2494
f 2494 294 2489
f 2489 297 2495
f 2495 2494 2489
f 2496 298 2500
f 2500 301 2501
f 2501 299 2496
f 2496 2500 2501
f 2500 298 2497
f 2497 300 2502
f 2502 301 2500
f 2500 2497 2502
f 2505 90 2504
f 2504 302 2506
f 2506 303 2505
f 2505 2504 2506
f 2504 90 2077
f 2077 89 2503
f 2503 302 2504
f 2504 2077 2503
f 2507 304 2513
f 2513 306 2512
f 2512 279 2507
f 2507 2513 2512
f 2513 304 2509
f 2509 305 2514
f 2514 306 2513
f 2513 2509 2514
f 2516 307 2517
f 2517 249 2378
f 2378 248 2516
f 2516 2517 2378
f 2517 307 2518
f 2518 272 2426
f 2426 249 2517
f 2517 2518 2426
f 2524 185 2526
f 2526 311 2528
f 2528 310 2524
f 2524 2526 2528
f 2526 185 2259
f 2259 184 2525
f 2525 311 2526
f 2526 2259 2525
f 2529 312 2530
f 2530 144 2188
f 2188 143 2529
f 2529 2530 2188
f 2530 312 2534
f 2534 313 2531
f 2531 144 2530
f 2530 2534 2531
f 2538 316 2537
f 2537 314 2536
f 2536 315 2538
f 2538 2537 2536
f 2537 316 2540
f 2540 317 2539
f 2539 314 2537
f 2537 2540 2539
f 2331 226 2541
f 2545 321 2544
f 2544 319 2543
f 2543 320 2545
f 2545 2544 2543
f 2544 321 2547
f 2547 322 2546
f 2546 319 2544
f 2544 2547 2546
f 2550 167 2549
f 2549 323 2552
f 2552 324 2550
f 2550 2549 2552
f 2549 167 2223
f 2223 166 2548
f 2548 323 2549
f 2549 2223 2548
f 2339 230 2558
f 2558 325 2557
f 2557 159 2339
f 2339 2558 2557
f 2558 230 2344
f 2344 231 2559
f 2559 325 2558
f 2558 2344 2559
f 2563 328 2562
f 2562 326 2561
f 2561 327 2563
f 2563 2562 2561
f 2562 328 2565
f 2565 329 2564
f 2564 326 2562
f 2562 2565 2564
f 2569 332 2568
f 2568 330 2567
f 2567 331 2569
f 2569 2568 2567
f 2568 332 2571
f 2571 333 2570
f 2570 330 2568
f 2568 2571 2570
f 2573 334 2572
f 2572 236 2358
f 2358 239 2573
f 2573 2572 2358
f 2572 334 2575
f 2575 335 2574
f 2574 236 2572
f 2572 2575 2574
f 2578 338 2577
f 2577 336 2576
f 2576 337 2578
f 2578 2577 2576
f 2577 338 2580
f 2580 339 2579
f 2579 336 2577
f 2577 2580 2579
f 2584 262 2581
f 2581 340 2586
f 2586 341 2584
f 2584 2581 2586
f 2581 262 2551
f 2551 324 2583
f 2583 340 2581
f 2581 2551 2583
f 2591 343 2594
f 2594 345 2593
f 2593 342 2591
f 2591 2594 2593
f 2594 343 2592
f 2592 344 2595
f 2595 345 2594
f 2594 2592 2595
f 2599 348 2598
f 2598 346 2597
f 2597 347 2599
f 2599 2598 2597
f 2598 348 2601
f 2601 349 2600
f 2600 346 2598
f 2598 2601 2600
f 2363 240 2361
f 2361 217 2354
f 2354 235 2363
f 2363 2361 2354
f 2361 240 2362
f 2362 219 2321
f 2321 217 2361
f 2361 2362 2321
f 2310 137 2319
f 2319 219 2320
f 2320 216 2310
f 2310 2319 2320
f 2319 137 2316
f 2316 217 2321
f 2321 219 2319
f 2319 2316 2321
f 2310 216 2311
f 2311 138 2182
f 2182 137 2310
f 2310 2311 2182
f 2311 216 2313
f 2313 215 2307
f 2307 138 2311
f 2311 2313 2307
f 2607 352 2606
f 2606 350 2603
f 2603 351 2607
f 2607 2606 2603
f 2606 352 2609
f 2609 353 2608
f 2608 350 2606
f 2606 2609 2608
f 2616 211 2613
f 2613 354 2617
f 2617 355 2616
f 2616 2613 2617
f 2613 211 2302
f 2302 142 2612
f 2612 354 2613
f 2613 2302 2612
f 2620 356 2621
f 2621 142 2187
f 2187 141 2620
f 2620 2621 2187
f 2621 356 2623
f 2623 354 2612
f 2612 142 2621
f 2621 2623 2612
f 2251 181 2252
f 2252 154 2207
f 2207 153 2251
f 2251 2252 2207
f 2252 181 2254
f 2254 180 2246
f 2246 154 2252
f 2252 2254 2246
f 2235 156 2239
f 2239 176 2240
f 2240 175 2235
f 2235 2239 2240
f 2239 156 2208
f 2208 155 2238
f 2238 176 2239
f 2239 2208 2238
f 2625 357 2633
f 2633 359 2630
f 2630 133 2625
f 2625 2633 2630
f 2633 357 2629
f 2629 358 2634
f 2634 359 2633
f 2633 2629 2634
f 2638 360 2637
f 2637 201 2286
f 2286 204 2638
f 2638 2637 2286
f 2637 360 2642
f 2642 361 2641
f 2641 201 2637
f 2637 2642 2641
f 2650 364 2649
f 2649 362 2647
f 2647 363 2650
f 2650 2649 2647
f 2649 364 2653
f 2653 365 2652
f 2652 362 2649
f 2649 2653 2652
f 2657 366 2658
f 2658 363 2647
f 2647 362 2657
f 2657 2658 2647
f 2658 366 2664
f 2664 367 2663
f 2663 363 2658
f 2658 2664 2663
f 2661 367 2660
f 2660 170 2230
f 2230 173 2661
f 2661 2660 2230
f 2660 367 2664
f 2664 366 2655
f 2655 170 2660
f 2660 2664 2655
f 1951 20 2078
f 2078 91 2079
f 2079 21 1951
f 1951 2078 2079
f 2078 20 2081
f 2081 92 2085
f 2085 91 2078
f 2078 2081 2085
f 2669 369 2674
f 2674 371 2673
f 2673 368 2669
f 2669 2674 2673
f 2674 369 2670
f 2670 370 2675
f 2675 371 2674
f 2674 2670 2675
f 2685 374 2684
f 2684 372 2681
f 2681 373 2685
f 2685 2684 2681
f 2684 374 2691
f 2691 375 2690
f 2690 372 2684
f 2684 2691 2690
f 2139 115 2138
f 2138 110 2132
f 2132 112 2139
f 2139 2138 2132
f 2138 115 2450
f 2450 282 2448
f 2448 110 2138
f 2138 2450 2448
f 2701 377 2699
f 2699 8 2694
f 2694 376 2701
f 2701 2699 2694
f 2699 377 2698
f 2698 5 1933
f 1933 8 2699
f 2699 2698 1933
f 2705 378 2702
f 2702 5 2698
f 2698 377 2705
f 2705 2702 2698
f 2702 378 2703
f 2703 116 2141
f 2141 5 2702
f 2702 2703 2141
f 2708 379 2706
f 2706 116 2703
f 2703 378 2708
f 2708 2706 2703
f 2706 379 2707
f 2707 117 2146
f 2146 116 2706
f 2706 2707 2146
f 2216 161 2340
f 2340 230 2339
f 2339 159 2216
f 2216 2340 2339
f 2340 161 2323
f 2323 220 2341
f 2341 230 2340
f 2340 2323 2341
f 2717 382 2716
f 2716 380 2714
f 2714 381 2717
f 2717 2716 2714
f 2716 382 2719
f 2719 383 2718
f 2718 380 2716
f 2716 2719 2718
f 2723 385 2722
f 2722 383 2720
f 2720 384 2723
f 2723 2722 2720
f 2722 385 2721
f 2721 380 2718
f 2718 383 2722
f 2722 2721 2718
f 2695 376 2696
f 2696 26 1960
f 1960 25 2695
f 2695 2696 1960
f 2696 376 2694
f 2694 8 1958
f 1958 26 2696
f 2696 2694 1958
f 2346 4 1929
f 1929 3 2345
f 2345 2346 1929
f 2724 4 2346
f 2149 4 2725
f 2726 119 2149
f 2149 2725 2726
f 2725 4 2724
f 2732 388 2730
f 2730 205 2729
f 2729 387 2732
f 2732 2730 2729
f 2730 388 2731
f 2731 206 2292
f 2292 205 2730
f 2730 2731 2292
f 2736 390 2734
f 2734 387 2733
f 2733 389 2736
f 2736 2734 2733
f 2734 390 2735
f 2735 388 2732
f 2732 387 2734
f 2734 2735 2732
f 2740 392 2746
f 2746 393 2745
f 2745 391 2740
f 2740 2746 2745
f 2746 392 2738
f 2738 328 2744
f 2744 393 2746
f 2746 2738 2744
f 2751 395 2749
f 2749 47 2747
f 2747 394 2751
f 2751 2749 2747
f 2749 395 2750
f 2750 72 2036
f 2036 47 2749
f 2749 2750 2036
f 2755 398 2754
f 2754 396 2752
f 2752 397 2755
f 2755 2754 2752
f 2754 398 2759
f 2759 399 2758
f 2758 396 2754
f 2754 2759 2758
f 2762 305 2761
f 2761 400 2763
f 2763 401 2762
f 2762 2761 2763
f 2761 305 2509
f 2509 304 2760
f 2760 400 2761
f 2761 2509 2760
f 2771 404 2770
f 2770 402 2768
f 2768 403 2771
f 2771 2770 2768
f 2770 404 2775
f 2775 405 2774
f 2774 402 2770
f 2770 2775 2774
f 2779 407 2778
f 2778 269 2776
f 2776 406 2779
f 2779 2778 2776
f 2778 407 2777
f 2777 246 2415
f 2415 269 2778
f 2778 2777 2415
f 2780 409 2783
f 2783 411 2782
f 2782 408 2780
f 2780 2783 2782
f 2783 409 2781
f 2781 410 2784
f 2784 411 2783
f 2783 2781 2784
f 2792 413 2788
f 2788 270 2787
f 2787 412 2792
f 2792 2788 2787
f 2788 413 2789
f 2789 271 2423
f 2423 270 2788
f 2788 2789 2423
f 2798 415 2796
f 2796 89 2793
f 2793 414 2798
f 2798 2796 2793
f 2796 415 2797
f 2797 302 2503
f 2503 89 2796
f 2796 2797 2503
f 2800 416 2801
f 2801 279 2438
f 2438 109 2800
f 2800 2801 2438
f 2801 416 2802
f 2802 304 2507
f 2507 279 2801
f 2801 2802 2507
f 2807 344 2806
f 2806 417 2808
f 2808 418 2807
f 2807 2806 2808
f 2806 344 2592
f 2592 343 2805
f 2805 417 2806
f 2806 2592 2805
f 2810 419 2811
f 2811 418 2808
f 2808 417 2810
f 2810 2811 2808
f 2811 419 2813
f 2813 420 2812
f 2812 418 2811
f 2811 2813 2812
f 2442 281 2443
f 2443 70 2034
f 2034 69 2442
f 2442 2443 2034
f 2443 281 2444
f 2444 78 2049
f 2049 70 2443
f 2443 2444 2049
f 2816 423 2815
f 2815 421 2814
f 2814 422 2816
f 2816 2815 2814
f 2815 423 2818
f 2818 424 2817
f 2817 421 2815
f 2815 2818 2817
f 2822 427 2821
f 2821 425 2820
f 2820 426 2822
f 2822 2821 2820
f 2821 427 2826
f 2826 428 2825
f 2825 425 2821
f 2821 2826 2825
f 2833 431 2832
f 2832 429 2831
f 2831 430 2833
f 2833 2832 2831
f 2832 431 2837
f 2837 432 2836
f 2836 429 2832
f 2832 2837 2836
f 2842 434 2843
f 2843 433 2838
f 2838 430 2842
f 2842 2843 2838
f 2843 434 2847
f 2847 435 2846
f 2846 433 2843
f 2843 2847 2846
f 2841 320 2845
f 2845 435 2847
f 2847 434 2841
f 2841 2845 2847
f 2845 320 2543
f 2543 319 2844
f 2844 435 2845
f 2845 2543 2844
f 2856 438 2855
f 2855 436 2852
f 2852 437 2856
f 2856 2855 2852
f 2855 438 2858
f 2858 439 2857
f 2857 436 2855
f 2855 2858 2857
f 2865 442 2864
f 2864 440 2861
f 2861 441 2865
f 2865 2864 2861
f 2864 442 2869
f 2869 443 2868
f 2868 440 2864
f 2864 2869 2868
f 2877 446 2876
f 2876 444 2873
f 2873 445 2877
f 2877 2876 2873
f 2876 446 2880
f 2880 447 2879
f 2879 444 2876
f 2876 2880 2879
f 2871 445 2872
f 2872 46 1988
f 1988 45 2871
f 2871 2872 1988
f 2872 445 2873
f 2873 444 2870
f 2870 46 2872
f 2872 2873 2870
f 2881 448 2882
f 2882 410 2781
f 2781 409 2881
f 2881 2882 2781
f 2882 448 2884
f 2884 449 2883
f 2883 410 2882
f 2882 2884 2883
f 2890 452 2889
f 2889 450 2888
f 2888 451 2890
f 2890 2889 2888
f 2889 452 2894
f 2894 453 2893
f 2893 450 2889
f 2889 2894 2893
f 2902 456 2901
f 2901 454 2898
f 2898 455 2902
f 2902 2901 2898
f 2901 456 2906
f 2906 457 2905
f 2905 454 2901
f 2901 2906 2905
f 2913 460 2912
f 2912 458 2909
f 2909 459 2913
f 2913 2912 2909
f 2912 460 2919
f 2919 461 2918
f 2918 458 2912
f 2912 2919 2918
f 2921 462 2922
f 2922 210 2301
f 2301 209 2921
f 2921 2922 2301
f 2922 462 2929
f 2929 463 2924
f 2924 210 2922
f 2922 2929 2924
f 2932 408 2930
f 2930 464 2933
f 2933 465 2932
f 2932 2930 2933
f 2930 408 2782
f 2782 411 2931
f 2931 464 2930
f 2930 2782 2931
f 2156 121 2795
f 2795 414 2794
f 2794 120 2156
f 2156 2795 2794
f 2795 121 2934
f 2934 466 2935
f 2935 414 2795
f 2795 2934 2935
f 2937 467 2938
f 2938 158 2212
f 2212 157 2937
f 2937 2938 2212
f 2938 467 2941
f 2941 468 2940
f 2940 158 2938
f 2938 2941 2940
f 2946 85 2942
f 2942 469 2947
f 2947 470 2946
f 2946 2942 2947
f 2942 85 2074
f 2074 88 2943
f 2943 469 2942
f 2942 2074 2943
f 2948 471 2949
f 2949 62 2011
f 2011 61 2948
f 2948 2949 2011
f 2949 471 2953
f 2953 472 2950
f 2950 62 2949
f 2949 2953 2950
f 2501 301 2499
f 2499 30 2493
f 2493 299 2501
f 2501 2499 2493
f 2499 301 2498
f 2498 27 1964
f 1964 30 2499
f 2499 2498 1964
f 2954 473 2955
f 2955 30 1965
f 1965 29 2954
f 2954 2955 1965
f 2955 473 2962
f 2962 474 2957
f 2957 30 2955
f 2955 2962 2957
f 2963 32 2043
f 2043 75 2965
f 2965 475 2963
f 2963 2043 2965
f 2043 32 2045
f 2045 76 2046
f 2046 75 2043
f 2043 2045 2046
f 2957 474 2959
f 2959 299 2493
f 2493 30 2957
f 2957 2959 2493
f 2959 474 2958
f 2958 294 2494
f 2494 299 2959
f 2959 2958 2494
f 2130 10 2134
f 2134 113 2135
f 2135 112 2130
f 2130 2134 2135
f 2134 10 1937
f 1937 6 2133
f 2133 113 2134
f 2134 1937 2133
f 2133 6 2142
f 2142 116 2143
f 2143 113 2133
f 2133 2142 2143
f 2142 6 1930
f 1930 5 2141
f 2141 116 2142
f 2142 1930 2141
f 2728 386 2727
f 2727 118 2150
f 2150 119 2728
f 2728 2727 2150
f 2727 386 2970
f 2970 476 2967
f 2967 118 2727
f 2727 2970 2967
f 2943 88 2481
f 2481 295 2945
f 2945 469 2943
f 2943 2481 2945
f 2481 88 2110
f 2110 105 2482
f 2482 295 2481
f 2481 2110 2482
f 2619 64 2611
f 2611 354 2623
f 2623 356 2619
f 2619 2611 2623
f 2611 64 2015
f 2015 38 2610
f 2610 354 2611
f 2611 2015 2610
f 2614 355 2615
f 2615 38 1975
f 1975 37 2614
f 2614 2615 1975
f 2615 355 2617
f 2617 354 2610
f 2610 38 2615
f 2615 2617 2610
f 2977 478 2976
f 2976 465 2972
f 2972 477 2977
f 2977 2976 2972
f 2976 478 2973
f 2973 408 2932
f 2932 465 2976
f 2976 2973 2932
f 2983 480 2991
f 2991 482 2990
f 2990 479 2983
f 2983 2991 2990
f 2991 480 2988
f 2988 481 2992
f 2992 482 2991
f 2991 2988 2992
f 2996 485 2995
f 2995 483 2993
f 2993 484 2996
f 2996 2995 2993
f 2995 485 3000
f 3000 486 2999
f 2999 483 2995
f 2995 3000 2999
f 3003 489 3002
f 3002 487 3001
f 3001 488 3003
f 3003 3002 3001
f 3002 489 3005
f 3005 490 3004
f 3004 487 3002
f 3002 3005 3004
f 3009 492 3015
f 3015 494 3014
f 3014 491 3009
f 3009 3015 3014
f 3015 492 3012
f 3012 493 3016
f 3016 494 3015
f 3015 3012 3016
f 2347 223 2456
f 2456 285 2458
f 2458 232 2347
f 2347 2456 2458
f 2456 223 2337
f 2337 229 2457
f 2457 285 2456
f 2456 2337 2457
f 3018 225 2330
f 2330 224 3017
f 3017 3018 2330
f 3019 225 3018
f 3026 496 3023
f 3023 95 3020
f 3020 495 3026
f 3026 3023 3020
f 3023 496 3024
f 3024 122 2159
f 2159 95 3023
f 3023 3024 2159
f 2519 267 3027
f 3027 497 3028
f 3028 308 2519
f 2519 3027 3028
f 3008 449 3011
f 3011 493 3012
f 3012 492 3008
f 3008 3011 3012
f 3011 449 2884
f 2884 448 3010
f 3010 493 3011
f 3011 2884 3010
f 3029 224 2349
f 2349 233 3030
f 3030 3029 2349
f 3017 224 3029
f 2036 72 2037
f 2037 48 1989
f 1989 47 2036
f 2036 2037 1989
f 2037 72 2038
f 2038 71 2035
f 2035 48 2037
f 2037 2038 2035
f 3036 499 3034
f 3034 80 3033
f 3033 498 3036
f 3036 3034 3033
f 3034 499 3035
f 3035 81 2057
f 2057 80 3034
f 3034 3035 2057
f 3043 502 3042
f 3042 500 3040
f 3040 501 3043
f 3043 3042 3040
f 3042 502 3046
f 3046 503 3045
f 3045 500 3042
f 3042 3046 3045
f 3051 506 3050
f 3050 504 3048
f 3048 505 3051
f 3051 3050 3048
f 3050 506 3055
f 3055 507 3054
f 3054 504 3050
f 3050 3055 3054
f 3066 509 3062
f 3062 138 3056
f 3056 508 3066
f 3066 3062 3056
f 3062 509 3061
f 3061 50 2181
f 2181 138 3062
f 3062 3061 2181
f 3071 512 3070
f 3070 510 3069
f 3069 511 3071
f 3071 3070 3069
f 3070 512 3073
f 3073 513 3072
f 3072 510 3070
f 3070 3073 3072
f 3077 361 2640
f 2640 194 3075
f 3075 514 3077
f 3077 2640 3075
f 2640 361 2642
f 2642 360 2635
f 2635 194 2640
f 2640 2642 2635
f 2173 131 3079
f 3079 516 3080
f 3080 132 2173
f 2173 3079 3080
f 3079 131 3078
f 3078 515 3081
f 3081 516 3079
f 3079 3078 3081
f 3016 493 3085
f 3085 518 3086
f 3086 494 3016
f 3016 3085 3086
f 3085 493 3084
f 3084 517 3087
f 3087 518 3085
f 3085 3084 3087
f 2293 208 2829
f 2829 429 2827
f 2827 195 2293
f 2293 2829 2827
f 2829 208 2295
f 2295 207 2828
f 2828 429 2829
f 2829 2295 2828
f 2975 457 2903
f 2903 408 2973
f 2973 478 2975
f 2975 2903 2973
f 2903 457 2904
f 2904 409 2780
f 2780 408 2903
f 2903 2904 2780
f 2971 477 3091
f 3091 519 3089
f 3089 459 2971
f 2971 3091 3089
f 3091 477 2972
f 2972 465 3090
f 3090 519 3091
f 3091 2972 3090
f 3095 521 3096
f 3096 520 3092
f 3092 51 3095
f 3095 3096 3092
f 3096 521 3100
f 3100 522 3099
f 3099 520 3096
f 3096 3100 3099
f 2825 428 2823
f 2823 389 2819
f 2819 425 2825
f 2825 2823 2819
f 2823 428 2824
f 2824 390 2736
f 2736 389 2823
f 2823 2824 2736
f 3010 448 3082
f 3082 517 3084
f 3084 493 3010
f 3010 3082 3084
f 3082 448 2900
f 2900 456 3083
f 3083 517 3082
f 3082 2900 3083
f 2417 268 2772
f 2772 405 2773
f 2773 269 2417
f 2417 2772 2773
f 2772 268 2764
f 2764 402 2774
f 2774 405 2772
f 2772 2764 2774
f 3108 523 3105
f 3108 524 3106
f 3106 255 3101
f 3101 523 3108
f 3108 3106 3101
f 2343 3 2554
f 2554 325 2559
f 2559 231 2343
f 2343 2554 2559
f 2554 3 1926
f 1926 2 2553
f 2553 325 2554
f 2554 1926 2553
f 2741 127 2737
f 2737 391 2745
f 2745 393 2741
f 2741 2737 2745
f 2737 127 3111
f 3111 525 3112
f 3112 391 2737
f 2737 3111 3112
f 3117 303 3114
f 3114 526 3120
f 3120 527 3117
f 3117 3114 3120
f 3114 303 2506
f 2506 302 3113
f 3113 526 3114
f 3114 2506 3113
f 3090 465 3124
f 3124 528 3125
f 3125 519 3090
f 3090 3124 3125
f 3124 465 2933
f 2933 464 3123
f 3123 528 3124
f 3124 2933 3123
f 3129 427 3126
f 3126 529 3131
f 3131 530 3129
f 3129 3126 3131
f 3126 427 2867
f 2867 443 3128
f 3128 529 3126
f 3126 2867 3128
f 3121 188 3088
f 3088 519 3125
f 3125 528 3121
f 3121 3088 3125
f 3088 188 3133
f 3133 531 3137
f 3137 519 3088
f 3088 3133 3137
f 3144 451 3140
f 3140 532 3145
f 3145 533 3144
f 3144 3140 3145
f 3140 451 2888
f 2888 450 3139
f 3139 532 3140
f 3140 2888 3139
f 3167 540 3166
f 3170 540 3167
f 3150 534 3147
f 3147 322 3148
f 3148 535 3150
f 3150 3147 3148
f 3147 534 3146
f 3146 319 2546
f 2546 322 3147
f 3147 3146 2546
f 2879 447 3159
f 3159 538 3158
f 3158 444 2879
f 2879 3159 3158
f 3159 447 3160
f 3160 539 3161
f 3161 538 3159
f 3159 3160 3161
f 1987 46 3169
f 3169 541 3168
f 3168 43 1987
f 1987 3169 3168
f 3169 46 3162
f 3162 540 3170
f 3170 541 3169
f 3169 3162 3170
f 3173 389 3172
f 3172 542 3175
f 3175 543 3173
f 3173 3172 3175
f 3172 389 2733
f 2733 387 3171
f 3171 542 3172
f 3172 2733 3171
f 3176 425 3174
f 3174 543 3178
f 3178 544 3176
f 3176 3174 3178
f 3174 425 2819
f 2819 389 3173
f 3173 543 3174
f 3174 2819 3173
f 3157 537 3156
f 3156 435 3153
f 3153 536 3157
f 3157 3156 3153
f 3156 537 3155
f 3155 433 2846
f 2846 435 3156
f 3156 3155 2846
f 3184 546 3187
f 3186 545 3184
f 3184 3187 3186
f 3187 546 3185
f 3190 545 3191
f 3192 547 3190
f 3190 3191 3192
f 3191 545 3186
f 3179 542 3197
f 2861 440 3188
f 3188 547 3189
f 3189 441 2861
f 2861 3188 3189
f 3188 440 3180
f 3180 545 3190
f 3190 547 3188
f 3188 3180 3190
f 3171 387 3195
f 3195 548 3197
f 3197 542 3171
f 3171 3195 3197
f 3195 387 2729
f 2729 205 3194
f 3194 548 3195
f 3195 2729 3194
f 3181 546 3182
f 3182 440 2859
f 2859 426 3181
f 3181 3182 2859
f 3182 546 3184
f 3184 545 3180
f 3180 440 3182
f 3182 3184 3180
f 2857 439 3199
f 3199 549 3198
f 3198 436 2857
f 2857 3199 3198
f 3199 439 3201
f 3201 550 3204
f 3204 549 3199
f 3199 3201 3204
f 3215 552 3216
f 3216 539 3160
f 3160 447 3215
f 3215 3216 3160
f 3216 552 3217
f 3217 551 3209
f 3209 539 3216
f 3216 3217 3209
f 3208 551 3207
f 3207 433 3155
f 3155 537 3208
f 3208 3207 3155
f 3207 551 3217
f 3217 552 3214
f 3214 433 3207
f 3207 3217 3214
f 2844 319 3152
f 3152 536 3153
f 3153 435 2844
f 2844 3152 3153
f 3152 319 3146
f 3146 534 3154
f 3154 536 3152
f 3152 3146 3154
f 3176 544 3177
f 3177 426 2820
f 2820 425 3176
f 3176 3177 2820
f 3177 544 3183
f 3183 546 3181
f 3181 426 3177
f 3177 3183 3181
f 2289 43 3193
f 3193 548 3194
f 3194 205 2289
f 2289 3193 3194
f 3193 43 3168
f 3168 541 3196
f 3196 548 3193
f 3193 3168 3196
f 3164 540 3163
f 3163 444 3158
f 3158 538 3164
f 3164 3163 3158
f 3163 540 3162
f 3162 46 2870
f 2870 444 3163
f 3163 3162 2870
f 3164 538 3165
f 3166 540 3164
f 3164 3165 3166
f 3218 312 3223
f 3223 555 3224
f 3224 553 3218
f 3218 3223 3224
f 3223 312 3222
f 3222 554 3225
f 3225 555 3223
f 3223 3222 3225
f 3227 556 3226
f 3226 35 2012
f 2012 63 3227
f 3227 3226 2012
f 3226 556 3228
f 3228 288 2468
f 2468 35 3226
f 3226 3228 2468
f 3238 296 3235
f 3235 557 3240
f 3240 558 3238
f 3238 3235 3240
f 3235 296 2485
f 2485 107 3234
f 3234 557 3235
f 3235 2485 3234
f 3243 559 3244
f 3244 468 2941
f 2941 467 3243
f 3243 3244 2941
f 3244 559 3248
f 3248 560 3247
f 3247 468 3244
f 3244 3248 3247
f 3249 561 3250
f 3250 99 2096
f 2096 98 3249
f 3249 3250 2096
f 3250 561 3258
f 3258 562 3253
f 3253 99 3250
f 3250 3258 3253
f 2910 196 2914
f 2914 461 2919
f 2919 460 2910
f 2910 2914 2919
f 2914 196 2835
f 2835 432 2915
f 2915 461 2914
f 2914 2835 2915
f 2874 446 2875
f 2875 432 2837
f 2837 431 2874
f 2874 2875 2837
f 2875 446 2917
f 2917 461 2915
f 2915 432 2875
f 2875 2917 2915
f 2952 472 3261
f 3261 563 3259
f 3259 300 2952
f 2952 3261 3259
f 3261 472 2953
f 2953 471 3260
f 3260 563 3261
f 3261 2953 3260
f 3115 365 3119
f 3119 527 3120
f 3120 526 3115
f 3115 3119 3120
f 3119 365 2653
f 2653 364 3118
f 3118 527 3119
f 3119 2653 3118
f 3208 537 3210
f 3211 551 3208
f 3208 3210 3211
f 3229 298 2491
f 2491 288 3228
f 3228 556 3229
f 3229 2491 3228
f 2491 298 2492
f 2492 297 2488
f 2488 288 2491
f 2491 2492 2488
f 2776 269 3262
f 3262 564 3264
f 3264 406 2776
f 2776 3262 3264
f 3262 269 2773
f 2773 405 3263
f 3263 564 3262
f 3262 2773 3263
f 3269 566 3268
f 3268 407 3265
f 3265 565 3269
f 3269 3268 3265
f 3268 566 3266
f 3266 246 2777
f 2777 407 3268
f 3268 3266 2777
f 3272 569 3271
f 3271 567 3270
f 3270 568 3272
f 3272 3271 3270
f 3271 569 3274
f 3274 570 3273
f 3273 567 3271
f 3271 3274 3273
f 3276 569 3275
f 3275 571 3278
f 3278 572 3276
f 3276 3275 3278
f 3275 569 3280
f 3280 573 3281
f 3281 571 3275
f 3275 3280 3281
f 3282 575 3288
f 3288 577 3287
f 3287 574 3282
f 3282 3288 3287
f 3288 575 3284
f 3284 576 3289
f 3289 577 3288
f 3288 3284 3289
f 3292 576 3290
f 3290 578 3293
f 3293 579 3292
f 3292 3290 3293
f 3290 576 3294
f 3294 580 3295
f 3295 578 3290
f 3290 3294 3295
f 3296 581 3297
f 3297 579 3293
f 3293 578 3296
f 3296 3297 3293
f 3297 581 3301
f 3301 582 3300
f 3300 579 3297
f 3297 3301 3300
f 3302 583 3303
f 3303 582 3301
f 3301 581 3302
f 3302 3303 3301
f 3303 583 3307
f 3307 584 3306
f 3306 582 3303
f 3303 3307 3306
f 3310 585 3309
f 3309 285 3305
f 3305 584 3310
f 3310 3309 3305
f 3309 585 3308
f 3308 253 2459
f 2459 285 3309
f 3309 3308 2459
f 3313 586 3311
f 3311 253 3308
f 3308 585 3313
f 3313 3311 3308
f 3311 586 3312
f 3312 254 2386
f 2386 253 3311
f 3311 3312 2386
f 3323 589 3322
f 3322 587 3320
f 3320 588 3323
f 3323 3322 3320
f 3322 589 3321
f 3321 497 3316
f 3316 587 3322
f 3322 3321 3316
f 3329 591 3327
f 3327 308 3324
f 3324 590 3329
f 3329 3327 3324
f 3327 591 3328
f 3328 309 2521
f 2521 308 3327
f 3327 3328 2521
f 3335 593 3333
f 3333 250 3330
f 3330 592 3335
f 3335 3333 3330
f 3333 593 3334
f 3334 251 2379
f 2379 250 3333
f 3333 3334 2379
f 3337 594 3336
f 3336 251 3334
f 3334 593 3337
f 3337 3336 3334
f 3336 594 3339
f 3339 595 3338
f 3338 251 3336
f 3336 3339 3338
f 3109 8 3341
f 3341 596 3344
f 3344 525 3109
f 3109 3341 3344
f 3341 8 1934
f 1934 7 3340
f 3340 596 3341
f 3341 1934 3340
f 3345 160 3351
f 3351 599 3352
f 3352 597 3345
f 3345 3351 3352
f 3351 160 3349
f 3349 598 3353
f 3353 599 3351
f 3351 3349 3353
f 3364 602 3363
f 3363 600 3361
f 3361 601 3364
f 3364 3363 3361
f 3363 602 3368
f 3368 603 3367
f 3367 600 3363
f 3363 3368 3367
f 3369 164 3372
f 3372 605 3373
f 3373 604 3369
f 3369 3372 3373
f 3372 164 2220
f 2220 163 3371
f 3371 605 3372
f 3372 2220 3371
f 3375 606 3374
f 3374 597 3352
f 3352 599 3375
f 3375 3374 3352
f 3374 606 3376
f 3376 604 3370
f 3370 597 3374
f 3374 3376 3370
f 3383 608 3380
f 3380 164 3377
f 3377 607 3383
f 3383 3380 3377
f 3380 608 3381
f 3381 165 2222
f 2222 164 3380
f 3380 3381 2222
f 3389 611 3388
f 3388 609 3387
f 3387 610 3389
f 3389 3388 3387
f 3388 611 3392
f 3392 612 3391
f 3391 609 3388
f 3388 3392 3391
f 3399 615 3398
f 3398 613 3397
f 3397 614 3399
f 3399 3398 3397
f 3398 615 3403
f 3403 616 3402
f 3402 613 3398
f 3398 3403 3402
f 3409 619 3408
f 3408 617 3407
f 3407 618 3409
f 3409 3408 3407
f 3408 619 3411
f 3411 620 3410
f 3410 617 3408
f 3408 3411 3410
f 3414 614 3396
f 3396 330 3412
f 3412 621 3414
f 3414 3396 3412
f 3396 614 3397
f 3397 613 3394
f 3394 330 3396
f 3396 3397 3394
f 3416 340 2582
f 2582 323 3415
f 3415 622 3416
f 3416 2582 3415
f 2582 340 2583
f 2583 324 2552
f 2552 323 2582
f 2582 2583 2552
f 3422 624 3421
f 3421 486 3418
f 3418 623 3422
f 3422 3421 3418
f 3421 624 3420
f 3420 483 2999
f 2999 486 3421
f 3421 3420 2999
f 3424 516 3427
f 3427 627 3428
f 3428 625 3424
f 3424 3427 3428
f 3427 516 3426
f 3426 626 3429
f 3429 627 3427
f 3427 3426 3429
f 3434 629 3433
f 3433 132 3430
f 3430 628 3434
f 3434 3433 3430
f 3433 629 3432
f 3432 129 2171
f 2171 132 3433
f 3433 3432 2171
f 3441 631 3440
f 3440 521 3437
f 3437 630 3441
f 3441 3440 3437
f 3440 631 3446
f 3446 632 3444
f 3444 521 3440
f 3440 3446 3444
f 3451 635 3450
f 3450 633 3447
f 3447 634 3451
f 3451 3450 3447
f 3450 635 3455
f 3455 636 3454
f 3454 633 3450
f 3450 3455 3454
f 3458 327 3385
f 3385 609 3459
f 3459 637 3458
f 3458 3385 3459
f 3385 327 2561
f 2561 326 3384
f 3384 609 3385
f 3385 2561 3384
f 3405 618 3406
f 3406 53 1995
f 1995 52 3405
f 3405 3406 1995
f 3406 618 3407
f 3407 617 3404
f 3404 53 3406
f 3406 3407 3404
f 3465 640 3464
f 3464 638 3463
f 3463 639 3465
f 3465 3464 3463
f 3464 640 3468
f 3468 641 3467
f 3467 638 3464
f 3464 3468 3467
f 3471 643 3475
f 3475 645 3474
f 3474 642 3471
f 3471 3475 3474
f 3475 643 3472
f 3472 644 3476
f 3476 645 3475
f 3475 3472 3476
f 3454 636 3478
f 3478 646 3477
f 3477 633 3454
f 3454 3478 3477
f 3478 636 3480
f 3480 647 3481
f 3481 646 3478
f 3478 3480 3481
f 2883 449 3094
f 3094 520 3093
f 3093 410 2883
f 2883 3094 3093
f 3094 449 3484
f 3484 648 3486
f 3486 520 3094
f 3094 3484 3486
f 3486 648 3482
f 3482 51 3092
f 3092 520 3486
f 3486 3482 3092
f 3482 648 3483
f 3483 52 1994
f 1994 51 3482
f 3482 3483 1994
f 3493 651 3492
f 3492 649 3490
f 3490 650 3493
f 3493 3492 3490
f 3492 651 3495
f 3495 652 3494
f 3494 649 3492
f 3492 3495 3494
f 3077 514 3504
f 3504 654 3503
f 3503 361 3077
f 3077 3504 3503
f 3504 514 3499
f 3499 653 3505
f 3505 654 3504
f 3504 3499 3505
f 3510 654 3501
f 3501 97 3506
f 3506 655 3510
f 3510 3501 3506
f 3501 654 3502
f 3502 98 2095
f 2095 97 3501
f 3501 3502 2095
f 2650 363 2645
f 2645 99 2648
f 2648 364 2650
f 2650 2645 2648
f 2645 363 2646
f 2646 100 2099
f 2099 99 2645
f 2645 2646 2099
f 2232 172 2631
f 2631 359 2632
f 2632 173 2232
f 2232 2631 2632
f 2631 172 3513
f 3513 656 3514
f 3514 359 2631
f 2631 3513 3514
f 3514 656 3511
f 3511 133 2630
f 2630 359 3514
f 3514 3511 2630
f 3511 656 3512
f 3512 134 2174
f 2174 133 3511
f 3511 3512 2174
f 2992 481 2984
f 2984 135 2989
f 2989 482 2992
f 2992 2984 2989
f 2984 481 2985
f 2985 136 2178
f 2178 135 2984
f 2984 2985 2178
f 3117 527 3141
f 3141 532 3138
f 3138 303 3117
f 3117 3141 3138
f 3141 527 3255
f 3255 562 3256
f 3256 532 3141
f 3141 3255 3256
f 2663 367 2659
f 2659 100 2646
f 2646 363 2663
f 2663 2659 2646
f 2659 367 2662
f 2662 358 2627
f 2627 100 2659
f 2659 2662 2627
f 2627 358 2626
f 2626 97 2097
f 2097 100 2627
f 2627 2626 2097
f 2626 358 2629
f 2629 357 2624
f 2624 97 2626
f 2626 2629 2624
f 2641 361 3509
f 3509 655 3507
f 3507 201 2641
f 2641 3509 3507
f 3509 361 3503
f 3503 654 3510
f 3510 655 3509
f 3509 3503 3510
f 2284 201 3517
f 3517 657 3518
f 3518 202 2284
f 2284 3517 3518
f 3517 201 3507
f 3507 655 3520
f 3520 657 3517
f 3517 3507 3520
f 2661 173 2628
f 2628 358 2662
f 2662 367 2661
f 2661 2628 2662
f 2628 173 2632
f 2632 359 2634
f 2634 358 2628
f 2628 2632 2634
f 3123 464 3524
f 3524 658 3525
f 3525 528 3123
f 3123 3524 3525
f 3524 464 3528
f 3528 659 3531
f 3531 658 3524
f 3524 3528 3531
f 3521 658 3522
f 3522 451 2887
f 2887 189 3521
f 3521 3522 2887
f 3522 658 3523
f 3523 452 2890
f 2890 451 3522
f 3522 3523 2890
f 2080 90 2891
f 2891 453 2892
f 2892 91 2080
f 2080 2891 2892
f 2891 90 2885
f 2885 450 2893
f 2893 453 2891
f 2891 2885 2893
f 3532 660 3533
f 3533 652 3495
f 3495 651 3532
f 3532 3533 3495
f 3533 660 3535
f 3535 661 3534
f 3534 652 3533
f 3533 3535 3534
f 3436 630 3435
f 3435 51 1996
f 1996 54 3436
f 3436 3435 1996
f 3435 630 3437
f 3437 521 3095
f 3095 51 3435
f 3435 3437 3095
f 2784 410 3097
f 3097 522 3098
f 3098 411 2784
f 2784 3097 3098
f 3097 410 3093
f 3093 520 3099
f 3099 522 3097
f 3097 3093 3099
f 3121 528 3122
f 3122 189 2264
f 2264 188 3121
f 3121 3122 2264
f 3122 528 3525
f 3525 658 3521
f 3521 189 3122
f 3122 3525 3521
f 2505 303 2886
f 2886 450 2885
f 2885 90 2505
f 2505 2886 2885
f 2886 303 3138
f 3138 532 3139
f 3139 450 2886
f 2886 3138 3139
f 3118 364 3254
f 3254 562 3255
f 3255 527 3118
f 3118 3254 3255
f 3254 364 2648
f 2648 99 3253
f 3253 562 3254
f 3254 2648 3253
f 3009 491 3537
f 3537 662 3538
f 3538 492 3009
f 3009 3537 3538
f 3537 491 3542
f 3542 663 3545
f 3545 662 3537
f 3537 3542 3545
f 3545 663 3543
f 3543 618 3539
f 3539 662 3545
f 3545 3543 3539
f 3543 663 3544
f 3544 619 3409
f 3409 618 3543
f 3543 3544 3409
f 2931 411 3526
f 3526 659 3528
f 3528 464 2931
f 2931 3526 3528
f 3526 411 3098
f 3098 522 3529
f 3529 659 3526
f 3526 3098 3529
f 3550 665 3548
f 3548 190 3546
f 3546 664 3550
f 3550 3548 3546
f 3548 665 3555
f 3555 666 3551
f 3551 190 3548
f 3548 3555 3551
f 3549 634 3554
f 3554 666 3555
f 3555 665 3549
f 3549 3554 3555
f 3554 634 3447
f 3447 633 3553
f 3553 666 3554
f 3554 3447 3553
f 3556 130 3560
f 3560 668 3565
f 3565 667 3556
f 3556 3560 3565
f 3560 130 3449
f 3449 635 3563
f 3563 668 3560
f 3560 3449 3563
f 3008 492 3485
f 3485 648 3484
f 3484 449 3008
f 3008 3485 3484
f 3485 492 3538
f 3538 662 3540
f 3540 648 3485
f 3485 3538 3540
f 3540 662 3536
f 3536 52 3483
f 3483 648 3540
f 3540 3536 3483
f 3536 662 3539
f 3539 618 3405
f 3405 52 3536
f 3536 3539 3405
f 3489 650 3568
f 3568 669 3566
f 3566 610 3489
f 3489 3568 3566
f 3568 650 3490
f 3490 649 3567
f 3567 669 3568
f 3568 3490 3567
f 3003 488 3571
f 3571 671 3572
f 3572 489 3003
f 3003 3571 3572
f 3571 488 3569
f 3569 670 3577
f 3577 671 3571
f 3571 3569 3577
f 3570 639 3575
f 3575 671 3577
f 3577 670 3570
f 3570 3575 3577
f 3575 639 3463
f 3463 638 3574
f 3574 671 3575
f 3575 3463 3574
f 3585 674 3584
f 3584 672 3582
f 3582 673 3585
f 3585 3584 3582
f 3584 674 3589
f 3589 675 3588
f 3588 672 3584
f 3584 3589 3588
f 3590 676 3591
f 3591 424 2818
f 2818 423 3590
f 3590 3591 2818
f 3591 676 3595
f 3595 677 3592
f 3592 424 3591
f 3591 3595 3592
f 3598 673 3601
f 3601 679 3602
f 3602 678 3598
f 3598 3601 3602
f 3601 673 3582
f 3582 672 3600
f 3600 679 3601
f 3601 3582 3600
f 3551 666 3552
f 3552 191 2265
f 2265 190 3551
f 3551 3552 2265
f 3552 666 3606
f 3606 680 3603
f 3603 191 3552
f 3552 3606 3603
f 3605 680 3604
f 3604 633 3477
f 3477 646 3605
f 3605 3604 3477
f 3604 680 3606
f 3606 666 3553
f 3553 633 3604
f 3604 3606 3553
f 3432 629 3453
f 3453 636 3452
f 3452 129 3432
f 3432 3453 3452
f 3453 629 3479
f 3479 647 3480
f 3480 636 3453
f 3453 3479 3480
f 3613 682 3614
f 3614 681 3608
f 3608 392 3613
f 3613 3614 3608
f 3614 682 3619
f 3619 683 3618
f 3618 681 3614
f 3614 3619 3618
f 3622 684 3623
f 3623 661 3535
f 3535 660 3622
f 3622 3623 3535
f 3623 684 3628
f 3628 685 3627
f 3627 661 3623
f 3623 3628 3627
f 3625 21 3629
f 3629 686 3633
f 3633 685 3625
f 3625 3629 3633
f 3629 21 2079
f 2079 91 3630
f 3630 686 3629
f 3629 2079 3630
f 3439 631 3438
f 3438 91 2892
f 2892 453 3439
f 3439 3438 2892
f 3438 631 3632
f 3632 686 3630
f 3630 91 3438
f 3438 3632 3630
f 3442 632 3443
f 3443 453 2894
f 2894 452 3442
f 3442 3443 2894
f 3443 632 3446
f 3446 631 3439
f 3439 453 3443
f 3443 3446 3439
f 2683 374 2682
f 2682 7 1936
f 1936 9 2683
f 2683 2682 1936
f 2682 374 3343
f 3343 596 3340
f 3340 7 2682
f 2682 3343 3340
f 2679 370 3634
f 3634 687 3635
f 3635 373 2679
f 2679 3634 3635
f 3634 370 3611
f 3611 682 3639
f 3639 687 3634
f 3634 3611 3639
f 3620 684 3621
f 3621 369 2668
f 2668 22 3620
f 3620 3621 2668
f 3621 684 3624
f 3624 683 3615
f 3615 369 3621
f 3621 3624 3615
f 3444 632 3445
f 3445 522 3100
f 3100 521 3444
f 3444 3445 3100
f 3445 632 3530
f 3530 659 3529
f 3529 522 3445
f 3445 3530 3529
f 3531 659 3527
f 3527 452 3523
f 3523 658 3531
f 3531 3527 3523
f 3527 659 3530
f 3530 632 3442
f 3442 452 3527
f 3527 3530 3442
f 3497 186 3251
f 3251 561 3500
f 3500 653 3497
f 3497 3251 3500
f 3251 186 3142
f 3142 533 3252
f 3252 561 3251
f 3251 3142 3252
f 3249 98 3496
f 3496 653 3500
f 3500 561 3249
f 3249 3496 3500
f 3496 98 3502
f 3502 654 3505
f 3505 653 3496
f 3496 3502 3505
f 3520 655 3508
f 3508 357 3519
f 3519 657 3520
f 3520 3508 3519
f 3508 655 3506
f 3506 97 2624
f 2624 357 3508
f 3508 3506 2624
f 2625 133 3515
f 3515 657 3519
f 3519 357 2625
f 2625 3515 3519
f 3515 133 2176
f 2176 136 3516
f 3516 657 3515
f 3515 2176 3516
f 3516 136 2283
f 2283 202 3518
f 3518 657 3516
f 3516 2283 3518
f 2283 136 2985
f 2985 481 2986
f 2986 202 2283
f 2283 2985 2986
f 2986 481 2987
f 2987 203 2285
f 2285 202 2986
f 2986 2987 2285
f 2987 481 2988
f 2988 480 2979
f 2979 203 2987
f 2987 2988 2979
f 2923 462 2982
f 2982 480 2980
f 2980 348 2923
f 2923 2982 2980
f 2982 462 2920
f 2920 203 2979
f 2979 480 2982
f 2982 2920 2979
f 2849 321 2596
f 2596 347 2851
f 2851 437 2849
f 2849 2596 2851
f 2596 321 2926
f 2926 463 2927
f 2927 347 2596
f 2596 2926 2927
f 3200 535 3149
f 3149 436 3198
f 3198 549 3200
f 3200 3149 3198
f 3149 535 3148
f 3148 322 2848
f 2848 436 3149
f 3149 3148 2848
f 3151 535 3200
f 3643 689 3644
f 3644 688 3641
f 3641 664 3643
f 3643 3644 3641
f 3644 689 3648
f 3648 690 3647
f 3647 688 3644
f 3644 3648 3647
f 3649 691 3650
f 3650 438 2853
f 2853 346 3649
f 3649 3650 2853
f 3650 691 3651
f 3651 442 2862
f 2862 438 3650
f 3650 3651 2862
f 3203 550 3202
f 3202 441 3189
f 3189 547 3203
f 3203 3202 3189
f 3202 550 3201
f 3201 439 2860
f 2860 441 3202
f 3202 3201 2860
f 3205 547 3192
f 3206 550 3203
f 3203 547 3205
f 3205 3206 3203
f 3655 115 3654
f 3654 692 3657
f 3657 693 3655
f 3655 3654 3657
f 3654 115 2140
f 2140 114 3653
f 3653 692 3654
f 3654 2140 3653
f 3668 695 3663
f 3663 44 3658
f 3658 694 3668
f 3668 3663 3658
f 3663 695 3664
f 3664 45 1986
f 1986 44 3663
f 3663 3664 1986
f 3660 694 3659
f 3659 206 2895
f 2895 454 3660
f 3660 3659 2895
f 3659 694 3658
f 3658 44 2291
f 2291 206 3659
f 3659 3658 2291
f 2924 463 2925
f 2925 320 2542
f 2542 210 2924
f 2924 2925 2542
f 2925 463 2926
f 2926 321 2545
f 2545 320 2925
f 2925 2926 2545
f 2895 206 2896
f 2896 455 2898
f 2898 454 2895
f 2895 2896 2898
f 2896 206 2731
f 2731 388 2897
f 2897 455 2896
f 2896 2731 2897
f 2897 388 3669
f 3669 696 3672
f 3672 455 2897
f 2897 3669 3672
f 3669 388 2735
f 2735 390 3670
f 3670 696 3669
f 3669 2735 3670
f 3675 428 3130
f 3130 530 3678
f 3678 697 3675
f 3675 3130 3678
f 3130 428 2826
f 2826 427 3129
f 3129 530 3130
f 3130 2826 3129
f 3214 552 3212
f 3212 430 2838
f 2838 433 3214
f 3214 3212 2838
f 3212 552 3213
f 3213 431 2833
f 2833 430 3212
f 3212 3213 2833
f 2828 207 2830
f 2830 430 2831
f 2831 429 2828
f 2828 2830 2831
f 2830 207 2839
f 2839 434 2842
f 2842 430 2830
f 2830 2839 2842
f 2300 210 2840
f 2840 434 2839
f 2839 207 2300
f 2300 2840 2839
f 2840 210 2542
f 2542 320 2841
f 2841 434 2840
f 2840 2542 2841
f 2853 438 2854
f 2854 347 2597
f 2597 346 2853
f 2853 2854 2597
f 2854 438 2856
f 2856 437 2851
f 2851 347 2854
f 2854 2856 2851
f 3652 529 3127
f 3127 442 3651
f 3651 691 3652
f 3652 3127 3651
f 3127 529 3128
f 3128 443 2869
f 2869 442 3127
f 3127 3128 2869
f 2918 461 2916
f 2916 445 2908
f 2908 458 2918
f 2918 2916 2908
f 2916 461 2917
f 2917 446 2877
f 2877 445 2916
f 2916 2917 2877
f 3665 458 2907
f 2907 45 3664
f 3664 695 3665
f 3665 2907 3664
f 2907 458 2908
f 2908 445 2871
f 2871 45 2907
f 2907 2908 2871
f 3679 696 3671
f 3671 428 3675
f 3675 697 3679
f 3679 3671 3675
f 3671 696 3670
f 3670 390 2824
f 2824 428 3671
f 3671 3670 2824
f 2868 443 2866
f 2866 426 2859
f 2859 440 2868
f 2868 2866 2859
f 2866 443 2867
f 2867 427 2822
f 2822 426 2866
f 2866 2867 2822
f 3215 447 2878
f 2878 431 3213
f 3213 552 3215
f 3215 2878 3213
f 2878 447 2880
f 2880 446 2874
f 2874 431 2878
f 2878 2880 2874
f 2848 322 2850
f 2850 437 2852
f 2852 436 2848
f 2848 2850 2852
f 2850 322 2547
f 2547 321 2849
f 2849 437 2850
f 2850 2547 2849
f 2860 439 2863
f 2863 442 2865
f 2865 441 2860
f 2860 2863 2865
f 2863 439 2858
f 2858 438 2862
f 2862 442 2863
f 2863 2858 2862
f 2836 432 2834
f 2834 195 2827
f 2827 429 2836
f 2836 2834 2827
f 2834 432 2835
f 2835 196 2272
f 2272 195 2834
f 2834 2835 2272
f 2638 204 2294
f 2294 208 2639
f 2639 360 2638
f 2638 2294 2639
f 2294 204 2297
f 2297 209 2299
f 2299 208 2294
f 2294 2297 2299
f 2978 349 2981
f 2981 480 2983
f 2983 479 2978
f 2978 2981 2983
f 2981 349 2601
f 2601 348 2980
f 2980 480 2981
f 2981 2601 2980
f 2881 409 2899
f 2899 456 2900
f 2900 448 2881
f 2881 2899 2900
f 2899 409 2904
f 2904 457 2906
f 2906 456 2899
f 2899 2904 2906
f 3137 531 3135
f 3135 459 3089
f 3089 519 3137
f 3137 3135 3089
f 3135 531 3136
f 3136 460 2913
f 2913 459 3135
f 3135 3136 2913
f 2288 203 2296
f 2296 209 2297
f 2297 204 2288
f 2288 2296 2297
f 2296 203 2920
f 2920 462 2921
f 2921 209 2296
f 2296 2920 2921
f 3668 694 3661
f 3661 477 3667
f 3667 695 3668
f 3668 3661 3667
f 3661 694 3662
f 3662 478 2977
f 2977 477 3661
f 3661 3662 2977
f 3679 697 3676
f 3676 517 3674
f 3674 696 3679
f 3679 3676 3674
f 3676 697 3677
f 3677 518 3087
f 3087 517 3676
f 3676 3677 3087
f 2635 360 2636
f 2636 195 2270
f 2270 194 2635
f 2635 2636 2270
f 2636 360 2639
f 2639 208 2293
f 2293 195 2636
f 2636 2639 2293
f 3660 454 2974
f 2974 478 3662
f 3662 694 3660
f 3660 2974 3662
f 2974 454 2905
f 2905 457 2975
f 2975 478 2974
f 2974 2905 2975
f 3665 695 3666
f 3666 459 2909
f 2909 458 3665
f 3665 3666 2909
f 3666 695 3667
f 3667 477 2971
f 2971 459 3666
f 3666 3667 2971
f 3672 696 3673
f 3673 456 2902
f 2902 455 3672
f 3672 3673 2902
f 3673 696 3674
f 3674 517 3083
f 3083 456 3673
f 3673 3674 3083
f 3134 197 2911
f 2911 460 3136
f 3136 531 3134
f 3134 2911 3136
f 2911 197 2275
f 2275 196 2910
f 2910 460 2911
f 2911 2275 2910
f 2927 463 2928
f 2928 348 2599
f 2599 347 2927
f 2927 2928 2599
f 2928 463 2929
f 2929 462 2923
f 2923 348 2928
f 2928 2929 2923
f 3682 698 3680
f 3680 274 2766
f 2766 403 3682
f 3682 3680 2766
f 3680 698 3681
f 3681 275 2431
f 2431 274 3680
f 3680 3681 2431
f 3689 353 3687
f 3687 699 3692
f 3692 700 3689
f 3689 3687 3692
f 3687 353 2609
f 2609 352 3686
f 3686 699 3687
f 3687 2609 3686
f 2524 310 3694
f 3694 701 3693
f 3693 185 2524
f 2524 3694 3693
f 3694 310 3696
f 3696 702 3701
f 3701 701 3694
f 3694 3696 3701
f 3058 293 2602
f 2602 351 3059
f 3059 508 3058
f 3058 2602 3059
f 2602 293 2605
f 2605 352 2607
f 2607 351 2602
f 2602 2605 2607
f 3703 703 3704
f 3704 505 3048
f 3048 504 3703
f 3703 3704 3048
f 3704 703 3710
f 3710 704 3709
f 3709 505 3704
f 3704 3710 3709
f 2756 399 2757
f 2757 274 2429
f 2429 273 2756
f 2756 2757 2429
f 2757 399 2759
f 2759 398 2753
f 2753 274 2757
f 2757 2759 2753
f 3712 705 3713
f 3713 501 3040
f 3040 500 3712
f 3712 3713 3040
f 3713 705 3717
f 3717 706 3716
f 3716 501 3713
f 3713 3717 3716
f 3721 707 3722
f 3722 501 3039
f 3039 498 3721
f 3721 3722 3039
f 3722 707 3723
f 3723 502 3043
f 3043 501 3722
f 3722 3723 3043
f 3063 509 3064
f 3064 505 3047
f 3047 394 3063
f 3063 3064 3047
f 3064 509 3065
f 3065 506 3051
f 3051 505 3064
f 3064 3065 3051
f 3052 507 3053
f 3053 351 2603
f 2603 350 3052
f 3052 3053 2603
f 3053 507 3055
f 3055 506 3049
f 3049 351 3053
f 3053 3055 3049
f 3735 710 3734
f 3734 708 3730
f 3730 709 3735
f 3735 3734 3730
f 3734 710 3741
f 3741 711 3740
f 3740 708 3734
f 3734 3741 3740
f 3742 712 3743
f 3743 701 3695
f 3695 337 3742
f 3742 3743 3695
f 3743 712 3747
f 3747 713 3746
f 3746 701 3743
f 3743 3747 3746
f 3054 507 3751
f 3751 714 3750
f 3750 504 3054
f 3054 3751 3750
f 3751 507 3755
f 3755 715 3756
f 3756 714 3751
f 3751 3755 3756
f 3689 700 3760
f 3760 716 3758
f 3758 353 3689
f 3689 3760 3758
f 3760 700 3764
f 3764 717 3765
f 3765 716 3760
f 3760 3764 3765
f 3776 719 3773
f 3773 511 3770
f 3770 718 3776
f 3776 3773 3770
f 3773 719 3774
f 3774 512 3071
f 3071 511 3773
f 3773 3774 3071
f 3785 721 3786
f 3786 720 3779
f 3779 475 3785
f 3785 3786 3779
f 3786 721 3781
f 3781 277 3778
f 3778 720 3786
f 3786 3781 3778
f 3703 504 3788
f 3788 722 3789
f 3789 703 3703
f 3703 3788 3789
f 3788 504 3750
f 3750 714 3790
f 3790 722 3788
f 3788 3750 3790
f 2756 273 3791
f 3791 723 3794
f 3794 399 2756
f 2756 3791 3794
f 3791 273 2435
f 2435 278 3792
f 3792 723 3791
f 3791 2435 3792
f 3805 725 3800
f 3800 184 3798
f 3798 724 3805
f 3805 3800 3798
f 3800 725 3803
f 3803 311 2525
f 2525 184 3800
f 3800 3803 2525
f 2608 353 3808
f 3808 726 3807
f 3807 350 2608
f 2608 3808 3807
f 3808 353 3758
f 3758 716 3811
f 3811 726 3808
f 3808 3758 3811
f 3052 350 3754
f 3754 715 3755
f 3755 507 3052
f 3052 3754 3755
f 3754 350 3807
f 3807 726 3810
f 3810 715 3754
f 3754 3807 3810
f 3819 729 3818
f 3818 727 3815
f 3815 728 3819
f 3819 3818 3815
f 3818 729 3824
f 3824 730 3823
f 3823 727 3818
f 3818 3824 3823
f 3828 731 3829
f 3829 730 3824
f 3824 729 3828
f 3828 3829 3824
f 3829 731 3825
f 3825 14 3820
f 3820 730 3829
f 3829 3825 3820
f 3833 732 3831
f 3831 14 3825
f 3825 731 3833
f 3833 3831 3825
f 3831 732 3830
f 3830 11 1942
f 1942 14 3831
f 3831 3830 1942
f 3836 733 3834
f 3834 11 3830
f 3830 732 3836
f 3836 3834 3830
f 3834 733 3835
f 3835 42 1980
f 1980 11 3834
f 3834 3835 1980
f 2029 68 3838
f 3838 734 3837
f 3837 65 2029
f 2029 3838 3837
f 3838 68 3840
f 3840 735 3841
f 3841 734 3838
f 3838 3840 3841
f 2004 58 3843
f 3843 736 3842
f 3842 55 2004
f 2004 3843 3842
f 3843 58 3845
f 3845 737 3848
f 3848 736 3843
f 3843 3845 3848
f 3849 121 3844
f 3844 736 3851
f 3851 738 3849
f 3849 3844 3851
f 3844 121 2155
f 2155 55 3842
f 3842 736 3844
f 3844 2155 3842
f 3852 466 3850
f 3850 738 3853
f 3853 739 3852
f 3852 3850 3853
f 3850 466 2934
f 2934 121 3849
f 3849 738 3850
f 3850 2934 3849
f 3861 741 3860
f 3860 739 3856
f 3856 740 3861
f 3861 3860 3856
f 3860 741 3858
f 3858 466 3852
f 3852 739 3860
f 3860 3858 3852
f 3242 415 3246
f 3246 560 3248
f 3248 559 3242
f 3242 3246 3248
f 3246 415 3857
f 3857 741 3859
f 3859 560 3246
f 3246 3857 3859
f 3865 742 3863
f 3863 300 3259
f 3259 563 3865
f 3865 3863 3259
f 3863 742 3864
f 3864 301 2502
f 2502 300 3863
f 3863 3864 2502
f 3868 27 3862
f 3862 742 3873
f 3873 743 3868
f 3868 3862 3873
f 3862 27 2498
f 2498 301 3864
f 3864 742 3862
f 3862 2498 3864
f 3874 28 3869
f 3869 743 3877
f 3877 744 3874
f 3874 3869 3877
f 3869 28 1961
f 1961 27 3868
f 3868 743 3869
f 3869 1961 3868
f 2810 417 2804
f 2804 291 2809
f 2809 419 2810
f 2810 2804 2809
f 2804 417 2803
f 2803 104 2475
f 2475 291 2804
f 2804 2803 2475
f 2805 343 2590
f 2590 104 2803
f 2803 417 2805
f 2805 2590 2803
f 2590 343 2589
f 2589 101 2107
f 2107 104 2590
f 2590 2589 2107
f 2591 342 2587
f 2587 101 2589
f 2589 343 2591
f 2591 2587 2589
f 2587 342 2588
f 2588 108 2120
f 2120 101 2587
f 2587 2588 2120
f 3879 745 3878
f 3878 108 2588
f 2588 342 3879
f 3879 3878 2588
f 3878 745 3882
f 3882 746 3880
f 3880 108 3878
f 3878 3882 3880
f 3884 747 3883
f 3883 114 2145
f 2145 117 3884
f 3884 3883 2145
f 3883 747 3885
f 3885 692 3653
f 3653 114 3883
f 3883 3885 3653
f 3881 416 2799
f 2799 108 3880
f 3880 746 3881
f 3881 2799 3880
f 2799 416 2800
f 2800 109 2124
f 2124 108 2799
f 2799 2800 2124
f 2557 325 2555
f 2555 24 2213
f 2213 159 2557
f 2557 2555 2213
f 2555 325 2556
f 2556 25 1957
f 1957 24 2555
f 2555 2556 1957
f 3347 598 3348
f 3348 24 1954
f 1954 23 3347
f 3347 3348 1954
f 3348 598 3349
f 3349 160 2214
f 2214 24 3348
f 3348 3349 2214
f 3887 748 3888
f 3888 383 2719
f 2719 382 3887
f 3887 3888 2719
f 3888 748 3894
f 3894 749 3892
f 3892 383 3888
f 3888 3894 3892
f 1925 1 2692
f 2692 376 2693
f 2693 2 1925
f 1925 2692 2693
f 2692 1 2697
f 2697 377 2701
f 2701 376 2692
f 2692 2697 2701
f 2147 118 2700
f 2700 377 2697
f 2697 1 2147
f 2147 2700 2697
f 2700 118 2704
f 2704 378 2705
f 2705 377 2700
f 2700 2704 2705
f 2967 476 2968
f 2968 378 2704
f 2704 118 2967
f 2967 2968 2704
f 2968 476 2969
f 2969 379 2708
f 2708 378 2968
f 2968 2969 2708
f 2553 2 1955
f 1955 25 2556
f 2556 325 2553
f 2553 1955 2556
f 1955 2 2693
f 2693 376 2695
f 2695 25 1955
f 1955 2693 2695
f 3900 751 3897
f 3897 316 3896
f 3896 750 3900
f 3900 3897 3896
f 3897 751 3899
f 3899 749 3890
f 3890 316 3897
f 3897 3899 3890
f 3906 753 3904
f 3904 599 3903
f 3903 752 3906
f 3906 3904 3903
f 3904 753 3905
f 3905 606 3375
f 3375 599 3904
f 3904 3905 3375
f 3912 608 3909
f 3909 754 3914
f 3914 755 3912
f 3912 3909 3914
f 3909 608 3383
f 3383 607 3908
f 3908 754 3909
f 3909 3383 3908
f 3756 715 3752
f 3752 36 3748
f 3748 714 3756
f 3756 3752 3748
f 3752 715 3753
f 3753 37 1973
f 1973 36 3752
f 3752 3753 1973
f 3765 717 3761
f 3761 211 3757
f 3757 716 3765
f 3765 3761 3757
f 3761 717 3762
f 3762 212 2305
f 2305 211 3761
f 3761 3762 2305
f 2407 264 3767
f 3767 718 3766
f 3766 261 2407
f 2407 3767 3766
f 3767 264 3772
f 3772 719 3776
f 3776 718 3767
f 3767 3772 3776
f 3790 714 3749
f 3749 289 3787
f 3787 722 3790
f 3790 3749 3787
f 3749 714 3748
f 3748 36 2470
f 2470 289 3749
f 3749 3748 2470
f 3792 278 2508
f 2508 305 3793
f 3793 723 3792
f 3792 2508 3793
f 2508 278 2511
f 2511 306 2514
f 2514 305 2508
f 2508 2511 2514
f 3811 716 3759
f 3759 355 3809
f 3809 726 3811
f 3811 3759 3809
f 3759 716 3757
f 3757 211 2616
f 2616 355 3759
f 3759 3757 2616
f 3810 726 3806
f 3806 37 3753
f 3753 715 3810
f 3810 3806 3753
f 3806 726 3809
f 3809 355 2614
f 2614 37 3806
f 3806 3809 2614
f 3236 558 3237
f 3237 289 2471
f 2471 288 3236
f 3236 3237 2471
f 3237 558 3918
f 3918 756 3916
f 3916 289 3237
f 3237 3918 3916
f 2439 280 2966
f 2966 475 2965
f 2965 75 2439
f 2439 2966 2965
f 2966 280 3783
f 3783 721 3785
f 3785 475 2966
f 2966 3783 3785
f 3804 725 3799
f 3799 167 2550
f 2550 324 3804
f 3804 3799 2550
f 3799 725 3805
f 3805 724 3796
f 3796 167 3799
f 3799 3805 3796
f 3923 757 3924
f 3924 315 2536
f 2536 314 3923
f 3923 3924 2536
f 3924 757 3925
f 3925 553 3220
f 3220 315 3924
f 3924 3925 3220
f 3931 150 3927
f 3927 758 3935
f 3935 759 3931
f 3931 3927 3935
f 3927 150 2197
f 2197 149 3926
f 3926 758 3927
f 3927 2197 3926
f 3945 603 3937
f 3937 760 3947
f 3947 761 3945
f 3945 3937 3947
f 3937 603 3368
f 3368 602 3936
f 3936 760 3937
f 3937 3368 3936
f 3949 332 3944
f 3944 761 3953
f 3953 762 3949
f 3949 3944 3953
f 3944 332 3366
f 3366 603 3945
f 3945 761 3944
f 3944 3366 3945
f 3955 763 3956
f 3956 612 3392
f 3392 611 3955
f 3955 3956 3392
f 3956 763 3954
f 3954 333 3390
f 3390 612 3956
f 3956 3954 3390
f 3966 765 3975
f 3975 767 3974
f 3974 764 3966
f 3966 3975 3974
f 3975 765 3970
f 3970 766 3976
f 3976 767 3975
f 3975 3970 3976
f 3466 620 3462
f 3462 638 3467
f 3467 641 3466
f 3466 3462 3467
f 3462 620 3411
f 3411 619 3461
f 3461 638 3462
f 3462 3411 3461
f 3461 619 3573
f 3573 671 3574
f 3574 638 3461
f 3461 3573 3574
f 3573 619 3544
f 3544 663 3576
f 3576 671 3573
f 3573 3544 3576
f 3576 663 3541
f 3541 489 3572
f 3572 671 3576
f 3576 3541 3572
f 3541 663 3542
f 3542 491 3006
f 3006 489 3541
f 3541 3542 3006
f 3006 491 3007
f 3007 490 3005
f 3005 489 3006
f 3006 3007 3005
f 3007 491 3014
f 3014 494 3013
f 3013 490 3007
f 3007 3014 3013
f 3013 494 3978
f 3978 768 3977
f 3977 490 3013
f 3013 3978 3977
f 3978 494 3086
f 3086 518 3979
f 3979 768 3978
f 3978 3086 3979
f 3981 697 3984
f 3984 770 3985
f 3985 769 3981
f 3981 3984 3985
f 3984 697 3678
f 3678 530 3983
f 3983 770 3984
f 3984 3678 3983
f 3986 771 3987
f 3987 530 3131
f 3131 529 3986
f 3986 3987 3131
f 3987 771 3989
f 3989 770 3983
f 3983 530 3987
f 3987 3989 3983
f 3652 691 3988
f 3988 771 3986
f 3986 529 3652
f 3652 3988 3986
f 3988 691 3991
f 3991 772 3992
f 3992 771 3988
f 3988 3991 3992
f 3649 346 3990
f 3990 772 3991
f 3991 691 3649
f 3649 3990 3991
f 3990 346 3993
f 3993 773 3995
f 3995 772 3990
f 3990 3993 3995
f 2978 479 3997
f 3997 774 3996
f 3996 349 2978
f 2978 3997 3996
f 3997 479 3645
f 3645 690 3998
f 3998 774 3997
f 3997 3645 3998
f 2990 482 3646
f 3646 690 3645
f 3645 479 2990
f 2990 3646 3645
f 3646 482 3640
f 3640 688 3647
f 3647 690 3646
f 3646 3640 3647
f 3640 482 4001
f 4001 775 4004
f 4004 688 3640
f 3640 4001 4004
f 4001 482 2989
f 2989 135 4000
f 4000 775 4001
f 4001 2989 4000
f 4000 135 4006
f 4006 776 4010
f 4010 775 4000
f 4000 4006 4010
f 4006 135 2175
f 2175 134 4005
f 4005 776 4006
f 4006 2175 4005
f 3564 668 3561
f 3561 134 3512
f 3512 656 3564
f 3564 3561 3512
f 3561 668 4009
f 4009 776 4005
f 4005 134 3561
f 3561 4009 4005
f 3564 656 3559
f 3559 667 3565
f 3565 668 3564
f 3564 3559 3565
f 3559 656 3513
f 3513 172 3558
f 3558 667 3559
f 3559 3513 3558
f 3558 172 4013
f 4013 777 4015
f 4015 667 3558
f 3558 4013 4015
f 4013 172 2229
f 2229 171 4012
f 4012 777 4013
f 4013 2229 4012
f 4012 171 4016
f 4016 778 4019
f 4019 777 4012
f 4012 4016 4019
f 4016 171 2234
f 2234 174 4017
f 4017 778 4016
f 4016 2234 4017
f 4021 779 4022
f 4022 179 2245
f 2245 178 4021
f 4021 4022 2245
f 4022 779 4027
f 4027 780 4025
f 4025 179 4022
f 4022 4027 4025
f 2183 139 4028
f 4028 781 4029
f 4029 140 2183
f 2183 4028 4029
f 4028 139 2402
f 2402 263 4030
f 4030 781 4028
f 4028 2402 4030
f 2406 264 2405
f 2405 139 2303
f 2303 212 2406
f 2406 2405 2303
f 2405 264 2408
f 2408 263 2402
f 2402 139 2405
f 2405 2408 2402
f 3775 719 3771
f 3771 212 3762
f 3762 717 3775
f 3775 3771 3762
f 3771 719 3772
f 3772 264 2406
f 2406 212 3771
f 3771 3772 2406
f 3690 512 3763
f 3763 717 3764
f 3764 700 3690
f 3690 3763 3764
f 3763 512 3774
f 3774 719 3775
f 3775 717 3763
f 3763 3774 3775
f 3688 513 3691
f 3691 700 3692
f 3692 699 3688
f 3688 3691 3692
f 3691 513 3073
f 3073 512 3690
f 3690 700 3691
f 3691 3073 3690
f 3731 710 3733
f 3733 699 3685
f 3685 292 3731
f 3731 3733 3685
f 3733 710 3732
f 3732 513 3688
f 3688 699 3733
f 3733 3732 3688
f 2396 260 2397
f 2397 214 2306
f 2306 213 2396
f 2396 2397 2306
f 2397 260 3738
f 3738 711 3736
f 3736 214 2397
f 2397 3738 3736
f 2392 257 2391
f 2391 213 2317
f 2317 218 2392
f 2392 2391 2317
f 2391 257 2398
f 2398 260 2396
f 2396 213 2391
f 2391 2398 2396
f 4035 783 4041
f 4041 785 4040
f 4040 782 4035
f 4035 4041 4040
f 4041 783 4038
f 4038 784 4042
f 4042 785 4041
f 4041 4038 4042
f 3273 570 4045
f 4045 787 4044
f 4044 567 3273
f 3273 4045 4044
f 4045 570 4043
f 4043 786 4046
f 4046 787 4045
f 4045 4043 4046
f 4055 789 4051
f 4051 234 4047
f 4047 788 4055
f 4055 4051 4047
f 4051 789 4052
f 4052 235 2355
f 2355 234 4051
f 4051 4052 2355
f 4063 791 4060
f 4060 240 4057
f 4057 790 4063
f 4063 4060 4057
f 4060 791 4061
f 4061 241 2366
f 2366 240 4060
f 4060 4061 2366
f 4068 788 4048
f 4048 242 4064
f 4064 792 4068
f 4068 4048 4064
f 4048 788 4047
f 4047 234 2368
f 2368 242 4048
f 4048 4047 2368
f 4073 794 4071
f 4071 244 4069
f 4069 793 4073
f 4073 4071 4069
f 4071 794 4072
f 4072 245 2373
f 2373 244 4071
f 4071 4072 2373
f 4077 796 4075
f 4075 247 4074
f 4074 795 4077
f 4077 4075 4074
f 4075 796 4076
f 4076 248 2376
f 2376 247 4075
f 4075 4076 2376
f 4062 784 4036
f 4036 241 4061
f 4061 791 4062
f 4062 4036 4061
f 4036 784 4037
f 4037 256 2390
f 2390 241 4036
f 4036 4037 2390
f 4081 792 4065
f 4065 287 4078
f 4078 797 4081
f 4081 4065 4078
f 4065 792 4064
f 4064 242 2466
f 2466 287 4065
f 4065 4064 2466
f 4085 798 4082
f 4082 248 4076
f 4076 796 4085
f 4085 4082 4076
f 4082 798 4083
f 4083 307 2516
f 2516 248 4082
f 4082 4083 2516
f 4059 790 4056
f 4056 235 4052
f 4052 789 4059
f 4059 4056 4052
f 4056 790 4057
f 4057 240 2363
f 2363 235 4056
f 4056 4057 2363
f 4092 800 4089
f 4089 495 4087
f 4087 799 4092
f 4092 4089 4087
f 4089 800 4090
f 4090 496 3026
f 3026 495 4089
f 4089 4090 3026
f 4100 802 4097
f 4097 258 4095
f 4095 801 4100
f 4100 4097 4095
f 4097 802 4105
f 4105 803 4101
f 4101 258 4097
f 4097 4105 4101
f 3979 518 3980
f 3980 769 3982
f 3982 768 3979
f 3979 3980 3982
f 3980 518 3677
f 3677 697 3981
f 3981 769 3980
f 3980 3677 3981
f 3999 773 3994
f 3994 349 3996
f 3996 774 3999
f 3999 3994 3996
f 3994 773 3993
f 3993 346 2600
f 2600 349 3994
f 3994 3993 2600
f 4110 805 4108
f 4108 166 4106
f 4106 804 4110
f 4110 4108 4106
f 4108 805 4109
f 4109 323 2548
f 2548 166 4108
f 4108 4109 2548
f 4113 806 4111
f 4111 323 4109
f 4109 805 4113
f 4113 4111 4109
f 4111 806 4112
f 4112 622 3415
f 3415 323 4111
f 4111 4112 3415
f 4118 809 4117
f 4117 807 4114
f 4114 808 4118
f 4118 4117 4114
f 4117 809 4123
f 4123 810 4122
f 4122 807 4117
f 4117 4123 4122
f 4128 813 4127
f 4127 811 4124
f 4124 812 4128
f 4128 4127 4124
f 4127 813 4132
f 4132 814 4131
f 4131 811 4127
f 4127 4132 4131
f 4139 816 4136
f 4136 628 4133
f 4133 815 4139
f 4139 4136 4133
f 4136 816 4137
f 4137 629 3434
f 3434 628 4136
f 4136 4137 3434
f 4140 647 4138
f 4138 816 4141
f 4141 817 4140
f 4140 4138 4141
f 4138 647 3479
f 3479 629 4137
f 4137 816 4138
f 4138 3479 4137
f 4144 818 4143
f 4143 647 4140
f 4140 817 4144
f 4144 4143 4140
f 4143 818 4142
f 4142 646 3481
f 3481 647 4143
f 4143 4142 3481
f 4147 819 4148
f 4148 677 3595
f 3595 676 4147
f 4147 4148 3595
f 4148 819 4145
f 4145 643 3594
f 3594 677 4148
f 4148 4145 3594
f 4145 819 4146
f 4146 644 3472
f 3472 643 4145
f 4145 4146 3472
f 4146 819 4151
f 4151 820 4149
f 4149 644 4146
f 4146 4151 4149
f 4156 125 4152
f 4152 821 4159
f 4159 822 4156
f 4156 4152 4159
f 4152 125 3401
f 3401 616 4153
f 4153 821 4152
f 4152 3401 4153
f 4162 146 4161
f 4161 823 4163
f 4163 824 4162
f 4162 4161 4163
f 4161 146 2192
f 2192 145 4160
f 4160 823 4161
f 4161 2192 4160
f 4167 825 4168
f 4168 741 3861
f 3861 740 4167
f 4167 4168 3861
f 4168 825 4166
f 4166 560 3859
f 3859 741 4168
f 4168 4166 3859
f 4173 826 4172
f 4172 560 4166
f 4166 825 4173
f 4173 4172 4166
f 4172 826 4171
f 4171 468 3247
f 3247 560 4172
f 4172 4171 3247
f 4178 827 4177
f 4177 468 4171
f 4171 826 4178
f 4178 4177 4171
f 4177 827 4176
f 4176 158 2940
f 2940 468 4177
f 4177 4176 2940
f 4183 828 4181
f 4181 158 4176
f 4176 827 4183
f 4183 4181 4176
f 4181 828 4180
f 4180 155 2211
f 2211 158 4181
f 4181 4180 2211
f 4188 829 4184
f 4184 155 4180
f 4180 828 4188
f 4188 4184 4180
f 4184 829 4185
f 4185 176 2238
f 2238 155 4184
f 4184 4185 2238
f 4193 830 4189
f 4189 176 4185
f 4185 829 4193
f 4193 4189 4185
f 4189 830 4190
f 4190 177 2243
f 2243 176 4189
f 4189 4190 2243
f 4197 831 4194
f 4194 177 4190
f 4190 830 4197
f 4197 4194 4190
f 4194 831 4201
f 4201 832 4199
f 4199 177 4194
f 4194 4201 4199
f 4203 833 4204
f 4204 832 4201
f 4201 831 4203
f 4203 4204 4201
f 4204 833 4209
f 4209 834 4208
f 4208 832 4204
f 4204 4209 4208
f 4220 836 4217
f 4217 626 4212
f 4212 835 4220
f 4220 4217 4212
f 4217 836 4218
f 4218 627 3429
f 3429 626 4217
f 4217 4218 3429
f 4225 837 4221
f 4221 627 4218
f 4218 836 4225
f 4225 4221 4218
f 4221 837 4224
f 4224 814 4130
f 4130 627 4221
f 4221 4224 4130
f 4229 822 4158
f 4158 811 4227
f 4227 838 4229
f 4229 4158 4227
f 4158 822 4159
f 4159 821 4154
f 4154 811 4158
f 4158 4159 4154
f 4232 839 4233
f 4233 808 4114
f 4114 807 4232
f 4232 4233 4114
f 4233 839 4239
f 4239 840 4236
f 4236 808 4233
f 4233 4239 4236
f 4249 842 4247
f 4247 152 4240
f 4240 841 4249
f 4249 4247 4240
f 4247 842 4246
f 4246 151 2202
f 2202 152 4247
f 4247 4246 2202
f 3931 759 3932
f 3932 602 3362
f 3362 150 3931
f 3931 3932 3362
f 3932 759 3941
f 3941 760 3936
f 3936 602 3932
f 3932 3941 3936
f 3933 754 3940
f 3940 760 3941
f 3941 759 3933
f 3933 3940 3941
f 3940 754 3910
f 3910 753 3939
f 3939 760 3940
f 3940 3910 3939
f 3379 607 3378
f 3378 604 3376
f 3376 606 3379
f 3379 3378 3376
f 3378 607 3377
f 3377 164 3369
f 3369 604 3378
f 3378 3377 3369
f 3229 556 3230
f 3230 300 2497
f 2497 298 3229
f 3229 3230 2497
f 3230 556 3231
f 3231 472 2952
f 2952 300 3230
f 3230 3231 2952
f 3227 63 2951
f 2951 472 3231
f 3231 556 3227
f 3227 2951 3231
f 2951 63 2014
f 2014 62 2950
f 2950 472 2951
f 2951 2014 2950
f 2018 64 2017
f 2017 62 2014
f 2014 63 2018
f 2018 2017 2014
f 2017 64 2016
f 2016 59 2010
f 2010 62 2017
f 2017 2016 2010
f 2619 356 2618
f 2618 59 2016
f 2016 64 2619
f 2619 2618 2016
f 2618 356 2622
f 2622 153 2203
f 2203 59 2618
f 2618 2622 2203
f 2620 141 2205
f 2205 153 2622
f 2622 356 2620
f 2620 2205 2622
f 2205 141 2250
f 2250 181 2251
f 2251 153 2205
f 2205 2250 2251
f 2185 140 2249
f 2249 181 2250
f 2250 141 2185
f 2185 2249 2250
f 2249 140 2244
f 2244 178 2253
f 2253 181 2249
f 2249 2244 2253
f 2244 140 4020
f 4020 779 4021
f 4021 178 2244
f 2244 4020 4021
f 4020 140 4029
f 4029 781 4033
f 4033 779 4020
f 4020 4029 4033
f 2994 485 4032
f 4032 781 4031
f 4031 341 2994
f 2994 4032 4031
f 4032 485 4024
f 4024 779 4033
f 4033 781 4032
f 4032 4024 4033
f 2997 340 3417
f 3417 623 3418
f 3418 486 2997
f 2997 3417 3418
f 3417 340 3416
f 3416 622 3419
f 3419 623 3417
f 3417 3416 3419
f 3419 622 4119
f 4119 810 4120
f 4120 623 3419
f 3419 4119 4120
f 4119 622 4112
f 4112 806 4121
f 4121 810 4119
f 4119 4112 4121
f 4258 844 4255
f 4255 807 4252
f 4252 843 4258
f 4258 4255 4252
f 4255 844 4256
f 4256 839 4232
f 4232 807 4255
f 4255 4256 4232
f 2413 265 4241
f 4241 841 4242
f 4242 266 2413
f 2413 4241 4242
f 4241 265 4248
f 4248 842 4249
f 4249 841 4241
f 4241 4248 4249
f 3364 601 3359
f 3359 150 3362
f 3362 602 3364
f 3364 3359 3362
f 3359 601 3358
f 3358 147 2196
f 2196 150 3359
f 3359 3358 2196
f 2531 313 2533
f 2533 265 2409
f 2409 144 2531
f 2531 2533 2409
f 2533 313 2532
f 2532 148 2410
f 2410 265 2533
f 2533 2532 2410
f 3923 314 2535
f 2535 149 3921
f 3921 757 3923
f 3923 2535 3921
f 2535 314 3928
f 3928 758 3926
f 3926 149 2535
f 2535 3928 3926
f 2539 317 3929
f 3929 758 3928
f 3928 314 2539
f 2539 3929 3928
f 3929 317 3911
f 3911 755 3930
f 3930 758 3929
f 3929 3911 3930
f 3887 382 3382
f 3382 608 3889
f 3889 748 3887
f 3887 3382 3889
f 3382 382 2715
f 2715 165 3381
f 3381 608 3382
f 3382 2715 3381
f 2717 381 2712
f 2712 165 2715
f 2715 382 2717
f 2717 2712 2715
f 2712 381 2711
f 2711 162 2221
f 2221 165 2712
f 2712 2711 2221
f 4264 845 4263
f 4263 604 3373
f 3373 605 4264
f 4264 4263 3373
f 4263 845 4262
f 4262 597 3370
f 3370 604 4263
f 4263 4262 3370
f 4266 846 4271
f 4271 605 3371
f 3371 163 4266
f 4266 4271 3371
f 4271 846 4272
f 4272 845 4264
f 4264 605 4271
f 4271 4272 4264
f 2218 162 4265
f 4265 846 4266
f 4266 163 2218
f 2218 4265 4266
f 4265 162 2711
f 2711 381 4270
f 4270 846 4265
f 4265 2711 4270
f 4281 849 4280
f 4280 847 4276
f 4276 848 4281
f 4281 4280 4276
f 4280 849 4286
f 4286 850 4285
f 4285 847 4280
f 4280 4286 4285
f 4289 851 4288
f 4288 773 4274
f 4274 848 4289
f 4289 4288 4274
f 4288 851 4287
f 4287 772 3995
f 3995 773 4288
f 4288 4287 3995
f 4294 853 4299
f 4299 854 4298
f 4298 852 4294
f 4294 4299 4298
f 4299 853 4293
f 4293 851 4297
f 4297 854 4299
f 4299 4293 4297
f 4294 852 4302
f 4302 855 4303
f 4303 853 4294
f 4294 4302 4303
f 4302 852 4305
f 4305 856 4306
f 4306 855 4302
f 4302 4305 4306
f 4308 769 4300
f 4300 855 4309
f 4309 857 4308
f 4308 4300 4309
f 4300 769 3985
f 3985 770 4301
f 4301 855 4300
f 4300 3985 4301
f 4323 860 4322
f 4322 858 4317
f 4317 859 4323
f 4323 4322 4317
f 4322 860 4321
f 4321 857 4314
f 4314 858 4322
f 4322 4321 4314
f 4320 860 4319
f 4319 490 3977
f 3977 768 4320
f 4320 4319 3977
f 4319 860 4318
f 4318 487 3004
f 3004 490 4319
f 4319 4318 3004
f 4277 849 4278
f 4278 690 3648
f 3648 689 4277
f 4277 4278 3648
f 4278 849 4279
f 4279 774 3998
f 3998 690 4278
f 4278 4279 3998
f 3471 642 3593
f 3593 677 3594
f 3594 643 3471
f 3471 3593 3594
f 3593 642 4325
f 4325 861 4327
f 4327 677 3593
f 3593 4325 4327
f 4332 862 4331
f 4331 677 4327
f 4327 861 4332
f 4332 4331 4327
f 4331 862 4328
f 4328 424 3592
f 3592 677 4331
f 4331 4328 3592
f 4338 863 4334
f 4334 424 4328
f 4328 862 4338
f 4338 4334 4328
f 4334 863 4333
f 4333 421 2817
f 2817 424 4334
f 4334 4333 2817
f 4341 864 4339
f 4339 646 4142
f 4142 818 4341
f 4341 4339 4142
f 4339 864 4340
f 4340 680 3605
f 3605 646 4339
f 4339 4340 3605
f 4344 865 4343
f 4343 680 4340
f 4340 864 4344
f 4344 4343 4340
f 4343 865 4342
f 4342 191 3603
f 3603 680 4343
f 4343 4342 3603
f 4350 866 4345
f 4345 191 4342
f 4342 865 4350
f 4350 4345 4342
f 4345 866 4346
f 4346 192 2267
f 2267 191 4345
f 4345 4346 2267
f 4311 421 4315
f 4315 859 4317
f 4317 858 4311
f 4311 4315 4317
f 4315 421 4333
f 4333 863 4337
f 4337 859 4315
f 4315 4333 4337
f 4285 850 4282
f 4282 192 4273
f 4273 847 4285
f 4285 4282 4273
f 4282 850 4283
f 4283 193 2269
f 2269 192 4282
f 4282 4283 2269
f 4349 866 4348
f 4348 852 4298
f 4298 854 4349
f 4349 4348 4298
f 4348 866 4355
f 4355 867 4352
f 4352 852 4348
f 4348 4355 4352
f 4304 856 4353
f 4353 867 4351
f 4351 422 4304
f 4304 4353 4351
f 4353 856 4305
f 4305 852 4352
f 4352 867 4353
f 4353 4305 4352
f 4360 868 4356
f 4356 422 4351
f 4351 867 4360
f 4360 4356 4351
f 4356 868 4357
f 4357 423 2816
f 2816 422 4356
f 4356 4357 2816
f 4365 869 4361
f 4361 423 4357
f 4357 868 4365
f 4365 4361 4357
f 4361 869 4362
f 4362 676 3590
f 3590 423 4361
f 4361 4362 3590
f 4373 871 4369
f 4369 804 4366
f 4366 870 4373
f 4373 4369 4366
f 4369 871 4370
f 4370 805 4110
f 4110 804 4369
f 4369 4370 4110
f 4372 843 4250
f 4250 805 4370
f 4370 871 4372
f 4372 4250 4370
f 4250 843 4251
f 4251 806 4113
f 4113 805 4250
f 4250 4251 4113
f 3422 623 4115
f 4115 809 4116
f 4116 624 3422
f 3422 4115 4116
f 4115 623 4120
f 4120 810 4123
f 4123 809 4115
f 4115 4120 4123
f 4133 628 4126
f 4126 813 4135
f 4135 815 4133
f 4133 4126 4135
f 4126 628 3431
f 3431 625 4125
f 4125 813 4126
f 4126 3431 4125
f 4377 816 4376
f 4376 872 4378
f 4378 873 4377
f 4377 4376 4378
f 4376 816 4139
f 4139 815 4375
f 4375 872 4376
f 4376 4139 4375
f 4382 874 4379
f 4379 816 4377
f 4377 873 4382
f 4382 4379 4377
f 4379 874 4380
f 4380 817 4141
f 4141 816 4379
f 4379 4380 4141
f 4389 875 4384
f 4384 817 4380
f 4380 874 4389
f 4389 4384 4380
f 4384 875 4385
f 4385 818 4144
f 4144 817 4384
f 4384 4385 4144
f 4388 875 4383
f 4383 676 4362
f 4362 869 4388
f 4388 4383 4362
f 4383 875 4386
f 4386 819 4147
f 4147 676 4383
f 4383 4386 4147
f 4386 875 4387
f 4387 820 4151
f 4151 819 4386
f 4386 4387 4151
f 4387 875 4389
f 4389 874 4381
f 4381 820 4387
f 4387 4389 4381
f 4393 876 4394
f 4394 874 4382
f 4382 873 4393
f 4393 4394 4382
f 4394 876 4392
f 4392 820 4381
f 4381 874 4394
f 4394 4392 4381
f 4397 877 4398
f 4398 873 4378
f 4378 872 4397
f 4397 4398 4378
f 4398 877 4399
f 4399 876 4393
f 4393 873 4398
f 4398 4399 4393
f 4402 878 4404
f 4404 872 4374
f 4374 812 4402
f 4402 4404 4374
f 4404 878 4405
f 4405 877 4397
f 4397 872 4404
f 4404 4405 4397
f 4411 879 4409
f 4409 843 4372
f 4372 871 4411
f 4411 4409 4372
f 4409 879 4410
f 4410 844 4258
f 4258 843 4409
f 4409 4410 4258
f 4367 823 4371
f 4371 871 4373
f 4373 870 4367
f 4367 4371 4373
f 4371 823 4408
f 4408 879 4411
f 4411 871 4371
f 4371 4408 4411
f 4412 824 4368
f 4368 870 4413
f 4413 880 4412
f 4412 4368 4413
f 4368 824 4163
f 4163 823 4367
f 4367 870 4368
f 4368 4163 4367
f 4230 837 4222
f 4222 808 4226
f 4226 838 4230
f 4230 4222 4226
f 4222 837 4223
f 4223 809 4118
f 4118 808 4222
f 4222 4223 4118
f 4122 810 4253
f 4253 843 4252
f 4252 807 4122
f 4122 4253 4252
f 4253 810 4121
f 4121 806 4251
f 4251 843 4253
f 4253 4121 4251
f 4388 869 4363
f 4363 818 4385
f 4385 875 4388
f 4388 4363 4385
f 4363 869 4364
f 4364 864 4341
f 4341 818 4363
f 4363 4364 4341
f 4365 868 4358
f 4358 864 4364
f 4364 869 4365
f 4365 4358 4364
f 4358 868 4359
f 4359 865 4344
f 4344 864 4358
f 4358 4359 4344
f 4360 867 4354
f 4354 865 4359
f 4359 868 4360
f 4360 4354 4359
f 4354 867 4355
f 4355 866 4350
f 4350 865 4354
f 4354 4355 4350
f 4311 858 4312
f 4312 422 2814
f 2814 421 4311
f 4311 4312 2814
f 4312 858 4313
f 4313 856 4304
f 4304 422 4312
f 4312 4313 4304
f 4295 847 4347
f 4347 866 4349
f 4349 854 4295
f 4295 4347 4349
f 4347 847 4273
f 4273 192 4346
f 4346 866 4347
f 4347 4273 4346
f 3441 630 3631
f 3631 686 3632
f 3632 631 3441
f 3441 3631 3632
f 3631 630 4415
f 4415 881 4418
f 4418 686 3631
f 3631 4415 4418
f 3436 54 4414
f 4414 881 4415
f 4415 630 3436
f 3436 4414 4415
f 4414 54 4420
f 4420 882 4423
f 4423 881 4414
f 4414 4420 4423
f 1998 53 4419
f 4419 882 4420
f 4420 54 1998
f 1998 4419 4420
f 4419 53 4424
f 4424 883 4428
f 4428 882 4419
f 4419 4424 4428
f 3404 617 4425
f 4425 883 4424
f 4424 53 3404
f 3404 4425 4424
f 4425 617 4429
f 4429 884 4434
f 4434 883 4425
f 4425 4429 4434
f 3410 620 4430
f 4430 884 4429
f 4429 617 3410
f 3410 4430 4429
f 4430 620 3967
f 3967 766 4433
f 4433 884 4430
f 4430 3967 4433
f 3466 641 3968
f 3968 766 3967
f 3967 620 3466
f 3466 3968 3967
f 3968 641 3972
f 3972 767 3976
f 3976 766 3968
f 3968 3972 3976
f 3468 640 3971
f 3971 767 3972
f 3972 641 3468
f 3468 3971 3972
f 3971 640 3586
f 3586 675 3973
f 3973 767 3971
f 3971 3586 3973
f 3476 644 3578
f 3578 672 3579
f 3579 645 3476
f 3476 3578 3579
f 3578 644 3599
f 3599 679 3600
f 3600 672 3578
f 3578 3599 3600
f 4418 881 4417
f 4417 685 3633
f 3633 686 4418
f 4418 4417 3633
f 4417 881 4416
f 4416 661 3627
f 3627 685 4417
f 4417 4416 3627
f 4423 882 4422
f 4422 661 4416
f 4416 881 4423
f 4423 4422 4416
f 4422 882 4421
f 4421 652 3534
f 3534 661 4422
f 4422 4421 3534
f 4428 883 4427
f 4427 652 4421
f 4421 882 4428
f 4428 4427 4421
f 4427 883 4426
f 4426 649 3494
f 3494 652 4427
f 4427 4426 3494
f 4434 884 4431
f 4431 649 4426
f 4426 883 4434
f 4434 4431 4426
f 4431 884 4432
f 4432 669 3567
f 3567 649 4431
f 4431 4432 3567
f 4433 766 3969
f 3969 669 4432
f 4432 884 4433
f 4433 3969 4432
f 3969 766 3970
f 3970 765 3965
f 3965 669 3969
f 3969 3970 3965
f 3952 762 3948
f 3948 198 3456
f 3456 637 3952
f 3952 3948 3456
f 3948 762 3953
f 3953 761 3942
f 3942 198 3948
f 3948 3953 3942
f 3901 752 3902
f 3902 598 3350
f 3350 199 3901
f 3901 3902 3350
f 3902 752 3903
f 3903 599 3353
f 3353 598 3902
f 3902 3903 3353
f 3345 597 3346
f 3346 161 2217
f 2217 160 3345
f 3345 3346 2217
f 3346 597 4262
f 4262 845 4259
f 4259 161 3346
f 3346 4262 4259
f 4259 845 4260
f 4260 220 2323
f 2323 161 4259
f 4259 4260 2323
f 4260 845 4261
f 4261 221 2324
f 2324 220 4260
f 4260 4261 2324
f 4272 846 4267
f 4267 221 4261
f 4261 845 4272
f 4272 4267 4261
f 4267 846 4269
f 4269 227 2333
f 2333 221 4267
f 4267 4269 2333
f 2713 226 4268
f 4268 846 4270
f 4270 381 2713
f 2713 4268 4270
f 4268 226 2334
f 2334 227 4269
f 4269 846 4268
f 4268 2334 4269
f 2714 380 2709
f 2709 226 2713
f 2713 381 2714
f 2714 2709 2713
f 2709 380 2710
f 2710 318 2541
f 2541 226 2709
f 2709 2710 2541
f 4437 885 4436
f 4436 380 2721
f 2721 385 4437
f 4437 4436 2721
f 4436 885 4435
f 4435 318 2710
f 2710 380 4436
f 4436 4435 2710
f 4149 820 4150
f 4150 679 3599
f 3599 644 4149
f 4149 4150 3599
f 4150 820 4392
f 4392 876 4391
f 4391 679 4150
f 4150 4392 4391
f 4391 876 4390
f 4390 678 3602
f 3602 679 4391
f 4391 4390 3602
f 4390 876 4399
f 4399 877 4396
f 4396 678 4390
f 4390 4399 4396
f 4400 878 4401
f 4401 616 3403
f 3403 615 4400
f 4400 4401 3403
f 4401 878 4403
f 4403 821 4153
f 4153 616 4401
f 4401 4403 4153
f 4231 152 4235
f 4235 840 4239
f 4239 839 4231
f 4231 4235 4239
f 4235 152 2201
f 2201 126 4234
f 4234 840 4235
f 4235 2201 4234
f 4257 841 4243
f 4243 839 4256
f 4256 844 4257
f 4257 4243 4256
f 4243 841 4240
f 4240 152 4231
f 4231 839 4243
f 4243 4240 4231
f 4257 844 4254
f 4254 266 4242
f 4242 841 4257
f 4257 4254 4242
f 4254 844 4410
f 4410 879 4407
f 4407 266 4254
f 4254 4410 4407
f 4407 879 4406
f 4406 145 2412
f 2412 266 4407
f 4407 4406 2412
f 4406 879 4408
f 4408 823 4160
f 4160 145 4406
f 4406 4408 4160
f 4440 169 4439
f 4439 886 4441
f 4441 887 4440
f 4440 4439 4441
f 4439 169 2227
f 2227 168 4438
f 4438 886 4439
f 4439 2227 4438
f 4444 183 4443
f 4443 888 4445
f 4445 889 4444
f 4444 4443 4445
f 4443 183 2255
f 2255 182 4442
f 4442 888 4443
f 4443 2255 4442
f 4452 891 4450
f 4450 336 4446
f 4446 890 4452
f 4452 4450 4446
f 4450 891 4456
f 4456 892 4453
f 4453 336 4450
f 4450 4456 4453
f 4046 786 4448
f 4448 890 4449
f 4449 787 4046
f 4046 4448 4449
f 4448 786 4451
f 4451 891 4452
f 4452 890 4448
f 4448 4451 4452
f 4460 786 4459
f 4459 893 4462
f 4462 894 4460
f 4460 4459 4462
f 4459 786 4043
f 4043 570 4457
f 4457 893 4459
f 4459 4043 4457
f 3746 713 3745
f 3745 185 3693
f 3693 701 3746
f 3746 3745 3693
f 3745 713 3744
f 3744 182 2258
f 2258 185 3745
f 3745 3744 2258
f 4465 712 4463
f 4463 895 4467
f 4467 896 4465
f 4465 4463 4467
f 4463 712 4455
f 4455 892 4464
f 4464 895 4463
f 4463 4455 4464
f 2257 183 3797
f 3797 724 3798
f 3798 184 2257
f 2257 3797 3798
f 3797 183 4470
f 4470 897 4471
f 4471 724 3797
f 3797 4470 4471
f 4471 897 4468
f 4468 167 3796
f 3796 724 4471
f 4471 4468 3796
f 4468 897 4469
f 4469 168 2225
f 2225 167 4468
f 4468 4469 2225
f 2226 169 4107
f 4107 804 4106
f 4106 166 2226
f 2226 4107 4106
f 4107 169 4473
f 4473 898 4474
f 4474 804 4107
f 4107 4473 4474
f 4413 870 4475
f 4475 898 4476
f 4476 880 4413
f 4413 4475 4476
f 4475 870 4366
f 4366 804 4474
f 4474 898 4475
f 4475 4366 4474
f 4481 900 4480
f 4480 880 4478
f 4478 899 4481
f 4481 4480 4478
f 4480 900 4479
f 4479 824 4412
f 4412 880 4480
f 4480 4479 4412
f 4484 901 4483
f 4483 824 4479
f 4479 900 4484
f 4484 4483 4479
f 4483 901 4482
f 4482 146 4162
f 4162 824 4483
f 4483 4482 4162
f 4491 904 4490
f 4490 902 4486
f 4486 903 4491
f 4491 4490 4486
f 4490 904 4495
f 4495 905 4494
f 4494 902 4490
f 4490 4495 4494
f 4502 908 4501
f 4501 906 4498
f 4498 907 4502
f 4502 4501 4498
f 4501 908 4506
f 4506 909 4505
f 4505 906 4501
f 4501 4506 4505
f 4510 910 4507
f 4507 28 3874
f 3874 744 4510
f 4510 4507 3874
f 4507 910 4516
f 4516 911 4512
f 4512 28 4507
f 4507 4516 4512
f 4525 913 4523
f 4523 902 4519
f 4519 912 4525
f 4525 4523 4519
f 4523 913 4524
f 4524 909 4503
f 4503 902 4523
f 4523 4524 4503
f 4492 419 4530
f 4530 914 4531
f 4531 905 4492
f 4492 4530 4531
f 4530 419 2809
f 2809 291 4529
f 4529 914 4530
f 4530 2809 4529
f 4512 911 4513
f 4513 29 1963
f 1963 28 4512
f 4512 4513 1963
f 4513 911 4537
f 4537 915 4533
f 4533 29 4513
f 4513 4537 4533
f 4533 915 4535
f 4535 473 2954
f 2954 29 4533
f 4533 4535 2954
f 4535 915 4534
f 4534 470 2956
f 2956 473 4535
f 4535 4534 2956
f 4542 913 4521
f 4521 85 4538
f 4538 916 4542
f 4542 4521 4538
f 4521 913 4522
f 4522 86 2069
f 2069 85 4521
f 4521 4522 2069
f 4532 914 4526
f 4526 15 4517
f 4517 912 4532
f 4532 4526 4517
f 4526 914 4527
f 4527 16 1944
f 1944 15 4526
f 4526 4527 1944
f 2262 187 3132
f 3132 531 3133
f 3133 188 2262
f 2262 3132 3133
f 3132 187 2273
f 2273 197 3134
f 3134 531 3132
f 3132 2273 3134
f 3074 187 3498
f 3498 653 3499
f 3499 514 3074
f 3074 3498 3499
f 3498 187 2260
f 2260 186 3497
f 3497 653 3498
f 3498 2260 3497
f 3074 514 3076
f 3076 197 2273
f 2273 187 3074
f 3074 3076 2273
f 3076 514 3075
f 3075 194 2274
f 2274 197 3076
f 3076 3075 2274
f 4544 917 4545
f 4545 476 2970
f 2970 386 4544
f 4544 4545 2970
f 4545 917 4548
f 4548 918 4547
f 4547 476 4545
f 4545 4548 4547
f 4550 919 4549
f 4549 342 2593
f 2593 345 4550
f 4550 4549 2593
f 4549 919 4551
f 4551 745 3879
f 3879 342 4549
f 4549 4551 3879
f 4552 920 4553
f 4553 727 3812
f 3812 283 4552
f 4552 4553 3812
f 4553 920 4556
f 4556 921 4554
f 4554 727 4553
f 4553 4556 4554
f 3655 693 3656
f 3656 282 2450
f 2450 115 3655
f 3655 3656 2450
f 3656 693 4559
f 4559 922 4557
f 4557 282 3656
f 3656 4559 4557
f 4562 379 4546
f 4546 918 4564
f 4564 923 4562
f 4562 4546 4564
f 4546 379 2969
f 2969 476 4547
f 4547 918 4546
f 4546 2969 4547
f 4567 693 4566
f 4566 924 4569
f 4569 925 4567
f 4567 4566 4569
f 4566 693 3657
f 3657 692 4565
f 4565 924 4566
f 4566 3657 4565
f 4571 926 4570
f 4570 345 3814
f 3814 728 4571
f 4571 4570 3814
f 4570 926 4572
f 4572 919 4550
f 4550 345 4570
f 4570 4572 4550
f 4574 927 4575
f 4575 746 3882
f 3882 745 4574
f 4574 4575 3882
f 4575 927 4578
f 4578 928 4577
f 4577 746 4575
f 4575 4578 4577
f 4565 692 4579
f 4579 929 4581
f 4581 924 4565
f 4565 4579 4581
f 4579 692 3885
f 3885 747 4580
f 4580 929 4579
f 4579 3885 4580
f 4577 928 4576
f 4576 416 3881
f 3881 746 4577
f 4577 4576 3881
f 4576 928 4585
f 4585 930 4584
f 4584 416 4576
f 4576 4585 4584
f 3884 117 4561
f 4561 923 4563
f 4563 747 3884
f 3884 4561 4563
f 4561 117 2707
f 2707 379 4562
f 4562 923 4561
f 4561 2707 4562
f 2760 304 4582
f 4582 930 4583
f 4583 400 2760
f 2760 4582 4583
f 4582 304 2802
f 2802 416 4584
f 4584 930 4582
f 4582 2802 4584
f 4586 225 3019
f 2329 225 4588
f 4588 932 4587
f 4587 222 2329
f 2329 4588 4587
f 4588 225 4586
f 4586 931 4591
f 4591 932 4588
f 4588 4586 4591
f 4590 577 3285
f 3285 222 4587
f 4587 932 4590
f 4590 3285 4587
f 3285 577 3286
f 3286 228 2335
f 2335 222 3285
f 3285 3286 2335
f 4590 932 4589
f 4589 574 3287
f 3287 577 4590
f 4590 4589 3287
f 4589 932 4594
f 4594 933 4592
f 4592 574 4589
f 4589 4594 4592
f 4596 933 4593
f 4593 931 4595
f 4595 934 4596
f 4596 4593 4595
f 4593 933 4594
f 4594 932 4591
f 4591 931 4593
f 4593 4594 4591
f 4605 937 4604
f 4604 935 4600
f 4600 936 4605
f 4605 4604 4600
f 4604 937 4603
f 4603 573 4598
f 4598 935 4604
f 4604 4603 4598
f 4606 575 4039
f 4039 785 4610
f 4610 938 4606
f 4606 4039 4610
f 4039 575 4614
f 4614 939 4616
f 4616 785 4039
f 4039 4614 4616
f 4621 942 4620
f 4620 940 4619
f 4619 941 4621
f 4621 4620 4619
f 4620 942 4625
f 4625 943 4624
f 4624 940 4620
f 4620 4625 4624
f 4632 945 4630
f 4630 933 4626
f 4626 944 4632
f 4632 4630 4626
f 4630 945 4629
f 4629 574 4592
f 4592 933 4630
f 4630 4629 4592
f 4637 941 4636
f 4636 946 4640
f 4640 947 4637
f 4637 4636 4640
f 4636 941 4619
f 4619 940 4635
f 4635 946 4636
f 4636 4619 4635
f 4644 948 4643
f 4643 945 4639
f 4639 947 4644
f 4644 4643 4639
f 4643 948 4642
f 4642 939 4631
f 4631 945 4643
f 4643 4642 4631
f 4596 934 4627
f 4627 944 4626
f 4626 933 4596
f 4596 4627 4626
f 4627 934 4645
f 4645 949 4648
f 4648 944 4627
f 4627 4645 4648
f 4649 334 4623
f 4623 943 4651
f 4651 4649 4623
f 4652 334 4649
f 4653 335 2575
f 2575 334 4652
f 4652 4653 2575
f 4654 335 4653
f 4655 335 4654
f 2573 239 4622
f 4622 943 4623
f 4623 334 2573
f 2573 4622 4623
f 4622 239 4618
f 4618 940 4624
f 4624 943 4622
f 4622 4618 4624
f 2360 238 4617
f 4617 940 4618
f 4618 239 2360
f 2360 4617 4618
f 4617 238 4633
f 4633 946 4635
f 4635 940 4617
f 4617 4633 4635
f 4599 936 4634
f 4634 946 4633
f 4633 238 4599
f 4599 4634 4633
f 4634 936 4657
f 4657 951 4658
f 4658 946 4634
f 4634 4657 4658
f 4661 952 4665
f 4665 935 4597
f 4597 568 4661
f 4661 4665 4597
f 4665 952 4671
f 4671 953 4668
f 4668 935 4665
f 4665 4671 4668
f 4104 803 4103
f 4103 567 4044
f 4044 787 4104
f 4104 4103 4044
f 4103 803 4105
f 4105 802 4098
f 4098 567 4103
f 4103 4105 4098
f 4677 954 4675
f 4675 787 4449
f 4449 890 4677
f 4677 4675 4449
f 4675 954 4676
f 4676 803 4104
f 4104 787 4675
f 4675 4676 4104
f 4672 954 4674
f 4674 708 3724
f 3724 259 4672
f 4672 4674 3724
f 4674 954 4673
f 4673 339 3725
f 3725 708 4674
f 4674 4673 3725
f 4677 890 4447
f 4447 339 4673
f 4673 954 4677
f 4677 4447 4673
f 4447 890 4446
f 4446 336 2579
f 2579 339 4447
f 4447 4446 2579
f 2453 284 3031
f 3030 233 2453
f 2453 3031 3030
f 3031 284 4678
f 3107 524 4679
f 4678 284 3107
f 3107 4679 4678
f 4679 524 4680
f 4683 949 4682
f 4682 949 4645
f 4645 934 4681
f 4682 4645 4681
f 4625 942 4650
f 4651 943 4625
f 4625 4650 4651
f 4650 942 4684
f 4598 573 3279
f 3279 568 4597
f 4597 935 4598
f 4598 3279 4597
f 3279 573 3280
f 3280 569 3272
f 3272 568 3279
f 3279 3280 3272
f 4100 801 4663
f 4663 952 4664
f 4664 802 4100
f 4100 4663 4664
f 4663 801 4096
f 4096 783 4662
f 4662 952 4663
f 4663 4096 4662
f 3296 578 4049
f 4049 788 4050
f 4050 581 3296
f 3296 4049 4050
f 4049 578 4053
f 4053 789 4055
f 4055 788 4049
f 4049 4053 4055
f 4608 938 4611
f 4611 790 4058
f 4058 580 4608
f 4608 4611 4058
f 4611 938 4612
f 4612 791 4063
f 4063 790 4611
f 4611 4612 4063
f 3302 581 4066
f 4066 792 4067
f 4067 583 3302
f 3302 4066 4067
f 4066 581 4050
f 4050 788 4068
f 4068 792 4066
f 4066 4050 4068
f 4694 956 4692
f 4692 793 4688
f 4688 955 4694
f 4694 4692 4688
f 4692 956 4693
f 4693 794 4073
f 4073 793 4692
f 4692 4693 4073
f 4702 958 4700
f 4700 795 4697
f 4697 957 4702
f 4702 4700 4697
f 4700 958 4701
f 4701 796 4077
f 4077 795 4700
f 4700 4701 4077
f 4612 938 4609
f 4609 784 4062
f 4062 791 4612
f 4612 4609 4062
f 4609 938 4610
f 4610 785 4042
f 4042 784 4609
f 4609 4610 4042
f 4703 583 4080
f 4080 797 4706
f 4706 959 4703
f 4703 4080 4706
f 4080 583 4067
f 4067 792 4081
f 4081 797 4080
f 4080 4067 4081
f 4713 960 4710
f 4710 796 4701
f 4701 958 4713
f 4713 4710 4701
f 4710 960 4711
f 4711 798 4085
f 4085 796 4710
f 4710 4711 4085
f 3295 580 4054
f 4054 789 4053
f 4053 578 3295
f 3295 4054 4053
f 4054 580 4058
f 4058 790 4059
f 4059 789 4054
f 4054 4058 4059
f 4724 962 4721
f 4721 799 4717
f 4717 961 4724
f 4724 4721 4717
f 4721 962 4722
f 4722 800 4092
f 4092 799 4721
f 4721 4722 4092
f 4098 802 4099
f 4099 568 3270
f 3270 567 4098
f 4098 4099 3270
f 4099 802 4664
f 4664 952 4661
f 4661 568 4099
f 4099 4664 4661
f 3686 352 2604
f 2604 292 3685
f 3685 699 3686
f 3686 2604 3685
f 2604 352 2605
f 2605 293 2480
f 2480 292 2604
f 2604 2605 2480
f 3701 702 3697
f 3697 337 3695
f 3695 701 3701
f 3701 3697 3695
f 3697 702 3698
f 3698 338 2578
f 2578 337 3697
f 3697 3698 2578
f 3709 704 3705
f 3705 394 3047
f 3047 505 3709
f 3709 3705 3047
f 3705 704 3706
f 3706 395 2751
f 2751 394 3705
f 3705 3706 2751
f 2753 398 2767
f 2767 403 2766
f 2766 274 2753
f 2753 2767 2766
f 2767 398 2769
f 2769 404 2771
f 2771 403 2767
f 2767 2769 2771
f 3716 706 3714
f 3714 498 3039
f 3039 501 3716
f 3716 3714 3039
f 3714 706 3715
f 3715 499 3036
f 3036 498 3714
f 3714 3715 3036
f 3049 506 3060
f 3060 508 3059
f 3059 351 3049
f 3049 3060 3059
f 3060 506 3065
f 3065 509 3066
f 3066 508 3060
f 3060 3065 3066
f 2790 413 2791
f 2791 403 2768
f 2768 402 2790
f 2790 2791 2768
f 2791 413 3684
f 3684 698 3682
f 3682 403 2791
f 2791 3684 3682
f 2307 215 3057
f 3057 508 3056
f 3056 138 2307
f 2307 3057 3056
f 3057 215 2479
f 2479 293 3058
f 3058 508 3057
f 3057 2479 3058
f 2053 73 3032
f 3032 498 3033
f 3033 80 2053
f 2053 3032 3033
f 3032 73 3719
f 3719 707 3721
f 3721 498 3032
f 3032 3719 3721
f 1992 50 2748
f 2748 394 2747
f 2747 47 1992
f 1992 2748 2747
f 2748 50 3061
f 3061 509 3063
f 3063 394 2748
f 2748 3061 3063
f 3699 510 3067
f 3067 338 3698
f 3698 702 3699
f 3699 3067 3698
f 3067 510 3728
f 3728 709 3726
f 3726 338 3067
f 3067 3728 3726
f 4453 892 4454
f 4454 337 2576
f 2576 336 4453
f 4453 4454 2576
f 4454 892 4455
f 4455 712 3742
f 3742 337 4454
f 4454 4455 3742
f 3736 711 3739
f 3739 292 2477
f 2477 214 3736
f 3736 3739 2477
f 3739 711 3741
f 3741 710 3731
f 3731 292 3739
f 3739 3741 3731
f 4601 237 4727
f 4727 964 4730
f 4730 937 4601
f 4601 4727 4730
f 4727 237 4726
f 4726 963 4731
f 4731 964 4727
f 4727 4726 4731
f 4606 938 4607
f 4607 576 3284
f 3284 575 4606
f 4606 4607 3284
f 4607 938 4608
f 4608 580 3294
f 3294 576 4607
f 4607 4608 3294
f 3291 228 3283
f 3283 576 3292
f 3292 579 3291
f 3291 3283 3292
f 3283 228 3286
f 3286 577 3289
f 3289 576 3283
f 3283 3286 3289
f 2338 228 3298
f 3298 582 3299
f 3299 229 2338
f 2338 3298 3299
f 3298 228 3291
f 3291 579 3300
f 3300 582 3298
f 3298 3291 3300
f 2457 229 3304
f 3304 584 3305
f 3305 285 2457
f 2457 3304 3305
f 3304 229 3299
f 3299 582 3306
f 3306 584 3304
f 3304 3299 3306
f 4703 959 4704
f 4704 584 3307
f 3307 583 4703
f 4703 4704 3307
f 4704 959 4705
f 4705 585 3310
f 3310 584 4704
f 4704 4705 3310
f 4723 962 4719
f 4719 585 4705
f 4705 959 4723
f 4723 4719 4705
f 4719 962 4720
f 4720 586 3313
f 3313 585 4719
f 4719 4720 3313
f 4718 956 4690
f 4690 588 4715
f 4715 961 4718
f 4718 4690 4715
f 4690 956 4691
f 4691 589 3323
f 3323 588 4690
f 4690 4691 3323
f 4712 960 4708
f 4708 590 4687
f 4687 955 4712
f 4712 4708 4687
f 4708 960 4709
f 4709 591 3329
f 3329 590 4708
f 4708 4709 3329
f 4702 957 4695
f 4695 592 4699
f 4699 958 4702
f 4702 4695 4699
f 4695 957 4696
f 4696 593 3335
f 3335 592 4695
f 4695 4696 3335
f 4734 965 4732
f 4732 593 4696
f 4696 957 4734
f 4734 4732 4696
f 4732 965 4733
f 4733 594 3337
f 3337 593 4732
f 4732 4733 3337
f 4599 238 4602
f 4602 937 4605
f 4605 936 4599
f 4599 4602 4605
f 4602 238 2357
f 2357 237 4601
f 4601 937 4602
f 4602 2357 4601
f 3282 574 4613
f 4613 939 4614
f 4614 575 3282
f 3282 4613 4614
f 4613 574 4629
f 4629 945 4631
f 4631 939 4613
f 4613 4629 4631
f 4641 948 4669
f 4669 953 4666
f 4666 782 4641
f 4641 4669 4666
f 4669 948 4660
f 4660 951 4670
f 4670 953 4669
f 4669 4660 4670
f 4600 935 4656
f 4656 951 4657
f 4657 936 4600
f 4600 4656 4657
f 4656 935 4668
f 4668 953 4670
f 4670 951 4656
f 4656 4668 4670
f 4735 966 4736
f 4736 918 4548
f 4548 917 4735
f 4735 4736 4548
f 4736 966 4739
f 4739 967 4737
f 4737 918 4736
f 4736 4739 4737
f 4737 967 4738
f 4738 923 4564
f 4564 918 4737
f 4737 4738 4564
f 4738 967 4743
f 4743 968 4741
f 4741 923 4738
f 4738 4743 4741
f 4580 747 4740
f 4740 968 4742
f 4742 929 4580
f 4580 4740 4742
f 4740 747 4563
f 4563 923 4741
f 4741 968 4740
f 4740 4563 4741
f 4465 896 4466
f 4466 713 3747
f 3747 712 4465
f 4465 4466 3747
f 4466 896 4747
f 4747 969 4745
f 4745 713 4466
f 4466 4747 4745
f 3256 562 3257
f 3257 533 3145
f 3145 532 3256
f 3256 3257 3145
f 3257 562 3258
f 3258 561 3252
f 3252 533 3257
f 3257 3258 3252
f 3144 533 3143
f 3143 189 2887
f 2887 451 3144
f 3144 3143 2887
f 3143 533 3142
f 3142 186 2263
f 2263 189 3143
f 3143 3142 2263
f 3892 749 3893
f 3893 384 2720
f 2720 383 3892
f 3892 3893 2720
f 3893 749 3899
f 3899 751 3898
f 3898 384 3893
f 3893 3899 3898
f 3220 553 4750
f 4750 970 4749
f 4749 315 3220
f 3220 4750 4749
f 4750 553 3224
f 3224 555 4751
f 4751 970 4750
f 4750 3224 4751
f 2418 82 2786
f 2786 412 2787
f 2787 270 2418
f 2418 2786 2787
f 2786 82 2059
f 2059 81 2785
f 2785 412 2786
f 2786 2059 2785
f 2369 96 2419
f 2419 270 2420
f 2420 243 2369
f 2369 2419 2420
f 2419 96 2093
f 2093 82 2418
f 2418 270 2419
f 2419 2093 2418
f 2094 96 3021
f 3021 495 3020
f 3020 95 2094
f 2094 3021 3020
f 3021 96 2371
f 2371 245 3022
f 3022 495 3021
f 3021 2371 3022
f 3102 267 3104
f 3105 523 3102
f 3102 3104 3105
f 3316 497 3103
f 3103 523 3317
f 3317 587 3316
f 3316 3103 3317
f 3103 497 3027
f 3027 267 3102
f 3102 523 3103
f 3103 3027 3102
f 2785 81 4753
f 4753 971 4755
f 4755 412 2785
f 2785 4753 4755
f 4753 81 3035
f 3035 499 4756
f 4756 971 4753
f 4753 3035 4756
f 3028 497 3325
f 3325 590 3324
f 3324 308 3028
f 3028 3325 3324
f 3325 497 3321
f 3321 589 3326
f 3326 590 3325
f 3325 3321 3326
f 4766 706 4761
f 4761 972 4768
f 4768 973 4766
f 4766 4761 4768
f 4761 706 3717
f 3717 705 4760
f 4760 972 4761
f 4761 3717 4760
f 3022 245 4086
f 4086 799 4087
f 4087 495 3022
f 3022 4086 4087
f 4086 245 4072
f 4072 794 4088
f 4088 799 4086
f 4086 4072 4088
f 4088 794 4716
f 4716 961 4717
f 4717 799 4088
f 4088 4716 4717
f 4716 794 4693
f 4693 956 4718
f 4718 961 4716
f 4716 4693 4718
f 4756 499 4765
f 4765 973 4767
f 4767 971 4756
f 4756 4765 4767
f 4765 499 3715
f 3715 706 4766
f 4766 973 4765
f 4765 3715 4766
f 3326 589 4686
f 4686 955 4687
f 4687 590 3326
f 3326 4686 4687
f 4686 589 4691
f 4691 956 4694
f 4694 955 4686
f 4686 4691 4694
f 2052 74 2054
f 2054 80 2055
f 2055 79 2052
f 2052 2054 2055
f 2054 74 2042
f 2042 73 2053
f 2053 80 2054
f 2054 2042 2053
f 2041 74 2461
f 2461 286 2460
f 2460 71 2041
f 2041 2461 2460
f 2461 74 2157
f 2157 122 2463
f 2463 286 2461
f 2461 2157 2463
f 3101 255 3315
f 3315 587 3317
f 3317 523 3101
f 3101 3315 3317
f 3315 255 2388
f 2388 254 3314
f 3314 587 3315
f 3315 2388 3314
f 2463 122 2465
f 2465 287 2467
f 2467 286 2463
f 2463 2465 2467
f 2465 122 3024
f 3024 496 3025
f 3025 287 2465
f 2465 3024 3025
f 3702 503 3708
f 3708 704 3710
f 3710 703 3702
f 3702 3708 3710
f 3708 503 3046
f 3046 502 3707
f 3707 704 3708
f 3708 3046 3707
f 2387 255 2455
f 2455 284 2454
f 2454 252 2387
f 2387 2455 2454
f 2455 255 3106
f 3106 524 3107
f 3107 284 2455
f 2455 3106 3107
f 3314 254 3318
f 3318 588 3320
f 3320 587 3314
f 3314 3318 3320
f 3318 254 3312
f 3312 586 3319
f 3319 588 3318
f 3318 3312 3319
f 3707 502 3041
f 3041 395 3706
f 3706 704 3707
f 3707 3041 3706
f 3041 502 3723
f 3723 707 3720
f 3720 395 3041
f 3041 3723 3720
f 3025 496 4079
f 4079 797 4078
f 4078 287 3025
f 3025 4079 4078
f 4079 496 4090
f 4090 800 4091
f 4091 797 4079
f 4079 4090 4091
f 4091 800 4707
f 4707 959 4706
f 4706 797 4091
f 4091 4707 4706
f 4707 800 4722
f 4722 962 4723
f 4723 959 4707
f 4707 4722 4723
f 3720 707 3718
f 3718 72 2750
f 2750 395 3720
f 3720 3718 2750
f 3718 707 3719
f 3719 73 2040
f 2040 72 3718
f 3718 3719 2040
f 3319 586 4714
f 4714 961 4715
f 4715 588 3319
f 3319 4714 4715
f 4714 586 4720
f 4720 962 4724
f 4724 961 4714
f 4714 4720 4724
f 3915 31 4769
f 4769 974 4774
f 4774 756 3915
f 3915 4769 4774
f 4769 31 1968
f 1968 34 4770
f 4770 974 4769
f 4769 1968 4770
f 4760 705 3780
f 3780 720 4762
f 4762 972 4760
f 4760 3780 4762
f 3780 705 3711
f 3711 33 3777
f 3777 720 3780
f 3780 3711 3777
f 3712 500 3037
f 3037 33 3711
f 3711 705 3712
f 3712 3037 3711
f 3037 500 3038
f 3038 34 1970
f 1970 33 3037
f 3037 3038 1970
f 3045 503 3044
f 3044 34 3038
f 3038 500 3045
f 3045 3044 3038
f 3044 503 4771
f 4771 974 4770
f 4770 34 3044
f 3044 4771 4770
f 4773 974 4772
f 4772 703 3789
f 3789 722 4773
f 4773 4772 3789
f 4772 974 4771
f 4771 503 3702
f 3702 703 4772
f 4772 4771 3702
f 3556 667 3557
f 3557 131 2170
f 2170 130 3556
f 3556 3557 2170
f 3557 667 4015
f 4015 777 4011
f 4011 131 3557
f 3557 4015 4011
f 2410 148 4245
f 4245 842 4248
f 4248 265 2410
f 2410 4245 4248
f 4245 148 2193
f 2193 147 4244
f 4244 842 4245
f 4245 2193 4244
f 4672 259 4102
f 4102 803 4676
f 4676 954 4672
f 4672 4102 4676
f 4102 259 2395
f 2395 258 4101
f 4101 803 4102
f 4102 2395 4101
f 2551 262 3802
f 3802 725 3804
f 3804 324 2551
f 2551 3802 3804
f 3802 262 2401
f 2401 261 3801
f 3801 725 3802
f 3802 2401 3801
f 3922 313 3219
f 3219 553 3925
f 3925 757 3922
f 3922 3219 3925
f 3219 313 2534
f 2534 312 3218
f 3218 553 3219
f 3219 2534 3218
f 2566 331 3395
f 3395 613 3393
f 3393 124 2566
f 2566 3395 3393
f 3395 331 2567
f 2567 330 3394
f 3394 613 3395
f 3395 2567 3394
f 4030 263 2585
f 2585 341 4031
f 4031 781 4030
f 4030 2585 4031
f 2585 263 2404
f 2404 262 2584
f 2584 341 2585
f 2585 2404 2584
f 4027 779 4023
f 4023 484 4026
f 4026 780 4027
f 4027 4023 4026
f 4023 779 4024
f 4024 485 2996
f 2996 484 4023
f 4023 4024 2996
f 4329 488 4336
f 4336 863 4338
f 4338 862 4329
f 4329 4336 4338
f 4336 488 3001
f 3001 487 4335
f 4335 863 4336
f 4336 3001 4335
f 3068 511 3700
f 3700 702 3696
f 3696 310 3068
f 3068 3700 3696
f 3700 511 3069
f 3069 510 3699
f 3699 702 3700
f 3700 3069 3699
f 4011 777 4014
f 4014 515 3078
f 3078 131 4011
f 4011 4014 3078
f 4014 777 4019
f 4019 778 4018
f 4018 515 4014
f 4014 4019 4018
f 4777 554 3221
f 3221 143 4775
f 4775 975 4777
f 4777 3221 4775
f 3221 554 3222
f 3222 312 2529
f 2529 143 3221
f 3221 3222 2529
f 3360 601 3357
f 3357 123 2198
f 2198 151 3360
f 3360 3357 2198
f 3357 601 3361
f 3361 600 3354
f 3354 123 3357
f 3357 3361 3354
f 3957 621 3413
f 3413 333 3954
f 3954 763 3957
f 3957 3413 3954
f 3413 621 3412
f 3412 330 2570
f 2570 333 3413
f 3413 3412 2570
f 4009 668 3562
f 3562 634 4007
f 4007 776 4009
f 4009 3562 4007
f 3562 668 3563
f 3563 635 3451
f 3451 634 3562
f 3562 3563 3451
f 3469 642 3470
f 3470 640 3465
f 3465 639 3469
f 3469 3470 3465
f 3470 642 3474
f 3474 645 3473
f 3473 640 3470
f 3470 3474 3473
f 4004 775 4002
f 4002 664 3641
f 3641 688 4004
f 4004 4002 3641
f 4002 775 4003
f 4003 665 3550
f 3550 664 4002
f 4002 4003 3550
f 4010 776 4008
f 4008 665 4003
f 4003 775 4010
f 4010 4008 4003
f 4008 776 4007
f 4007 634 3549
f 3549 665 4008
f 4008 4007 3549
f 2169 129 3448
f 3448 635 3449
f 3449 130 2169
f 2169 3448 3449
f 3448 129 3452
f 3452 636 3455
f 3455 635 3448
f 3448 3452 3455
f 4329 862 4330
f 4330 670 3569
f 3569 488 4329
f 4329 4330 3569
f 4330 862 4332
f 4332 861 4326
f 4326 670 4330
f 4330 4332 4326
f 4326 861 4324
f 4324 639 3570
f 3570 670 4326
f 4326 4324 3570
f 4324 861 4325
f 4325 642 3469
f 3469 639 4324
f 4324 4325 3469
f 3973 675 3961
f 3961 764 3974
f 3974 767 3973
f 3973 3961 3974
f 3961 675 3589
f 3589 674 3960
f 3960 764 3961
f 3961 3589 3960
f 2268 193 3547
f 3547 664 3546
f 3546 190 2268
f 2268 3547 3546
f 3547 193 3642
f 3642 689 3643
f 3643 664 3547
f 3547 3642 3643
f 3726 709 3727
f 3727 339 2580
f 2580 338 3726
f 3726 3727 2580
f 3727 709 3730
f 3730 708 3725
f 3725 339 3727
f 3727 3730 3725
f 3769 718 3768
f 3768 310 2528
f 2528 311 3769
f 3769 3768 2528
f 3768 718 3770
f 3770 511 3068
f 3068 310 3768
f 3768 3770 3068
f 3801 261 2527
f 2527 311 3803
f 3803 725 3801
f 3801 2527 3803
f 2527 261 3766
f 3766 718 3769
f 3769 311 2527
f 2527 3766 3769
f 4662 783 4667
f 4667 953 4671
f 4671 952 4662
f 4662 4667 4671
f 4667 783 4035
f 4035 782 4666
f 4666 953 4667
f 4667 4035 4666
f 4093 801 4094
f 4094 257 2393
f 2393 256 4093
f 4093 4094 2393
f 4094 801 4095
f 4095 258 2394
f 2394 257 4094
f 4094 4095 2394
f 4210 835 4211
f 4211 484 2993
f 2993 483 4210
f 4210 4211 2993
f 4211 835 4213
f 4213 833 4202
f 4202 484 4211
f 4211 4213 4202
f 2997 486 2998
f 2998 341 2586
f 2586 340 2997
f 2997 2998 2586
f 2998 486 3000
f 3000 485 2994
f 2994 341 2998
f 2998 3000 2994
f 4244 147 2200
f 2200 151 4246
f 4246 842 4244
f 4244 2200 4246
f 2200 147 3358
f 3358 601 3360
f 3360 151 2200
f 2200 3358 3360
f 2195 148 3920
f 3920 757 3921
f 3921 149 2195
f 2195 3920 3921
f 3920 148 2532
f 2532 313 3922
f 3922 757 3920
f 3920 2532 3922
f 3999 774 4275
f 4275 848 4274
f 4274 773 3999
f 3999 4275 4274
f 4275 774 4279
f 4279 849 4281
f 4281 848 4275
f 4275 4279 4281
f 4295 854 4296
f 4296 848 4276
f 4276 847 4295
f 4295 4296 4276
f 4296 854 4297
f 4297 851 4289
f 4289 848 4296
f 4296 4297 4289
f 3992 772 4292
f 4292 853 4291
f 4291 771 3992
f 3992 4292 4291
f 4292 772 4287
f 4287 851 4293
f 4293 853 4292
f 4292 4287 4293
f 4291 853 4290
f 4290 770 3989
f 3989 771 4291
f 4291 4290 3989
f 4290 853 4303
f 4303 855 4301
f 4301 770 4290
f 4290 4303 4301
f 4314 857 4310
f 4310 856 4313
f 4313 858 4314
f 4314 4310 4313
f 4310 857 4309
f 4309 855 4306
f 4306 856 4310
f 4310 4309 4306
f 4308 857 4307
f 4307 768 3982
f 3982 769 4308
f 4308 4307 3982
f 4307 857 4321
f 4321 860 4320
f 4320 768 4307
f 4307 4321 4320
f 4335 487 4316
f 4316 859 4337
f 4337 863 4335
f 4335 4316 4337
f 4316 487 4318
f 4318 860 4323
f 4323 859 4316
f 4316 4318 4323
f 4283 850 4284
f 4284 689 3642
f 3642 193 4283
f 4283 4284 3642
f 4284 850 4286
f 4286 849 4277
f 4277 689 4284
f 4284 4286 4277
f 3588 675 3587
f 3587 645 3579
f 3579 672 3588
f 3588 3587 3579
f 3587 675 3586
f 3586 640 3473
f 3473 645 3587
f 3587 3586 3473
f 4648 949 4646
f 4646 941 4628
f 4628 944 4648
f 4648 4646 4628
f 4646 949 4647
f 4647 942 4621
f 4621 941 4646
f 4646 4647 4621
f 4632 944 4638
f 4638 947 4639
f 4639 945 4632
f 4632 4638 4639
f 4638 944 4628
f 4628 941 4637
f 4637 947 4638
f 4638 4628 4637
f 4658 951 4659
f 4659 947 4640
f 4640 946 4658
f 4658 4659 4640
f 4659 951 4660
f 4660 948 4644
f 4644 947 4659
f 4659 4660 4644
f 2400 259 3737
f 3737 711 3738
f 3738 260 2400
f 2400 3737 3738
f 3737 259 3724
f 3724 708 3740
f 3740 711 3737
f 3737 3724 3740
f 4647 949 4685
f 4684 942 4647
f 4647 4685 4684
f 4685 949 4683
f 4038 783 4034
f 4034 256 4037
f 4037 784 4038
f 4038 4034 4037
f 4034 783 4096
f 4096 801 4093
f 4093 256 4034
f 4034 4096 4093
f 3735 709 3729
f 3729 513 3732
f 3732 710 3735
f 3735 3729 3732
f 3729 709 3728
f 3728 510 3072
f 3072 513 3729
f 3729 3728 3072
f 4616 939 4615
f 4615 782 4040
f 4040 785 4616
f 4616 4615 4040
f 4615 939 4642
f 4642 948 4641
f 4641 782 4615
f 4615 4642 4641
f 2473 103 2103
f 2103 16 2472
f 2472 290 2473
f 2473 2103 2472
f 2103 103 2104
f 2104 17 1945
f 1945 16 2103
f 2103 2104 1945
f 1977 41 2063
f 2063 83 2062
f 2062 12 1977
f 1977 2063 2062
f 2063 41 2688
f 2688 375 2689
f 2689 83 2063
f 2063 2688 2689
f 2106 102 2100
f 2100 17 2104
f 2104 103 2106
f 2106 2100 2104
f 2100 102 2101
f 2101 69 2031
f 2031 17 2100
f 2100 2101 2031
f 2742 200 2280
f 2280 127 2741
f 2741 393 2742
f 2742 2280 2741
f 2280 200 2281
f 2281 128 2168
f 2168 127 2280
f 2280 2281 2168
f 3347 23 2277
f 2277 199 3350
f 3350 598 3347
f 3347 2277 3350
f 2277 23 2166
f 2166 128 2278
f 2278 199 2277
f 2277 2166 2278
f 2426 272 2427
f 2427 268 2414
f 2414 249 2426
f 2426 2427 2414
f 2427 272 2428
f 2428 271 2422
f 2422 268 2427
f 2427 2428 2422
f 4758 276 4764
f 4764 973 4768
f 4768 972 4758
f 4758 4764 4768
f 4764 276 2433
f 2433 275 4763
f 4763 973 4764
f 4764 2433 4763
f 3778 277 4759
f 4759 972 4762
f 4762 720 3778
f 3778 4759 4762
f 4759 277 2434
f 2434 276 4758
f 4758 972 4759
f 4759 2434 4758
f 2050 78 2440
f 2440 280 2439
f 2439 75 2050
f 2050 2440 2439
f 2440 78 2444
f 2444 281 2447
f 2447 280 2440
f 2440 2444 2447
f 2424 272 2425
f 2425 244 2370
f 2370 243 2424
f 2424 2425 2370
f 2425 272 2518
f 2518 307 2515
f 2515 244 2425
f 2425 2518 2515
f 2520 250 2522
f 2523 309 2520
f 2520 2522 2523
f 3886 317 3891
f 3891 749 3894
f 3894 748 3886
f 3886 3891 3894
f 3891 317 2540
f 2540 316 3890
f 3890 749 3891
f 3891 2540 3890
f 2689 375 2686
f 2686 9 2060
f 2060 83 2689
f 2689 2686 2060
f 2686 375 2691
f 2691 374 2683
f 2683 9 2686
f 2686 2691 2683
f 2422 271 2765
f 2765 402 2764
f 2764 268 2422
f 2422 2765 2764
f 2765 271 2789
f 2789 413 2790
f 2790 402 2765
f 2765 2789 2790
f 2123 109 2122
f 2122 69 2101
f 2101 102 2123
f 2123 2122 2101
f 2122 109 2445
f 2445 281 2442
f 2442 69 2122
f 2122 2445 2442
f 3109 525 3110
f 3110 26 1958
f 1958 8 3109
f 3109 3110 1958
f 3110 525 3111
f 3111 127 2165
f 2165 26 3110
f 3110 3111 2165
f 2520 309 3331
f 3331 592 3330
f 3330 250 2520
f 2520 3331 3330
f 3331 309 3328
f 3328 591 3332
f 3332 592 3331
f 3331 3328 3332
f 3112 525 3637
f 3637 687 3636
f 3636 391 3112
f 3112 3637 3636
f 3637 525 3344
f 3344 596 3638
f 3638 687 3637
f 3637 3344 3638
f 3638 596 3342
f 3342 373 3635
f 3635 687 3638
f 3638 3342 3635
f 3342 596 3343
f 3343 374 2685
f 2685 373 3342
f 3342 3343 2685
f 4763 275 4754
f 4754 971 4767
f 4767 973 4763
f 4763 4754 4767
f 4754 275 3681
f 3681 698 4757
f 4757 971 4754
f 4754 3681 4757
f 2437 277 2510
f 2510 306 2511
f 2511 278 2437
f 2437 2510 2511
f 2510 277 3781
f 3781 721 3784
f 3784 306 2510
f 2510 3781 3784
f 4781 733 4485
f 4485 903 4783
f 4783 976 4781
f 4781 4485 4783
f 4485 733 4489
f 4489 904 4491
f 4491 903 4485
f 4485 4489 4491
f 4752 750 3895
f 3895 315 4749
f 4749 970 4752
f 4752 3895 4749
f 3895 750 3896
f 3896 316 2538
f 2538 315 3895
f 3895 3896 2538
f 3947 760 3938
f 3938 752 3946
f 3946 761 3947
f 3947 3938 3946
f 3938 760 3939
f 3939 753 3906
f 3906 752 3938
f 3938 3939 3906
f 3930 755 3934
f 3934 759 3935
f 3935 758 3930
f 3930 3934 3935
f 3934 755 3914
f 3914 754 3933
f 3933 759 3934
f 3934 3914 3933
f 2441 279 3782
f 3782 721 3783
f 3783 280 2441
f 2441 3782 3783
f 3782 279 2512
f 2512 306 3784
f 3784 721 3782
f 3782 2512 3784
f 2515 307 4070
f 4070 793 4069
f 4069 244 2515
f 2515 4070 4069
f 4070 307 4083
f 4083 798 4084
f 4084 793 4070
f 4070 4083 4084
f 3379 606 3907
f 3907 754 3908
f 3908 607 3379
f 3379 3907 3908
f 3907 606 3905
f 3905 753 3910
f 3910 754 3907
f 3907 3905 3910
f 3912 755 3913
f 3913 748 3889
f 3889 608 3912
f 3912 3913 3889
f 3913 755 3911
f 3911 317 3886
f 3886 748 3913
f 3913 3911 3886
f 3942 761 3943
f 3943 199 2279
f 2279 198 3942
f 3942 3943 2279
f 3943 761 3946
f 3946 752 3901
f 3901 199 3943
f 3943 3946 3901
f 4492 905 4493
f 4493 420 2813
f 2813 419 4492
f 4492 4493 2813
f 4493 905 4495
f 4495 904 4487
f 4487 420 4493
f 4493 4495 4487
f 4494 905 4520
f 4520 912 4519
f 4519 902 4494
f 4494 4520 4519
f 4520 905 4531
f 4531 914 4532
f 4532 912 4520
f 4520 4531 4532
f 2476 290 4528
f 4528 914 4529
f 4529 291 2476
f 2476 4528 4529
f 4528 290 2472
f 2472 16 4527
f 4527 914 4528
f 4528 2472 4527
f 4084 798 4689
f 4689 955 4688
f 4688 793 4084
f 4084 4689 4688
f 4689 798 4711
f 4711 960 4712
f 4712 955 4689
f 4689 4711 4712
f 4757 698 3683
f 3683 412 4755
f 4755 971 4757
f 4757 3683 4755
f 3683 698 3684
f 3684 413 2792
f 2792 412 3683
f 3683 3684 2792
f 3332 591 4698
f 4698 958 4699
f 4699 592 3332
f 3332 4698 4699
f 4698 591 4709
f 4709 960 4713
f 4713 958 4698
f 4698 4709 4713
f 2574 335 4786
f 4786 977 4785
f 4785 236 2574
f 2574 4786 4785
f 4786 335 4655
f 4655 950 4787
f 4787 977 4786
f 4786 4655 4787
f 2067 84 2065
f 2065 12 2062
f 2062 83 2067
f 2067 2065 2062
f 2065 84 2066
f 2066 13 1941
f 1941 12 2065
f 2065 2066 1941
f 2690 375 2687
f 2687 40 2676
f 2676 372 2690
f 2690 2687 2676
f 2687 375 2688
f 2688 41 1979
f 1979 40 2687
f 2687 2688 1979
f 2001 57 2002
f 2002 20 1949
f 1949 19 2001
f 2001 2002 1949
f 2002 57 2003
f 2003 56 1999
f 1999 20 2002
f 2002 2003 1999
f 2673 371 2671
f 2671 66 2667
f 2667 368 2673
f 2673 2671 2667
f 2671 371 2672
f 2672 67 2026
f 2026 66 2671
f 2671 2672 2026
f 3234 107 2117
f 2117 76 3233
f 3233 557 3234
f 3234 2117 3233
f 2117 107 2118
f 2118 77 2048
f 2048 76 2117
f 2117 2118 2048
f 2071 87 2070
f 2070 15 1946
f 1946 18 2071
f 2071 2070 1946
f 2070 87 2073
f 2073 86 2068
f 2068 15 2070
f 2070 2073 2068
f 2049 78 2113
f 2113 106 2111
f 2111 70 2049
f 2049 2113 2111
f 2113 78 2051
f 2051 77 2112
f 2112 106 2113
f 2113 2051 2112
f 3820 14 2128
f 2128 111 3821
f 3821 730 3820
f 3820 2128 3821
f 2128 14 1943
f 1943 13 2127
f 2127 111 2128
f 2128 1943 2127
f 2033 70 2072
f 2072 87 2071
f 2071 18 2033
f 2033 2072 2071
f 2072 70 2111
f 2111 106 2114
f 2114 87 2072
f 2072 2111 2114
f 1999 56 2082
f 2082 92 2081
f 2081 20 1999
f 1999 2082 2081
f 2082 56 2152
f 2152 120 2154
f 2154 92 2082
f 2082 2152 2154
f 3402 616 3400
f 3400 124 3393
f 3393 613 3402
f 3402 3400 3393
f 3400 616 3401
f 3401 125 2162
f 2162 124 3400
f 3400 3401 2162
f 2657 362 2643
f 2643 156 2654
f 2654 366 2657
f 2657 2643 2654
f 2643 362 2644
f 2644 157 2210
f 2210 156 2643
f 2643 2644 2210
f 2228 170 2233
f 2233 174 2234
f 2234 171 2228
f 2228 2233 2234
f 2233 170 2236
f 2236 175 2237
f 2237 174 2233
f 2233 2236 2237
f 3823 730 3822
f 3822 283 3812
f 3812 727 3823
f 3823 3822 3812
f 3822 730 3821
f 3821 111 2451
f 2451 283 3822
f 3822 3821 2451
f 2119 107 2483
f 2483 295 2482
f 2482 105 2119
f 2119 2483 2482
f 2483 107 2485
f 2485 296 2487
f 2487 295 2483
f 2483 2485 2487
f 2742 393 2743
f 2743 327 2560
f 2560 200 2742
f 2742 2743 2560
f 2743 393 2744
f 2744 328 2563
f 2563 327 2743
f 2743 2744 2563
f 3367 603 3365
f 3365 331 3356
f 3356 600 3367
f 3367 3365 3356
f 3365 603 3366
f 3366 332 2569
f 2569 331 3365
f 3365 3366 2569
f 2655 366 2656
f 2656 175 2236
f 2236 170 2655
f 2655 2656 2236
f 2656 366 2654
f 2654 156 2235
f 2235 175 2656
f 2656 2654 2235
f 3607 329 2739
f 2739 392 3608
f 3608 681 3607
f 3607 2739 3608
f 2739 329 2565
f 2565 328 2738
f 2738 392 2739
f 2739 2565 2738
f 3857 415 2936
f 2936 466 3858
f 3858 741 3857
f 3857 2936 3858
f 2936 415 2798
f 2798 414 2935
f 2935 466 2936
f 2936 2798 2935
f 2154 120 2153
f 2153 89 2083
f 2083 92 2154
f 2154 2153 2083
f 2153 120 2794
f 2794 414 2793
f 2793 89 2153
f 2153 2794 2793
f 2652 365 2651
f 2651 157 2644
f 2644 362 2652
f 2652 2651 2644
f 2651 365 2939
f 2939 467 2937
f 2937 157 2651
f 2651 2939 2937
f 2960 474 2961
f 2961 470 2947
f 2947 469 2960
f 2960 2961 2947
f 2961 474 2962
f 2962 473 2956
f 2956 470 2961
f 2961 2962 2956
f 3233 76 2044
f 2044 31 3232
f 3232 557 3233
f 3233 2044 3232
f 2044 76 2045
f 2045 32 1966
f 1966 31 2044
f 2044 2045 1966
f 2484 294 2944
f 2944 469 2945
f 2945 295 2484
f 2484 2944 2945
f 2944 294 2958
f 2958 474 2960
f 2960 469 2944
f 2944 2958 2960
f 4206 626 3425
f 3425 515 4205
f 4205 834 4206
f 4206 3425 4205
f 3425 626 3426
f 3426 516 3081
f 3081 515 3425
f 3425 3426 3081
f 2488 297 3239
f 3239 558 3236
f 3236 288 2488
f 2488 3239 3236
f 3239 297 2490
f 2490 296 3238
f 3238 558 3239
f 3239 2490 3238
f 3115 526 3116
f 3116 467 2939
f 2939 365 3115
f 3115 3116 2939
f 3116 526 3245
f 3245 559 3243
f 3243 467 3116
f 3116 3245 3243
f 3965 765 3963
f 3963 610 3566
f 3566 669 3965
f 3965 3963 3566
f 3963 765 3964
f 3964 611 3389
f 3389 610 3963
f 3963 3964 3389
f 3598 678 3596
f 3596 614 3580
f 3580 673 3598
f 3598 3596 3580
f 3596 678 3597
f 3597 615 3399
f 3399 614 3596
f 3596 3597 3399
f 3585 673 3581
f 3581 621 3583
f 3583 674 3585
f 3585 3581 3583
f 3581 673 3580
f 3580 614 3414
f 3414 621 3581
f 3581 3580 3414
f 3430 132 3423
f 3423 625 3431
f 3431 628 3430
f 3430 3423 3431
f 3423 132 3080
f 3080 516 3424
f 3424 625 3423
f 3423 3080 3424
f 2282 200 3457
f 3457 637 3456
f 3456 198 2282
f 2282 3457 3456
f 3457 200 2560
f 2560 327 3458
f 3458 637 3457
f 3457 2560 3458
f 2564 329 3488
f 3488 650 3487
f 3487 326 2564
f 2564 3488 3487
f 3488 329 3491
f 3491 651 3493
f 3493 650 3488
f 3488 3491 3493
f 3607 681 3609
f 3609 651 3491
f 3491 329 3607
f 3607 3609 3491
f 3609 681 3610
f 3610 660 3532
f 3532 651 3609
f 3609 3610 3532
f 3384 326 3386
f 3386 610 3387
f 3387 609 3384
f 3384 3386 3387
f 3386 326 3487
f 3487 650 3489
f 3489 610 3386
f 3386 3487 3489
f 2740 391 3612
f 3612 682 3613
f 3613 392 2740
f 2740 3612 3613
f 3612 391 3636
f 3636 687 3639
f 3639 682 3612
f 3612 3636 3639
f 3618 683 3617
f 3617 660 3610
f 3610 681 3618
f 3618 3617 3610
f 3617 683 3624
f 3624 684 3622
f 3622 660 3617
f 3617 3624 3622
f 3615 683 3616
f 3616 370 2670
f 2670 369 3615
f 3615 3616 2670
f 3616 683 3619
f 3619 682 3611
f 3611 370 3616
f 3616 3619 3611
f 3625 685 3626
f 3626 22 1953
f 1953 21 3625
f 3625 3626 1953
f 3626 685 3628
f 3628 684 3620
f 3620 22 3626
f 3626 3628 3620
f 2595 344 3813
f 3813 728 3814
f 3814 345 2595
f 2595 3813 3814
f 3813 344 3816
f 3816 729 3819
f 3819 728 3813
f 3813 3816 3819
f 2807 418 3817
f 3817 729 3816
f 3816 344 2807
f 2807 3817 3816
f 3817 418 3826
f 3826 731 3828
f 3828 729 3817
f 3817 3826 3828
f 2812 420 3827
f 3827 731 3826
f 3826 418 2812
f 2812 3827 3826
f 3827 420 3832
f 3832 732 3833
f 3833 731 3827
f 3827 3832 3833
f 4487 904 4488
f 4488 732 3832
f 3832 420 4487
f 4487 4488 3832
f 4488 904 4489
f 4489 733 3836
f 3836 732 4488
f 4488 4489 3836
f 3841 735 4497
f 4497 907 4496
f 4496 734 3841
f 3841 4497 4496
f 4497 735 4499
f 4499 908 4502
f 4502 907 4497
f 4497 4499 4502
f 3848 737 3876
f 3876 744 3875
f 3875 736 3848
f 3848 3876 3875
f 3876 737 4509
f 4509 910 4510
f 4510 744 3876
f 3876 4509 4510
f 3877 743 3870
f 3870 736 3875
f 3875 744 3877
f 3877 3870 3875
f 3870 743 3871
f 3871 738 3851
f 3851 736 3870
f 3870 3871 3851
f 3866 739 3872
f 3872 743 3873
f 3873 742 3866
f 3866 3872 3873
f 3872 739 3853
f 3853 738 3871
f 3871 743 3872
f 3872 3853 3871
f 3855 740 3867
f 3867 742 3865
f 3865 563 3855
f 3855 3867 3865
f 3867 740 3856
f 3856 739 3866
f 3866 742 3867
f 3867 3856 3866
f 3113 302 3241
f 3241 559 3245
f 3245 526 3113
f 3113 3241 3245
f 3241 302 2797
f 2797 415 3242
f 3242 559 3241
f 3241 2797 3242
f 3915 756 3917
f 3917 557 3232
f 3232 31 3915
f 3915 3917 3232
f 3917 756 3918
f 3918 558 3240
f 3240 557 3917
f 3917 3918 3240
f 3390 333 3950
f 3950 762 3951
f 3951 612 3390
f 3390 3950 3951
f 3950 333 2571
f 2571 332 3949
f 3949 762 3950
f 3950 2571 3949
f 3966 764 3959
f 3959 611 3964
f 3964 765 3966
f 3966 3959 3964
f 3959 764 3962
f 3962 763 3955
f 3955 611 3959
f 3959 3962 3955
f 4199 832 4198
f 4198 174 2241
f 2241 177 4199
f 4199 4198 2241
f 4198 832 4200
f 4200 778 4017
f 4017 174 4198
f 4198 4200 4017
f 4375 815 4134
f 4134 812 4374
f 4374 872 4375
f 4375 4134 4374
f 4134 815 4135
f 4135 813 4128
f 4128 812 4134
f 4134 4135 4128
f 4234 126 4157
f 4157 822 4237
f 4237 840 4234
f 4234 4157 4237
f 4157 126 2164
f 2164 125 4156
f 4156 822 4157
f 4157 2164 4156
f 3260 471 3854
f 3854 740 3855
f 3855 563 3260
f 3260 3854 3855
f 3854 471 4165
f 4165 825 4167
f 4167 740 3854
f 3854 4165 4167
f 2948 61 4164
f 4164 825 4165
f 4165 471 2948
f 2948 4164 4165
f 4164 61 4170
f 4170 826 4173
f 4173 825 4164
f 4164 4170 4173
f 2009 60 4169
f 4169 826 4170
f 4170 61 2009
f 2009 4169 4170
f 4169 60 4174
f 4174 827 4178
f 4178 826 4169
f 4169 4174 4178
f 2206 154 4175
f 4175 827 4174
f 4174 60 2206
f 2206 4175 4174
f 4175 154 4179
f 4179 828 4183
f 4183 827 4175
f 4175 4179 4183
f 2246 180 4182
f 4182 828 4179
f 4179 154 2246
f 2246 4182 4179
f 4182 180 4187
f 4187 829 4188
f 4188 828 4182
f 4182 4187 4188
f 2248 179 4186
f 4186 829 4187
f 4187 180 2248
f 2248 4186 4187
f 4186 179 4191
f 4191 830 4193
f 4193 829 4186
f 4186 4191 4193
f 4025 780 4192
f 4192 830 4191
f 4191 179 4025
f 4025 4192 4191
f 4192 780 4196
f 4196 831 4197
f 4197 830 4192
f 4192 4196 4197
f 4026 484 4195
f 4195 831 4196
f 4196 780 4026
f 4026 4195 4196
f 4195 484 4202
f 4202 833 4203
f 4203 831 4195
f 4195 4202 4203
f 4216 836 4215
f 4215 483 3420
f 3420 624 4216
f 4216 4215 3420
f 4215 836 4220
f 4220 835 4210
f 4210 483 4215
f 4215 4220 4210
f 4116 809 4219
f 4219 836 4216
f 4216 624 4116
f 4116 4219 4216
f 4219 809 4223
f 4223 837 4225
f 4225 836 4219
f 4219 4223 4225
f 4236 840 4238
f 4238 838 4226
f 4226 808 4236
f 4236 4238 4226
f 4238 840 4237
f 4237 822 4229
f 4229 838 4238
f 4238 4237 4229
f 4130 814 4129
f 4129 625 3428
f 3428 627 4130
f 4130 4129 3428
f 4129 814 4132
f 4132 813 4125
f 4125 625 4129
f 4129 4132 4125
f 4154 821 4155
f 4155 812 4124
f 4124 811 4154
f 4154 4155 4124
f 4155 821 4403
f 4403 878 4402
f 4402 812 4155
f 4155 4403 4402
f 4131 814 4228
f 4228 838 4227
f 4227 811 4131
f 4131 4228 4227
f 4228 814 4224
f 4224 837 4230
f 4230 838 4228
f 4228 4224 4230
f 3391 612 3460
f 3460 637 3459
f 3459 609 3391
f 3391 3460 3459
f 3460 612 3951
f 3951 762 3952
f 3952 637 3460
f 3460 3951 3952
f 4396 877 4395
f 4395 615 3597
f 3597 678 4396
f 4396 4395 3597
f 4395 877 4405
f 4405 878 4400
f 4400 615 4395
f 4395 4405 4400
f 4505 909 4541
f 4541 916 4540
f 4540 906 4505
f 4505 4541 4540
f 4541 909 4524
f 4524 913 4542
f 4542 916 4541
f 4541 4524 4542
f 4543 915 4536
f 4536 906 4540
f 4540 916 4543
f 4543 4536 4540
f 4536 915 4537
f 4537 911 4514
f 4514 906 4536
f 4536 4537 4514
f 2946 470 4539
f 4539 916 4538
f 4538 85 2946
f 2946 4539 4538
f 4539 470 4534
f 4534 915 4543
f 4543 916 4539
f 4539 4534 4543
f 2068 86 4518
f 4518 912 4517
f 4517 15 2068
f 2068 4518 4517
f 4518 86 4522
f 4522 913 4525
f 4525 912 4518
f 4518 4522 4525
f 4557 922 4558
f 4558 283 2452
f 2452 282 4557
f 4557 4558 2452
f 4558 922 4560
f 4560 920 4552
f 4552 283 4558
f 4558 4560 4552
f 4554 921 4555
f 4555 728 3815
f 3815 727 4554
f 4554 4555 3815
f 4555 921 4573
f 4573 926 4571
f 4571 728 4555
f 4555 4573 4571
f 4790 978 4789
f 4789 920 4560
f 4560 922 4790
f 4790 4789 4560
f 4789 978 4794
f 4794 979 4792
f 4792 920 4789
f 4789 4794 4792
f 4795 980 4796
f 4796 926 4573
f 4573 921 4795
f 4795 4796 4573
f 4796 980 4800
f 4800 981 4799
f 4799 926 4796
f 4796 4800 4799
f 3354 600 3355
f 3355 124 2160
f 2160 123 3354
f 3354 3355 2160
f 3355 600 3356
f 3356 331 2566
f 2566 124 3355
f 3355 3356 2566
f 4208 834 4207
f 4207 778 4200
f 4200 832 4208
f 4208 4207 4200
f 4207 834 4205
f 4205 515 4018
f 4018 778 4207
f 4207 4205 4018
f 3960 674 3958
f 3958 763 3962
f 3962 764 3960
f 3960 3958 3962
f 3958 674 3583
f 3583 621 3957
f 3957 763 3958
f 3958 3583 3957
f 4206 834 4214
f 4214 835 4212
f 4212 626 4206
f 4206 4214 4212
f 4214 834 4209
f 4209 833 4213
f 4213 835 4214
f 4214 4209 4213
f 1980 42 1981
f 1981 12 1939
f 1939 11 1980
f 1980 1981 1939
f 1981 42 1983
f 1983 41 1977
f 1977 12 1981
f 1981 1983 1977
f 1982 42 4780
f 4780 976 4779
f 4779 39 1982
f 1982 4780 4779
f 4780 42 3835
f 3835 733 4781
f 4781 976 4780
f 4780 3835 4781
f 2669 368 2666
f 2666 22 2668
f 2668 369 2669
f 2669 2666 2668
f 2666 368 2665
f 2665 19 1952
f 1952 22 2666
f 2666 2665 1952
f 2667 66 2020
f 2020 19 2665
f 2665 368 2667
f 2667 2020 2665
f 2020 66 2021
f 2021 57 2001
f 2001 19 2020
f 2020 2021 2001
f 2021 66 2022
f 2022 58 2006
f 2006 57 2021
f 2021 2022 2006
f 2022 66 2023
f 2023 65 2019
f 2019 58 2022
f 2022 2023 2019
f 3847 737 3846
f 3846 65 3837
f 3837 734 3847
f 3847 3846 3837
f 3846 737 3845
f 3845 58 2019
f 2019 65 3846
f 3846 3845 2019
f 4511 910 4508
f 4508 734 4496
f 4496 907 4511
f 4511 4508 4496
f 4508 910 4509
f 4509 737 3847
f 3847 734 4508
f 4508 4509 3847
f 4514 911 4515
f 4515 907 4498
f 4498 906 4514
f 4514 4515 4498
f 4515 911 4516
f 4516 910 4511
f 4511 907 4515
f 4515 4516 4511
f 2678 371 2680
f 2680 373 2681
f 2681 372 2678
f 2678 2680 2681
f 2680 371 2675
f 2675 370 2679
f 2679 373 2680
f 2680 2675 2679
f 2024 67 2677
f 2677 372 2676
f 2676 40 2024
f 2024 2677 2676
f 2677 67 2672
f 2672 371 2678
f 2678 372 2677
f 2677 2672 2678
f 2027 68 2028
f 2028 40 1976
f 1976 39 2027
f 2027 2028 1976
f 2028 68 2030
f 2030 67 2024
f 2024 40 2028
f 2028 2030 2024
f 4782 735 3839
f 3839 39 4779
f 4779 976 4782
f 4782 3839 4779
f 3839 735 3840
f 3840 68 2027
f 2027 39 3839
f 3839 3840 2027
f 4500 908 4784
f 4784 976 4783
f 4783 903 4500
f 4500 4784 4783
f 4784 908 4499
f 4499 735 4782
f 4782 976 4784
f 4784 4499 4782
f 4503 909 4504
f 4504 903 4486
f 4486 902 4503
f 4503 4504 4486
f 4504 909 4506
f 4506 908 4500
f 4500 903 4504
f 4504 4506 4500
f 4773 722 3919
f 3919 756 4774
f 4774 974 4773
f 4773 3919 4774
f 3919 722 3787
f 3787 289 3916
f 3916 756 3919
f 3919 3787 3916
f 3777 33 2964
f 2964 475 3779
f 3779 720 3777
f 3777 2964 3779
f 2964 33 1967
f 1967 32 2963
f 2963 475 2964
f 2964 1967 2963
f 3264 564 4803
f 4803 982 4801
f 4801 406 3264
f 3264 4803 4801
f 4803 564 4805
f 4805 983 4806
f 4806 982 4803
f 4803 4805 4806
f 4807 984 4808
f 4808 892 4456
f 4456 891 4807
f 4807 4808 4456
f 4808 984 4810
f 4810 895 4464
f 4464 892 4808
f 4808 4810 4464
f 4460 894 4461
f 4461 891 4451
f 4451 786 4460
f 4460 4461 4451
f 4461 894 4809
f 4809 984 4807
f 4807 891 4461
f 4461 4809 4807
f 3266 566 3267
f 3267 247 2374
f 2374 246 3266
f 3266 3267 2374
f 3267 566 4812
f 4812 985 4811
f 4811 247 3267
f 3267 4812 4811
f 4815 986 4816
f 4816 564 3263
f 3263 405 4815
f 4815 4816 3263
f 4816 986 4817
f 4817 983 4805
f 4805 564 4816
f 4816 4817 4805
f 4792 979 4793
f 4793 921 4556
f 4556 920 4792
f 4792 4793 4556
f 4793 979 4797
f 4797 980 4795
f 4795 921 4793
f 4793 4797 4795
f 4567 925 4568
f 4568 922 4559
f 4559 693 4567
f 4567 4568 4559
f 4568 925 4791
f 4791 978 4790
f 4790 922 4568
f 4568 4791 4790
f 4745 969 4744
f 4744 182 3744
f 3744 713 4745
f 4745 4744 3744
f 4744 969 4746
f 4746 888 4442
f 4442 182 4744
f 4744 4746 4442
f 4801 982 4802
f 4802 407 2779
f 2779 406 4801
f 4801 4802 2779
f 4802 982 4804
f 4804 565 3265
f 3265 407 4802
f 4802 4804 3265
f 4444 889 4472
f 4472 897 4470
f 4470 183 4444
f 4444 4472 4470
f 4472 889 4820
f 4820 987 4821
f 4821 897 4472
f 4472 4820 4821
f 4799 981 4798
f 4798 919 4572
f 4572 926 4799
f 4799 4798 4572
f 4798 981 4825
f 4825 988 4823
f 4823 919 4798
f 4798 4825 4823
f 2191 146 4776
f 4776 975 4775
f 4775 143 2191
f 2191 4776 4775
f 4776 146 4482
f 4482 901 4778
f 4778 975 4776
f 4776 4482 4778
f 4823 988 4822
f 4822 745 4551
f 4551 919 4823
f 4823 4822 4551
f 4822 988 4824
f 4824 927 4574
f 4574 745 4822
f 4822 4824 4574
f 4730 964 4729
f 4729 573 4603
f 4603 937 4730
f 4730 4729 4603
f 4729 964 4728
f 4728 571 3281
f 3281 573 4729
f 4729 4728 3281
f 4821 987 4818
f 4818 168 4469
f 4469 897 4821
f 4821 4818 4469
f 4818 987 4819
f 4819 886 4438
f 4438 168 4818
f 4818 4819 4438
f 4811 985 4813
f 4813 795 4074
f 4074 247 4811
f 4811 4813 4074
f 4813 985 4829
f 4829 989 4826
f 4826 795 4813
f 4813 4829 4826
f 4440 887 4477
f 4477 898 4473
f 4473 169 4440
f 4440 4477 4473
f 4477 887 4831
f 4831 990 4832
f 4832 898 4477
f 4477 4831 4832
f 4832 990 4830
f 4830 880 4476
f 4476 898 4832
f 4832 4830 4476
f 4830 990 4833
f 4833 899 4478
f 4478 880 4830
f 4830 4833 4478
f 3276 572 3277
f 3277 570 3274
f 3274 569 3276
f 3276 3277 3274
f 3277 572 4458
f 4458 893 4457
f 4457 570 3277
f 3277 4458 4457
f 4826 989 4827
f 4827 957 4697
f 4697 795 4826
f 4826 4827 4697
f 4827 989 4828
f 4828 965 4734
f 4734 957 4827
f 4827 4828 4734
f 2769 398 4835
f 4835 991 4836
f 4836 404 2769
f 2769 4835 4836
f 4835 398 2755
f 2755 397 4834
f 4834 991 4835
f 4835 2755 4834
f 2775 404 4814
f 4814 986 4815
f 4815 405 2775
f 2775 4814 4815
f 4814 404 4836
f 4836 991 4837
f 4837 986 4814
f 4814 4836 4837
f 2380 251 3338
f 2356 236 4725
f 4725 963 4726
f 4726 237 2356
f 2356 4725 4726
f 4725 236 4785
f 4785 977 4788
f 4788 963 4725
f 4725 4785 4788
f 4842 992 4840
f 4840 399 3794
f 3794 723 4842
f 4842 4840 3794
f 4840 992 4839
f 4839 396 2758
f 2758 399 4840
f 4840 4839 2758
f 2762 401 3795
f 3795 723 3793
f 3793 305 2762
f 2762 3795 3793
f 3795 401 4841
f 4841 992 4842
f 4842 723 3795
f 3795 4841 4842
f 4843 994 4846
f 4846 996 4845
f 4845 993 4843
f 4843 4846 4845
f 4846 994 4844
f 4844 995 4847
f 4847 996 4846
f 4846 4844 4847
f 4850 999 4849
f 4849 997 4848
f 4848 998 4850
f 4850 4849 4848
f 4849 999 4852
f 4852 1000 4851
f 4851 997 4849
f 4849 4852 4851
f 4855 1000 4854
f 4854 1001 4856
f 4856 1002 4855
f 4855 4854 4856
f 4854 1000 4852
f 4852 999 4853
f 4853 1001 4854
f 4854 4852 4853
f 4859 1005 4858
f 4858 1003 4857
f 4857 1004 4859
f 4859 4858 4857
f 4858 1005 4861
f 4861 1006 4860
f 4860 1003 4858
f 4858 4861 4860
f 4862 1008 4865
f 4865 1010 4864
f 4864 1007 4862
f 4862 4865 4864
f 4865 1008 4863
f 4863 1009 4866
f 4866 1010 4865
f 4865 4863 4866
f 4869 1013 4868
f 4868 1011 4867
f 4867 1012 4869
f 4869 4868 4867
f 4868 1013 4871
f 4871 1014 4870
f 4870 1011 4868
f 4868 4871 4870
f 4876 1017 4875
f 4875 1015 4873
f 4873 1016 4876
f 4876 4875 4873
f 4875 1017 4878
f 4878 1018 4877
f 4877 1015 4875
f 4875 4878 4877
f 4881 1021 4880
f 4880 1019 4879
f 4879 1020 4881
f 4881 4880 4879
f 4880 1021 4883
f 4883 1022 4882
f 4882 1019 4880
f 4880 4883 4882
f 4884 1024 4887
f 4887 1026 4886
f 4886 1023 4884
f 4884 4887 4886
f 4887 1024 4885
f 4885 1025 4888
f 4888 1026 4887
f 4887 4885 4888
f 4891 1029 4890
f 4890 1027 4889
f 4889 1028 4891
f 4891 4890 4889
f 4890 1029 4893
f 4893 1030 4892
f 4892 1027 4890
f 4890 4893 4892
f 4899 1033 4898
f 4898 1031 4896
f 4896 1032 4899
f 4899 4898 4896
f 4898 1033 4901
f 4901 1034 4900
f 4900 1031 4898
f 4898 4901 4900
f 4904 1037 4903
f 4903 1035 4902
f 4902 1036 4904
f 4904 4903 4902
f 4903 1037 4906
f 4906 1038 4905
f 4905 1035 4903
f 4903 4906 4905
f 4909 1041 4908
f 4908 1039 4907
f 4907 1040 4909
f 4909 4908 4907
f 4908 1041 4911
f 4911 1042 4910
f 4910 1039 4908
f 4908 4911 4910
f 4912 1044 4915
f 4915 1046 4914
f 4914 1043 4912
f 4912 4915 4914
f 4915 1044 4913
f 4913 1045 4916
f 4916 1046 4915
f 4915 4913 4916
f 4917 1048 4923
f 4923 1050 4922
f 4922 1047 4917
f 4917 4923 4922
f 4923 1048 4920
f 4920 1049 4924
f 4924 1050 4923
f 4923 4920 4924
f 4927 1053 4926
f 4926 1051 4925
f 4925 1052 4927
f 4927 4926 4925
f 4926 1053 4929
f 4929 1054 4928
f 4928 1051 4926
f 4926 4929 4928
f 4933 1028 4931
f 4931 1055 4936
f 4936 1056 4933
f 4933 4931 4936
f 4931 1028 4889
f 4889 1027 4930
f 4930 1055 4931
f 4931 4889 4930
f 4943 1059 4942
f 4942 1057 4940
f 4940 1058 4943
f 4943 4942 4940
f 4942 1059 4948
f 4948 1060 4947
f 4947 1057 4942
f 4942 4948 4947
f 4952 1062 4950
f 4950 1008 4949
f 4949 1061 4952
f 4952 4950 4949
f 4950 1062 4951
f 4951 1009 4863
f 4863 1008 4950
f 4950 4951 4863
f 4956 1065 4955
f 4955 1063 4954
f 4954 1064 4956
f 4956 4955 4954
f 4955 1065 4960
f 4960 1066 4959
f 4959 1063 4955
f 4955 4960 4959
f 4965 1069 4964
f 4964 1067 4963
f 4963 1068 4965
f 4965 4964 4963
f 4964 1069 4969
f 4969 1070 4968
f 4968 1067 4964
f 4964 4969 4968
f 4973 1073 4972
f 4972 1071 4971
f 4971 1072 4973
f 4973 4972 4971
f 4972 1073 4977
f 4977 1074 4976
f 4976 1071 4972
f 4972 4977 4976
f 4982 1002 4979
f 4979 1075 4985
f 4985 1076 4982
f 4982 4979 4985
f 4979 1002 4856
f 4856 1001 4978
f 4978 1075 4979
f 4979 4856 4978
f 4986 1078 4993
f 4993 1080 4992
f 4992 1077 4986
f 4986 4993 4992
f 4993 1078 4990
f 4990 1079 4994
f 4994 1080 4993
f 4993 4990 4994
f 4997 1082 5002
f 5002 1084 5001
f 5001 1081 4997
f 4997 5002 5001
f 5002 1082 5000
f 5000 1083 5003
f 5003 1084 5002
f 5002 5000 5003
f 5006 1042 5005
f 5005 1085 5008
f 5008 1086 5006
f 5006 5005 5008
f 5005 1042 4911
f 4911 1041 5004
f 5004 1085 5005
f 5005 4911 5004
f 5011 1072 5010
f 5010 1087 5012
f 5012 1088 5011
f 5011 5010 5012
f 5010 1072 4971
f 4971 1071 5009
f 5009 1087 5010
f 5010 4971 5009
f 5013 1090 5016
f 5016 1092 5015
f 5015 1089 5013
f 5013 5016 5015
f 5016 1090 5014
f 5014 1091 5017
f 5017 1092 5016
f 5016 5014 5017
f 5022 1095 5021
f 5021 1093 5018
f 5018 1094 5022
f 5022 5021 5018
f 5021 1095 5026
f 5026 1096 5025
f 5025 1093 5021
f 5021 5026 5025
f 5029 1069 5027
f 5027 1097 5031
f 5031 1098 5029
f 5029 5027 5031
f 5027 1069 5034
f 5034 1099 5037
f 5037 1097 5027
f 5027 5034 5037
f 5025 1096 5039
f 5039 1100 5038
f 5038 1093 5025
f 5025 5039 5038
f 5039 1096 5041
f 5041 1101 5042
f 5042 1100 5039
f 5039 5041 5042
f 4983 1005 5043
f 5043 1102 5044
f 5044 1076 4983
f 4983 5043 5044
f 5043 1005 5046
f 5046 1103 5047
f 5047 1102 5043
f 5043 5046 5047
f 5050 1104 5049
f 5049 1076 5044
f 5044 1102 5050
f 5050 5049 5044
f 5049 1104 5048
f 5048 1002 4982
f 4982 1076 5049
f 5049 5048 4982
f 5054 1106 5053
f 5053 1104 5052
f 5052 1105 5054
f 5054 5053 5052
f 5053 1106 5058
f 5058 1107 5057
f 5057 1104 5053
f 5053 5058 5057
f 5059 1108 5060
f 5060 1107 5058
f 5058 1106 5059
f 5059 5060 5058
f 5060 1108 5064
f 5064 1109 5063
f 5063 1107 5060
f 5060 5064 5063
f 5068 1111 5066
f 5066 993 5065
f 5065 1110 5068
f 5068 5066 5065
f 5066 1111 5067
f 5067 994 4843
f 4843 993 5066
f 5066 5067 4843
f 5037 1099 5035
f 5035 1078 5028
f 5028 1097 5037
f 5037 5035 5028
f 5035 1099 5036
f 5036 1079 4990
f 4990 1078 5035
f 5035 5036 4990
f 5073 1047 5069
f 5069 1112 5074
f 5074 1113 5073
f 5073 5069 5074
f 5069 1047 4922
f 4922 1050 5070
f 5070 1112 5069
f 5069 4922 5070
f 5075 1114 5076
f 5076 1071 4970
f 4970 1064 5075
f 5075 5076 4970
f 5076 1114 5077
f 5077 1087 5009
f 5009 1071 5076
f 5076 5077 5009
f 5080 1117 5079
f 5079 1115 5078
f 5078 1116 5080
f 5080 5079 5078
f 5079 1117 5082
f 5082 1118 5081
f 5081 1115 5079
f 5079 5082 5081
f 5083 1119 5084
f 5084 1016 4873
f 4873 1015 5083
f 5083 5084 4873
f 5084 1119 5086
f 5086 1120 5085
f 5085 1016 5084
f 5084 5086 5085
f 5087 1122 5090
f 5090 1124 5089
f 5089 1121 5087
f 5087 5090 5089
f 5090 1122 5088
f 5088 1123 5091
f 5091 1124 5090
f 5090 5088 5091
f 5092 1126 5095
f 5095 1128 5094
f 5094 1125 5092
f 5092 5095 5094
f 5095 1126 5093
f 5093 1127 5096
f 5096 1128 5095
f 5095 5093 5096
f 4909 1040 5097
f 5097 1129 5098
f 5098 1041 4909
f 4909 5097 5098
f 5097 1040 5099
f 5099 1130 5100
f 5100 1129 5097
f 5097 5099 5100
f 5103 1133 5102
f 5102 1131 5101
f 5101 1132 5103
f 5103 5102 5101
f 5102 1133 5105
f 5105 1134 5104
f 5104 1131 5102
f 5102 5105 5104
f 5112 1137 5111
f 5111 1135 5110
f 5110 1136 5112
f 5112 5111 5110
f 5111 1137 5114
f 5114 1138 5113
f 5113 1135 5111
f 5111 5114 5113
f 5117 1141 5116
f 5116 1139 5115
f 5115 1140 5117
f 5117 5116 5115
f 5116 1141 5119
f 5119 1142 5118
f 5118 1139 5116
f 5116 5119 5118
f 5123 1116 5121
f 5121 1143 5124
f 5124 1144 5123
f 5123 5121 5124
f 5121 1116 5078
f 5078 1115 5120
f 5120 1143 5121
f 5121 5078 5120
f 5129 1146 5127
f 5127 1054 5125
f 5125 1145 5129
f 5129 5127 5125
f 5127 1146 5126
f 5126 1051 4928
f 4928 1054 5127
f 5127 5126 4928
f 5132 1149 5131
f 5131 1147 5130
f 5130 1148 5132
f 5132 5131 5130
f 5131 1149 5134
f 5134 1150 5133
f 5133 1147 5131
f 5131 5134 5133
f 5139 1153 5138
f 5138 1151 5136
f 5136 1152 5139
f 5139 5138 5136
f 5138 1153 5137
f 5137 1018 5135
f 5135 1151 5138
f 5138 5137 5135
f 5142 1156 5141
f 5141 1154 5140
f 5140 1155 5142
f 5142 5141 5140
f 5141 1156 5144
f 5144 1157 5143
f 5143 1154 5141
f 5141 5144 5143
f 5151 1160 5150
f 5150 1158 5147
f 5147 1159 5151
f 5151 5150 5147
f 5150 1160 5153
f 5153 1161 5152
f 5152 1158 5150
f 5150 5153 5152
f 5154 1163 5157
f 5157 1165 5156
f 5156 1162 5154
f 5154 5157 5156
f 5157 1163 5155
f 5155 1164 5158
f 5158 1165 5157
f 5157 5155 5158
f 5161 1167 5168
f 5168 1169 5167
f 5167 1166 5161
f 5161 5168 5167
f 5168 1167 5164
f 5164 1168 5169
f 5169 1169 5168
f 5168 5164 5169
f 5178 1172 5177
f 5177 1170 5175
f 5175 1171 5178
f 5178 5177 5175
f 5177 1172 5180
f 5180 1173 5179
f 5179 1170 5177
f 5177 5180 5179
f 5185 1176 5184
f 5184 1174 5183
f 5183 1175 5185
f 5185 5184 5183
f 5184 1176 5189
f 5189 1177 5188
f 5188 1174 5184
f 5184 5189 5188
f 5192 1180 5191
f 5191 1178 5190
f 5190 1179 5192
f 5192 5191 5190
f 5191 1180 5194
f 5194 1181 5193
f 5193 1178 5191
f 5191 5194 5193
f 5197 1184 5196
f 5196 1182 5195
f 5195 1183 5197
f 5197 5196 5195
f 5196 1184 5199
f 5199 1185 5198
f 5198 1182 5196
f 5196 5199 5198
f 5203 1188 5202
f 5202 1186 5201
f 5201 1187 5203
f 5203 5202 5201
f 5202 1188 5205
f 5205 1189 5204
f 5204 1186 5202
f 5202 5205 5204
f 5207 1119 5206
f 5206 1190 5209
f 5209 1191 5207
f 5207 5206 5209
f 5206 1119 5211
f 5211 1192 5212
f 5212 1190 5206
f 5206 5211 5212
f 5213 1194 5217
f 5217 1196 5216
f 5216 1193 5213
f 5213 5217 5216
f 5217 1194 5214
f 5214 1195 5218
f 5218 1196 5217
f 5217 5214 5218
f 4905 1038 5220
f 5220 1197 5219
f 5219 1035 4905
f 4905 5220 5219
f 5220 1038 5221
f 5221 1198 5222
f 5222 1197 5220
f 5220 5221 5222
f 5227 1201 5226
f 5226 1199 5223
f 5223 1200 5227
f 5227 5226 5223
f 5226 1201 5231
f 5231 1202 5230
f 5230 1199 5226
f 5226 5231 5230
f 5232 1203 5233
f 5233 1132 5101
f 5101 1131 5232
f 5232 5233 5101
f 5233 1203 5235
f 5235 1204 5234
f 5234 1132 5233
f 5233 5235 5234
f 5241 1207 5240
f 5240 1205 5238
f 5238 1206 5241
f 5241 5240 5238
f 5240 1207 5243
f 5243 1208 5242
f 5242 1205 5240
f 5240 5243 5242
f 5004 1041 5244
f 5244 1209 5245
f 5245 1085 5004
f 5004 5244 5245
f 5244 1041 5098
f 5098 1129 5246
f 5246 1209 5244
f 5244 5098 5246
f 5250 1206 5248
f 5248 1210 5252
f 5252 1211 5250
f 5250 5248 5252
f 5248 1206 5238
f 5238 1205 5247
f 5247 1210 5248
f 5248 5238 5247
f 5257 1216 5256
f 5256 1214 5255
f 5255 1215 5257
f 5257 5256 5255
f 5256 1216 5259
f 5259 1217 5258
f 5258 1214 5256
f 5256 5259 5258
f 5262 1218 5261
f 5261 1219 5263
f 5263 5262 5261
f 5264 1218 5262
f 5266 1220 5265
f 5265 1214 5258
f 5258 1217 5266
f 5266 5265 5258
f 5265 1220 5268
f 5268 1221 5267
f 5267 1214 5265
f 5265 5268 5267
f 5274 995 5277
f 5275 1223 5272
f 5272 995 5274
f 5274 5275 5272
f 5259 1216 5279
f 5279 1225 5280
f 5280 1217 5259
f 5259 5279 5280
f 5279 1216 5278
f 5278 1224 5281
f 5281 1225 5279
f 5279 5278 5281
f 5283 1226 5282
f 5282 1085 5245
f 5245 1209 5283
f 5283 5282 5245
f 5282 1226 5286
f 5286 1227 5284
f 5284 1085 5282
f 5282 5286 5284
f 5289 1229 5294
f 5294 1231 5293
f 5293 1228 5289
f 5289 5294 5293
f 5294 1229 5290
f 5290 1230 5295
f 5295 1231 5294
f 5294 5290 5295
f 5296 1232 5297
f 5297 1211 5252
f 5252 1210 5296
f 5296 5297 5252
f 5297 1232 5301
f 5301 1233 5299
f 5299 1211 5297
f 5297 5301 5299
f 5284 1227 5285
f 5285 1086 5008
f 5008 1085 5284
f 5284 5285 5008
f 5285 1227 5303
f 5303 1234 5302
f 5302 1086 5285
f 5285 5303 5302
f 5305 1236 5306
f 5306 1235 5304
f 5304 1088 5305
f 5305 5306 5304
f 5306 1236 5308
f 5308 1237 5307
f 5307 1235 5306
f 5306 5308 5307
f 5312 1240 5311
f 5311 1238 5310
f 5310 1239 5312
f 5312 5311 5310
f 5311 1240 5316
f 5316 1241 5315
f 5315 1238 5311
f 5311 5316 5315
f 5325 1246 5324
f 5324 1244 5323
f 5323 1245 5325
f 5325 5324 5323
f 5324 1246 5328
f 5328 1247 5327
f 5327 1244 5324
f 5324 5328 5327
f 5296 1210 5331
f 5331 1249 5332
f 5332 1232 5296
f 5296 5331 5332
f 5331 1210 5330
f 5330 1248 5333
f 5333 1249 5331
f 5331 5330 5333
f 5337 1251 5338
f 5338 1250 5334
f 5334 1248 5337
f 5337 5338 5334
f 5338 1251 5340
f 5340 1252 5339
f 5339 1250 5338
f 5338 5340 5339
f 5346 1255 5345
f 5345 1253 5343
f 5343 1254 5346
f 5346 5345 5343
f 5345 1255 5348
f 5348 1256 5347
f 5347 1253 5345
f 5345 5348 5347
f 5349 1257 5350
f 5350 1138 5114
f 5114 1137 5349
f 5349 5350 5114
f 5350 1257 5353
f 5353 1258 5351
f 5351 1138 5350
f 5350 5353 5351
f 5355 1260 5356
f 5356 1239 5310
f 5310 1238 5355
f 5355 5356 5310
f 5356 1260 5358
f 5358 1261 5357
f 5357 1239 5356
f 5356 5358 5357
f 5365 1263 5363
f 5363 1235 5359
f 5359 1262 5365
f 5365 5363 5359
f 5363 1263 5369
f 5369 1264 5368
f 5368 1235 5363
f 5363 5369 5368
f 5372 1267 5371
f 5371 1265 5370
f 5370 1266 5372
f 5372 5371 5370
f 5371 1267 5374
f 5374 1268 5373
f 5373 1265 5371
f 5371 5374 5373
f 5375 1269 5376
f 5376 1266 5370
f 5370 1265 5375
f 5375 5376 5370
f 5376 1269 5378
f 5378 1270 5377
f 5377 1266 5376
f 5376 5378 5377
f 5383 1272 5384
f 5384 1271 5379
f 5379 1101 5383
f 5383 5384 5379
f 5384 1272 5388
f 5388 1273 5387
f 5387 1271 5384
f 5384 5388 5387
f 5047 1103 5390
f 5390 1274 5389
f 5389 1102 5047
f 5047 5390 5389
f 5390 1103 5392
f 5392 1275 5393
f 5393 1274 5390
f 5390 5392 5393
f 5395 1244 5321
f 5321 1224 5394
f 5394 1276 5395
f 5395 5321 5394
f 5321 1244 5322
f 5322 1225 5281
f 5281 1224 5321
f 5321 5322 5281
f 5327 1247 5326
f 5326 1225 5322
f 5322 1244 5327
f 5327 5326 5322
f 5326 1247 5400
f 5400 1277 5399
f 5399 1225 5326
f 5326 5400 5399
f 5302 1234 5405
f 5405 1278 5403
f 5403 1086 5302
f 5302 5405 5403
f 5405 1234 5407
f 5407 1279 5408
f 5408 1278 5405
f 5405 5407 5408
f 5401 1063 5007
f 5007 1086 5403
f 5403 1278 5401
f 5401 5007 5403
f 5007 1063 4953
f 4953 1042 5006
f 5006 1086 5007
f 5007 4953 5006
f 5409 1027 5410
f 5410 1281 5412
f 5412 1280 5409
f 5409 5410 5412
f 5410 1027 4892
f 4892 1030 5411
f 5411 1281 5410
f 5410 4892 5411
f 5417 1283 5415
f 5415 1094 5413
f 5413 1282 5417
f 5417 5415 5413
f 5415 1283 5416
f 5416 1095 5022
f 5022 1094 5415
f 5415 5416 5022
f 5418 1284 5419
f 5419 1208 5243
f 5243 1207 5418
f 5418 5419 5243
f 5419 1284 5421
f 5421 1285 5420
f 5420 1208 5419
f 5419 5421 5420
f 5426 1288 5425
f 5425 1286 5423
f 5423 1287 5426
f 5426 5425 5423
f 5425 1288 5431
f 5431 1289 5430
f 5430 1286 5425
f 5425 5431 5430
f 5433 1287 5436
f 5436 1291 5437
f 5437 1290 5433
f 5433 5436 5437
f 5436 1287 5423
f 5423 1286 5435
f 5435 1291 5436
f 5436 5423 5435
f 5441 1292 5440
f 5440 1290 5437
f 5437 1291 5441
f 5441 5440 5437
f 5440 1292 5443
f 5443 1293 5442
f 5442 1290 5440
f 5440 5443 5442
f 5001 1084 5445
f 5445 1294 5444
f 5444 1081 5001
f 5001 5445 5444
f 5445 1084 5446
f 5446 1295 5447
f 5447 1294 5445
f 5445 5446 5447
f 5450 1296 5458
f 5458 1298 5457
f 5457 1271 5450
f 5450 5458 5457
f 5458 1296 5454
f 5454 1297 5459
f 5459 1298 5458
f 5458 5454 5459
f 5463 1299 5461
f 5461 1239 5361
f 5361 1262 5463
f 5463 5461 5361
f 5461 1299 5462
f 5462 1240 5312
f 5312 1239 5461
f 5461 5462 5312
f 5472 1303 5469
f 5469 1175 5468
f 5468 1302 5472
f 5472 5469 5468
f 5469 1303 5470
f 5470 1176 5185
f 5185 1175 5469
f 5469 5470 5185
f 5480 1305 5479
f 5479 1138 5473
f 5473 1304 5480
f 5480 5479 5473
f 5479 1305 5478
f 5478 1135 5113
f 5113 1138 5479
f 5479 5478 5113
f 5486 1308 5485
f 5485 1306 5482
f 5482 1307 5486
f 5486 5485 5482
f 5485 1308 5490
f 5490 1309 5489
f 5489 1306 5485
f 5485 5490 5489
f 5493 1218 5264
f 5496 1313 5495
f 5495 1311 5494
f 5494 1312 5496
f 5496 5495 5494
f 5495 1313 5499
f 5499 1314 5498
f 5498 1311 5495
f 5495 5499 5498
f 5152 1161 5501
f 5501 1315 5500
f 5500 1158 5152
f 5152 5501 5500
f 5501 1161 5502
f 5502 1316 5504
f 5504 1315 5501
f 5501 5502 5504
f 5509 1317 5510
f 5510 1222 5269
f 5269 1151 5509
f 5509 5510 5269
f 5510 1317 5511
f 5511 1223 5273
f 5273 1222 5510
f 5510 5511 5273
f 5514 1320 5513
f 5513 1318 5512
f 5512 1319 5514
f 5514 5513 5512
f 5513 1320 5517
f 5517 1321 5516
f 5516 1318 5513
f 5513 5517 5516
f 5520 1324 5519
f 5519 1322 5518
f 5518 1323 5520
f 5520 5519 5518
f 5519 1324 5523
f 5523 1325 5522
f 5522 1322 5519
f 5519 5523 5522
f 5529 1327 5527
f 5527 1228 5526
f 5526 1326 5529
f 5529 5527 5526
f 5527 1327 5528
f 5528 1229 5289
f 5289 1228 5527
f 5527 5528 5289
f 5532 1330 5531
f 5531 1328 5530
f 5530 1329 5532
f 5532 5531 5530
f 5531 1330 5534
f 5534 1331 5533
f 5533 1328 5531
f 5531 5534 5533
f 5503 1256 5535
f 5535 1332 5537
f 5537 1316 5503
f 5503 5535 5537
f 5535 1256 5539
f 5539 1333 5540
f 5540 1332 5535
f 5535 5539 5540
f 5543 1335 5548
f 5548 1337 5547
f 5547 1334 5543
f 5543 5548 5547
f 5548 1335 5544
f 5544 1336 5549
f 5549 1337 5548
f 5548 5544 5549
f 5552 1340 5551
f 5551 1338 5550
f 5550 1339 5552
f 5552 5551 5550
f 5551 1340 5555
f 5555 1341 5554
f 5554 1338 5551
f 5551 5555 5554
f 5299 1233 5298
f 5298 1209 5251
f 5251 1211 5299
f 5299 5298 5251
f 5298 1233 5300
f 5300 1226 5283
f 5283 1209 5298
f 5298 5300 5283
f 5246 1129 5249
f 5249 1211 5251
f 5251 1209 5246
f 5246 5249 5251
f 5249 1129 5236
f 5236 1206 5250
f 5250 1211 5249
f 5249 5236 5250
f 5241 1206 5237
f 5237 1130 5239
f 5239 1207 5241
f 5241 5237 5239
f 5237 1206 5236
f 5236 1129 5100
f 5100 1130 5237
f 5237 5236 5100
f 5560 1344 5559
f 5559 1342 5556
f 5556 1343 5560
f 5560 5559 5556
f 5559 1344 5563
f 5563 1345 5562
f 5562 1342 5559
f 5559 5563 5562
f 5234 1204 5567
f 5567 1346 5566
f 5566 1132 5234
f 5234 5567 5566
f 5567 1204 5570
f 5570 1347 5571
f 5571 1346 5567
f 5567 5570 5571
f 5577 1348 5574
f 5574 1132 5566
f 5566 1346 5577
f 5577 5574 5566
f 5574 1348 5575
f 5575 1133 5103
f 5103 1132 5574
f 5574 5575 5103
f 5178 1171 5173
f 5173 1145 5176
f 5176 1172 5178
f 5178 5173 5176
f 5173 1171 5174
f 5174 1146 5129
f 5129 1145 5173
f 5173 5174 5129
f 5133 1150 5163
f 5163 1168 5162
f 5162 1147 5133
f 5133 5163 5162
f 5163 1150 5165
f 5165 1169 5169
f 5169 1168 5163
f 5163 5165 5169
f 5578 1349 5587
f 5587 1351 5586
f 5586 1125 5578
f 5578 5587 5586
f 5587 1349 5584
f 5584 1350 5588
f 5588 1351 5587
f 5587 5584 5588
f 5213 1193 5593
f 5593 1353 5594
f 5594 1194 5213
f 5213 5593 5594
f 5593 1193 5590
f 5590 1352 5596
f 5596 1353 5593
f 5593 5590 5596
f 5603 1356 5602
f 5602 1354 5600
f 5600 1355 5603
f 5603 5602 5600
f 5602 1356 5607
f 5607 1357 5606
f 5606 1354 5602
f 5602 5607 5606
f 5618 1359 5617
f 5617 1357 5612
f 5612 1358 5618
f 5618 5617 5612
f 5617 1359 5616
f 5616 1354 5606
f 5606 1357 5617
f 5617 5616 5606
f 5618 1358 5609
f 5609 1162 5614
f 5614 1359 5618
f 5618 5609 5614
f 5609 1358 5610
f 5610 1163 5154
f 5154 1162 5609
f 5609 5610 5154
f 4998 1083 4999
f 4999 1014 4871
f 4871 1013 4998
f 4998 4999 4871
f 4999 1083 5000
f 5000 1082 4995
f 4995 1014 4999
f 4999 5000 4995
f 5624 1361 5628
f 5628 1363 5627
f 5627 1360 5624
f 5624 5628 5627
f 5628 1361 5625
f 5625 1362 5629
f 5629 1363 5628
f 5628 5625 5629
f 5641 1366 5640
f 5640 1364 5637
f 5637 1365 5641
f 5641 5640 5637
f 5640 1366 5645
f 5645 1367 5644
f 5644 1364 5640
f 5640 5645 5644
f 5391 1105 5051
f 5051 1102 5389
f 5389 1274 5391
f 5391 5051 5389
f 5051 1105 5052
f 5052 1104 5050
f 5050 1102 5051
f 5051 5052 5050
f 5648 998 5653
f 5653 1369 5655
f 5655 1368 5648
f 5648 5653 5655
f 5653 998 4848
f 4848 997 5652
f 5652 1369 5653
f 5653 4848 5652
f 5652 997 5656
f 5656 1370 5659
f 5659 1369 5652
f 5652 5656 5659
f 5656 997 5061
f 5061 1109 5657
f 5657 1370 5656
f 5656 5061 5657
f 5660 1371 5661
f 5661 1109 5064
f 5064 1108 5660
f 5660 5661 5064
f 5661 1371 5662
f 5662 1370 5657
f 5657 1109 5661
f 5661 5662 5657
f 5253 1152 5270
f 5270 1222 5271
f 5271 1213 5253
f 5253 5270 5271
f 5270 1152 5136
f 5136 1151 5269
f 5269 1222 5270
f 5270 5136 5269
f 5672 1374 5671
f 5671 1372 5669
f 5669 1373 5672
f 5672 5671 5669
f 5671 1374 5677
f 5677 1375 5676
f 5676 1372 5671
f 5671 5677 5676
f 5663 385 5668
f 5668 1373 5669
f 5669 1372 5663
f 5663 5668 5669
f 5668 385 2723
f 2723 384 5667
f 5667 1373 5668
f 5668 2723 5667
f 5648 1368 5649
f 5649 1016 4872
f 4872 998 5648
f 5648 5649 4872
f 5649 1368 5650
f 5650 1017 4876
f 4876 1016 5649
f 5649 5650 4876
f 4844 994 5276
f 5277 995 4844
f 4844 5276 5277
f 5276 994 5678
f 5678 994 5679
f 5679 994 5067
f 5067 1111 5680
f 5679 5067 5680
f 5683 1197 5684
f 5684 1378 5686
f 5686 1377 5683
f 5683 5684 5686
f 5684 1197 5222
f 5222 1198 5685
f 5685 1378 5684
f 5684 5222 5685
f 5688 1379 5687
f 5687 1377 5686
f 5686 1378 5688
f 5688 5687 5686
f 5687 1379 5690
f 5690 1380 5689
f 5689 1377 5687
f 5687 5690 5689
f 5696 1382 5700
f 5700 1383 5699
f 5699 1381 5696
f 5696 5700 5699
f 5700 1382 5694
f 5694 1320 5698
f 5698 1383 5700
f 5700 5694 5698
f 5702 1384 5701
f 5701 1039 4957
f 4957 1066 5702
f 5702 5701 4957
f 5701 1384 5705
f 5705 1385 5703
f 5703 1039 5701
f 5701 5705 5703
f 5714 1387 5710
f 5710 396 5706
f 5706 1386 5714
f 5714 5710 5706
f 5710 1387 5711
f 5711 397 2752
f 2752 396 5710
f 5710 5711 2752
f 5459 1297 5451
f 5451 400 5455
f 5455 1298 5459
f 5459 5451 5455
f 5451 1297 5452
f 5452 401 2763
f 2763 400 5451
f 5451 5452 2763
f 5725 1390 5724
f 5724 1388 5720
f 5720 1389 5725
f 5725 5724 5720
f 5724 1390 5729
f 5729 1391 5728
f 5728 1388 5724
f 5724 5729 5728
f 5731 1260 5736
f 5736 1393 5737
f 5737 1392 5731
f 5731 5736 5737
f 5736 1260 5355
f 5355 1238 5735
f 5735 1393 5736
f 5736 5355 5735
f 5738 1395 5741
f 5741 1397 5740
f 5740 1394 5738
f 5738 5741 5740
f 5741 1395 5739
f 5739 1396 5742
f 5742 1397 5741
f 5741 5739 5742
f 5743 1398 5744
f 5744 1264 5369
f 5369 1263 5743
f 5743 5744 5369
f 5744 1398 5750
f 5750 1399 5749
f 5749 1264 5744
f 5744 5750 5749
f 5751 1081 5754
f 5754 1401 5756
f 5756 1400 5751
f 5751 5754 5756
f 5754 1081 5444
f 5444 1294 5755
f 5755 1401 5754
f 5754 5444 5755
f 5379 1271 5761
f 5761 1402 5760
f 5760 1101 5379
f 5379 5761 5760
f 5761 1271 5457
f 5457 1298 5762
f 5762 1402 5761
f 5761 5457 5762
f 5549 1336 5765
f 5765 1403 5766
f 5766 1337 5549
f 5549 5765 5766
f 5765 1336 5767
f 5767 1404 5768
f 5768 1403 5765
f 5765 5767 5768
f 5773 1406 5772
f 5772 1404 5769
f 5769 1405 5773
f 5773 5772 5769
f 5772 1406 5771
f 5771 1403 5768
f 5768 1404 5772
f 5772 5771 5768
f 4952 1061 5380
f 5380 1272 5381
f 5381 1062 4952
f 4952 5380 5381
f 5380 1061 4962
f 4962 1068 5382
f 5382 1272 5380
f 5380 4962 5382
f 5776 1409 5775
f 5775 1407 5774
f 5774 1408 5776
f 5776 5775 5774
f 5775 1409 5778
f 5778 1410 5777
f 5777 1407 5775
f 5775 5778 5777
f 5784 1413 5783
f 5783 1411 5782
f 5782 1412 5784
f 5784 5783 5782
f 5783 1413 5786
f 5786 1414 5785
f 5785 1411 5783
f 5783 5786 5785
f 5794 1417 5793
f 5793 1415 5792
f 5792 1416 5794
f 5794 5793 5792
f 5793 1417 5797
f 5797 1418 5796
f 5796 1415 5793
f 5793 5797 5796
f 5807 1421 5806
f 5806 1419 5801
f 5801 1420 5807
f 5807 5806 5801
f 5806 1421 5805
f 5805 1418 5798
f 5798 1419 5806
f 5806 5805 5798
f 5498 1314 5800
f 5800 1420 5799
f 5799 1311 5498
f 5498 5800 5799
f 5800 1314 5804
f 5804 1421 5807
f 5807 1420 5800
f 5800 5804 5807
f 5813 1424 5812
f 5812 1422 5809
f 5809 1423 5813
f 5813 5812 5809
f 5812 1424 5818
f 5818 1425 5817
f 5817 1422 5812
f 5812 5818 5817
f 5826 1428 5825
f 5825 1426 5822
f 5822 1427 5826
f 5826 5825 5822
f 5825 1428 5829
f 5829 1429 5828
f 5828 1426 5825
f 5825 5829 5828
f 5836 1432 5835
f 5835 1430 5832
f 5832 1431 5836
f 5836 5835 5832
f 5835 1432 5840
f 5840 1433 5839
f 5839 1430 5835
f 5835 5840 5839
f 5839 1433 5837
f 5837 1036 5830
f 5830 1430 5839
f 5839 5837 5830
f 5837 1433 5838
f 5838 1037 4904
f 4904 1036 5837
f 5837 5838 4904
f 5742 1396 5842
f 5842 1435 5843
f 5843 1397 5742
f 5742 5842 5843
f 5842 1396 5841
f 5841 1434 5844
f 5844 1435 5842
f 5842 5841 5844
f 5851 1438 5850
f 5850 1436 5849
f 5849 1437 5851
f 5851 5850 5849
f 5850 1438 5854
f 5854 1439 5853
f 5853 1436 5850
f 5850 5854 5853
f 5862 1442 5861
f 5861 1440 5858
f 5858 1441 5862
f 5862 5861 5858
f 5861 1442 5866
f 5866 1443 5865
f 5865 1440 5861
f 5861 5866 5865
f 5877 1446 5876
f 5876 1444 5873
f 5873 1445 5877
f 5877 5876 5873
f 5876 1446 5879
f 5879 1447 5878
f 5878 1444 5876
f 5876 5879 5878
f 5889 1449 5886
f 5886 1200 5880
f 5880 1448 5889
f 5889 5886 5880
f 5886 1449 5887
f 5887 1201 5227
f 5227 1200 5886
f 5886 5887 5227
f 5738 1394 5890
f 5890 1450 5891
f 5891 1395 5738
f 5738 5890 5891
f 5890 1394 5892
f 5892 1451 5893
f 5893 1450 5890
f 5890 5892 5893
f 5894 1113 5753
f 5753 1400 5895
f 5895 1452 5894
f 5894 5753 5895
f 5753 1113 5074
f 5074 1112 5752
f 5752 1400 5753
f 5753 5074 5752
f 5901 1454 5898
f 5898 1148 5897
f 5897 1453 5901
f 5901 5898 5897
f 5898 1454 5899
f 5899 1149 5132
f 5132 1148 5898
f 5898 5899 5132
f 4986 1077 5902
f 5902 1455 5903
f 5903 1078 4986
f 4986 5902 5903
f 5902 1077 5906
f 5906 1456 5907
f 5907 1455 5902
f 5902 5906 5907
f 5913 1458 5911
f 5911 1052 5908
f 5908 1457 5913
f 5913 5911 5908
f 5911 1458 5912
f 5912 1053 4927
f 4927 1052 5911
f 5911 5912 4927
f 5438 1292 5439
f 5439 1020 4879
f 4879 1019 5438
f 5438 5439 4879
f 5439 1292 5441
f 5441 1291 5434
f 5434 1020 5439
f 5439 5441 5434
f 4881 1020 5919
f 5919 1460 5920
f 5920 1021 4881
f 4881 5919 5920
f 5919 1020 5914
f 5914 1459 5922
f 5922 1460 5919
f 5919 5914 5922
f 4967 1026 4961
f 4961 1067 4968
f 4968 1070 4967
f 4967 4961 4968
f 4961 1026 5924
f 5924 1461 5925
f 5925 1067 4961
f 4961 5924 5925
f 5434 1291 5916
f 5916 1459 5914
f 5914 1020 5434
f 5434 5916 5914
f 5916 1291 5435
f 5435 1286 5915
f 5915 1459 5916
f 5916 5435 5915
f 4855 1002 5056
f 5056 1107 5055
f 5055 1000 4855
f 4855 5056 5055
f 5056 1002 5048
f 5048 1104 5057
f 5057 1107 5056
f 5056 5048 5057
f 4851 1000 5062
f 5062 1109 5061
f 5061 997 4851
f 4851 5062 5061
f 5062 1000 5055
f 5055 1107 5063
f 5063 1109 5062
f 5062 5055 5063
f 5068 1110 5681
f 5681 1376 5682
f 5682 1111 5068
f 5068 5681 5682
f 5681 1110 5927
f 5927 1462 5930
f 5930 1376 5681
f 5681 5927 5930
f 5028 1078 5427
f 5427 1289 5428
f 5428 1097 5028
f 5028 5427 5428
f 5427 1078 5903
f 5903 1455 5905
f 5905 1289 5427
f 5427 5903 5905
f 4933 1056 5565
f 5565 1346 5564
f 5564 1028 4933
f 4933 5565 5564
f 5565 1056 5573
f 5573 1348 5577
f 5577 1346 5565
f 5565 5573 5577
f 5571 1347 5568
f 5568 1028 5564
f 5564 1346 5571
f 5571 5568 5564
f 5568 1347 5569
f 5569 1029 4891
f 4891 1028 5568
f 5568 5569 4891
f 5931 1463 5934
f 5934 1451 5892
f 5892 1394 5931
f 5931 5934 5892
f 5934 1463 5937
f 5937 1464 5936
f 5936 1451 5934
f 5934 5937 5936
f 5940 1466 5951
f 5951 1468 5950
f 5950 1465 5940
f 5940 5951 5950
f 5951 1466 5945
f 5945 1467 5952
f 5952 1468 5951
f 5951 5945 5952
f 5958 1471 5957
f 5957 1469 5955
f 5955 1470 5958
f 5958 5957 5955
f 5957 1471 5960
f 5960 1472 5959
f 5959 1469 5957
f 5957 5960 5959
f 5963 1475 5962
f 5962 1473 5961
f 5961 1474 5963
f 5963 5962 5961
f 5962 1475 5965
f 5965 1476 5964
f 5964 1473 5962
f 5962 5965 5964
f 5969 1478 5975
f 5975 1480 5974
f 5974 1477 5969
f 5969 5975 5974
f 5975 1478 5972
f 5972 1479 5976
f 5976 1480 5975
f 5975 5972 5976
f 5399 1277 5397
f 5397 1217 5280
f 5280 1225 5399
f 5399 5397 5280
f 5397 1277 5398
f 5398 1220 5266
f 5266 1217 5397
f 5397 5398 5266
f 5978 1215 5977
f 5979 1216 5257
f 5257 1215 5978
f 5978 5979 5257
f 5981 1481 5980
f 5980 1087 5077
f 5077 1114 5981
f 5981 5980 5077
f 5980 1481 5986
f 5986 1482 5983
f 5983 1087 5980
f 5980 5986 5983
f 5987 1259 5464
f 5464 1300 5988
f 5988 1483 5987
f 5987 5464 5988
f 5976 1479 5970
f 5970 1434 5973
f 5973 1480 5976
f 5976 5970 5973
f 5970 1479 5971
f 5971 1435 5844
f 5844 1434 5970
f 5970 5971 5844
f 5989 1216 5979
f 5990 1224 5278
f 5278 1216 5989
f 5989 5990 5278
f 4959 1066 4958
f 4958 1042 4953
f 4953 1063 4959
f 4959 4958 4953
f 4958 1066 4957
f 4957 1039 4910
f 4910 1042 4958
f 4958 4957 4910
f 5992 1484 5993
f 5993 1074 4977
f 4977 1073 5992
f 5992 5993 4977
f 5993 1484 5996
f 5996 1485 5995
f 5995 1074 5993
f 5993 5996 5995
f 6003 1488 6002
f 6002 1486 6000
f 6000 1487 6003
f 6003 6002 6000
f 6002 1488 6006
f 6006 1489 6005
f 6005 1486 6002
f 6002 6006 6005
f 6012 1492 6011
f 6011 1490 6009
f 6009 1491 6012
f 6012 6011 6009
f 6011 1492 6015
f 6015 1493 6014
f 6014 1490 6011
f 6011 6015 6014
f 6016 1494 6017
f 6017 1130 5099
f 5099 1040 6016
f 6016 6017 5099
f 6017 1494 6026
f 6026 1495 6021
f 6021 1130 6017
f 6017 6026 6021
f 6030 1498 6029
f 6029 1496 6028
f 6028 1497 6030
f 6030 6029 6028
f 6029 1498 6033
f 6033 1499 6032
f 6032 1496 6029
f 6029 6033 6032
f 5596 1352 5589
f 5589 1186 5591
f 5591 1353 5596
f 5596 5589 5591
f 5589 1352 6037
f 6037 1500 6035
f 6035 1186 5589
f 5589 6037 6035
f 6038 1501 6039
f 6039 1123 5088
f 5088 1122 6038
f 6038 6039 5088
f 6039 1501 6041
f 6041 1502 6040
f 6040 1123 6039
f 6039 6041 6040
f 6042 1503 6043
f 6043 1479 5972
f 5972 1478 6042
f 6042 6043 5972
f 6043 1503 6047
f 6047 1504 6046
f 6046 1479 6043
f 6043 6047 6046
f 5230 1202 5789
f 5789 1415 5788
f 5788 1199 5230
f 5230 5789 5788
f 5789 1202 5228
f 5228 1189 5787
f 5787 1415 5789
f 5789 5228 5787
f 5857 1441 5856
f 5856 1394 5740
f 5740 1397 5857
f 5857 5856 5740
f 5856 1441 5933
f 5933 1463 5931
f 5931 1394 5856
f 5856 5933 5931
f 5936 1464 6051
f 6051 1505 6050
f 6050 1451 5936
f 5936 6051 6050
f 6051 1464 5935
f 5935 1447 6049
f 6049 1505 6051
f 6051 5935 6049
f 6060 1508 6059
f 6059 1506 6057
f 6057 1507 6060
f 6060 6059 6057
f 6059 1508 6058
f 6058 1043 6052
f 6052 1506 6059
f 6059 6058 6052
f 5780 1412 5781
f 5781 1380 5690
f 5690 1379 5780
f 5780 5781 5690
f 5781 1412 5782
f 5782 1411 5779
f 5779 1380 5781
f 5781 5782 5779
f 6046 1504 6044
f 6044 1435 5971
f 5971 1479 6046
f 6046 6044 5971
f 6044 1504 6045
f 6045 1442 5860
f 5860 1435 6044
f 6044 6045 5860
f 5715 1261 5719
f 5719 1389 5720
f 5720 1388 5715
f 5715 5719 5720
f 5719 1261 5358
f 5358 1260 5718
f 5718 1389 5719
f 5719 5358 5718
f 6064 1510 6066
f 6066 1509 6061
f 6061 1245 6064
f 6064 6066 6061
f 6066 1510 6069
f 6068 1509 6066
f 6066 6069 6068
f 5511 1317 5505
f 5505 995 5272
f 5272 1223 5511
f 5511 5505 5272
f 5505 1317 5506
f 5506 996 4847
f 4847 995 5505
f 5505 5506 4847
f 6072 1120 5691
f 5691 1381 6073
f 6073 1511 6072
f 6072 5691 6073
f 5691 1120 5692
f 5692 1382 5696
f 5696 1381 5691
f 5691 5692 5696
f 5447 1295 6075
f 6075 1512 6074
f 6074 1294 5447
f 5447 6075 6074
f 6075 1295 6078
f 6078 1513 6081
f 6081 1512 6075
f 6075 6078 6081
f 5893 1451 6085
f 6085 1514 6084
f 6084 1450 5893
f 5893 6085 6084
f 6085 1451 6050
f 6050 1505 6086
f 6086 1514 6085
f 6085 6050 6086
f 5820 1413 6087
f 6087 1515 6088
f 6088 1427 5820
f 5820 6087 6088
f 6087 1413 6091
f 6091 1516 6092
f 6092 1515 6087
f 6087 6091 6092
f 6093 1180 6048
f 6048 1505 6098
f 6098 1517 6093
f 6093 6048 6098
f 6048 1180 6083
f 6083 1514 6086
f 6086 1505 6048
f 6048 6083 6086
f 5853 1439 6101
f 6101 1518 6100
f 6100 1436 5853
f 5853 6101 6100
f 6101 1439 6105
f 6105 1519 6106
f 6106 1518 6101
f 6101 6105 6106
f 6128 1526 6127
f 6127 1527 6129
f 6129 6128 6127
f 6131 1526 6128
f 6109 1521 6110
f 6110 1312 5494
f 5494 1311 6109
f 6109 6110 5494
f 6110 1521 6111
f 6111 1520 6107
f 6107 1312 6110
f 6110 6111 6107
f 6118 1431 6120
f 6120 1525 6121
f 6121 1524 6118
f 6118 6120 6121
f 6120 1431 5832
f 5832 1430 6119
f 6119 1525 6120
f 6120 5832 6119
f 6125 1527 6126
f 6126 1036 4902
f 4902 1035 6125
f 6125 6126 4902
f 6126 1527 6127
f 6127 1526 6122
f 6122 1036 6126
f 6126 6127 6122
f 5689 1380 6133
f 6133 1528 6132
f 6132 1377 5689
f 5689 6133 6132
f 6133 1380 6134
f 6134 1529 6136
f 6136 1528 6133
f 6133 6134 6136
f 5779 1411 6135
f 6135 1529 6134
f 6134 1380 5779
f 5779 6135 6134
f 6135 1411 6137
f 6137 1530 6139
f 6139 1529 6135
f 6135 6137 6139
f 6115 1523 6116
f 6116 1420 5801
f 5801 1419 6115
f 6115 6116 5801
f 6116 1523 6117
f 6117 1522 6113
f 6113 1420 6116
f 6116 6117 6113
f 6146 1531 6142
f 6150 1531 6149
f 6149 1533 6151
f 6151 6150 6149
f 6142 1531 6150
f 6156 1528 6140
f 6148 1533 6147
f 6147 1426 5828
f 5828 1429 6148
f 6148 6147 5828
f 6147 1533 6149
f 6149 1531 6141
f 6141 1426 6147
f 6147 6149 6141
f 5683 1377 6154
f 6154 1534 6153
f 6153 1197 5683
f 5683 6154 6153
f 6154 1377 6132
f 6132 1528 6156
f 6156 1534 6154
f 6154 6132 6156
f 6146 1532 6144
f 6144 1426 6141
f 6141 1531 6146
f 6146 6144 6141
f 6144 1532 6143
f 6143 1414 5819
f 5819 1426 6144
f 6144 6143 5819
f 6158 1423 6162
f 6162 1536 6164
f 6164 1535 6158
f 6158 6162 6164
f 6162 1423 5809
f 5809 1422 6161
f 6161 1536 6162
f 6162 5809 6161
f 6175 1538 6174
f 6174 1524 6167
f 6167 1537 6175
f 6175 6174 6167
f 6174 1538 6173
f 6173 1431 6118
f 6118 1524 6174
f 6174 6173 6118
f 6175 1537 6165
f 6165 1419 6172
f 6172 1538 6175
f 6175 6165 6172
f 6165 1537 6166
f 6166 1523 6115
f 6115 1419 6165
f 6165 6166 6115
f 6113 1522 6112
f 6112 1311 5799
f 5799 1420 6113
f 6113 6112 5799
f 6112 1522 6114
f 6114 1521 6109
f 6109 1311 6112
f 6112 6114 6109
f 6145 1530 6138
f 6138 1414 6143
f 6143 1532 6145
f 6145 6138 6143
f 6138 1530 6137
f 6137 1411 5785
f 5785 1414 6138
f 6138 6137 5785
f 6129 1527 6155
f 6153 1534 6152
f 6152 1035 5219
f 5219 1197 6153
f 6153 6152 5219
f 6152 1534 6155
f 6155 1527 6125
f 6125 1035 6152
f 6152 6155 6125
f 6122 1526 6123
f 6123 1430 5830
f 5830 1036 6122
f 6122 6123 5830
f 6123 1526 6124
f 6124 1525 6119
f 6119 1430 6123
f 6123 6124 6119
f 6130 1525 6124
f 6124 1526 6131
f 6130 6124 6131
f 6176 555 5477
f 5477 1305 6179
f 6179 1539 6176
f 6176 5477 6179
f 5477 555 3225
f 3225 554 5476
f 5476 1305 5477
f 5477 3225 5476
f 6183 1540 6181
f 6181 1027 5409
f 5409 1280 6183
f 6183 6181 5409
f 6181 1540 6182
f 6182 1055 4930
f 4930 1027 6181
f 6181 6182 4930
f 5424 1288 6190
f 6190 1541 6189
f 6189 1098 5424
f 5424 6190 6189
f 6190 1288 6194
f 6194 1542 6195
f 6195 1541 6190
f 6190 6194 6195
f 6203 1544 6200
f 6200 1453 6197
f 6197 1543 6203
f 6203 6200 6197
f 6200 1544 6201
f 6201 1454 5901
f 5901 1453 6200
f 6200 6201 5901
f 6213 1546 6209
f 6209 1091 6204
f 6204 1545 6213
f 6213 6209 6204
f 6209 1546 6210
f 6210 1092 5017
f 5017 1091 6209
f 6209 6210 5017
f 5790 1188 5869
f 5869 1445 5870
f 5870 1416 5790
f 5790 5869 5870
f 5869 1188 5875
f 5875 1446 5877
f 5877 1445 5869
f 5869 5875 5877
f 5871 1432 5833
f 5833 1416 5870
f 5870 1445 5871
f 5871 5833 5870
f 5833 1432 5834
f 5834 1417 5794
f 5794 1416 5833
f 5833 5834 5794
f 6214 1547 6215
f 6215 1457 5910
f 5910 1293 6214
f 6214 6215 5910
f 6215 1547 6216
f 6216 1458 5913
f 5913 1457 6215
f 6215 6216 5913
f 5603 1355 6079
f 6079 1513 6080
f 6080 1356 5603
f 5603 6079 6080
f 6079 1355 6076
f 6076 1512 6081
f 6081 1513 6079
f 6079 6076 6081
f 6168 1523 6166
f 6166 1537 6169
f 6168 6166 6169
f 6183 1280 5432
f 5432 1290 6184
f 6184 1540 6183
f 6183 5432 6184
f 5432 1280 5422
f 5422 1287 5433
f 5433 1290 5432
f 5432 5422 5433
f 5718 1260 6220
f 6220 1548 6221
f 6221 1389 5718
f 5718 6220 6221
f 6220 1260 5731
f 5731 1392 6222
f 6222 1548 6220
f 6220 5731 6222
f 5309 566 5733
f 5733 1393 5735
f 5735 1238 5309
f 5309 5733 5735
f 5733 566 3269
f 3269 565 5732
f 5732 1393 5733
f 5733 3269 5732
f 6229 1551 6228
f 6228 1549 6225
f 6225 1550 6229
f 6229 6228 6225
f 6228 1551 6231
f 6231 1552 6230
f 6230 1549 6228
f 6228 6231 6230
f 6234 1551 6226
f 6226 571 6232
f 6232 1553 6234
f 6234 6226 6232
f 6226 1551 6227
f 6227 572 3278
f 3278 571 6226
f 6226 6227 3278
f 6238 1555 6242
f 6242 1557 6241
f 6241 1554 6238
f 6238 6242 6241
f 6242 1555 6240
f 6240 1556 6243
f 6243 1557 6242
f 6242 6240 6243
f 6245 1556 6244
f 6244 1558 6246
f 6246 1559 6245
f 6245 6244 6246
f 6244 1556 6248
f 6248 1560 6249
f 6249 1558 6244
f 6244 6248 6249
f 6249 1560 6254
f 6254 1562 6253
f 6253 1558 6249
f 6249 6254 6253
f 6254 1560 6252
f 6252 1561 6255
f 6255 1562 6254
f 6254 6252 6255
f 6255 1561 6259
f 6259 1564 6260
f 6260 1562 6255
f 6255 6259 6260
f 6259 1561 6258
f 6258 1563 6261
f 6261 1564 6259
f 6259 6258 6261
f 6262 1565 6263
f 6263 1277 5400
f 5400 1247 6262
f 6262 6263 5400
f 6263 1565 6264
f 6264 1563 6257
f 6257 1277 6263
f 6263 6264 6257
f 6265 1566 6266
f 6266 1247 5328
f 5328 1246 6265
f 6265 6266 5328
f 6266 1566 6267
f 6267 1565 6262
f 6262 1247 6266
f 6266 6267 6262
f 6272 1568 6273
f 6273 1567 6270
f 6270 1483 6272
f 6272 6273 6270
f 6273 1568 6277
f 6277 1569 6276
f 6276 1567 6273
f 6273 6277 6276
f 6279 1570 6278
f 6278 1300 5467
f 5467 1301 6279
f 6279 6278 5467
f 6278 1570 6283
f 6283 1571 6280
f 6280 1300 6278
f 6278 6283 6280
f 6286 1572 6287
f 6287 1243 5320
f 5320 1242 6286
f 6286 6287 5320
f 6287 1572 6291
f 6291 1573 6288
f 6288 1243 6287
f 6287 6291 6288
f 3339 594 5318
f 5318 1242 5319
f 5319 595 3339
f 3339 5318 5319
f 5318 594 6284
f 6284 1572 6286
f 6286 1242 5318
f 5318 6284 6286
f 4850 998 6292
f 6292 1574 6293
f 6293 999 4850
f 4850 6292 6293
f 6292 998 6070
f 6070 1511 6296
f 6296 1574 6292
f 6292 6070 6296
f 6300 1576 6299
f 6299 1153 6298
f 6298 1575 6300
f 6300 6299 6298
f 6299 1576 6305
f 6305 1577 6303
f 6303 1153 6299
f 6299 6305 6303
f 6314 1580 6313
f 6313 1578 6311
f 6311 1579 6314
f 6314 6313 6311
f 6313 1580 6320
f 6320 1581 6319
f 6319 1578 6313
f 6313 6320 6319
f 6325 1583 6323
f 6323 1156 6321
f 6321 1582 6325
f 6325 6323 6321
f 6323 1583 6324
f 6324 1157 5144
f 5144 1156 6323
f 6323 6324 5144
f 6328 1584 6326
f 6326 1575 6322
f 6322 1582 6328
f 6328 6326 6322
f 6326 1584 6327
f 6327 1576 6300
f 6300 1575 6326
f 6326 6327 6300
f 6329 1585 6330
f 6330 1156 5142
f 5142 1155 6329
f 6329 6330 5142
f 6330 1585 6335
f 6335 1586 6332
f 6332 1156 6330
f 6330 6335 6332
f 6341 1589 6340
f 6340 1587 6339
f 6339 1588 6341
f 6341 6340 6339
f 6340 1589 6344
f 6344 1590 6343
f 6343 1587 6340
f 6340 6344 6343
f 6352 1593 6351
f 6351 1591 6350
f 6350 1592 6352
f 6352 6351 6350
f 6351 1593 6355
f 6355 1594 6354
f 6354 1591 6351
f 6351 6355 6354
f 6359 1597 6358
f 6358 1595 6357
f 6357 1596 6359
f 6359 6358 6357
f 6358 1597 6363
f 6363 1598 6362
f 6362 1595 6358
f 6358 6363 6362
f 6354 1594 6353
f 6353 1322 6346
f 6346 1591 6354
f 6354 6353 6346
f 6353 1594 6366
f 6366 1599 6364
f 6364 1322 6353
f 6353 6366 6364
f 5537 1332 5536
f 5536 1315 5504
f 5504 1316 5537
f 5537 5536 5504
f 5536 1332 6368
f 6368 1600 6367
f 6367 1315 5536
f 5536 6368 6367
f 6370 1470 6373
f 6373 1602 6374
f 6374 1601 6370
f 6370 6373 6374
f 6373 1470 5955
f 5955 1469 6372
f 6372 1602 6373
f 6373 5955 6372
f 6378 1604 6377
f 6377 1501 6376
f 6376 1603 6378
f 6378 6377 6376
f 6377 1604 6381
f 6381 1605 6379
f 6379 1501 6377
f 6377 6381 6379
f 6382 1122 6385
f 6385 1607 6386
f 6386 1606 6382
f 6382 6385 6386
f 6385 1122 5087
f 5087 1121 6384
f 6384 1607 6385
f 6385 5087 6384
f 6394 1609 6393
f 6393 1508 6390
f 6390 1608 6394
f 6394 6393 6390
f 6393 1609 6398
f 6398 1610 6397
f 6397 1508 6393
f 6393 6398 6397
f 6405 1613 6404
f 6404 1611 6401
f 6401 1612 6405
f 6405 6404 6401
f 6404 1613 6407
f 6407 1614 6406
f 6406 1611 6404
f 6404 6407 6406
f 5516 1321 6337
f 6337 1587 6336
f 6336 1318 5516
f 5516 6337 6336
f 6337 1321 6410
f 6410 1615 6411
f 6411 1587 6337
f 6337 6410 6411
f 6362 1598 6360
f 6360 1045 6356
f 6356 1595 6362
f 6362 6360 6356
f 6360 1598 6361
f 6361 1046 4916
f 4916 1045 6360
f 6360 6361 4916
f 6418 1618 6417
f 6417 1616 6416
f 6416 1617 6418
f 6418 6417 6416
f 6417 1618 6420
f 6420 1619 6419
f 6419 1616 6417
f 6417 6420 6419
f 6424 1621 6427
f 6427 1623 6426
f 6426 1620 6424
f 6424 6427 6426
f 6427 1621 6425
f 6425 1622 6428
f 6428 1623 6427
f 6427 6425 6428
f 6432 1612 6430
f 6430 1624 6433
f 6433 1625 6432
f 6432 6430 6433
f 6430 1612 6401
f 6401 1611 6429
f 6429 1624 6430
f 6430 6401 6429
f 6053 1506 6054
f 6054 1434 5841
f 5841 1396 6053
f 6053 6054 5841
f 6054 1506 6438
f 6438 1626 6436
f 6436 1434 6054
f 6054 6438 6436
f 6052 1043 6434
f 6434 1626 6438
f 6438 1506 6052
f 6052 6434 6438
f 6434 1043 4914
f 4914 1046 6435
f 6435 1626 6434
f 6434 4914 6435
f 6442 1629 6441
f 6441 1627 6439
f 6439 1628 6442
f 6442 6441 6439
f 6441 1629 6447
f 6447 1630 6446
f 6446 1627 6441
f 6441 6447 6446
f 6450 1631 6451
f 6451 1500 6037
f 6037 1352 6450
f 6450 6451 6037
f 6451 1631 6457
f 6457 1632 6455
f 6455 1500 6451
f 6451 6457 6455
f 6449 1631 6448
f 6448 1089 5015
f 5015 1092 6449
f 6449 6448 5015
f 6448 1631 6462
f 6462 1633 6458
f 6458 1089 6448
f 6448 6462 6458
f 5601 1091 5605
f 5605 1357 5607
f 5607 1356 5601
f 5601 5605 5607
f 5605 1091 5014
f 5014 1090 5604
f 5604 1357 5605
f 5605 5014 5604
f 5579 1349 5580
f 5580 1164 5155
f 5155 1163 5579
f 5579 5580 5155
f 5580 1349 6466
f 6466 1634 6465
f 6465 1164 5580
f 5580 6466 6465
f 5578 1125 6463
f 6463 1634 6466
f 6466 1349 5578
f 5578 6463 6466
f 6463 1125 5094
f 5094 1128 6464
f 6464 1634 6463
f 6463 5094 6464
f 5941 1467 5942
f 5942 1127 5093
f 5093 1126 5941
f 5941 5942 5093
f 5942 1467 5945
f 5945 1466 5939
f 5939 1127 5942
f 5942 5945 5939
f 6099 1518 6102
f 6102 1513 6078
f 6078 1295 6099
f 6099 6102 6078
f 6102 1518 6207
f 6207 1545 6206
f 6206 1513 6102
f 6102 6207 6206
f 5611 1358 5608
f 5608 1090 5582
f 5582 1350 5611
f 5611 5608 5582
f 5608 1358 5612
f 5612 1357 5604
f 5604 1090 5608
f 5608 5612 5604
f 5013 1089 5581
f 5581 1350 5582
f 5582 1090 5013
f 5013 5581 5582
f 5581 1089 5585
f 5585 1351 5588
f 5588 1350 5581
f 5581 5585 5588
f 6459 1633 6461
f 6461 1352 5590
f 5590 1193 6459
f 6459 6461 5590
f 6461 1633 6462
f 6462 1631 6450
f 6450 1352 6461
f 6461 6462 6450
f 6470 1635 6469
f 6469 1193 5216
f 5216 1196 6470
f 6470 6469 5216
f 6469 1635 6472
f 6472 1633 6459
f 6459 1193 6469
f 6469 6472 6459
f 5611 1350 5583
f 5583 1163 5610
f 5610 1358 5611
f 5611 5583 5610
f 5583 1350 5584
f 5584 1349 5579
f 5579 1163 5583
f 5583 5584 5579
f 6480 1450 6476
f 6476 1636 6483
f 6483 1637 6480
f 6480 6476 6483
f 6476 1450 6084
f 6084 1514 6477
f 6477 1636 6476
f 6476 6084 6477
f 6474 1636 6475
f 6475 1439 5854
f 5854 1438 6474
f 6474 6475 5854
f 6475 1636 6473
f 6473 1179 5852
f 5852 1439 6475
f 6475 6473 5852
f 5845 1084 5848
f 5848 1437 5849
f 5849 1436 5845
f 5845 5848 5849
f 5848 1084 5003
f 5003 1083 5847
f 5847 1437 5848
f 5848 5003 5847
f 6487 1639 6485
f 6485 1628 6484
f 6484 1638 6487
f 6487 6485 6484
f 6485 1639 6486
f 6486 1629 6442
f 6442 1628 6485
f 6485 6486 6442
f 6397 1610 6395
f 6395 1043 6058
f 6058 1508 6397
f 6397 6395 6058
f 6395 1610 6396
f 6396 1044 4912
f 4912 1043 6395
f 6395 6396 4912
f 6055 1507 6056
f 6056 1396 5739
f 5739 1395 6055
f 6055 6056 5739
f 6056 1507 6057
f 6057 1506 6053
f 6053 1396 6056
f 6056 6057 6053
f 6477 1514 6082
f 6082 1179 6473
f 6473 1636 6477
f 6477 6082 6473
f 6082 1514 6083
f 6083 1180 5192
f 5192 1179 6082
f 6082 6083 5192
f 6099 1295 5846
f 5846 1436 6100
f 6100 1518 6099
f 6099 5846 6100
f 5846 1295 5446
f 5446 1084 5845
f 5845 1436 5846
f 5846 5446 5845
f 5601 1356 6205
f 6205 1545 6204
f 6204 1091 5601
f 5601 6205 6204
f 6205 1356 6080
f 6080 1513 6206
f 6206 1545 6205
f 6205 6080 6206
f 6494 1477 6489
f 6489 1640 6497
f 6497 1641 6494
f 6494 6489 6497
f 6489 1477 5974
f 5974 1480 6490
f 6490 1640 6489
f 6489 5974 6490
f 6495 1641 6496
f 6496 1598 6363
f 6363 1597 6495
f 6495 6496 6363
f 6496 1641 6497
f 6497 1640 6491
f 6491 1598 6496
f 6496 6497 6491
f 6055 1395 6478
f 6478 1637 6481
f 6481 1507 6055
f 6055 6478 6481
f 6478 1395 5891
f 5891 1450 6480
f 6480 1637 6478
f 6478 5891 6480
f 6504 1643 6502
f 6502 1182 6498
f 6498 1642 6504
f 6504 6502 6498
f 6502 1643 6507
f 6507 1644 6505
f 6505 1182 6502
f 6502 6507 6505
f 6406 1614 6501
f 6501 1642 6500
f 6500 1611 6406
f 6406 6501 6500
f 6501 1614 6503
f 6503 1643 6504
f 6504 1642 6501
f 6501 6503 6504
f 6517 1646 6512
f 6512 1124 6509
f 6509 1645 6517
f 6517 6512 6509
f 6512 1646 6514
f 6514 1613 6403
f 6403 1124 6512
f 6512 6514 6403
f 6490 1480 6437
f 6437 1626 6492
f 6492 1640 6490
f 6490 6437 6492
f 6437 1480 5973
f 5973 1434 6436
f 6436 1626 6437
f 6437 5973 6436
f 6491 1640 6488
f 6488 1046 6361
f 6361 1598 6491
f 6491 6488 6361
f 6488 1640 6492
f 6492 1626 6435
f 6435 1046 6488
f 6488 6492 6435
f 6446 1630 6520
f 6520 1647 6519
f 6519 1627 6446
f 6446 6520 6519
f 6520 1630 6445
f 6445 1590 6518
f 6518 1647 6520
f 6520 6445 6518
f 6521 1648 6522
f 6522 1476 5965
f 5965 1475 6521
f 6521 6522 5965
f 6522 1648 6529
f 6529 1649 6527
f 6527 1476 6522
f 6522 6529 6527
f 6419 1619 6525
f 6525 1648 6524
f 6524 1616 6419
f 6419 6525 6524
f 6525 1619 6528
f 6528 1649 6529
f 6529 1648 6525
f 6525 6528 6529
f 6537 1652 6536
f 6536 1650 6534
f 6534 1651 6537
f 6537 6536 6534
f 6536 1652 6541
f 6541 1653 6540
f 6540 1650 6536
f 6536 6541 6540
f 6547 1655 6545
f 6545 1408 6542
f 6542 1654 6547
f 6547 6545 6542
f 6545 1655 6546
f 6546 1409 5776
f 5776 1408 6545
f 6545 6546 5776
f 6554 1657 6553
f 6553 1653 6550
f 6550 1656 6554
f 6554 6553 6550
f 6553 1657 6552
f 6552 1650 6540
f 6540 1653 6553
f 6553 6552 6540
f 6558 1642 6499
f 6499 1185 6555
f 6555 1658 6558
f 6558 6499 6555
f 6499 1642 6498
f 6498 1182 5198
f 5198 1185 6499
f 6499 6498 5198
f 6429 1611 6556
f 6556 1658 6557
f 6557 1624 6429
f 6429 6556 6557
f 6556 1611 6500
f 6500 1642 6558
f 6558 1658 6556
f 6556 6500 6558
f 6399 1612 6400
f 6400 1607 6384
f 6384 1121 6399
f 6399 6400 6384
f 6400 1612 6432
f 6432 1625 6431
f 6431 1607 6400
f 6400 6432 6431
f 6571 1661 6570
f 6570 1659 6566
f 6566 1660 6571
f 6571 6570 6566
f 6570 1661 6569
f 6569 1383 6560
f 6560 1659 6570
f 6570 6569 6560
f 6580 1663 6577
f 6577 1638 6574
f 6574 1662 6580
f 6580 6577 6574
f 6577 1663 6578
f 6578 1639 6487
f 6487 1638 6577
f 6577 6578 6487
f 6585 1664 6581
f 6581 1013 6573
f 6573 1662 6585
f 6585 6581 6573
f 6581 1664 6582
f 6582 1083 4998
f 4998 1013 6581
f 6581 6582 4998
f 6583 1609 6391
f 6391 1083 6582
f 6582 1664 6583
f 6583 6391 6582
f 6391 1609 6392
f 6392 1437 5847
f 5847 1083 6391
f 6391 6392 5847
f 6394 1608 6387
f 6387 1437 6392
f 6392 1609 6394
f 6394 6387 6392
f 6387 1608 6388
f 6388 1438 5851
f 5851 1437 6387
f 6387 6388 5851
f 6294 1366 5638
f 5638 999 6293
f 6293 1574 6294
f 6294 5638 6293
f 5638 1366 5639
f 5639 1001 4853
f 4853 999 5638
f 5638 5639 4853
f 6587 1665 6586
f 6586 1362 5643
f 5643 1367 6587
f 6587 6586 5643
f 6586 1665 6591
f 6591 1661 6567
f 6567 1362 6586
f 6586 6591 6567
f 6579 1663 6576
f 6576 1363 6564
f 6564 1660 6579
f 6579 6576 6564
f 6576 1663 6575
f 6575 1012 5626
f 5626 1363 6576
f 6576 6575 5626
f 6482 1608 6389
f 6389 1507 6481
f 6481 1637 6482
f 6482 6389 6481
f 6389 1608 6390
f 6390 1508 6060
f 6060 1507 6389
f 6389 6390 6060
f 6474 1438 6479
f 6479 1637 6483
f 6483 1636 6474
f 6474 6479 6483
f 6479 1438 6388
f 6388 1608 6482
f 6482 1637 6479
f 6479 6388 6482
f 6103 1178 6211
f 6211 1546 6212
f 6212 1519 6103
f 6103 6211 6212
f 6211 1178 6453
f 6453 1632 6456
f 6456 1546 6211
f 6211 6453 6456
f 6449 1092 6452
f 6452 1632 6457
f 6457 1631 6449
f 6449 6452 6457
f 6452 1092 6210
f 6210 1546 6456
f 6456 1632 6452
f 6452 6210 6456
f 6458 1633 6460
f 6460 1351 5585
f 5585 1089 6458
f 6458 6460 5585
f 6460 1633 6472
f 6472 1635 6471
f 6471 1351 6460
f 6460 6472 6471
f 6471 1635 6467
f 6467 1125 5586
f 5586 1351 6471
f 6471 6467 5586
f 6467 1635 6468
f 6468 1126 5092
f 5092 1125 6467
f 6467 6468 5092
f 6470 1196 5215
f 5215 1126 6468
f 6468 1635 6470
f 6470 5215 6468
f 5215 1196 5944
f 5944 1467 5941
f 5941 1126 5215
f 5215 5944 5941
f 5218 1195 5943
f 5943 1467 5944
f 5944 1196 5218
f 5218 5943 5944
f 5943 1195 5946
f 5946 1468 5952
f 5952 1467 5943
f 5943 5946 5952
f 5885 1449 5949
f 5949 1468 5946
f 5946 1195 5885
f 5885 5949 5946
f 5949 1449 5888
f 5888 1340 5948
f 5948 1468 5949
f 5949 5888 5948
f 5881 1313 5553
f 5553 1341 5884
f 5884 1448 5881
f 5881 5553 5884
f 5553 1313 5815
f 5815 1425 5816
f 5816 1341 5553
f 5553 5815 5816
f 6107 1520 6108
f 6108 1422 5808
f 5808 1312 6107
f 6107 6108 5808
f 6108 1520 6163
f 6163 1536 6161
f 6161 1422 6108
f 6108 6163 6161
f 6600 1668 6599
f 6599 1666 6596
f 6596 1667 6600
f 6600 6599 6596
f 6599 1668 6598
f 6598 1644 6593
f 6593 1666 6599
f 6599 6598 6593
f 5810 1424 6602
f 6602 1669 6601
f 6601 1338 5810
f 5810 6602 6601
f 6602 1424 5824
f 5824 1428 6603
f 6603 1669 6602
f 6602 5824 6603
f 6158 1535 6159
f 6159 1429 5827
f 5827 1423 6158
f 6158 6159 5827
f 6159 1535 6160
f 6160 1533 6148
f 6148 1429 6159
f 6159 6160 6148
f 6157 1533 6160
f 6151 1533 6157
f 5054 1105 6607
f 6607 1670 6608
f 6608 1106 5054
f 5054 6607 6608
f 6607 1105 6611
f 6611 1671 6613
f 6613 1670 6607
f 6607 6611 6613
f 6614 1672 6615
f 6615 1038 4906
f 4906 1037 6614
f 6614 6615 4906
f 6615 1672 6624
f 6624 1673 6619
f 6619 1038 6615
f 6615 6624 6619
f 6619 1673 6620
f 6620 1198 5221
f 5221 1038 6619
f 6619 6620 5221
f 6620 1673 6621
f 6621 1440 5855
f 5855 1198 6620
f 6620 6621 5855
f 5881 1448 5882
f 5882 1314 5499
f 5499 1313 5881
f 5881 5882 5499
f 5882 1448 5880
f 5880 1200 5497
f 5497 1314 5882
f 5882 5880 5497
f 5685 1198 5863
f 5863 1443 5864
f 5864 1378 5685
f 5685 5863 5864
f 5863 1198 5855
f 5855 1440 5865
f 5865 1443 5863
f 5863 5855 5865
f 5688 1378 6625
f 6625 1674 6626
f 6626 1379 5688
f 5688 6625 6626
f 6625 1378 5864
f 5864 1443 6629
f 6629 1674 6625
f 6625 5864 6629
f 5784 1412 6090
f 6090 1516 6091
f 6091 1413 5784
f 5784 6090 6091
f 6090 1412 6631
f 6631 1675 6634
f 6634 1516 6090
f 6090 6631 6634
f 6170 1538 6171
f 6171 1418 5797
f 5797 1417 6170
f 6170 6171 5797
f 6171 1538 6172
f 6172 1419 5798
f 5798 1418 6171
f 6171 6172 5798
f 5802 1199 5795
f 5795 1418 5805
f 5805 1421 5802
f 5802 5795 5805
f 5795 1199 5788
f 5788 1415 5796
f 5796 1418 5795
f 5795 5788 5796
f 5497 1200 5803
f 5803 1421 5804
f 5804 1314 5497
f 5497 5803 5804
f 5803 1200 5223
f 5223 1199 5802
f 5802 1421 5803
f 5803 5223 5802
f 5818 1424 5811
f 5811 1341 5816
f 5816 1425 5818
f 5818 5811 5816
f 5811 1424 5810
f 5810 1338 5554
f 5554 1341 5811
f 5811 5810 5554
f 6603 1428 6089
f 6089 1515 6604
f 6604 1669 6603
f 6603 6089 6604
f 6089 1428 5826
f 5826 1427 6088
f 6088 1515 6089
f 6089 5826 6088
f 5871 1445 5872
f 5872 1433 5840
f 5840 1432 5871
f 5871 5872 5840
f 5872 1445 5873
f 5873 1444 5868
f 5868 1433 5872
f 5872 5873 5868
f 5868 1444 5867
f 5867 1037 5838
f 5838 1433 5868
f 5868 5867 5838
f 5867 1444 6616
f 6616 1672 6614
f 6614 1037 5867
f 5867 6616 6614
f 6631 1412 6627
f 6627 1674 6635
f 6635 1675 6631
f 6631 6627 6635
f 6627 1412 5780
f 5780 1379 6626
f 6626 1674 6627
f 6627 5780 6626
f 5820 1427 5821
f 5821 1414 5786
f 5786 1413 5820
f 5820 5821 5786
f 5821 1427 5822
f 5822 1426 5819
f 5819 1414 5821
f 5821 5822 5819
f 5836 1431 5831
f 5831 1417 5834
f 5834 1432 5836
f 5836 5831 5834
f 5831 1431 6173
f 6173 1538 6170
f 6170 1417 5831
f 5831 6173 6170
f 5496 1312 5814
f 5814 1425 5815
f 5815 1313 5496
f 5496 5814 5815
f 5814 1312 5808
f 5808 1422 5817
f 5817 1425 5814
f 5814 5808 5817
f 5829 1428 5823
f 5823 1423 5827
f 5827 1429 5829
f 5829 5823 5827
f 5823 1428 5824
f 5824 1424 5813
f 5813 1423 5823
f 5823 5824 5813
f 5790 1416 5791
f 5791 1189 5205
f 5205 1188 5790
f 5790 5791 5205
f 5791 1416 5792
f 5792 1415 5787
f 5787 1189 5791
f 5791 5792 5787
f 5224 1194 5229
f 5229 1202 5231
f 5231 1201 5224
f 5224 5229 5231
f 5229 1194 5594
f 5594 1353 5595
f 5595 1202 5229
f 5229 5594 5595
f 5552 1339 5947
f 5947 1468 5948
f 5948 1340 5552
f 5552 5947 5948
f 5947 1339 5938
f 5938 1465 5950
f 5950 1468 5947
f 5947 5938 5950
f 5860 1442 5859
f 5859 1397 5843
f 5843 1435 5860
f 5860 5859 5843
f 5859 1442 5862
f 5862 1441 5857
f 5857 1397 5859
f 5859 5862 5857
f 6096 1517 6097
f 6097 1447 5879
f 5879 1446 6096
f 6096 6097 5879
f 6097 1517 6098
f 6098 1505 6049
f 6049 1447 6097
f 6097 6098 6049
f 5885 1195 5225
f 5225 1201 5887
f 5887 1449 5885
f 5885 5225 5887
f 5225 1195 5214
f 5214 1194 5224
f 5224 1201 5225
f 5225 5214 5224
f 6622 1673 6623
f 6623 1464 5937
f 5937 1463 6622
f 6622 6623 5937
f 6623 1673 6624
f 6624 1672 6618
f 6618 1464 6623
f 6623 6624 6618
f 6630 1504 6633
f 6633 1675 6635
f 6635 1674 6630
f 6630 6633 6635
f 6633 1504 6047
f 6047 1503 6632
f 6632 1675 6633
f 6633 6047 6632
f 5595 1353 5592
f 5592 1189 5228
f 5228 1202 5595
f 5595 5592 5228
f 5592 1353 5591
f 5591 1186 5204
f 5204 1189 5592
f 5592 5591 5204
f 5858 1440 5932
f 5932 1463 5933
f 5933 1441 5858
f 5858 5932 5933
f 5932 1440 6621
f 6621 1673 6622
f 6622 1463 5932
f 5932 6621 6622
f 6618 1672 6617
f 6617 1447 5935
f 5935 1464 6618
f 6618 6617 5935
f 6617 1672 6616
f 6616 1444 5878
f 5878 1447 6617
f 6617 6616 5878
f 5866 1442 6628
f 6628 1674 6629
f 6629 1443 5866
f 5866 6628 6629
f 6628 1442 6045
f 6045 1504 6630
f 6630 1674 6628
f 6628 6045 6630
f 6096 1446 5874
f 5874 1187 6095
f 6095 1517 6096
f 6096 5874 6095
f 5874 1446 5875
f 5875 1188 5203
f 5203 1187 5874
f 5874 5875 5203
f 5889 1448 5883
f 5883 1340 5888
f 5888 1449 5889
f 5889 5883 5888
f 5883 1448 5884
f 5884 1341 5555
f 5555 1340 5883
f 5883 5884 5555
f 6636 1676 6637
f 6637 1268 5374
f 5374 1267 6636
f 6636 6637 5374
f 6637 1676 6638
f 6638 1391 5726
f 5726 1268 6637
f 6637 6638 5726
f 5560 1343 6642
f 6642 1677 6643
f 6643 1344 5560
f 5560 6642 6643
f 6642 1343 6645
f 6645 1678 6648
f 6648 1677 6642
f 6642 6645 6648
f 6652 1302 6650
f 6650 1679 6657
f 6657 1680 6652
f 6652 6650 6657
f 6650 1302 5468
f 5468 1175 6649
f 6649 1679 6650
f 6650 5468 6649
f 5557 1284 5561
f 5561 1345 5563
f 5563 1344 5557
f 5557 5561 5563
f 5561 1284 6023
f 6023 1495 6024
f 6024 1345 5561
f 5561 6023 6024
f 6666 1682 6665
f 6665 1493 6662
f 6662 1681 6666
f 6666 6665 6662
f 6665 1682 6664
f 6664 1490 6014
f 6014 1493 6665
f 6665 6664 6014
f 5714 1386 5709
f 5709 1268 5713
f 5713 1387 5714
f 5714 5709 5713
f 5709 1386 5708
f 5708 1265 5373
f 5373 1268 5709
f 5709 5708 5373
f 6673 1684 6672
f 6672 1489 6669
f 6669 1683 6673
f 6673 6672 6669
f 6672 1684 6671
f 6671 1486 6005
f 6005 1489 6672
f 6672 6671 6005
f 6678 1685 6679
f 6679 1489 6006
f 6006 1488 6678
f 6678 6679 6006
f 6679 1685 6677
f 6677 1485 6004
f 6004 1489 6679
f 6679 6677 6004
f 6019 1494 6020
f 6020 1493 6015
f 6015 1492 6019
f 6019 6020 6015
f 6020 1494 6018
f 6018 1385 6013
f 6013 1493 6020
f 6020 6018 6013
f 6012 1491 6008
f 6008 1345 6010
f 6010 1492 6012
f 6012 6008 6010
f 6008 1491 6007
f 6007 1342 5562
f 5562 1345 6008
f 6008 6007 5562
f 6691 1688 6690
f 6690 1686 6686
f 6686 1687 6691
f 6691 6690 6686
f 6690 1688 6697
f 6697 1689 6696
f 6696 1686 6690
f 6690 6697 6696
f 6707 1691 6706
f 6706 1679 6702
f 6702 1690 6707
f 6707 6706 6702
f 6706 1691 6705
f 6705 1331 6651
f 6651 1679 6706
f 6706 6705 6651
f 6715 1491 6711
f 6711 1692 6716
f 6716 1693 6715
f 6715 6711 6716
f 6711 1491 6009
f 6009 1490 6710
f 6710 1692 6711
f 6711 6009 6710
f 6724 1678 6720
f 6720 1694 6725
f 6725 1695 6724
f 6724 6720 6725
f 6720 1678 6645
f 6645 1343 6718
f 6718 1694 6720
f 6720 6645 6718
f 6728 1696 6729
f 6729 1499 6033
f 6033 1498 6728
f 6728 6729 6033
f 6729 1696 6736
f 6736 1697 6735
f 6735 1499 6729
f 6729 6736 6735
f 6741 1699 6746
f 6746 1698 6738
f 6738 1270 6741
f 6741 6746 6738
f 6746 1699 6745
f 6745 1461 6739
f 6739 1698 6746
f 6746 6745 6739
f 6710 1490 6748
f 6748 1700 6750
f 6750 1692 6710
f 6710 6748 6750
f 6748 1490 6664
f 6664 1682 6749
f 6749 1700 6748
f 6748 6664 6749
f 5375 1265 6753
f 6753 1701 6754
f 6754 1269 5375
f 5375 6753 6754
f 6753 1265 5708
f 5708 1386 6756
f 6756 1701 6753
f 6753 5708 6756
f 6761 1702 6758
f 6758 1176 5470
f 5470 1303 6761
f 6761 6758 5470
f 6758 1702 6766
f 6766 1703 6764
f 6764 1176 6758
f 6758 6766 6764
f 6718 1343 6769
f 6769 1704 6772
f 6772 1694 6718
f 6718 6769 6772
f 6769 1343 5556
f 5556 1342 6768
f 6768 1704 6769
f 6769 5556 6768
f 6768 1342 6714
f 6714 1693 6771
f 6771 1704 6768
f 6768 6714 6771
f 6714 1342 6007
f 6007 1491 6715
f 6715 1693 6714
f 6714 6007 6715
f 6781 1707 6780
f 6780 1705 6777
f 6777 1706 6781
f 6781 6780 6777
f 6780 1707 6785
f 6785 1708 6784
f 6784 1705 6780
f 6780 6785 6784
f 6786 1709 6789
f 6789 1706 6774
f 6774 1004 6786
f 6786 6789 6774
f 6789 1709 6790
f 6790 1707 6781
f 6781 1706 6789
f 6789 6790 6781
f 6791 1710 6792
f 6792 1004 4857
f 4857 1003 6791
f 6791 6792 4857
f 6792 1710 6794
f 6794 1709 6786
f 6786 1004 6792
f 6792 6794 6786
f 6796 1711 6795
f 6795 1003 4894
f 4894 1032 6796
f 6796 6795 4894
f 6795 1711 6797
f 6797 1710 6791
f 6791 1003 6795
f 6795 6797 6791
f 6801 1058 6799
f 6799 1712 6802
f 6802 1713 6801
f 6801 6799 6802
f 6799 1058 4940
f 4940 1057 6798
f 6798 1712 6799
f 6799 4940 6798
f 6806 1048 6804
f 6804 1714 6809
f 6809 1715 6806
f 6806 6804 6809
f 6804 1048 4917
f 4917 1047 6803
f 6803 1714 6804
f 6804 4917 6803
f 5073 1113 6805
f 6805 1714 6803
f 6803 1047 5073
f 5073 6805 6803
f 6805 1113 6810
f 6810 1716 6812
f 6812 1714 6805
f 6805 6810 6812
f 5894 1452 6811
f 6811 1716 6810
f 6810 1113 5894
f 5894 6811 6810
f 6811 1452 6813
f 6813 1717 6814
f 6814 1716 6811
f 6811 6813 6814
f 6816 1718 6818
f 6818 1717 6813
f 6813 1452 6816
f 6816 6818 6813
f 6818 1718 6822
f 6822 1719 6821
f 6821 1717 6818
f 6818 6822 6821
f 6815 1401 6196
f 6196 1543 6817
f 6817 1718 6815
f 6815 6196 6817
f 6196 1401 6199
f 6199 1544 6203
f 6203 1543 6196
f 6196 6199 6203
f 6214 1293 6825
f 6825 1720 6826
f 6826 1547 6214
f 6214 6825 6826
f 6825 1293 5443
f 5443 1292 6824
f 6824 1720 6825
f 6825 5443 6824
f 5438 1019 6823
f 6823 1720 6824
f 6824 1292 5438
f 5438 6823 6824
f 6823 1019 6829
f 6829 1721 6834
f 6834 1720 6823
f 6823 6829 6834
f 4882 1022 6830
f 6830 1721 6829
f 6829 1019 4882
f 4882 6830 6829
f 6830 1022 6835
f 6835 1722 6838
f 6838 1721 6830
f 6830 6835 6838
f 5763 1403 5764
f 5764 1282 5413
f 5413 1094 5763
f 5763 5764 5413
f 5764 1403 5771
f 5771 1406 5770
f 5770 1282 5764
f 5764 5771 5770
f 5545 1337 5546
f 5546 1094 5018
f 5018 1093 5545
f 5545 5546 5018
f 5546 1337 5766
f 5766 1403 5763
f 5763 1094 5546
f 5546 5766 5763
f 5542 1334 5541
f 5541 1093 5038
f 5038 1100 5542
f 5542 5541 5038
f 5541 1334 5547
f 5547 1337 5545
f 5545 1093 5541
f 5541 5547 5545
f 6847 1724 6845
f 6845 1100 6841
f 6841 1723 6847
f 6847 6845 6841
f 6845 1724 6846
f 6846 1334 5542
f 5542 1100 6845
f 6845 6846 5542
f 6852 1725 6850
f 6850 1106 6608
f 6608 1670 6852
f 6852 6850 6608
f 6850 1725 6851
f 6851 1108 5059
f 5059 1106 6850
f 6850 6851 5059
f 5760 1402 5759
f 5759 1100 5042
f 5042 1101 5760
f 5760 5759 5042
f 5759 1402 6842
f 6842 1723 6841
f 6841 1100 5759
f 5759 6842 6841
f 5507 1317 5508
f 5508 1018 4878
f 4878 1017 5507
f 5507 5508 4878
f 5508 1317 5509
f 5509 1151 5135
f 5135 1018 5508
f 5508 5509 5135
f 6303 1577 6302
f 6302 1018 5137
f 5137 1153 6303
f 6303 6302 5137
f 6302 1577 6301
f 6301 1015 4877
f 4877 1018 6302
f 6302 6301 4877
f 6862 1727 6859
f 6859 1373 6857
f 6857 1726 6862
f 6862 6859 6857
f 6859 1727 6860
f 6860 1374 5672
f 5672 1373 6859
f 6859 6860 5672
f 5647 1368 5646
f 5646 993 4845
f 4845 996 5647
f 5647 5646 4845
f 5646 1368 5655
f 5655 1369 5651
f 5651 993 5646
f 5646 5655 5651
f 5658 1110 5654
f 5654 1369 5659
f 5659 1370 5658
f 5658 5654 5659
f 5654 1110 5065
f 5065 993 5651
f 5651 1369 5654
f 5654 5065 5651
f 5929 1462 5928
f 5928 1370 5662
f 5662 1371 5929
f 5929 5928 5662
f 5928 1462 5927
f 5927 1110 5658
f 5658 1370 5928
f 5928 5927 5658
f 5647 996 4874
f 4874 1017 5650
f 5650 1368 5647
f 5647 4874 5650
f 4874 996 5506
f 5506 1317 5507
f 5507 1017 4874
f 4874 5506 5507
f 6854 751 5484
f 5484 1308 6856
f 6856 1726 6854
f 6854 5484 6856
f 5484 751 3900
f 3900 750 5483
f 5483 1308 5484
f 5484 3900 5483
f 6864 1728 6863
f 6863 1576 6327
f 6327 1584 6864
f 6864 6863 6327
f 6863 1728 6868
f 6868 1729 6866
f 6866 1576 6863
f 6863 6868 6866
f 6335 1585 6870
f 6870 1730 6871
f 6871 1586 6335
f 6335 6870 6871
f 6870 1585 6874
f 6874 1731 6876
f 6876 1730 6870
f 6870 6874 6876
f 6712 1693 6713
f 6713 1030 4893
f 4893 1029 6712
f 6712 6713 4893
f 6713 1693 6716
f 6716 1692 6708
f 6708 1030 6713
f 6713 6716 6708
f 6721 1695 6722
f 6722 1204 5235
f 5235 1203 6721
f 6721 6722 5235
f 6722 1695 6725
f 6725 1694 6717
f 6717 1204 6722
f 6722 6725 6717
f 6727 1254 6732
f 6732 1697 6736
f 6736 1696 6727
f 6727 6732 6736
f 6732 1254 5343
f 5343 1253 6731
f 6731 1697 6732
f 6732 5343 6731
f 6708 1692 6709
f 6709 1281 5411
f 5411 1030 6708
f 6708 6709 5411
f 6709 1692 6750
f 6750 1700 6747
f 6747 1281 6709
f 6709 6750 6747
f 6755 1297 5453
f 5453 1269 6754
f 6754 1701 6755
f 6755 5453 6754
f 5453 1297 5454
f 5454 1296 5448
f 5448 1269 5453
f 5453 5454 5448
f 6717 1694 6719
f 6719 1347 5570
f 5570 1204 6717
f 6717 6719 5570
f 6719 1694 6772
f 6772 1704 6770
f 6770 1347 6719
f 6719 6772 6770
f 6770 1704 6767
f 6767 1029 5569
f 5569 1347 6770
f 6770 6767 5569
f 6767 1704 6771
f 6771 1693 6712
f 6712 1029 6767
f 6767 6771 6712
f 6880 1542 6192
f 6192 1281 6878
f 6878 1732 6880
f 6880 6192 6878
f 6192 1542 6191
f 6191 1280 5412
f 5412 1281 6192
f 6192 6191 5412
f 5925 1461 5926
f 5926 1273 5385
f 5385 1067 5925
f 5925 5926 5385
f 5926 1461 6745
f 6745 1699 6743
f 6743 1273 5926
f 5926 6745 6743
f 6766 1702 6757
f 6757 1161 6763
f 6763 1703 6766
f 6766 6757 6763
f 6757 1702 6762
f 6762 1316 5502
f 5502 1161 6757
f 6757 6762 5502
f 6887 1733 6886
f 6886 1309 6180
f 6180 1539 6887
f 6887 6886 6180
f 6886 1733 6885
f 6885 1306 5489
f 5489 1309 6886
f 6886 6885 5489
f 5117 1140 6888
f 6888 1734 6889
f 6889 1141 5117
f 5117 6888 6889
f 6888 1140 6893
f 6893 1735 6897
f 6897 1734 6888
f 6888 6893 6897
f 6314 1579 6898
f 6898 1736 6899
f 6899 1580 6314
f 6314 6898 6899
f 6898 1579 6907
f 6907 1737 6909
f 6909 1736 6898
f 6898 6907 6909
f 6309 1324 6906
f 6906 1737 6907
f 6907 1579 6309
f 6309 6906 6907
f 6906 1324 6912
f 6912 1738 6915
f 6915 1737 6906
f 6906 6912 6915
f 6916 1739 6917
f 6917 1588 6338
f 6338 1323 6916
f 6916 6917 6338
f 6917 1739 6918
f 6918 1589 6341
f 6341 1588 6917
f 6917 6918 6341
f 6928 1741 6937
f 6937 1743 6936
f 6936 1740 6928
f 6928 6937 6936
f 6937 1741 6932
f 6932 1742 6938
f 6938 1743 6937
f 6937 6932 6938
f 6416 1616 6413
f 6413 1596 6415
f 6415 1617 6416
f 6416 6413 6415
f 6413 1616 6414
f 6414 1597 6359
f 6359 1596 6413
f 6413 6414 6359
f 6524 1648 6523
f 6523 1597 6414
f 6414 1616 6524
f 6524 6523 6414
f 6523 1648 6526
f 6526 1641 6495
f 6495 1597 6523
f 6523 6526 6495
f 6521 1475 6493
f 6493 1641 6526
f 6526 1648 6521
f 6521 6493 6526
f 6493 1475 5967
f 5967 1477 6494
f 6494 1641 6493
f 6493 5967 6494
f 5963 1474 5966
f 5966 1477 5967
f 5967 1475 5963
f 5963 5966 5967
f 5966 1474 5968
f 5968 1478 5969
f 5969 1477 5966
f 5966 5968 5969
f 6939 1744 6940
f 6940 1478 5968
f 5968 1474 6939
f 6939 6940 5968
f 6940 1744 6941
f 6941 1503 6042
f 6042 1478 6940
f 6940 6941 6042
f 6947 1746 6946
f 6946 1675 6943
f 6943 1745 6947
f 6947 6946 6943
f 6946 1746 6945
f 6945 1516 6634
f 6634 1675 6946
f 6946 6945 6634
f 6951 1747 6949
f 6949 1516 6945
f 6945 1746 6951
f 6951 6949 6945
f 6949 1747 6948
f 6948 1515 6092
f 6092 1516 6949
f 6949 6948 6092
f 6948 1747 6950
f 6950 1669 6604
f 6604 1515 6948
f 6948 6950 6604
f 6950 1747 6954
f 6954 1748 6953
f 6953 1669 6950
f 6950 6954 6953
f 6955 1338 6952
f 6952 1748 6957
f 6957 1749 6955
f 6955 6952 6957
f 6952 1338 6601
f 6601 1669 6953
f 6953 1748 6952
f 6952 6601 6953
f 6958 1750 6959
f 6959 1465 5938
f 5938 1339 6958
f 6958 6959 5938
f 6959 1750 6960
f 6960 1667 6594
f 6594 1465 6959
f 6959 6960 6594
f 6592 1466 6595
f 6595 1667 6596
f 6596 1666 6592
f 6592 6595 6596
f 6595 1466 5940
f 5940 1465 6594
f 6594 1667 6595
f 6595 5940 6594
f 6966 1751 6963
f 6963 1466 6592
f 6592 1666 6966
f 6966 6963 6592
f 6963 1751 6962
f 6962 1127 5939
f 5939 1466 6963
f 6963 6962 5939
f 6972 1752 6967
f 6967 1127 6962
f 6962 1751 6972
f 6972 6967 6962
f 6967 1752 6968
f 6968 1128 5096
f 5096 1127 6967
f 6967 6968 5096
f 6971 1646 6513
f 6513 1128 6968
f 6968 1752 6971
f 6971 6513 6968
f 6513 1646 6516
f 6516 1634 6464
f 6464 1128 6513
f 6513 6516 6464
f 6517 1645 6511
f 6511 1634 6516
f 6516 1646 6517
f 6517 6511 6516
f 6511 1645 6510
f 6510 1164 6465
f 6465 1634 6511
f 6511 6510 6465
f 6977 1753 6974
f 6974 1164 6510
f 6510 1645 6977
f 6977 6974 6510
f 6974 1753 6975
f 6975 1165 5158
f 5158 1164 6974
f 6974 6975 5158
f 6981 1754 6978
f 6978 1165 6975
f 6975 1753 6981
f 6981 6978 6975
f 6978 1754 6979
f 6979 1166 5160
f 5160 1165 6978
f 6978 6979 5160
f 6989 1756 6986
f 6986 1173 6982
f 6982 1755 6989
f 6989 6986 6982
f 6986 1756 6985
f 6985 1170 5179
f 5179 1173 6986
f 6986 6985 5179
f 6991 1757 6990
f 6990 1131 5104
f 5104 1134 6991
f 6991 6990 5104
f 6990 1757 6992
f 6992 1255 5344
f 5344 1131 6990
f 6990 6992 5344
f 5346 1254 5341
f 5341 1131 5344
f 5344 1255 5346
f 5346 5341 5344
f 5341 1254 5342
f 5342 1203 5232
f 5232 1131 5341
f 5341 5342 5232
f 6727 1696 6726
f 6726 1203 5342
f 5342 1254 6727
f 6727 6726 5342
f 6726 1696 6730
f 6730 1695 6721
f 6721 1203 6726
f 6726 6730 6721
f 6728 1498 6723
f 6723 1695 6730
f 6730 1696 6728
f 6728 6723 6730
f 6723 1498 6647
f 6647 1678 6724
f 6724 1695 6723
f 6723 6647 6724
f 6030 1497 6646
f 6646 1678 6647
f 6647 1498 6030
f 6030 6646 6647
f 6646 1497 6644
f 6644 1677 6648
f 6648 1678 6646
f 6646 6644 6648
f 6688 1688 6689
f 6689 1677 6644
f 6644 1497 6688
f 6688 6689 6644
f 6689 1688 6687
f 6687 1285 6641
f 6641 1677 6689
f 6689 6687 6641
f 6683 1251 5336
f 5336 1208 6682
f 6682 1687 6683
f 6683 5336 6682
f 5336 1251 5335
f 5335 1205 5242
f 5242 1208 5336
f 5336 5335 5242
f 5337 1248 5329
f 5329 1205 5335
f 5335 1251 5337
f 5337 5329 5335
f 5329 1248 5330
f 5330 1210 5247
f 5247 1205 5329
f 5329 5330 5247
f 6997 1759 7003
f 7003 1761 7002
f 7002 1758 6997
f 6997 7003 7002
f 7003 1759 7000
f 7000 1760 7004
f 7004 1761 7003
f 7003 7000 7004
f 7005 1762 7006
f 7006 1550 6225
f 6225 1549 7005
f 7005 7006 6225
f 7006 1762 7010
f 7010 1763 7009
f 7009 1550 7006
f 7006 7010 7009
f 7011 1764 7012
f 7012 1227 5286
f 5286 1226 7011
f 7011 7012 5286
f 7012 1764 7019
f 7019 1765 7015
f 7015 1227 7012
f 7012 7019 7015
f 7020 1766 7021
f 7021 1233 5301
f 5301 1232 7020
f 7020 7021 5301
f 7021 1766 7027
f 7027 1767 7024
f 7024 1233 7021
f 7021 7027 7024
f 7028 1234 7016
f 7016 1765 7032
f 7032 1768 7028
f 7028 7016 7032
f 7016 1234 5303
f 5303 1227 7015
f 7015 1765 7016
f 7016 5303 7015
f 7033 1769 7034
f 7034 1237 5308
f 5308 1236 7033
f 7033 7034 5308
f 7034 1769 7037
f 7037 1770 7035
f 7035 1237 7034
f 7034 7037 7035
f 7038 1771 7039
f 7039 1241 5316
f 5316 1240 7038
f 7038 7039 5316
f 7039 1771 7043
f 7043 1772 7042
f 7042 1241 7039
f 7039 7043 7042
f 6999 1760 6998
f 6998 1232 5332
f 5332 1249 6999
f 6999 6998 5332
f 6998 1760 7022
f 7022 1766 7020
f 7020 1232 6998
f 6998 7022 7020
f 7028 1768 7029
f 7029 1279 5407
f 5407 1234 7028
f 7028 7029 5407
f 7029 1768 7047
f 7047 1773 7044
f 7044 1279 7029
f 7029 7047 7044
f 7049 1774 7048
f 7048 1240 5462
f 5462 1299 7049
f 7049 7048 5462
f 7048 1774 7051
f 7051 1771 7038
f 7038 1240 7048
f 7048 7051 7038
f 7024 1767 7023
f 7023 1226 5300
f 5300 1233 7024
f 7024 7023 5300
f 7023 1767 7026
f 7026 1764 7011
f 7011 1226 7023
f 7023 7026 7011
f 7052 1775 7053
f 7053 1482 5986
f 5986 1481 7052
f 7052 7053 5986
f 7053 1775 7058
f 7058 1776 7056
f 7056 1482 7053
f 7053 7058 7056
f 7066 1778 7063
f 7063 1250 7059
f 7059 1777 7066
f 7066 7063 7059
f 7063 1778 7071
f 7071 1779 7069
f 7069 1250 7063
f 7063 7071 7069
f 6944 1745 6942
f 6942 1503 6941
f 6941 1744 6944
f 6944 6942 6941
f 6942 1745 6943
f 6943 1675 6632
f 6632 1503 6942
f 6942 6943 6632
f 6955 1749 6956
f 6956 1339 5550
f 5550 1338 6955
f 6955 6956 5550
f 6956 1749 6961
f 6961 1750 6958
f 6958 1339 6956
f 6956 6961 6958
f 7072 1158 7074
f 7074 1781 7076
f 7076 1780 7072
f 7072 7074 7076
f 7074 1158 5500
f 5500 1315 7075
f 7075 1781 7074
f 7074 5500 7075
f 7075 1315 7077
f 7077 1782 7079
f 7079 1781 7075
f 7075 7077 7079
f 7077 1315 6367
f 6367 1600 7078
f 7078 1782 7077
f 7077 6367 7078
f 7087 1785 7086
f 7086 1783 7083
f 7083 1784 7087
f 7087 7086 7083
f 7086 1785 7089
f 7089 1786 7088
f 7088 1783 7086
f 7086 7089 7088
f 7096 1789 7095
f 7095 1787 7092
f 7092 1788 7096
f 7096 7095 7092
f 7095 1789 7098
f 7098 1790 7097
f 7097 1787 7095
f 7095 7098 7097
f 7099 1606 7102
f 7102 1792 7105
f 7105 1791 7099
f 7099 7102 7105
f 7102 1606 6386
f 6386 1607 7103
f 7103 1792 7102
f 7102 6386 7103
f 6431 1625 7104
f 7104 1792 7103
f 7103 1607 6431
f 6431 7104 7103
f 7104 1625 7106
f 7106 1793 7107
f 7107 1792 7104
f 7104 7106 7107
f 7108 1794 7109
f 7109 1625 6433
f 6433 1624 7108
f 7108 7109 6433
f 7109 1794 7110
f 7110 1793 7106
f 7106 1625 7109
f 7109 7110 7106
f 7112 1795 7113
f 7113 1654 6544
f 6544 1623 7112
f 7112 7113 6544
f 7113 1795 7114
f 7114 1655 6547
f 6547 1654 7113
f 7113 7114 6547
f 6428 1622 7111
f 7111 1795 7112
f 7112 1623 6428
f 6428 7111 7112
f 7111 1622 7115
f 7115 1796 7117
f 7117 1795 7111
f 7111 7115 7117
f 6348 1117 7118
f 7118 1797 7119
f 7119 1592 6348
f 6348 7118 7119
f 7118 1117 7123
f 7123 1798 7125
f 7125 1797 7118
f 7118 7123 7125
f 5112 1136 7126
f 7126 1799 7127
f 7127 1137 5112
f 5112 7126 7127
f 7126 1136 7130
f 7130 1800 7131
f 7131 1799 7126
f 7126 7130 7131
f 7134 1801 7135
f 7135 1718 6817
f 6817 1543 7134
f 7134 7135 6817
f 7135 1801 7136
f 7136 1719 6822
f 6822 1718 7135
f 7135 7136 6822
f 7139 1802 7140
f 7140 1543 6197
f 6197 1453 7139
f 7139 7140 6197
f 7140 1802 7141
f 7141 1801 7134
f 7134 1543 7140
f 7140 7141 7134
f 7144 1803 7145
f 7145 1453 5897
f 5897 1148 7144
f 7144 7145 5897
f 7145 1803 7146
f 7146 1802 7139
f 7139 1453 7145
f 7145 7146 7139
f 7148 1804 7149
f 7149 1148 5130
f 5130 1147 7148
f 7148 7149 5130
f 7149 1804 7151
f 7151 1803 7144
f 7144 1148 7149
f 7149 7151 7144
f 7153 1805 7152
f 7152 1147 5162
f 5162 1168 7153
f 7153 7152 5162
f 7152 1805 7156
f 7156 1804 7148
f 7148 1147 7152
f 7152 7156 7148
f 7157 1806 7158
f 7158 1168 5164
f 5164 1167 7157
f 7157 7158 5164
f 7158 1806 7161
f 7161 1805 7153
f 7153 1168 7158
f 7158 7161 7153
f 7157 1167 7165
f 7165 1808 7168
f 7168 1806 7157
f 7157 7165 7168
f 7165 1167 7163
f 7163 1807 7169
f 7169 1808 7165
f 7165 7163 7169
f 7169 1807 7175
f 7175 1810 7176
f 7176 1808 7169
f 7169 7175 7176
f 7175 1807 7173
f 7173 1809 7177
f 7177 1810 7175
f 7175 7173 7177
f 7180 1605 7186
f 7186 1812 7188
f 7188 1811 7180
f 7180 7186 7188
f 7186 1605 6381
f 6381 1604 7185
f 7185 1812 7186
f 7186 6381 7185
f 7185 1604 7189
f 7189 1813 7193
f 7193 1812 7185
f 7185 7189 7193
f 7189 1604 7091
f 7091 1788 7192
f 7192 1813 7189
f 7189 7091 7192
f 7125 1798 7124
f 7124 1787 7120
f 7120 1797 7125
f 7125 7124 7120
f 7124 1798 7197
f 7197 1814 7195
f 7195 1787 7124
f 7124 7197 7195
f 7207 1816 7206
f 7206 1786 7201
f 7201 1815 7207
f 7207 7206 7201
f 7206 1816 7205
f 7205 1783 7088
f 7088 1786 7206
f 7206 7205 7088
f 7208 1144 7215
f 7215 1818 7217
f 7217 1817 7208
f 7208 7215 7217
f 7215 1144 5124
f 5124 1143 7214
f 7214 1818 7215
f 7215 5124 7214
f 6903 1735 6894
f 6894 1580 6899
f 6899 1736 6903
f 6903 6894 6899
f 6894 1735 6893
f 6893 1140 6312
f 6312 1580 6894
f 6894 6893 6312
f 6903 1736 6902
f 6902 1730 6895
f 6895 1735 6903
f 6903 6902 6895
f 6902 1736 6900
f 6900 1728 6872
f 6872 1730 6902
f 6902 6900 6872
f 6328 1582 6333
f 6333 1586 6334
f 6334 1584 6328
f 6328 6333 6334
f 6333 1582 6321
f 6321 1156 6332
f 6332 1586 6333
f 6333 6321 6332
f 6186 1540 6185
f 6185 1293 5910
f 5910 1457 6186
f 6186 6185 5910
f 6185 1540 6184
f 6184 1290 5442
f 5442 1293 6185
f 6185 6184 5442
f 4932 1055 5909
f 5909 1457 5908
f 5908 1052 4932
f 4932 5909 5908
f 5909 1055 6182
f 6182 1540 6186
f 6186 1457 5909
f 5909 6182 6186
f 4934 1056 4935
f 4935 1052 4925
f 4925 1051 4934
f 4934 4935 4925
f 4935 1056 4936
f 4936 1055 4932
f 4932 1052 4935
f 4935 4936 4932
f 5576 1348 5572
f 5572 1051 5126
f 5126 1146 5576
f 5576 5572 5126
f 5572 1348 5573
f 5573 1056 4934
f 4934 1051 5572
f 5572 5573 4934
f 5171 1133 5128
f 5128 1146 5174
f 5174 1171 5171
f 5171 5128 5174
f 5128 1133 5575
f 5575 1348 5576
f 5576 1146 5128
f 5128 5575 5576
f 5170 1134 5172
f 5172 1171 5175
f 5175 1170 5170
f 5170 5172 5175
f 5172 1134 5105
f 5105 1133 5171
f 5171 1171 5172
f 5172 5105 5171
f 6985 1756 6984
f 6984 1134 5170
f 5170 1170 6985
f 6985 6984 5170
f 6984 1756 6995
f 6995 1757 6991
f 6991 1134 6984
f 6984 6995 6991
f 6987 1471 6994
f 6994 1757 6995
f 6995 1756 6987
f 6987 6994 6995
f 6994 1471 5956
f 5956 1333 6993
f 6993 1757 6994
f 6994 5956 6993
f 6370 1601 6369
f 6369 1332 5953
f 5953 1470 6370
f 6370 6369 5953
f 6369 1601 6371
f 6371 1600 6368
f 6368 1332 6369
f 6369 6371 6368
f 7081 1784 7080
f 7080 1600 6371
f 6371 1601 7081
f 7081 7080 6371
f 7080 1784 7082
f 7082 1782 7078
f 7078 1600 7080
f 7080 7082 7078
f 7220 1819 7219
f 7219 1783 7205
f 7205 1816 7220
f 7220 7219 7205
f 7219 1819 7226
f 7226 1820 7224
f 7224 1783 7219
f 7219 7226 7224
f 7216 1258 7210
f 7210 1817 7217
f 7217 1818 7216
f 7216 7210 7217
f 7210 1258 5353
f 5353 1257 7209
f 7209 1817 7210
f 7210 5353 7209
f 6316 1581 6317
f 6317 1140 5115
f 5115 1139 6316
f 6316 6317 5115
f 6317 1581 6320
f 6320 1580 6312
f 6312 1140 6317
f 6317 6320 6312
f 5474 1304 5475
f 5475 1258 5352
f 5352 1142 5474
f 5474 5475 5352
f 5475 1304 5473
f 5473 1138 5351
f 5351 1258 5475
f 5475 5473 5351
f 6890 1306 5481
f 5481 1141 6889
f 6889 1734 6890
f 6890 5481 6889
f 5481 1306 6885
f 6885 1733 6882
f 6882 1141 5481
f 5481 6885 6882
f 6873 1307 6891
f 6891 1734 6892
f 6892 1731 6873
f 6873 6891 6892
f 6891 1307 5482
f 5482 1306 6890
f 6890 1734 6891
f 6891 5482 6890
f 5670 1374 6331
f 6331 1585 6329
f 6329 1155 5670
f 5670 6331 6329
f 6331 1374 6860
f 6860 1727 6861
f 6861 1585 6331
f 6331 6860 6861
f 5673 1375 5674
f 5674 1155 5140
f 5140 1154 5673
f 5673 5674 5140
f 5674 1375 5677
f 5677 1374 5670
f 5670 1155 5674
f 5674 5677 5670
f 6325 1582 7231
f 7231 1821 7232
f 7232 1583 6325
f 6325 7231 7232
f 7231 1582 6322
f 6322 1575 7230
f 7230 1821 7231
f 7231 6322 7230
f 6324 1583 7239
f 7239 1822 7234
f 7234 1157 6324
f 6324 7239 7234
f 7239 1583 7232
f 7232 1821 7240
f 7240 1822 7239
f 7239 7232 7240
f 5673 1154 7233
f 7233 1822 7238
f 7238 1375 5673
f 5673 7233 7238
f 7233 1154 5143
f 5143 1157 7234
f 7234 1822 7233
f 7233 5143 7234
f 7250 1825 7249
f 7249 1823 7245
f 7245 1824 7250
f 7250 7249 7245
f 7249 1825 7254
f 7254 1826 7253
f 7253 1823 7249
f 7249 7254 7253
f 7255 1827 7256
f 7256 1749 6957
f 6957 1748 7255
f 7255 7256 6957
f 7256 1827 7257
f 7257 1826 7251
f 7251 1749 7256
f 7256 7257 7251
f 7261 1829 7267
f 7267 1830 7266
f 7266 1828 7261
f 7261 7267 7266
f 7267 1829 7260
f 7260 1827 7265
f 7265 1830 7267
f 7267 7260 7265
f 7273 1828 7270
f 7270 1831 7274
f 7274 1832 7273
f 7273 7270 7274
f 7270 1828 7266
f 7266 1830 7271
f 7271 1831 7270
f 7270 7266 7271
f 6947 1745 7268
f 7268 1831 7269
f 7269 1746 6947
f 6947 7268 7269
f 7268 1745 7276
f 7276 1833 7277
f 7277 1831 7268
f 7268 7276 7277
f 7286 1835 7287
f 7287 1834 7282
f 7282 1833 7286
f 7286 7287 7282
f 7287 1835 7291
f 7291 1836 7290
f 7290 1834 7287
f 7287 7291 7290
f 7283 1835 7284
f 7284 1474 5961
f 5961 1473 7283
f 7283 7284 5961
f 7284 1835 7285
f 7285 1744 6939
f 6939 1474 7284
f 7284 7285 6939
f 7248 1825 7246
f 7246 1667 6960
f 6960 1750 7248
f 7248 7246 6960
f 7246 1825 7247
f 7247 1668 6600
f 6600 1667 7246
f 7246 7247 6600
f 6544 1654 6543
f 6543 1620 6426
f 6426 1623 6544
f 6544 6543 6426
f 6543 1654 7295
f 7295 1837 7293
f 7293 1620 6543
f 6543 7295 7293
f 7296 1838 7299
f 7299 1654 6542
f 6542 1408 7296
f 7296 7299 6542
f 7299 1838 7300
f 7300 1837 7295
f 7295 1654 7299
f 7299 7300 7295
f 7301 1839 7302
f 7302 1408 5774
f 5774 1407 7301
f 7301 7302 5774
f 7302 1839 7306
f 7306 1838 7296
f 7296 1408 7302
f 7302 7306 7296
f 7308 1840 7307
f 7307 1624 6557
f 6557 1658 7308
f 7308 7307 6557
f 7307 1840 7309
f 7309 1794 7108
f 7108 1624 7307
f 7307 7309 7108
f 7310 1841 7311
f 7311 1658 6555
f 6555 1185 7310
f 7310 7311 6555
f 7311 1841 7312
f 7312 1840 7308
f 7308 1658 7311
f 7311 7312 7308
f 7313 1842 7314
f 7314 1185 5199
f 5199 1184 7313
f 7313 7314 5199
f 7314 1842 7318
f 7318 1841 7310
f 7310 1185 7314
f 7314 7318 7310
f 7301 1407 7288
f 7288 1836 7305
f 7305 1839 7301
f 7301 7288 7305
f 7288 1407 7279
f 7279 1834 7290
f 7290 1836 7288
f 7288 7279 7290
f 7242 1824 7243
f 7243 1184 5197
f 5197 1183 7242
f 7242 7243 5197
f 7243 1824 7245
f 7245 1823 7241
f 7241 1184 7243
f 7243 7245 7241
f 7323 1842 7316
f 7316 1828 7320
f 7320 1843 7323
f 7323 7316 7320
f 7316 1842 7317
f 7317 1829 7261
f 7261 1828 7316
f 7316 7317 7261
f 7273 1832 7321
f 7321 1843 7320
f 7320 1828 7273
f 7273 7321 7320
f 7321 1832 7272
f 7272 1410 7319
f 7319 1843 7321
f 7321 7272 7319
f 7324 1844 7325
f 7325 1410 5778
f 5778 1409 7324
f 7324 7325 5778
f 7325 1844 7328
f 7328 1843 7319
f 7319 1410 7325
f 7325 7328 7319
f 7330 1845 7329
f 7329 1409 6546
f 6546 1655 7330
f 7330 7329 6546
f 7329 1845 7333
f 7333 1844 7324
f 7324 1409 7329
f 7329 7333 7324
f 7334 1780 7337
f 7337 1847 7341
f 7341 1846 7334
f 7334 7337 7341
f 7337 1780 7076
f 7076 1781 7338
f 7338 1847 7337
f 7337 7076 7338
f 7338 1781 7222
f 7222 1820 7340
f 7340 1847 7338
f 7338 7222 7340
f 7222 1781 7079
f 7079 1782 7223
f 7223 1820 7222
f 7222 7079 7223
f 7085 1785 7084
f 7084 1601 6374
f 6374 1602 7085
f 7085 7084 6374
f 7084 1785 7087
f 7087 1784 7081
f 7081 1601 7084
f 7084 7087 7081
f 7100 1789 7094
f 7094 1606 7099
f 7099 1791 7100
f 7100 7094 7099
f 7094 1789 7093
f 7093 1603 6383
f 6383 1606 7094
f 7094 7093 6383
f 7105 1792 7344
f 7344 1848 7343
f 7343 1791 7105
f 7105 7344 7343
f 7344 1792 7345
f 7345 1849 7346
f 7346 1848 7344
f 7344 7345 7346
f 7345 1792 7347
f 7347 1850 7350
f 7350 1849 7345
f 7345 7347 7350
f 7347 1792 7107
f 7107 1793 7348
f 7348 1850 7347
f 7347 7107 7348
f 7353 1851 7352
f 7352 1793 7110
f 7110 1794 7353
f 7353 7352 7110
f 7352 1851 7357
f 7357 1850 7348
f 7348 1793 7352
f 7352 7357 7348
f 7354 1851 7351
f 7351 1655 7114
f 7114 1795 7354
f 7354 7351 7114
f 7351 1851 7356
f 7356 1845 7330
f 7330 1655 7351
f 7351 7356 7330
f 7117 1796 7355
f 7355 1851 7354
f 7354 1795 7117
f 7117 7355 7354
f 7355 1796 7349
f 7349 1850 7357
f 7357 1851 7355
f 7355 7349 7357
f 7360 1852 7362
f 7362 1850 7349
f 7349 1796 7360
f 7360 7362 7349
f 7362 1852 7361
f 7361 1849 7350
f 7350 1850 7362
f 7362 7361 7350
f 7367 1853 7366
f 7366 1849 7361
f 7361 1852 7367
f 7367 7366 7361
f 7366 1853 7365
f 7365 1848 7346
f 7346 1849 7366
f 7366 7365 7346
f 7373 1854 7372
f 7372 1848 7365
f 7365 1853 7373
f 7373 7372 7365
f 7372 1854 7370
f 7370 1790 7342
f 7342 1848 7372
f 7372 7370 7342
f 7377 1855 7378
f 7378 1820 7226
f 7226 1819 7377
f 7377 7378 7226
f 7378 1855 7379
f 7379 1847 7340
f 7340 1820 7378
f 7378 7379 7340
f 7376 1799 7339
f 7339 1847 7379
f 7379 1855 7376
f 7376 7339 7379
f 7339 1799 7335
f 7335 1846 7341
f 7341 1847 7339
f 7339 7335 7341
f 7131 1800 7336
f 7336 1846 7335
f 7335 1799 7131
f 7131 7336 7335
f 7336 1800 7383
f 7383 1856 7384
f 7384 1846 7336
f 7336 7383 7384
f 7190 1813 7191
f 7191 1786 7089
f 7089 1785 7190
f 7190 7191 7089
f 7191 1813 7198
f 7198 1814 7194
f 7194 1786 7191
f 7191 7198 7194
f 7082 1784 7225
f 7225 1820 7223
f 7223 1782 7082
f 7082 7225 7223
f 7225 1784 7083
f 7083 1783 7224
f 7224 1820 7225
f 7225 7083 7224
f 7332 1845 7331
f 7331 1794 7309
f 7309 1840 7332
f 7332 7331 7309
f 7331 1845 7356
f 7356 1851 7353
f 7353 1794 7331
f 7331 7356 7353
f 7327 1844 7326
f 7326 1840 7312
f 7312 1841 7327
f 7327 7326 7312
f 7326 1844 7333
f 7333 1845 7332
f 7332 1840 7326
f 7326 7333 7332
f 7323 1843 7322
f 7322 1841 7318
f 7318 1842 7323
f 7323 7322 7318
f 7322 1843 7328
f 7328 1844 7327
f 7327 1841 7322
f 7322 7328 7327
f 7281 1834 7280
f 7280 1410 7272
f 7272 1832 7281
f 7281 7280 7272
f 7280 1834 7279
f 7279 1407 5777
f 5777 1410 7280
f 7280 7279 5777
f 7317 1842 7315
f 7315 1823 7258
f 7258 1829 7317
f 7317 7315 7258
f 7315 1842 7313
f 7313 1184 7241
f 7241 1823 7315
f 7315 7313 7241
f 7386 1610 6584
f 6584 1664 7389
f 7389 1857 7386
f 7386 6584 7389
f 6584 1610 6398
f 6398 1609 6583
f 6583 1664 6584
f 6584 6398 6583
f 7390 1044 7385
f 7385 1857 7394
f 7394 1858 7390
f 7390 7385 7394
f 7385 1044 6396
f 6396 1610 7386
f 7386 1857 7385
f 7385 6396 7386
f 7395 1045 7391
f 7391 1858 7399
f 7399 1859 7395
f 7395 7391 7399
f 7391 1045 4913
f 4913 1044 7390
f 7390 1858 7391
f 7391 4913 7390
f 7400 1595 7396
f 7396 1859 7405
f 7405 1860 7400
f 7400 7396 7405
f 7396 1595 6356
f 6356 1045 7395
f 7395 1859 7396
f 7396 6356 7395
f 6929 1596 7401
f 7401 1860 7404
f 7404 1742 6929
f 6929 7401 7404
f 7401 1596 6357
f 6357 1595 7400
f 7400 1860 7401
f 7401 6357 7400
f 6929 1742 6930
f 6930 1617 6415
f 6415 1596 6929
f 6929 6930 6415
f 6930 1742 6932
f 6932 1741 6925
f 6925 1617 6930
f 6930 6932 6925
f 6532 1618 6926
f 6926 1741 6927
f 6927 1651 6532
f 6532 6926 6927
f 6926 1618 6418
f 6418 1617 6925
f 6925 1741 6926
f 6926 6418 6925
f 6551 1622 6531
f 6531 1650 6552
f 6552 1657 6551
f 6551 6531 6552
f 6531 1622 6425
f 6425 1621 6530
f 6530 1650 6531
f 6531 6425 6530
f 7387 1857 7388
f 7388 1662 6574
f 6574 1638 7387
f 7387 7388 6574
f 7388 1857 7389
f 7389 1664 6585
f 6585 1662 7388
f 7388 7389 6585
f 7392 1858 7393
f 7393 1638 6484
f 6484 1628 7392
f 7392 7393 6484
f 7393 1858 7394
f 7394 1857 7387
f 7387 1638 7393
f 7393 7394 7387
f 7397 1859 7398
f 7398 1628 6439
f 6439 1627 7397
f 7397 7398 6439
f 7398 1859 7399
f 7399 1858 7392
f 7392 1628 7398
f 7398 7399 7392
f 7403 1860 7402
f 7402 1627 6519
f 6519 1647 7403
f 7403 7402 6519
f 7402 1860 7405
f 7405 1859 7397
f 7397 1627 7402
f 7402 7405 7397
f 6938 1742 6931
f 6931 1647 6935
f 6935 1743 6938
f 6938 6931 6935
f 6931 1742 7404
f 7404 1860 7403
f 7403 1647 6931
f 6931 7404 7403
f 6915 1738 6910
f 6910 1190 6904
f 6904 1737 6915
f 6915 6910 6904
f 6910 1738 6914
f 6914 1615 6408
f 6408 1190 6910
f 6910 6914 6408
f 6866 1729 6867
f 6867 1577 6305
f 6305 1576 6866
f 6866 6867 6305
f 6867 1729 6865
f 6865 1192 6304
f 6304 1577 6867
f 6867 6865 6304
f 7230 1575 6297
f 6297 1152 7227
f 7227 1821 7230
f 7230 6297 7227
f 6297 1575 6298
f 6298 1153 5139
f 5139 1152 6297
f 6297 6298 5139
f 7228 1821 7229
f 7229 1213 5254
f 5254 1212 7228
f 7228 7229 5254
f 7229 1821 7227
f 7227 1152 5253
f 5253 1213 7229
f 7229 7227 5253
f 7228 1212 7235
f 7235 1822 7240
f 7240 1821 7228
f 7228 7235 7240
f 7235 1212 5260
f 5260 1219 7237
f 7237 1822 7235
f 7235 5260 7237
f 5261 1218 7236
f 7236 1822 7237
f 7237 1219 5261
f 5261 7236 7237
f 7236 1218 5675
f 5675 1375 7238
f 7238 1822 7236
f 7236 5675 7238
f 5666 1372 5665
f 5665 1218 5493
f 5493 1310 5666
f 5666 5665 5493
f 5665 1372 5676
f 5676 1375 5675
f 5675 1218 5665
f 5665 5676 5675
f 5492 885 5664
f 5664 1372 5666
f 5666 1310 5492
f 5492 5664 5666
f 5664 885 4437
f 4437 385 5663
f 5663 1372 5664
f 5664 4437 5663
f 7360 1796 7116
f 7116 1657 7359
f 7359 1852 7360
f 7360 7116 7359
f 7116 1796 7115
f 7115 1622 6551
f 6551 1657 7116
f 7116 7115 6551
f 7367 1852 7358
f 7358 1656 7364
f 7364 1853 7367
f 7367 7358 7364
f 7358 1852 7359
f 7359 1657 6554
f 6554 1656 7358
f 7358 7359 6554
f 7371 1854 7368
f 7368 1592 7119
f 7119 1797 7371
f 7371 7368 7119
f 7368 1854 7369
f 7369 1593 6352
f 6352 1592 7368
f 7368 7369 6352
f 5123 1144 7200
f 7200 1815 7199
f 7199 1116 5123
f 5123 7200 7199
f 7200 1144 7204
f 7204 1816 7207
f 7207 1815 7200
f 7200 7204 7207
f 7220 1816 7211
f 7211 1817 7221
f 7221 1819 7220
f 7220 7211 7221
f 7211 1816 7204
f 7204 1144 7208
f 7208 1817 7211
f 7211 7204 7208
f 7377 1819 7218
f 7218 1257 7375
f 7375 1855 7377
f 7377 7218 7375
f 7218 1819 7221
f 7221 1817 7209
f 7209 1257 7218
f 7218 7221 7209
f 7376 1855 7374
f 7374 1137 7127
f 7127 1799 7376
f 7376 7374 7127
f 7374 1855 7375
f 7375 1257 5349
f 5349 1137 7374
f 7374 7375 5349
f 5151 1159 5145
f 5145 886 5148
f 5148 1160 5151
f 5151 5145 5148
f 5145 1159 5146
f 5146 887 4441
f 4441 886 5145
f 5145 5146 4441
f 5188 1177 5186
f 5186 888 5181
f 5181 1174 5188
f 5188 5186 5181
f 5186 1177 5187
f 5187 889 4445
f 4445 888 5186
f 5186 5187 4445
f 7415 1862 7413
f 7413 1328 7408
f 7408 1861 7415
f 7415 7413 7408
f 7413 1862 7420
f 7420 1863 7416
f 7416 1328 7413
f 7413 7420 7416
f 7414 1763 7419
f 7419 1863 7420
f 7420 1862 7414
f 7414 7419 7420
f 7419 1763 7010
f 7010 1762 7418
f 7418 1863 7419
f 7419 7010 7418
f 7009 1763 7007
f 7007 893 6224
f 6224 1550 7009
f 7009 7007 6224
f 7007 1763 7008
f 7008 894 4462
f 4462 893 7007
f 7007 7008 4462
f 6700 1690 6701
f 6701 1175 5183
f 5183 1174 6700
f 6700 6701 5183
f 6701 1690 6702
f 6702 1679 6649
f 6649 1175 6701
f 6701 6702 6649
f 7410 1691 6703
f 6703 895 7406
f 7406 1861 7410
f 7410 6703 7406
f 6703 1691 6704
f 6704 896 4467
f 4467 895 6703
f 6703 6704 4467
f 7425 1177 6765
f 6765 1703 7426
f 7426 1864 7425
f 7425 6765 7426
f 6765 1177 5189
f 5189 1176 6764
f 6764 1703 6765
f 6765 5189 6764
f 7423 1864 7424
f 7424 1161 5153
f 5153 1160 7423
f 7423 7424 5153
f 7424 1864 7426
f 7426 1703 6763
f 6763 1161 7424
f 7424 7426 6763
f 7429 1159 7073
f 7073 1780 7430
f 7430 1865 7429
f 7429 7073 7430
f 7073 1159 5147
f 5147 1158 7072
f 7072 1780 7073
f 7073 5147 7072
f 7432 1865 7431
f 7431 1846 7384
f 7384 1856 7432
f 7432 7431 7384
f 7431 1865 7430
f 7430 1780 7334
f 7334 1846 7431
f 7431 7430 7334
f 7128 900 7381
f 7381 1856 7383
f 7383 1800 7128
f 7128 7381 7383
f 7381 900 4481
f 4481 899 7380
f 7380 1856 7381
f 7381 4481 7380
f 5108 901 7129
f 7129 1800 7130
f 7130 1136 5108
f 5108 7129 7130
f 7129 901 4484
f 4484 900 7128
f 7128 1800 7129
f 7129 4484 7128
f 7440 1868 7439
f 7439 1866 7435
f 7435 1867 7440
f 7440 7439 7435
f 7439 1868 7443
f 7443 1869 7442
f 7442 1866 7439
f 7439 7443 7442
f 7450 1872 7449
f 7449 1870 7446
f 7446 1871 7450
f 7450 7449 7446
f 7449 1872 7454
f 7454 1873 7453
f 7453 1870 7449
f 7449 7454 7453
f 7464 1875 7459
f 7459 1022 7456
f 7456 1874 7464
f 7464 7459 7456
f 7459 1875 7462
f 7462 1722 6835
f 6835 1022 7459
f 7459 7462 6835
f 7468 1876 7467
f 7467 1866 7444
f 7444 1871 7468
f 7468 7467 7444
f 7467 1876 7473
f 7473 1877 7471
f 7471 1866 7467
f 7467 7473 7471
f 5770 1406 7478
f 7478 1878 7476
f 7476 1282 5770
f 5770 7478 7476
f 7478 1406 7434
f 7434 1867 7479
f 7479 1878 7478
f 7478 7434 7479
f 7485 1874 7455
f 7455 1021 7481
f 7481 1879 7485
f 7485 7455 7481
f 7455 1874 7456
f 7456 1022 4883
f 4883 1021 7455
f 7455 7456 4883
f 7482 1879 7483
f 7483 1460 5921
f 5921 1456 7482
f 7482 7483 5921
f 7483 1879 7481
f 7481 1021 5920
f 5920 1460 7483
f 7483 7481 5920
f 7466 1876 7465
f 7465 1077 4992
f 4992 1080 7466
f 7466 7465 4992
f 7465 1876 7490
f 7490 1880 7486
f 7486 1077 7465
f 7465 7490 7486
f 7469 1007 7474
f 7474 1878 7480
f 7480 1877 7469
f 7469 7474 7480
f 7474 1007 4864
f 4864 1010 7475
f 7475 1878 7474
f 7474 4864 7475
f 5200 1181 6094
f 6094 1517 6095
f 6095 1187 5200
f 5200 6094 6095
f 6094 1181 5194
f 5194 1180 6093
f 6093 1517 6094
f 6094 5194 6093
f 5193 1181 6454
f 6454 1632 6453
f 6453 1178 5193
f 5193 6454 6453
f 6454 1181 6034
f 6034 1500 6455
f 6455 1632 6454
f 6454 6034 6455
f 5200 1187 6036
f 6036 1500 6034
f 6034 1181 5200
f 5200 6036 6034
f 6036 1187 5201
f 5201 1186 6035
f 6035 1500 6036
f 6036 5201 6035
f 7499 1882 7498
f 7498 1462 7495
f 7495 1881 7499
f 7499 7498 7495
f 7498 1882 7497
f 7497 1376 5930
f 5930 1462 7498
f 7498 7497 5930
f 7504 1883 7502
f 7502 1334 6846
f 6846 1724 7504
f 7504 7502 6846
f 7502 1883 7503
f 7503 1335 5543
f 5543 1334 7502
f 7502 7503 5543
f 7513 1885 7512
f 7512 1705 7507
f 7507 1884 7513
f 7513 7512 7507
f 7512 1885 7511
f 7511 1275 6773
f 6773 1705 7512
f 7512 7511 6773
f 7518 1671 6612
f 6612 1274 7516
f 7516 1886 7518
f 7518 6612 7516
f 6612 1671 6611
f 6611 1105 5391
f 5391 1274 6612
f 6612 6611 5391
f 7525 1881 7494
f 7494 1371 7523
f 7523 1887 7525
f 7525 7494 7523
f 7494 1881 7495
f 7495 1462 5929
f 5929 1371 7494
f 7494 7495 5929
f 6613 1671 6609
f 6609 924 6605
f 6605 1670 6613
f 6613 6609 6605
f 6609 1671 6610
f 6610 925 4569
f 4569 924 6609
f 6609 6610 4569
f 7530 1888 7528
f 7528 1335 7503
f 7503 1883 7530
f 7530 7528 7503
f 7528 1888 7529
f 7529 1708 6782
f 6782 1335 7528
f 7528 7529 6782
f 6847 1723 6839
f 6839 927 6843
f 6843 1724 6847
f 6847 6839 6843
f 6839 1723 6840
f 6840 928 4578
f 4578 927 6839
f 6839 6840 4578
f 6852 1670 6606
f 6606 929 6848
f 6848 1725 6852
f 6852 6606 6848
f 6606 1670 6605
f 6605 924 4581
f 4581 929 6606
f 6606 6605 4581
f 6842 1402 5757
f 5757 928 6840
f 6840 1723 6842
f 6842 5757 6840
f 5757 1402 5758
f 5758 930 4585
f 4585 928 5757
f 5757 5758 4585
f 7524 1887 7522
f 7522 1108 6851
f 6851 1725 7524
f 7524 7522 6851
f 7522 1887 7523
f 7523 1371 5660
f 5660 1108 7522
f 7522 7523 5660
f 5762 1298 5456
f 5456 930 5758
f 5758 1402 5762
f 5762 5456 5758
f 5456 1298 5455
f 5455 400 4583
f 4583 930 5456
f 5456 5455 4583
f 5977 1215 7532
f 7534 1890 7535
f 7535 1215 5255
f 5255 1214 7534
f 7534 7535 5255
f 7535 1890 7538
f 7538 1889 7532
f 7532 1215 7535
f 7535 7538 7532
f 7534 1214 6236
f 6236 1555 7537
f 7537 1890 7534
f 7534 6236 7537
f 6236 1214 5267
f 5267 1221 6237
f 6237 1555 6236
f 6236 5267 6237
f 6238 1554 7536
f 7536 1890 7537
f 7537 1555 6238
f 6238 7536 7537
f 7536 1554 7539
f 7539 1891 7541
f 7541 1890 7536
f 7536 7539 7541
f 7542 1889 7540
f 7540 1891 7543
f 7543 1892 7542
f 7542 7540 7543
f 7540 1889 7538
f 7538 1890 7541
f 7541 1891 7540
f 7540 7538 7541
f 7549 1894 7550
f 7550 1893 7545
f 7545 1553 7549
f 7549 7550 7545
f 7550 1894 7553
f 7553 1895 7552
f 7552 1893 7550
f 7550 7553 7552
f 7557 1759 6996
f 6996 1557 7555
f 7555 1896 7557
f 7557 6996 7555
f 6996 1759 7564
f 7564 1897 7562
f 7562 1557 6996
f 6996 7564 7562
f 7571 1900 7570
f 7570 1898 7569
f 7569 1899 7571
f 7571 7570 7569
f 7570 1900 7573
f 7573 1901 7572
f 7572 1898 7570
f 7570 7573 7572
f 7574 1902 7575
f 7575 1891 7539
f 7539 1554 7574
f 7574 7575 7539
f 7575 1902 7580
f 7580 1903 7577
f 7577 1891 7575
f 7575 7580 7577
f 7572 1901 7584
f 7584 1904 7583
f 7583 1898 7572
f 7572 7584 7583
f 7584 1901 7585
f 7585 1905 7588
f 7588 1904 7584
f 7584 7585 7588
f 7590 1906 7591
f 7591 1902 7576
f 7576 1897 7590
f 7590 7591 7576
f 7591 1906 7592
f 7592 1905 7586
f 7586 1902 7591
f 7591 7592 7586
f 7577 1903 7578
f 7578 1892 7543
f 7543 1891 7577
f 7577 7578 7543
f 7578 1903 7596
f 7596 1907 7593
f 7593 1892 7578
f 7578 7596 7593
f 7568 1327 7599
f 7600 1899 7568
f 7568 7599 7600
f 7599 1327 7598
f 5529 1326 7597
f 7598 1327 5529
f 5529 7597 7598
f 7597 1326 7603
f 5524 950 7602
f 7603 1326 5524
f 5524 7602 7603
f 7565 1229 7567
f 7567 1899 7569
f 7569 1898 7565
f 7565 7567 7569
f 7567 1229 5528
f 5528 1327 7568
f 7568 1899 7567
f 7567 5528 7568
f 7565 1898 7566
f 7566 1230 5290
f 5290 1229 7565
f 7565 7566 5290
f 7566 1898 7583
f 7583 1904 7581
f 7581 1230 7566
f 7566 7583 7581
f 7581 1904 7582
f 7582 1895 7551
f 7551 1230 7581
f 7581 7582 7551
f 7582 1904 7606
f 7606 1908 7605
f 7605 1895 7582
f 7582 7606 7605
f 7619 1910 7618
f 7618 1893 7611
f 7611 1909 7619
f 7619 7618 7611
f 7618 1910 7614
f 7614 1552 7544
f 7544 1893 7618
f 7618 7614 7544
f 7066 1777 7061
f 7061 1549 7064
f 7064 1778 7066
f 7066 7061 7064
f 7061 1777 7062
f 7062 1762 7005
f 7005 1549 7061
f 7061 7062 7005
f 7624 1911 7623
f 7623 1762 7062
f 7062 1777 7624
f 7624 7623 7062
f 7623 1911 7625
f 7625 1863 7418
f 7418 1762 7623
f 7623 7625 7418
f 7621 1911 7622
f 7622 1686 6681
f 6681 1329 7621
f 7621 7622 6681
f 7622 1911 7620
f 7620 1252 6680
f 6680 1686 7622
f 7622 7620 6680
f 7416 1863 7417
f 7417 1329 5530
f 5530 1328 7416
f 7416 7417 5530
f 7417 1863 7625
f 7625 1911 7621
f 7621 1329 7417
f 7417 7625 7621
f 5991 1276 5394
f 5394 1224 5990
f 5990 5991 5394
f 7626 1276 5991
f 7628 1510 7627
f 7627 1510 6065
f 6065 1276 7626
f 7627 6065 7626
f 7533 1889 7542
f 7630 1907 7631
f 7629 1892 7593
f 7593 1907 7630
f 7630 7629 7593
f 7601 1900 7571
f 7571 1899 7600
f 7600 7601 7571
f 7632 1900 7601
f 6234 1553 6235
f 6235 1552 6231
f 6231 1551 6234
f 6234 6235 6231
f 6235 1553 7545
f 7545 1893 7544
f 7544 1552 6235
f 6235 7545 7544
f 7070 1779 7617
f 7617 1910 7615
f 7615 1761 7070
f 7070 7617 7615
f 7617 1779 7071
f 7071 1778 7616
f 7616 1910 7617
f 7617 7071 7616
f 7013 1558 7017
f 7017 1765 7019
f 7019 1764 7013
f 7013 7017 7019
f 7017 1558 6253
f 6253 1562 7018
f 7018 1765 7017
f 7017 6253 7018
f 7559 1896 7560
f 7560 1767 7027
f 7027 1766 7559
f 7559 7560 7027
f 7560 1896 7556
f 7556 1559 7025
f 7025 1767 7560
f 7560 7556 7025
f 7031 1768 7030
f 7030 1562 6260
f 6260 1564 7031
f 7031 7030 6260
f 7030 1768 7032
f 7032 1765 7018
f 7018 1562 7030
f 7030 7032 7018
f 7636 1912 7637
f 7637 1770 7037
f 7037 1769 7636
f 7636 7637 7037
f 7637 1912 7642
f 7642 1913 7640
f 7640 1770 7637
f 7637 7642 7640
f 7645 1914 7646
f 7646 1772 7043
f 7043 1771 7645
f 7645 7646 7043
f 7646 1914 7652
f 7652 1915 7651
f 7651 1772 7646
f 7646 7652 7651
f 7022 1760 7558
f 7558 1896 7559
f 7559 1766 7022
f 7022 7558 7559
f 7558 1760 7000
f 7000 1759 7557
f 7557 1896 7558
f 7558 7000 7557
f 7031 1564 7046
f 7046 1773 7047
f 7047 1768 7031
f 7031 7046 7047
f 7046 1564 7654
f 7654 1916 7656
f 7656 1773 7046
f 7046 7654 7656
f 7661 1917 7660
f 7660 1771 7051
f 7051 1774 7661
f 7661 7660 7051
f 7660 1917 7663
f 7663 1914 7645
f 7645 1771 7660
f 7660 7663 7645
f 7025 1559 7014
f 7014 1764 7026
f 7026 1767 7025
f 7025 7014 7026
f 7014 1559 6246
f 6246 1558 7013
f 7013 1764 7014
f 7014 6246 7013
f 7666 1918 7667
f 7667 1776 7058
f 7058 1775 7666
f 7666 7667 7058
f 7667 1918 7674
f 7674 1919 7672
f 7672 1776 7667
f 7667 7674 7672
f 7616 1778 7065
f 7065 1552 7614
f 7614 1910 7616
f 7616 7065 7614
f 7065 1778 7064
f 7064 1549 6230
f 6230 1552 7065
f 7065 7064 6230
f 5557 1344 5558
f 5558 1285 5421
f 5421 1284 5557
f 5557 5558 5421
f 5558 1344 6643
f 6643 1677 6641
f 6641 1285 5558
f 5558 6643 6641
f 6653 1680 6654
f 6654 1331 5534
f 5534 1330 6653
f 6653 6654 5534
f 6654 1680 6657
f 6657 1679 6651
f 6651 1331 6654
f 6654 6657 6651
f 6658 1681 6659
f 6659 1385 5705
f 5705 1384 6658
f 6658 6659 5705
f 6659 1681 6662
f 6662 1493 6013
f 6013 1385 6659
f 6659 6662 6013
f 5723 1387 5727
f 5727 1391 5729
f 5729 1390 5723
f 5723 5727 5729
f 5727 1387 5713
f 5713 1268 5726
f 5726 1391 5727
f 5727 5713 5726
f 6667 1683 6668
f 6668 1485 5996
f 5996 1484 6667
f 6667 6668 5996
f 6668 1683 6669
f 6669 1489 6004
f 6004 1485 6668
f 6668 6669 6004
f 6019 1492 6025
f 6025 1495 6026
f 6026 1494 6019
f 6019 6025 6026
f 6025 1492 6010
f 6010 1345 6024
f 6024 1495 6025
f 6025 6010 6024
f 6639 1398 5746
f 5746 1391 6638
f 6638 1676 6639
f 6639 5746 6638
f 5746 1398 5745
f 5745 1388 5728
f 5728 1391 5746
f 5746 5745 5728
f 5418 1207 6022
f 6022 1495 6023
f 6023 1284 5418
f 5418 6022 6023
f 6022 1207 5239
f 5239 1130 6021
f 6021 1495 6022
f 6022 5239 6021
f 6674 1065 5994
f 5994 1485 6677
f 6677 1685 6674
f 6674 5994 6677
f 5994 1065 4975
f 4975 1074 5995
f 5995 1485 5994
f 5994 4975 5995
f 6016 1040 5704
f 5704 1385 6018
f 6018 1494 6016
f 6016 5704 6018
f 5704 1040 4907
f 4907 1039 5703
f 5703 1385 5704
f 5704 4907 5703
f 6694 1496 6027
f 6027 1330 6693
f 6693 1689 6694
f 6694 6027 6693
f 6027 1496 6655
f 6655 1680 6653
f 6653 1330 6027
f 6027 6655 6653
f 7410 1861 7409
f 7409 1331 6705
f 6705 1691 7410
f 7410 7409 6705
f 7409 1861 7408
f 7408 1328 5533
f 5533 1331 7409
f 7409 7408 5533
f 6691 1687 6685
f 6685 1285 6687
f 6687 1688 6691
f 6691 6685 6687
f 6685 1687 6682
f 6682 1208 5420
f 5420 1285 6685
f 6685 6682 5420
f 7546 964 5292
f 5292 1231 7548
f 7548 1894 7546
f 7546 5292 7548
f 5292 964 4731
f 4731 963 5291
f 5291 1231 5292
f 5292 4731 5291
f 6243 1556 7554
f 7554 1896 7555
f 7555 1557 6243
f 6243 7554 7555
f 7554 1556 6245
f 6245 1559 7556
f 7556 1896 7554
f 7554 6245 7556
f 6248 1556 6239
f 6239 1221 6247
f 6247 1560 6248
f 6248 6239 6247
f 6239 1556 6240
f 6240 1555 6237
f 6237 1221 6239
f 6239 6240 6237
f 6250 1561 6251
f 6251 1221 5268
f 5268 1220 6250
f 6250 6251 5268
f 6251 1561 6252
f 6252 1560 6247
f 6247 1221 6251
f 6251 6252 6247
f 6257 1563 6256
f 6256 1220 5398
f 5398 1277 6257
f 6257 6256 5398
f 6256 1563 6258
f 6258 1561 6250
f 6250 1220 6256
f 6256 6258 6250
f 7655 1916 7653
f 7653 1563 6264
f 6264 1565 7655
f 7655 7653 6264
f 7653 1916 7654
f 7654 1564 6261
f 6261 1563 7653
f 7653 7654 6261
f 7665 1918 7664
f 7664 1565 6267
f 6267 1566 7665
f 7665 7664 6267
f 7664 1918 7668
f 7668 1916 7655
f 7655 1565 7664
f 7664 7668 7655
f 7634 1912 7635
f 7635 1569 6277
f 6277 1568 7634
f 7634 7635 6277
f 7635 1912 7673
f 7673 1919 7670
f 7670 1569 7635
f 7635 7673 7670
f 7658 1917 7659
f 7659 1571 6283
f 6283 1570 7658
f 7658 7659 6283
f 7659 1917 7662
f 7662 1913 7639
f 7639 1571 7659
f 7659 7662 7639
f 7649 1915 7650
f 7650 1573 6291
f 6291 1572 7649
f 7649 7650 6291
f 7650 1915 7652
f 7652 1914 7644
f 7644 1573 7650
f 7650 7652 7644
f 4733 965 6285
f 6285 1572 6284
f 6284 594 4733
f 4733 6285 6284
f 6285 965 7647
f 7647 1915 7649
f 7649 1572 6285
f 6285 7647 7649
f 7553 1894 7547
f 7547 1230 7551
f 7551 1895 7553
f 7553 7547 7551
f 7547 1894 7548
f 7548 1231 5295
f 5295 1230 7547
f 7547 7548 5295
f 7562 1897 7561
f 7561 1554 6241
f 6241 1557 7562
f 7562 7561 6241
f 7561 1897 7576
f 7576 1902 7574
f 7574 1554 7561
f 7561 7576 7574
f 7608 1906 7612
f 7612 1909 7613
f 7613 1908 7608
f 7608 7612 7613
f 7612 1906 7589
f 7589 1758 7609
f 7609 1909 7612
f 7612 7589 7609
f 7605 1908 7604
f 7604 1893 7552
f 7552 1895 7605
f 7605 7604 7552
f 7604 1908 7613
f 7613 1909 7611
f 7611 1893 7604
f 7604 7613 7611
f 4739 966 7492
f 7492 1881 7493
f 7493 967 4739
f 4739 7492 7493
f 7492 966 7496
f 7496 1882 7499
f 7499 1881 7492
f 7492 7496 7499
f 4743 967 7520
f 7520 1887 7521
f 7521 968 4743
f 4743 7520 7521
f 7520 967 7493
f 7493 1881 7525
f 7525 1887 7520
f 7520 7493 7525
f 4742 968 6849
f 6849 1725 6848
f 6848 929 4742
f 4742 6849 6848
f 6849 968 7521
f 7521 1887 7524
f 7524 1725 6849
f 6849 7521 7524
f 4747 896 6698
f 6698 1690 6699
f 6699 969 4747
f 4747 6698 6699
f 6698 896 6704
f 6704 1691 6707
f 6707 1690 6698
f 6698 6704 6707
f 6106 1519 6208
f 6208 1545 6207
f 6207 1518 6106
f 6106 6208 6207
f 6208 1519 6212
f 6212 1546 6213
f 6213 1545 6208
f 6208 6212 6213
f 6103 1519 6104
f 6104 1179 5190
f 5190 1178 6103
f 6103 6104 5190
f 6104 1519 6105
f 6105 1439 5852
f 5852 1179 6104
f 6104 6105 5852
f 4748 885 5491
f 5491 885 5492
f 6854 1726 6853
f 6853 384 3898
f 3898 751 6854
f 6854 6853 3898
f 6853 1726 6857
f 6857 1373 5667
f 5667 384 6853
f 6853 6857 5667
f 5488 970 6177
f 6177 1539 6180
f 6180 1309 5488
f 5488 6177 6180
f 6177 970 4751
f 4751 555 6176
f 6176 1539 6177
f 6177 4751 6176
f 4973 1072 5747
f 5747 1399 5748
f 5748 1073 4973
f 4973 5747 5748
f 5747 1072 5366
f 5366 1264 5749
f 5749 1399 5747
f 5747 5366 5749
f 5011 1088 5367
f 5367 1264 5366
f 5366 1072 5011
f 5011 5367 5366
f 5367 1088 5304
f 5304 1235 5368
f 5368 1264 5367
f 5367 5304 5368
f 5305 1088 5984
f 5984 1482 5985
f 5985 1236 5305
f 5305 5984 5985
f 5984 1088 5012
f 5012 1087 5983
f 5983 1482 5984
f 5984 5012 5983
f 5354 1259 6067
f 6067 1259 6062
f 6062 1509 6068
f 6067 6062 6068
f 5987 1483 6063
f 6063 1509 6062
f 6062 1259 5987
f 5987 6063 6062
f 6063 1483 6270
f 6270 1567 6271
f 6271 1509 6063
f 6063 6270 6271
f 5992 1073 7675
f 7675 1920 7678
f 7678 1484 5992
f 5992 7675 7678
f 7675 1073 5748
f 5748 1399 7677
f 7677 1920 7675
f 7675 5748 7677
f 6272 1483 6281
f 6281 1571 6282
f 6282 1568 6272
f 6272 6281 6282
f 6281 1483 5988
f 5988 1300 6280
f 6280 1571 6281
f 6281 5988 6280
f 6673 1683 7682
f 7682 1921 7683
f 7683 1684 6673
f 6673 7682 7683
f 7682 1683 7688
f 7688 1922 7690
f 7690 1921 7682
f 7682 7688 7690
f 7033 1236 7055
f 7055 1776 7057
f 7057 1769 7033
f 7033 7055 7057
f 7055 1236 5985
f 5985 1482 7056
f 7056 1776 7055
f 7055 5985 7056
f 7636 1769 7671
f 7671 1919 7673
f 7673 1912 7636
f 7636 7671 7673
f 7671 1769 7057
f 7057 1776 7672
f 7672 1919 7671
f 7671 7057 7672
f 6667 1484 7687
f 7687 1922 7688
f 7688 1683 6667
f 6667 7687 7688
f 7687 1484 7678
f 7678 1920 7689
f 7689 1922 7687
f 7687 7678 7689
f 7634 1568 7638
f 7638 1913 7642
f 7642 1912 7634
f 7634 7638 7642
f 7638 1568 6282
f 6282 1571 7639
f 7639 1913 7638
f 7638 6282 7639
f 4956 1064 4974
f 4974 1074 4975
f 4975 1065 4956
f 4956 4974 4975
f 4974 1064 4970
f 4970 1071 4976
f 4976 1074 4974
f 4974 4970 4976
f 5075 1064 5402
f 5402 1278 5404
f 5404 1114 5075
f 5075 5402 5404
f 5402 1064 4954
f 4954 1063 5401
f 5401 1278 5402
f 5402 4954 5401
f 5325 1245 6268
f 6268 1567 6269
f 6269 1246 5325
f 5325 6268 6269
f 6268 1245 6061
f 6061 1509 6271
f 6271 1567 6268
f 6268 6061 6271
f 5981 1114 5406
f 5406 1279 5982
f 5982 1481 5981
f 5981 5406 5982
f 5406 1114 5404
f 5404 1278 5408
f 5408 1279 5406
f 5406 5404 5408
f 6003 1487 6660
f 6660 1681 6661
f 6661 1488 6003
f 6003 6660 6661
f 6660 1487 6663
f 6663 1682 6666
f 6666 1681 6660
f 6660 6663 6666
f 6064 1245 5396
f 5396 1276 6065
f 6065 1510 6064
f 6064 5396 6065
f 5396 1245 5323
f 5323 1244 5395
f 5395 1276 5396
f 5396 5323 5395
f 6265 1246 6274
f 6274 1569 6275
f 6275 1566 6265
f 6265 6274 6275
f 6274 1246 6269
f 6269 1567 6276
f 6276 1569 6274
f 6274 6269 6276
f 6678 1488 6001
f 6001 1384 6676
f 6676 1685 6678
f 6678 6001 6676
f 6001 1488 6661
f 6661 1681 6658
f 6658 1384 6001
f 6001 6661 6658
f 7052 1481 7045
f 7045 1773 7054
f 7054 1775 7052
f 7052 7045 7054
f 7045 1481 5982
f 5982 1279 7044
f 7044 1773 7045
f 7045 5982 7044
f 6069 1510 7628
f 7666 1775 7657
f 7657 1916 7668
f 7668 1918 7666
f 7666 7657 7668
f 7657 1775 7054
f 7054 1773 7656
f 7656 1916 7657
f 7657 7054 7656
f 6674 1685 6675
f 6675 1066 4960
f 4960 1065 6674
f 6674 6675 4960
f 6675 1685 6676
f 6676 1384 5702
f 5702 1066 6675
f 6675 6676 5702
f 7665 1566 7669
f 7669 1919 7674
f 7674 1918 7665
f 7665 7669 7674
f 7669 1566 6275
f 6275 1569 7670
f 7670 1919 7669
f 7669 6275 7670
f 4884 1023 7691
f 7691 1923 7692
f 7692 1024 4884
f 4884 7691 7692
f 7691 1023 6877
f 6877 1732 7696
f 7696 1923 7691
f 7691 6877 7696
f 6670 1684 6740
f 6740 1698 6737
f 6737 1025 6670
f 6670 6740 6737
f 6740 1684 7683
f 7683 1921 7684
f 7684 1698 6740
f 6740 7683 7684
f 5997 1486 5998
f 5998 1025 4885
f 4885 1024 5997
f 5997 5998 4885
f 5998 1486 6671
f 6671 1684 6670
f 6670 1025 5998
f 5998 6671 6670
f 5997 1024 5999
f 5999 1487 6000
f 6000 1486 5997
f 5997 5999 6000
f 5999 1024 7692
f 7692 1923 7693
f 7693 1487 5999
f 5999 7692 7693
f 7693 1923 7694
f 7694 1682 6663
f 6663 1487 7693
f 7693 7694 6663
f 7694 1923 7695
f 7695 1700 6749
f 6749 1682 7694
f 7694 7695 6749
f 5091 1123 6508
f 6508 1645 6509
f 6509 1124 5091
f 5091 6508 6509
f 6508 1123 6973
f 6973 1753 6977
f 6977 1645 6508
f 6508 6973 6977
f 5118 1142 7213
f 7213 1818 7212
f 7212 1139 5118
f 5118 7213 7212
f 7213 1142 5352
f 5352 1258 7216
f 7216 1818 7213
f 7213 5352 7216
f 5339 1252 7060
f 7060 1777 7059
f 7059 1250 5339
f 5339 7060 7059
f 7060 1252 7620
f 7620 1911 7624
f 7624 1777 7060
f 7060 7620 7624
f 5347 1256 6760
f 6760 1702 6759
f 6759 1253 5347
f 5347 6760 6759
f 6760 1256 5503
f 5503 1316 6762
f 6762 1702 6760
f 6760 5503 6762
f 5480 1304 6178
f 6178 1539 6179
f 6179 1305 5480
f 5480 6178 6179
f 6178 1304 6884
f 6884 1733 6887
f 6887 1539 6178
f 6178 6884 6887
f 5522 1325 6347
f 6347 1591 6346
f 6346 1322 5522
f 5522 6347 6346
f 6347 1325 5521
f 5521 1118 6345
f 6345 1591 6347
f 6347 5521 6345
f 5348 1255 5538
f 5538 1333 5539
f 5539 1256 5348
f 5348 5538 5539
f 5538 1255 6992
f 6992 1757 6993
f 6993 1333 5538
f 5538 6992 6993
f 6987 1756 6988
f 6988 1472 5960
f 5960 1471 6987
f 6987 6988 5960
f 6988 1756 6989
f 6989 1755 6983
f 6983 1472 6988
f 6988 6989 6983
f 5964 1476 7304
f 7304 1839 7303
f 7303 1473 5964
f 5964 7304 7303
f 7304 1476 7297
f 7297 1838 7306
f 7306 1839 7304
f 7304 7297 7306
f 6032 1499 6656
f 6656 1680 6655
f 6655 1496 6032
f 6032 6656 6655
f 6656 1499 6031
f 6031 1302 6652
f 6652 1680 6656
f 6656 6031 6652
f 6040 1502 6976
f 6976 1753 6973
f 6973 1123 6040
f 6040 6976 6973
f 6976 1502 6980
f 6980 1754 6981
f 6981 1753 6976
f 6976 6980 6981
f 5107 1135 5106
f 5106 554 4777
f 4777 975 5107
f 5107 5106 4777
f 5106 1135 5478
f 5478 1305 5476
f 5476 554 5106
f 5106 5478 5476
f 6319 1581 6315
f 6315 1115 6306
f 6306 1578 6319
f 6319 6315 6306
f 6315 1581 6318
f 6318 1143 5120
f 5120 1115 6315
f 6315 6318 5120
f 6364 1599 6365
f 6365 1323 5518
f 5518 1322 6364
f 6364 6365 5518
f 6365 1599 6919
f 6919 1739 6916
f 6916 1323 6365
f 6365 6919 6916
f 6514 1646 6515
f 6515 1614 6407
f 6407 1613 6514
f 6514 6515 6407
f 6515 1646 6971
f 6971 1752 6969
f 6969 1614 6515
f 6515 6971 6969
f 6420 1618 6421
f 6421 1620 6422
f 6422 1619 6420
f 6420 6421 6422
f 6421 1618 6423
f 6423 1621 6424
f 6424 1620 6421
f 6421 6423 6424
f 6964 1751 6965
f 6965 1644 6507
f 6507 1643 6964
f 6964 6965 6507
f 6965 1751 6966
f 6966 1666 6593
f 6593 1644 6965
f 6965 6966 6593
f 6969 1752 6970
f 6970 1643 6503
f 6503 1614 6969
f 6969 6970 6503
f 6970 1752 6972
f 6972 1751 6964
f 6964 1643 6970
f 6970 6972 6964
f 6403 1613 6402
f 6402 1121 5089
f 5089 1124 6403
f 6403 6402 5089
f 6402 1613 6405
f 6405 1612 6399
f 6399 1121 6402
f 6402 6405 6399
f 6527 1649 7298
f 7298 1838 7297
f 7297 1476 6527
f 6527 7298 7297
f 7298 1649 7294
f 7294 1837 7300
f 7300 1838 7298
f 7298 7294 7300
f 6528 1619 7292
f 7292 1837 7294
f 7294 1649 6528
f 6528 7292 7294
f 7292 1619 6422
f 6422 1620 7293
f 7293 1837 7292
f 7292 6422 7293
f 6537 1651 6922
f 6922 1740 6923
f 6923 1652 6537
f 6537 6922 6923
f 6922 1651 6927
f 6927 1741 6928
f 6928 1740 6922
f 6922 6927 6928
f 6597 1183 6506
f 6506 1644 6598
f 6598 1668 6597
f 6597 6506 6598
f 6506 1183 5195
f 5195 1182 6505
f 6505 1644 6506
f 6506 5195 6505
f 6696 1689 6692
f 6692 1329 6681
f 6681 1686 6696
f 6696 6692 6681
f 6692 1689 6693
f 6693 1330 5532
f 5532 1329 6692
f 6692 6693 5532
f 6735 1697 6733
f 6733 1302 6031
f 6031 1499 6735
f 6735 6733 6031
f 6733 1697 6734
f 6734 1303 5472
f 5472 1302 6733
f 6733 6734 5472
f 6731 1253 5471
f 5471 1303 6734
f 6734 1697 6731
f 6731 5471 6734
f 5471 1253 6759
f 6759 1702 6761
f 6761 1303 5471
f 5471 6759 6761
f 7002 1761 7610
f 7610 1909 7609
f 7609 1758 7002
f 7002 7610 7609
f 7610 1761 7615
f 7615 1910 7619
f 7619 1909 7610
f 7610 7615 7619
f 7069 1779 7067
f 7067 1248 5334
f 5334 1250 7069
f 7069 7067 5334
f 7067 1779 7068
f 7068 1249 5333
f 5333 1248 7067
f 7067 7068 5333
f 7182 1811 7179
f 7179 1472 7174
f 7174 1810 7182
f 7182 7179 7174
f 7179 1811 7178
f 7178 1469 5959
f 5959 1472 7179
f 7179 7178 5959
f 5958 1470 5954
f 5954 1333 5956
f 5956 1471 5958
f 5958 5954 5956
f 5954 1470 5953
f 5953 1332 5540
f 5540 1333 5954
f 5954 5953 5540
f 6316 1139 5122
f 5122 1143 6318
f 6318 1581 6316
f 6316 5122 6318
f 5122 1139 7212
f 7212 1818 7214
f 7214 1143 5122
f 5122 7212 7214
f 5474 1142 6883
f 6883 1733 6884
f 6884 1304 5474
f 5474 6883 6884
f 6883 1142 5119
f 5119 1141 6882
f 6882 1733 6883
f 6883 5119 6882
f 7248 1750 7252
f 7252 1826 7254
f 7254 1825 7248
f 7248 7252 7254
f 7252 1750 6961
f 6961 1749 7251
f 7251 1826 7252
f 7252 6961 7251
f 7260 1829 7259
f 7259 1826 7257
f 7257 1827 7260
f 7260 7259 7257
f 7259 1829 7258
f 7258 1823 7253
f 7253 1826 7259
f 7259 7258 7253
f 7255 1748 7264
f 7264 1830 7265
f 7265 1827 7255
f 7255 7264 7265
f 7264 1748 6954
f 6954 1747 7263
f 7263 1830 7264
f 7264 6954 7263
f 7271 1830 7262
f 7262 1746 7269
f 7269 1831 7271
f 7271 7262 7269
f 7262 1830 7263
f 7263 1747 6951
f 6951 1746 7262
f 7262 7263 6951
f 7277 1833 7278
f 7278 1832 7274
f 7274 1831 7277
f 7277 7278 7274
f 7278 1833 7282
f 7282 1834 7281
f 7281 1832 7278
f 7278 7282 7281
f 7286 1833 7275
f 7275 1744 7285
f 7285 1835 7286
f 7286 7275 7285
f 7275 1833 7276
f 7276 1745 6944
f 6944 1744 7275
f 7275 7276 6944
f 7283 1473 7289
f 7289 1836 7291
f 7291 1835 7283
f 7283 7289 7291
f 7289 1473 7303
f 7303 1839 7305
f 7305 1836 7289
f 7289 7303 7305
f 7250 1824 7244
f 7244 1668 7247
f 7247 1825 7250
f 7250 7244 7247
f 7244 1824 7242
f 7242 1183 6597
f 6597 1668 7244
f 7244 7242 6597
f 6532 1651 6533
f 6533 1621 6423
f 6423 1618 6532
f 6532 6533 6423
f 6533 1651 6534
f 6534 1650 6530
f 6530 1621 6533
f 6533 6534 6530
f 7594 1907 7595
f 7595 1901 7573
f 7573 1900 7594
f 7594 7595 7573
f 7595 1907 7596
f 7596 1903 7579
f 7579 1901 7595
f 7595 7596 7579
f 7579 1903 7587
f 7587 1905 7585
f 7585 1901 7579
f 7579 7587 7585
f 7587 1903 7580
f 7580 1902 7586
f 7586 1905 7587
f 7587 7580 7586
f 7608 1908 7607
f 7607 1905 7592
f 7592 1906 7608
f 7608 7607 7592
f 7607 1908 7606
f 7606 1904 7588
f 7588 1905 7607
f 7607 7606 7588
f 6680 1252 6684
f 6684 1687 6686
f 6686 1686 6680
f 6680 6684 6686
f 6684 1252 5340
f 5340 1251 6683
f 6683 1687 6684
f 6684 5340 6683
f 7633 1907 7594
f 7594 1900 7632
f 7632 7633 7594
f 7631 1907 7633
f 7070 1761 7001
f 7001 1249 7068
f 7068 1779 7070
f 7070 7001 7068
f 7001 1761 7004
f 7004 1760 6999
f 6999 1249 7001
f 7001 7004 6999
f 6694 1689 6695
f 6695 1497 6028
f 6028 1496 6694
f 6694 6695 6028
f 6695 1689 6697
f 6697 1688 6688
f 6688 1497 6695
f 6695 6697 6688
f 7590 1897 7563
f 7563 1758 7589
f 7589 1906 7590
f 7590 7563 7589
f 7563 1897 7564
f 7564 1759 6997
f 6997 1758 7563
f 7563 7564 6997
f 5414 1010 5020
f 5020 1095 5416
f 5416 1283 5414
f 5414 5020 5416
f 5020 1010 4866
f 4866 1009 5019
f 5019 1095 5020
f 5020 4866 5019
f 5634 1033 4981
f 4981 1075 5636
f 5636 1365 5634
f 5634 4981 5636
f 4981 1033 4897
f 4897 1006 4980
f 4980 1075 4981
f 4981 4897 4980
f 5019 1009 5023
f 5023 1096 5026
f 5026 1095 5019
f 5019 5023 5026
f 5023 1009 4951
f 4951 1062 5024
f 5024 1096 5023
f 5023 4951 5024
f 5207 1191 5208
f 5208 1120 5086
f 5086 1119 5207
f 5207 5208 5086
f 5208 1191 5693
f 5693 1382 5692
f 5692 1120 5208
f 5208 5693 5692
f 5083 1015 5210
f 5210 1192 5211
f 5211 1119 5083
f 5083 5210 5211
f 5210 1015 6301
f 6301 1577 6304
f 6304 1192 5210
f 5210 6301 6304
f 5365 1262 5362
f 5362 1261 5364
f 5364 1263 5365
f 5365 5362 5364
f 5362 1262 5361
f 5361 1239 5357
f 5357 1261 5362
f 5362 5361 5357
f 5372 1266 7685
f 7685 1922 7686
f 7686 1267 5372
f 5372 7685 7686
f 7685 1266 7680
f 7680 1921 7690
f 7690 1922 7685
f 7685 7680 7690
f 5377 1270 7681
f 7681 1921 7680
f 7680 1266 5377
f 5377 7681 7680
f 7681 1270 6738
f 6738 1698 7684
f 7684 1921 7681
f 7681 6738 7684
f 5382 1068 5386
f 5386 1273 5388
f 5388 1272 5382
f 5382 5386 5388
f 5386 1068 4963
f 4963 1067 5385
f 5385 1273 5386
f 5386 4963 5385
f 5463 1262 5360
f 5360 1237 5460
f 5460 1299 5463
f 5463 5360 5460
f 5360 1262 5359
f 5359 1235 5307
f 5307 1237 5360
f 5360 5359 5307
f 5465 1243 5466
f 5486 1307 6855
f 6855 1726 6856
f 6856 1308 5486
f 5486 6855 6856
f 6855 1307 6858
f 6858 1727 6862
f 6862 1726 6855
f 6855 6858 6862
f 5641 1365 5633
f 5633 1001 5639
f 5639 1366 5641
f 5641 5633 5639
f 5633 1365 5636
f 5636 1075 4978
f 4978 1001 5633
f 5633 5636 4978
f 5743 1263 5716
f 5716 1388 5745
f 5745 1398 5743
f 5743 5716 5745
f 5716 1263 5364
f 5364 1261 5715
f 5715 1388 5716
f 5716 5364 5715
f 5024 1062 5040
f 5040 1101 5041
f 5041 1096 5024
f 5024 5040 5041
f 5040 1062 5381
f 5381 1272 5383
f 5383 1101 5040
f 5040 5381 5383
f 6072 1511 6071
f 6071 1016 5085
f 5085 1120 6072
f 6072 6071 5085
f 6071 1511 6070
f 6070 998 4872
f 4872 1016 6071
f 6071 6070 4872
f 6279 1301 6289
f 6289 1573 6290
f 6290 1570 6279
f 6279 6289 6290
f 6289 1301 5466
f 5466 1243 6288
f 6288 1573 6289
f 6289 5466 6288
f 6296 1511 6589
f 6589 1665 6590
f 6590 1574 6296
f 6296 6589 6590
f 6589 1511 6073
f 6073 1381 6588
f 6588 1665 6589
f 6589 6073 6588
f 6294 1574 6295
f 6295 1367 5645
f 5645 1366 6294
f 6294 6295 5645
f 6295 1574 6590
f 6590 1665 6587
f 6587 1367 6295
f 6295 6590 6587
f 6636 1267 7676
f 7676 1920 7679
f 7679 1676 6636
f 6636 7676 7679
f 7676 1267 7686
f 7686 1922 7689
f 7689 1920 7676
f 7676 7686 7689
f 6741 1270 5449
f 5449 1296 6744
f 6744 1699 6741
f 6741 5449 6744
f 5449 1270 5378
f 5378 1269 5448
f 5448 1296 5449
f 5449 5378 5448
f 7438 1711 7441
f 7441 1869 7443
f 7443 1868 7438
f 7438 7441 7443
f 7441 1711 7699
f 7699 1924 7701
f 7701 1869 7441
f 7441 7699 7701
f 5483 750 5487
f 5487 1309 5490
f 5490 1308 5483
f 5483 5487 5490
f 5487 750 4752
f 4752 970 5488
f 5488 1309 5487
f 5487 4752 5488
f 6900 1736 6901
f 6901 1729 6868
f 6868 1728 6900
f 6900 6901 6868
f 6901 1736 6909
f 6909 1737 6908
f 6908 1729 6901
f 6901 6909 6908
f 6876 1731 6896
f 6896 1735 6895
f 6895 1730 6876
f 6876 6896 6895
f 6896 1731 6892
f 6892 1734 6897
f 6897 1735 6896
f 6896 6892 6897
f 6743 1699 6742
f 6742 1271 5387
f 5387 1273 6743
f 6743 6742 5387
f 6742 1699 6744
f 6744 1296 5450
f 5450 1271 6742
f 6742 6744 5450
f 7049 1299 7036
f 7036 1770 7050
f 7050 1774 7049
f 7049 7036 7050
f 7036 1299 5460
f 5460 1237 7035
f 7035 1770 7036
f 7036 5460 7035
f 6871 1730 6869
f 6869 1584 6334
f 6334 1586 6871
f 6871 6869 6334
f 6869 1730 6872
f 6872 1728 6864
f 6864 1584 6869
f 6869 6872 6864
f 6873 1731 6875
f 6875 1727 6858
f 6858 1307 6873
f 6873 6875 6858
f 6875 1731 6874
f 6874 1585 6861
f 6861 1727 6875
f 6875 6874 6861
f 6908 1737 6905
f 6905 1192 6865
f 6865 1729 6908
f 6908 6905 6865
f 6905 1737 6904
f 6904 1190 5212
f 5212 1192 6905
f 6905 6904 5212
f 7440 1867 7433
f 7433 1405 7436
f 7436 1868 7440
f 7440 7433 7436
f 7433 1867 7434
f 7434 1406 5773
f 5773 1405 7433
f 7433 7434 5773
f 7479 1867 7472
f 7472 1877 7480
f 7480 1878 7479
f 7479 7472 7480
f 7472 1867 7435
f 7435 1866 7471
f 7471 1877 7472
f 7472 7435 7471
f 5414 1283 7477
f 7477 1878 7475
f 7475 1010 5414
f 5414 7477 7475
f 7477 1283 5417
f 5417 1282 7476
f 7476 1878 7477
f 7477 5417 7476
f 7661 1774 7641
f 7641 1913 7662
f 7662 1917 7661
f 7661 7641 7662
f 7641 1774 7050
f 7050 1770 7640
f 7640 1913 7641
f 7641 7050 7640
f 6639 1676 6640
f 6640 1399 5750
f 5750 1398 6639
f 6639 6640 5750
f 6640 1676 7679
f 7679 1920 7677
f 7677 1399 6640
f 6640 7679 7677
f 7658 1570 7643
f 7643 1914 7663
f 7663 1917 7658
f 7658 7643 7663
f 7643 1570 6290
f 6290 1573 7644
f 7644 1914 7643
f 7643 6290 7644
f 5524 1326 5525
f 5525 977 4787
f 4787 950 5524
f 5524 5525 4787
f 5525 1326 5526
f 5526 1228 5288
f 5288 977 5525
f 5525 5526 5288
f 4983 1076 4984
f 4984 1006 4861
f 4861 1005 4983
f 4983 4984 4861
f 4984 1076 4985
f 4985 1075 4980
f 4980 1006 4984
f 4984 4985 4980
f 5634 1365 5635
f 5635 1034 4901
f 4901 1033 5634
f 5634 5635 4901
f 5635 1365 5637
f 5637 1364 5630
f 5630 1034 5635
f 5635 5637 5630
f 4924 1049 4919
f 4919 1014 4921
f 4921 1050 4924
f 4924 4919 4921
f 4919 1049 4918
f 4918 1011 4870
f 4870 1014 4919
f 4919 4918 4870
f 5622 1361 5623
f 5623 1060 4948
f 4948 1059 5622
f 5622 5623 4948
f 5623 1361 5624
f 5624 1360 5621
f 5621 1060 5623
f 5623 5624 5621
f 5029 1098 5030
f 5030 1070 4969
f 4969 1069 5029
f 5029 5030 4969
f 5030 1098 6189
f 6189 1541 6188
f 6188 1070 5030
f 5030 6189 6188
f 4994 1079 4987
f 4987 1007 4991
f 4991 1080 4994
f 4994 4987 4991
f 4987 1079 4988
f 4988 1008 4862
f 4862 1007 4987
f 4987 4988 4862
f 4965 1068 5033
f 5033 1099 5034
f 5034 1069 4965
f 4965 5033 5034
f 5033 1068 4962
f 4962 1061 5032
f 5032 1099 5033
f 5033 4962 5032
f 4859 1004 5045
f 5045 1103 5046
f 5046 1005 4859
f 4859 5045 5046
f 5045 1004 6774
f 6774 1706 6775
f 6775 1103 5045
f 5045 6774 6775
f 5032 1061 4989
f 4989 1079 5036
f 5036 1099 5032
f 5032 4989 5036
f 4989 1061 4949
f 4949 1008 4988
f 4988 1079 4989
f 4989 4949 4988
f 5070 1050 4996
f 4996 1082 5072
f 5072 1112 5070
f 5070 4996 5072
f 4996 1050 4921
f 4921 1014 4995
f 4995 1082 4996
f 4996 4921 4995
f 6348 1592 6349
f 6349 1118 5082
f 5082 1117 6348
f 6348 6349 5082
f 6349 1592 6350
f 6350 1591 6345
f 6345 1118 6349
f 6349 6350 6345
f 5597 1354 5598
f 5598 1150 5134
f 5134 1149 5597
f 5597 5598 5134
f 5598 1354 5616
f 5616 1359 5613
f 5613 1150 5598
f 5598 5616 5613
f 5160 1166 5159
f 5159 1162 5156
f 5156 1165 5160
f 5160 5159 5156
f 5159 1166 5167
f 5167 1169 5166
f 5166 1162 5159
f 5159 5167 5166
f 6775 1706 6776
f 6776 1275 5392
f 5392 1103 6775
f 6775 6776 5392
f 6776 1706 6777
f 6777 1705 6773
f 6773 1275 6776
f 6776 6777 6773
f 5424 1098 5429
f 5429 1289 5431
f 5431 1288 5424
f 5424 5429 5431
f 5429 1098 5031
f 5031 1097 5428
f 5428 1289 5429
f 5429 5031 5428
f 5694 1382 5695
f 5695 1321 5517
f 5517 1320 5694
f 5694 5695 5517
f 5695 1382 5693
f 5693 1191 5515
f 5515 1321 5695
f 5695 5693 5515
f 6309 1579 6310
f 6310 1325 5523
f 5523 1324 6309
f 6309 6310 5523
f 6310 1579 6311
f 6311 1578 6308
f 6308 1325 6310
f 6310 6311 6308
f 5613 1359 5615
f 5615 1169 5165
f 5165 1150 5613
f 5613 5615 5165
f 5615 1359 5614
f 5614 1162 5166
f 5166 1169 5615
f 5615 5614 5166
f 5514 1319 5697
f 5697 1383 5698
f 5698 1320 5514
f 5514 5697 5698
f 5697 1319 6559
f 6559 1659 6560
f 6560 1383 5697
f 5697 6559 6560
f 5756 1401 5896
f 5896 1452 5895
f 5895 1400 5756
f 5756 5896 5895
f 5896 1401 6815
f 6815 1718 6816
f 6816 1452 5896
f 5896 6815 6816
f 5752 1112 5071
f 5071 1081 5751
f 5751 1400 5752
f 5752 5071 5751
f 5071 1112 5072
f 5072 1082 4997
f 4997 1081 5071
f 5071 5072 4997
f 5900 1355 5599
f 5599 1149 5899
f 5899 1454 5900
f 5900 5599 5899
f 5599 1355 5600
f 5600 1354 5597
f 5597 1149 5599
f 5599 5600 5597
f 5907 1456 5918
f 5918 1459 5917
f 5917 1455 5907
f 5907 5918 5917
f 5918 1456 5921
f 5921 1460 5922
f 5922 1459 5918
f 5918 5921 5922
f 4967 1070 4966
f 4966 1023 4886
f 4886 1026 4967
f 4967 4966 4886
f 4966 1070 6188
f 6188 1541 6187
f 6187 1023 4966
f 4966 6188 6187
f 5905 1455 5904
f 5904 1286 5430
f 5430 1289 5905
f 5905 5904 5430
f 5904 1455 5917
f 5917 1459 5915
f 5915 1286 5904
f 5904 5917 5915
f 7170 1502 6380
f 6380 1605 7171
f 7171 1809 7170
f 7170 6380 7171
f 6380 1502 6041
f 6041 1501 6379
f 6379 1605 6380
f 6380 6041 6379
f 5426 1287 6193
f 6193 1542 6194
f 6194 1288 5426
f 5426 6193 6194
f 6193 1287 5422
f 5422 1280 6191
f 6191 1542 6193
f 6193 5422 6191
f 6202 1512 6077
f 6077 1454 6201
f 6201 1544 6202
f 6202 6077 6201
f 6077 1512 6076
f 6076 1355 5900
f 5900 1454 6077
f 6077 6076 5900
f 6933 1743 6934
f 6934 1590 6344
f 6344 1589 6933
f 6933 6934 6344
f 6934 1743 6935
f 6935 1647 6518
f 6518 1590 6934
f 6934 6935 6518
f 6548 1656 6549
f 6549 1594 6355
f 6355 1593 6548
f 6548 6549 6355
f 6549 1656 6550
f 6550 1653 6538
f 6538 1594 6549
f 6549 6550 6538
f 6538 1653 6539
f 6539 1599 6366
f 6366 1594 6538
f 6538 6539 6366
f 6539 1653 6541
f 6541 1652 6535
f 6535 1599 6539
f 6539 6541 6535
f 6383 1603 6375
f 6375 1122 6382
f 6382 1606 6383
f 6383 6375 6382
f 6375 1603 6376
f 6376 1501 6038
f 6038 1122 6375
f 6375 6376 6038
f 5515 1191 6409
f 6409 1615 6410
f 6410 1321 5515
f 5515 6409 6410
f 6409 1191 5209
f 5209 1190 6408
f 6408 1615 6409
f 6409 5209 6408
f 6440 1319 6444
f 6444 1630 6447
f 6447 1629 6440
f 6440 6444 6447
f 6444 1319 5512
f 5512 1318 6443
f 6443 1630 6444
f 6444 5512 6443
f 6562 1659 6561
f 6561 1629 6486
f 6486 1639 6562
f 6562 6561 6486
f 6561 1659 6559
f 6559 1319 6440
f 6440 1629 6561
f 6561 6559 6440
f 6443 1318 6342
f 6342 1590 6445
f 6445 1630 6443
f 6443 6342 6445
f 6342 1318 6336
f 6336 1587 6343
f 6343 1590 6342
f 6342 6336 6343
f 6569 1661 6568
f 6568 1381 5699
f 5699 1383 6569
f 6569 6568 5699
f 6568 1661 6591
f 6591 1665 6588
f 6588 1381 6568
f 6568 6591 6588
f 6579 1660 6565
f 6565 1639 6578
f 6578 1663 6579
f 6579 6565 6578
f 6565 1660 6566
f 6566 1659 6562
f 6562 1639 6565
f 6565 6566 6562
f 5629 1362 6563
f 6563 1660 6564
f 6564 1363 5629
f 5629 6563 6564
f 6563 1362 6567
f 6567 1661 6571
f 6571 1660 6563
f 6563 6567 6571
f 6580 1662 6572
f 6572 1012 6575
f 6575 1663 6580
f 6580 6572 6575
f 6572 1662 6573
f 6573 1013 4869
f 4869 1012 6572
f 6572 6573 4869
f 6778 1336 6783
f 6783 1708 6785
f 6785 1707 6778
f 6778 6783 6785
f 6783 1336 5544
f 5544 1335 6782
f 6782 1708 6783
f 6783 5544 6782
f 6787 1404 6779
f 6779 1707 6790
f 6790 1709 6787
f 6787 6779 6790
f 6779 1404 5767
f 5767 1336 6778
f 6778 1707 6779
f 6779 5767 6778
f 6793 1405 6788
f 6788 1709 6794
f 6794 1710 6793
f 6793 6788 6794
f 6788 1405 5769
f 5769 1404 6787
f 6787 1709 6788
f 6788 5769 6787
f 7438 1868 7437
f 7437 1710 6797
f 6797 1711 7438
f 7438 7437 6797
f 7437 1868 7436
f 7436 1405 6793
f 6793 1710 7437
f 7437 7436 6793
f 7447 1713 7452
f 7452 1873 7454
f 7454 1872 7447
f 7447 7452 7454
f 7452 1713 6802
f 6802 1712 7451
f 7451 1873 7452
f 7452 6802 7451
f 7461 1715 6837
f 6837 1722 7462
f 7462 1875 7461
f 7461 6837 7462
f 6837 1715 6809
f 6809 1714 6836
f 6836 1722 6837
f 6837 6809 6836
f 6836 1714 6831
f 6831 1721 6838
f 6838 1722 6836
f 6836 6831 6838
f 6831 1714 6812
f 6812 1716 6832
f 6832 1721 6831
f 6831 6812 6832
f 6814 1717 6833
f 6833 1721 6832
f 6832 1716 6814
f 6814 6833 6832
f 6833 1717 6827
f 6827 1720 6834
f 6834 1721 6833
f 6833 6827 6834
f 6821 1719 6828
f 6828 1720 6827
f 6827 1717 6821
f 6821 6828 6827
f 6828 1719 6820
f 6820 1547 6826
f 6826 1720 6828
f 6828 6820 6826
f 5755 1294 6198
f 6198 1544 6199
f 6199 1401 5755
f 5755 6198 6199
f 6198 1294 6074
f 6074 1512 6202
f 6202 1544 6198
f 6198 6074 6202
f 6880 1732 6879
f 6879 1541 6195
f 6195 1542 6880
f 6880 6879 6195
f 6879 1732 6877
f 6877 1023 6187
f 6187 1541 6879
f 6879 6877 6187
f 5520 1323 6911
f 6911 1738 6912
f 6912 1324 5520
f 5520 6911 6912
f 6911 1323 6338
f 6338 1588 6913
f 6913 1738 6911
f 6911 6338 6913
f 6924 1740 6921
f 6921 1589 6918
f 6918 1739 6924
f 6924 6921 6918
f 6921 1740 6936
f 6936 1743 6933
f 6933 1589 6921
f 6921 6936 6933
f 5161 1166 7162
f 7162 1807 7163
f 7163 1167 5161
f 5161 7162 7163
f 7162 1166 6979
f 6979 1754 7164
f 7164 1807 7162
f 7162 6979 7164
f 7100 1791 7101
f 7101 1790 7098
f 7098 1789 7100
f 7100 7101 7098
f 7101 1791 7343
f 7343 1848 7342
f 7342 1790 7101
f 7101 7343 7342
f 5080 1116 7122
f 7122 1798 7123
f 7123 1117 5080
f 5080 7122 7123
f 7122 1116 7199
f 7199 1815 7202
f 7202 1798 7122
f 7122 7199 7202
f 7133 1458 6819
f 6819 1719 7136
f 7136 1801 7133
f 7133 6819 7136
f 6819 1458 6216
f 6216 1547 6820
f 6820 1719 6819
f 6819 6216 6820
f 7137 1053 7132
f 7132 1801 7141
f 7141 1802 7137
f 7137 7132 7141
f 7132 1053 5912
f 5912 1458 7133
f 7133 1801 7132
f 7132 5912 7133
f 7142 1054 7138
f 7138 1802 7146
f 7146 1803 7142
f 7142 7138 7146
f 7138 1054 4929
f 4929 1053 7137
f 7137 1802 7138
f 7138 4929 7137
f 7147 1145 7143
f 7143 1803 7151
f 7151 1804 7147
f 7147 7143 7151
f 7143 1145 5125
f 5125 1054 7142
f 7142 1803 7143
f 7143 5125 7142
f 7154 1172 7150
f 7150 1804 7156
f 7156 1805 7154
f 7154 7150 7156
f 7150 1172 5176
f 5176 1145 7147
f 7147 1804 7150
f 7150 5176 7147
f 7159 1173 7155
f 7155 1805 7161
f 7161 1806 7159
f 7159 7155 7161
f 7155 1173 5180
f 5180 1172 7154
f 7154 1805 7155
f 7155 5180 7154
f 7159 1806 7160
f 7160 1755 6982
f 6982 1173 7159
f 7159 7160 6982
f 7160 1806 7168
f 7168 1808 7167
f 7167 1755 7160
f 7160 7168 7167
f 7167 1808 7166
f 7166 1472 6983
f 6983 1755 7167
f 7167 7166 6983
f 7166 1808 7176
f 7176 1810 7174
f 7174 1472 7166
f 7166 7176 7174
f 7188 1812 7183
f 7183 1469 7178
f 7178 1811 7188
f 7188 7183 7178
f 7183 1812 7184
f 7184 1602 6372
f 6372 1469 7183
f 7183 7184 6372
f 7184 1812 7187
f 7187 1785 7085
f 7085 1602 7184
f 7184 7187 7085
f 7187 1812 7193
f 7193 1813 7190
f 7190 1785 7187
f 7187 7193 7190
f 7202 1815 7203
f 7203 1814 7197
f 7197 1798 7202
f 7202 7203 7197
f 7203 1815 7201
f 7201 1786 7194
f 7194 1814 7203
f 7203 7201 7194
f 6378 1603 7090
f 7090 1788 7091
f 7091 1604 6378
f 6378 7090 7091
f 7090 1603 7093
f 7093 1789 7096
f 7096 1788 7090
f 7090 7093 7096
f 7371 1797 7121
f 7121 1790 7370
f 7370 1854 7371
f 7371 7121 7370
f 7121 1797 7120
f 7120 1787 7097
f 7097 1790 7121
f 7121 7120 7097
f 7192 1788 7196
f 7196 1814 7198
f 7198 1813 7192
f 7192 7196 7198
f 7196 1788 7092
f 7092 1787 7195
f 7195 1814 7196
f 7196 7092 7195
f 6913 1588 6412
f 6412 1615 6914
f 6914 1738 6913
f 6913 6412 6914
f 6412 1588 6339
f 6339 1587 6411
f 6411 1615 6412
f 6412 6339 6411
f 7373 1853 7363
f 7363 1593 7369
f 7369 1854 7373
f 7373 7363 7369
f 7363 1853 7364
f 7364 1656 6548
f 6548 1593 7363
f 7363 7364 6548
f 7468 1871 7489
f 7489 1880 7490
f 7490 1876 7468
f 7468 7489 7490
f 7489 1871 7446
f 7446 1870 7488
f 7488 1880 7489
f 7489 7446 7488
f 7485 1879 7484
f 7484 1870 7457
f 7457 1874 7485
f 7485 7484 7457
f 7484 1879 7491
f 7491 1880 7488
f 7488 1870 7484
f 7484 7491 7488
f 7482 1456 7487
f 7487 1880 7491
f 7491 1879 7482
f 7482 7487 7491
f 7487 1456 5906
f 5906 1077 7486
f 7486 1880 7487
f 7487 5906 7486
f 7466 1080 7470
f 7470 1877 7473
f 7473 1876 7466
f 7466 7470 7473
f 7470 1080 4991
f 4991 1007 7469
f 7469 1877 7470
f 7470 4991 7469
f 7519 1886 7517
f 7517 1275 7511
f 7511 1885 7519
f 7519 7517 7511
f 7517 1886 7516
f 7516 1274 5393
f 5393 1275 7517
f 7517 7516 5393
f 7531 1884 7508
f 7508 1708 7529
f 7529 1888 7531
f 7531 7508 7529
f 7508 1884 7507
f 7507 1705 6784
f 6784 1708 7508
f 7508 7507 6784
f 4794 978 7509
f 7509 1885 7510
f 7510 979 4794
f 4794 7509 7510
f 7509 978 7515
f 7515 1886 7519
f 7519 1885 7509
f 7509 7515 7519
f 4800 980 7526
f 7526 1888 7527
f 7527 981 4800
f 4800 7526 7527
f 7526 980 7506
f 7506 1884 7531
f 7531 1888 7526
f 7526 7506 7531
f 6308 1578 6307
f 6307 1118 5521
f 5521 1325 6308
f 6308 6307 5521
f 6307 1578 6306
f 6306 1115 5081
f 5081 1118 6307
f 6307 6306 5081
f 7164 1754 7172
f 7172 1809 7173
f 7173 1807 7164
f 7164 7172 7173
f 7172 1754 6980
f 6980 1502 7170
f 7170 1809 7172
f 7172 6980 7170
f 6535 1652 6920
f 6920 1739 6919
f 6919 1599 6535
f 6535 6920 6919
f 6920 1652 6923
f 6923 1740 6924
f 6924 1739 6920
f 6920 6923 6924
f 7180 1811 7181
f 7181 1809 7171
f 7171 1605 7180
f 7180 7181 7171
f 7181 1811 7182
f 7182 1810 7177
f 7177 1809 7181
f 7181 7182 7177
f 4899 1032 4895
f 4895 1006 4897
f 4897 1033 4899
f 4899 4895 4897
f 4895 1032 4894
f 4894 1003 4860
f 4860 1006 4895
f 4895 4894 4860
f 6796 1032 7698
f 7698 1924 7699
f 7699 1711 6796
f 6796 7698 7699
f 7698 1032 4896
f 4896 1031 7697
f 7697 1924 7698
f 7698 4896 7697
f 5619 1360 5620
f 5620 1012 4867
f 4867 1011 5619
f 5619 5620 4867
f 5620 1360 5627
f 5627 1363 5626
f 5626 1012 5620
f 5620 5627 5626
f 4946 1060 4944
f 4944 1011 4918
f 4918 1049 4946
f 4946 4944 4918
f 4944 1060 5621
f 5621 1360 5619
f 5619 1011 4944
f 4944 5621 5619
f 4947 1060 4945
f 4945 1048 4937
f 4937 1057 4947
f 4947 4945 4937
f 4945 1060 4946
f 4946 1049 4920
f 4920 1048 4945
f 4945 4946 4920
f 6806 1715 6807
f 6807 1057 4937
f 4937 1048 6806
f 6806 6807 4937
f 6807 1715 6808
f 6808 1712 6798
f 6798 1057 6807
f 6807 6808 6798
f 7461 1875 7460
f 7460 1712 6808
f 6808 1715 7461
f 7461 7460 6808
f 7460 1875 7463
f 7463 1873 7451
f 7451 1712 7460
f 7460 7463 7451
f 7464 1874 7458
f 7458 1873 7463
f 7463 1875 7464
f 7464 7458 7463
f 7458 1874 7457
f 7457 1870 7453
f 7453 1873 7458
f 7458 7457 7453
f 5625 1361 5642
f 5642 1367 5643
f 5643 1362 5625
f 5625 5642 5643
f 5642 1361 5632
f 5632 1364 5644
f 5644 1367 5642
f 5642 5632 5644
f 5622 1059 5631
f 5631 1364 5632
f 5632 1361 5622
f 5622 5631 5632
f 5631 1059 4941
f 4941 1034 5630
f 5630 1364 5631
f 5631 4941 5630
f 4943 1058 4939
f 4939 1034 4941
f 4941 1059 4943
f 4943 4939 4941
f 4939 1058 4938
f 4938 1031 4900
f 4900 1034 4939
f 4939 4938 4900
f 6801 1713 6800
f 6800 1031 4938
f 4938 1058 6801
f 6801 6800 4938
f 6800 1713 7700
f 7700 1924 7697
f 7697 1031 6800
f 6800 7700 7697
f 7447 1872 7702
f 7702 1924 7700
f 7700 1713 7447
f 7447 7702 7700
f 7702 1872 7448
f 7448 1869 7701
f 7701 1924 7702
f 7702 7448 7701
f 7450 1871 7445
f 7445 1869 7448
f 7448 1872 7450
f 7450 7445 7448
f 7445 1871 7444
f 7444 1866 7442
f 7442 1869 7445
f 7445 7444 7442
f 7696 1732 6881
f 6881 1700 7695
f 7695 1923 7696
f 7696 6881 7695
f 6881 1732 6878
f 6878 1281 6747
f 6747 1700 6881
f 6881 6878 6747
f 4888 1025 5923
f 5923 1461 5924
f 5924 1026 4888
f 4888 5923 5924
f 5923 1025 6737
f 6737 1698 6739
f 6739 1461 5923
f 5923 6737 6739
f 6218 1548 6217
f 6217 982 4806
f 4806 983 6218
f 6218 6217 4806
f 6217 1548 6222
f 6222 1392 5730
f 5730 982 6217
f 6217 6222 5730
f 4810 984 7407
f 7407 1861 7406
f 7406 895 4810
f 4810 7407 7406
f 7407 984 7412
f 7412 1862 7415
f 7415 1861 7407
f 7407 7412 7415
f 4809 894 7411
f 7411 1862 7412
f 7412 984 4809
f 4809 7411 7412
f 7411 894 7008
f 7008 1763 7414
f 7414 1862 7411
f 7411 7008 7414
f 4812 566 5313
f 5313 1241 5314
f 5314 985 4812
f 4812 5313 5314
f 5313 566 5309
f 5309 1238 5315
f 5315 1241 5313
f 5313 5309 5315
f 4817 986 6219
f 6219 1548 6218
f 6218 983 4817
f 4817 6219 6218
f 6219 986 5717
f 5717 1389 6221
f 6221 1548 6219
f 6219 5717 6221
f 4797 979 7505
f 7505 1884 7506
f 7506 980 4797
f 4797 7505 7506
f 7505 979 7510
f 7510 1885 7513
f 7513 1884 7505
f 7505 7510 7513
f 4791 925 7514
f 7514 1886 7515
f 7515 978 4791
f 4791 7514 7515
f 7514 925 6610
f 6610 1671 7518
f 7518 1886 7514
f 7514 6610 7518
f 6700 1174 5182
f 5182 969 6699
f 6699 1690 6700
f 6700 5182 6699
f 5182 1174 5181
f 5181 888 4746
f 4746 969 5182
f 5182 5181 4746
f 4804 982 5734
f 5734 1393 5732
f 5732 565 4804
f 4804 5734 5732
f 5734 982 5730
f 5730 1392 5737
f 5737 1393 5734
f 5734 5730 5737
f 4820 889 7421
f 7421 1864 7422
f 7422 987 4820
f 4820 7421 7422
f 7421 889 5187
f 5187 1177 7425
f 7425 1864 7421
f 7421 5187 7425
f 4825 981 7500
f 7500 1883 7501
f 7501 988 4825
f 4825 7500 7501
f 7500 981 7527
f 7527 1888 7530
f 7530 1883 7500
f 7500 7527 7530
f 5108 1136 5109
f 5109 975 4778
f 4778 901 5108
f 5108 5109 4778
f 5109 1136 5110
f 5110 1135 5107
f 5107 975 5109
f 5109 5110 5107
f 4824 988 6844
f 6844 1724 6843
f 6843 927 4824
f 4824 6844 6843
f 6844 988 7501
f 7501 1883 7504
f 7504 1724 6844
f 6844 7501 7504
f 4728 964 6233
f 6233 1553 6232
f 6232 571 4728
f 4728 6233 6232
f 6233 964 7546
f 7546 1894 7549
f 7549 1553 6233
f 6233 7546 7549
f 4819 987 5149
f 5149 1160 5148
f 5148 886 4819
f 4819 5149 5148
f 5149 987 7422
f 7422 1864 7423
f 7423 1160 5149
f 5149 7422 7423
f 4829 985 7040
f 7040 1772 7041
f 7041 989 4829
f 4829 7040 7041
f 7040 985 5314
f 5314 1241 7042
f 7042 1772 7040
f 7040 5314 7042
f 4831 887 7427
f 7427 1865 7428
f 7428 990 4831
f 4831 7427 7428
f 7427 887 5146
f 5146 1159 7429
f 7429 1865 7427
f 7427 5146 7429
f 4833 990 7382
f 7382 1856 7380
f 7380 899 4833
f 4833 7382 7380
f 7382 990 7428
f 7428 1865 7432
f 7432 1856 7382
f 7382 7428 7432
f 4458 572 6223
f 6223 1550 6224
f 6224 893 4458
f 4458 6223 6224
f 6223 572 6227
f 6227 1551 6229
f 6229 1550 6223
f 6223 6227 6229
f 4828 989 7648
f 7648 1915 7647
f 7647 965 4828
f 4828 7648 7647
f 7648 989 7041
f 7041 1772 7651
f 7651 1915 7648
f 7648 7041 7651
f 5711 1387 5712
f 5712 991 4834
f 4834 397 5711
f 5711 5712 4834
f 5712 1387 5723
f 5723 1390 5722
f 5722 991 5712
f 5712 5723 5722
f 5722 1390 5721
f 5721 986 4837
f 4837 991 5722
f 5722 5721 4837
f 5721 1390 5725
f 5725 1389 5717
f 5717 986 5721
f 5721 5725 5717
f 4838 595 5317
f 5317 595 5319
f 5288 1228 5287
f 5287 963 4788
f 4788 977 5288
f 5288 5287 4788
f 5287 1228 5293
f 5293 1231 5291
f 5291 963 5287
f 5287 5293 5291
f 4839 992 5707
f 5707 1386 5706
f 5706 396 4839
f 4839 5707 5706
f 5707 992 6752
f 6752 1701 6756
f 6756 1386 5707
f 5707 6752 6756
f 4841 401 6751
f 6751 1701 6752
f 6752 992 4841
f 4841 6751 6752
f 6751 401 5452
f 5452 1297 6755
f 6755 1701 6751
f 6751 5452 6755

