# https://github.com/mikedh/trimesh
v 0.06947206 0.31074637 0.03150447
v 0.07536015 0.32002601 0.01269638
v 0.07329774 0.33206072 0.00738071
v 0.07225764 0.32009912 0.02039465
v 0.07824808 0.28342918 0.04130037
v 0.08395424 0.26976982 0.05073620
v 0.10161638 0.27130359 0.04426682
v 0.09531590 0.28882480 0.02992886
v 0.10507251 0.25417823 0.05517405
v 0.08703399 0.25348288 0.06022328
v 0.10269699 0.19868863 0.09280668
v 0.10560495 0.21823823 0.07957418
v 0.08628255 0.21652491 0.08452814
v 0.08417269 0.19684161 0.09750942
v 0.13251278 0.10943099 0.12582265
v 0.12088428 0.11222843 0.13437715
v 0.11790714 0.09984423 0.14492445
v 0.13098848 0.09489214 0.13765740
v 0.18084192 0.20514220 0.05527603
v 0.18825679 0.18610841 0.05367226
v 0.19508131 0.21250129 0.05256548
v 0.18443568 0.22881715 0.04984376
v 0.08682476 0.30904281 -0.02259643
v 0.07232461 0.32376119 -0.01938200
v 0.08090186 0.31700352 -0.00034410
v 0.09808064 0.30214551 0.00349893
v 0.17489710 0.10011809 0.05798527
v 0.17132549 0.11933780 0.06917239
v 0.16765796 0.10758362 0.07499243
v 0.17104141 0.09072114 0.06509315
v 0.16549794 -0.01092726 0.09247410
v 0.15154141 -0.00895696 0.12134995
v 0.14411139 -0.03797264 0.12272426
v 0.15500118 -0.03981432 0.09350330
v 0.17439775 0.00876407 -0.00358270
v 0.17431724 -0.01612437 -0.00624322
v 0.16925761 -0.00938650 -0.03058476
v 0.16965778 0.01205259 -0.03447953
v 0.14205165 0.19850111 0.08722305
v 0.14484850 0.21685895 0.07709594
v 0.12510622 0.21931177 0.07847511
v 0.12259071 0.20034961 0.09047124
v 0.27610692 0.09872027 0.03805426
v 0.26850554 0.10828094 0.03837267
v 0.25752425 0.09711435 0.04070003
v 0.26188311 0.08776595 0.04288461
v 0.19170541 -0.12202746 0.03691900
v 0.17905302 -0.13161224 0.04540612
v 0.17577671 -0.12348229 0.02013951
v 0.18983874 -0.11884574 0.01100789
v 0.21274745 0.23620142 0.01624799
v 0.21078469 0.24575506 -0.00669531
v 0.20444371 0.25816041 -0.01242877
v 0.20782569 0.25110847 0.01122653
v 0.18894583 0.15265727 0.05811600
v 0.18789954 0.16772506 0.05627965
v 0.18418701 0.18624564 0.06088635
v 0.18369085 0.16983725 0.06551554
v 0.17133354 0.03848692 -0.03643475
v 0.16990656 0.04267659 -0.03637769
v 0.17384091 0.04396140 -0.01377893
v 0.17412463 0.03714336 -0.01327568
v 0.17142282 0.02753695 -0.01002263
v 0.16777362 0.02811585 -0.03512796
v 0.17219636 0.18249494 0.07313507
v 0.17818956 0.20196447 0.06859428
v 0.16224909 0.21074770 0.07340761
v 0.15876430 0.19200900 0.08062793
v 0.11809482 0.08304630 0.15582125
v 0.13497302 0.07560347 0.14449844
v 0.18115227 -0.14117229 0.07233249
v 0.18128404 -0.12450433 0.06244767
v 0.16424821 -0.13495755 0.08514436
v 0.17028224 -0.14670019 0.09862956
v 0.14713404 0.02204579 0.14579937
v 0.16224435 0.01844951 0.11912769
v 0.15461877 0.04665796 0.12654603
v 0.14137322 0.05103982 0.15028924
v 0.15133822 -0.15510303 0.12114139
v 0.14585981 -0.14165491 0.10938701
v 0.12429532 -0.14579254 0.13048020
v 0.12821740 -0.16196564 0.13790624
v 0.10664897 0.23668039 0.06677379
v 0.08747383 0.23584139 0.07159086
v 0.15363853 0.10217243 0.10243890
v 0.14367391 0.10527042 0.11479142
v 0.14289254 0.09005871 0.12525247
v 0.15423343 0.08445267 0.10779698
v 0.18901727 0.13127108 0.04490171
v 0.19405107 0.14316545 0.04829421
v 0.20076896 0.18676417 0.05506484
v 0.19069986 0.16077785 0.05137988
v 0.17668124 -0.14386976 0.02360243
v 0.17507021 -0.15096349 0.04901255
v 0.14211650 -0.17856587 0.11346839
v 0.12340365 -0.18888196 0.12973352
v 0.22459543 0.05455720 -0.04570661
v 0.23313446 0.06440109 -0.01310601
v 0.21846029 0.06303165 -0.01334119
v 0.21575272 0.05273445 -0.04393592
v 0.08517426 0.11722411 0.14891967
v 0.09972523 0.09675393 0.15800090
v 0.10528977 0.11126040 0.14562219
v 0.09437208 0.12606689 0.13888223
v 0.15694277 0.06560501 0.10825135
v 0.14839455 0.07021926 0.12697397
v 0.16142620 0.04568332 0.10081831
v 0.07329506 0.10137086 0.16224790
v 0.09347551 0.07137525 0.17067862
v 0.06848206 0.23247136 0.07833879
v 0.06753458 0.21317278 0.09004930
v 0.06949797 0.24995987 0.06814902
v 0.06743702 0.26565364 0.05905095
v 0.05095688 0.26019949 0.06703942
v 0.05126635 0.24477556 0.07546786
v 0.06456466 0.27790594 0.05056347
v 0.04888876 0.27270192 0.05817555
v 0.05716642 0.30479103 0.04454926
v 0.05282744 0.31708488 0.03975419
v 0.19012213 0.14585994 0.05095056
v 0.18679233 0.13266008 0.05089201
v 0.16159457 -0.16673788 0.09505862
v 0.09126487 0.24611118 -0.11125323
v 0.10892092 0.24331446 -0.10882843
v 0.10990863 0.22654380 -0.11461649
v 0.09387740 0.22700344 -0.11769934
v 0.11847334 0.29478452 -0.00264238
v 0.10475820 0.30076268 -0.02693541
v 0.17296107 0.13955946 -0.11341113
v 0.17831407 0.12508823 -0.11371674
v 0.17348863 0.12329288 -0.11164462
v 0.16498034 0.14203945 -0.11251777
v 0.20196079 0.08058076 -0.08797368
v 0.19659838 0.10254352 -0.09693098
v 0.19518146 0.10752907 -0.08687085
v 0.20205273 0.09280024 -0.08034259
v 0.17190327 -0.11951821 -0.00630704
v 0.18320256 -0.11272995 -0.01434646
v 0.15520927 0.05216836 -0.10467940
v 0.15474555 0.06532638 -0.09272661
v 0.15668401 0.04913400 -0.07690875
v 0.16293025 0.03381315 -0.08296619
v 0.00968502 0.24144623 -0.11280293
v 0.02813200 0.24377449 -0.11034933
v 0.02889017 0.22447750 -0.11431993
v 0.00973547 0.22287183 -0.11635578
v 0.05445895 0.26676092 -0.10501083
v 0.04081089 0.26676378 -0.10427915
v 0.03633241 0.28610933 -0.09741193
v 0.04982249 0.28515446 -0.09634244
v 0.07388495 0.24750751 -0.11244991
v 0.07786391 0.22676377 -0.11877609
v 0.16713893 0.04579980 -0.05757832
v 0.16728707 0.05189165 -0.05698881
v 0.17345525 0.06426010 -0.05749737
v 0.17650349 0.07024124 -0.05854768
v 0.17969665 0.06646544 -0.03513779
v 0.17858791 0.05972964 -0.03582015
v 0.06378707 0.33805245 -0.01849943
v 0.05955572 0.32457089 -0.02996721
v 0.05315724 0.34138706 -0.02404997
v 0.02565758 0.35799199 -0.03926449
v 0.03207188 0.35652164 -0.03485703
v 0.03077130 0.34574872 -0.04112726
v 0.02253763 0.35082191 -0.04506575
v 0.03976001 0.14503174 -0.12368222
v 0.04758259 0.12104122 -0.12447980
v 0.01634266 0.12510562 -0.12200994
v 0.01458170 0.14585170 -0.12075747
v 0.17836824 0.08099912 -0.07778792
v 0.18239594 0.09379549 -0.09179801
v 0.18686730 0.09409630 -0.09489550
v 0.18576078 0.07805950 -0.08068874
v 0.17994595 0.09227145 -0.09003043
v 0.17459866 0.08020302 -0.07583807
v 0.17378511 0.07545353 -0.07437563
v 0.17684302 0.08810192 -0.08832314
v 0.15822542 0.07351537 -0.08439414
v 0.16286054 0.08286389 -0.08148339
v 0.16615570 0.06628098 -0.07027678
v 0.16268639 0.05915477 -0.07374147
v 0.01861172 0.04262732 -0.12939458
v 0.01763542 0.07423197 -0.12575781
v 0.04801350 0.06877129 -0.12682372
v 0.04979909 0.03632330 -0.12583023
v 0.21949941 0.10812110 0.03558014
v 0.22498566 0.10669942 0.03042038
v 0.22030407 0.12663418 0.04652853
v 0.21178719 0.13058740 0.04930641
v 0.18411671 0.12823637 -0.08696584
v 0.18609473 0.13923654 -0.09021475
v 0.19533873 0.13037971 -0.08983031
v 0.19200134 0.12282036 -0.08670507
v 0.21559049 0.08729053 -0.00618559
v 0.21545027 0.07702089 -0.01478939
v 0.21930505 0.08477338 0.01068993
v 0.22305934 0.09762559 0.02232838
v 0.10948397 0.29267192 -0.05145454
v 0.08926871 0.30289948 -0.04593427
v 0.12369607 0.29438892 -0.03074530
v 0.21379788 0.08263075 -0.05072772
v 0.20664392 0.09129092 -0.06684113
v 0.20826381 0.09019337 -0.06842540
v 0.20592396 0.08412018 -0.05536864
v 0.28633633 0.10637194 0.03229523
v 0.27655616 0.12137201 0.03093451
v 0.21116540 0.06248245 -0.03744180
v 0.20813720 0.07241195 -0.03741787
v 0.20500837 0.07458556 -0.05596308
v 0.21027018 0.06527314 -0.05290995
v 0.16587196 0.01498443 -0.08165687
v 0.15145624 0.03142220 -0.10077076
v 0.16364452 -0.11241674 -0.06203620
v 0.15153749 -0.10998524 -0.05572353
v 0.16750824 -0.11323810 -0.03286068
v 0.16508652 -0.11773325 -0.03400391
v 0.17662482 -0.13948174 -0.00285702
v 0.16626889 -0.13588190 -0.05702534
v 0.17752676 -0.13460514 -0.03150356
v 0.05021972 0.35872540 -0.01927780
v 0.04619626 0.36960739 -0.02405841
v 0.18462086 -0.23306799 0.01723891
v 0.18115196 -0.22795424 0.04237106
v 0.18311557 -0.23992260 0.03562257
v 0.18576066 -0.24899736 0.01294460
v 0.01629497 0.37675509 -0.04949587
v 0.03049185 0.37830439 -0.03877765
v 0.18256950 -0.21480897 0.01511127
v 0.18069369 -0.21634047 0.04107606
v 0.05883424 0.35342497 -0.01760128
v 0.06755760 0.34874451 -0.00948545
v 0.17550609 -0.23322156 0.05999444
v 0.17702781 -0.24581005 0.05542030
v 0.17984100 -0.15980010 0.02920875
v 0.18119706 -0.15566239 0.00243804
v 0.04185449 -0.24985099 -0.12219121
v 0.04643164 -0.23001581 -0.12018317
v 0.08490878 -0.22673625 -0.11091985
v 0.07817146 -0.24275064 -0.11301114
v 0.18032989 -0.15388560 -0.02544832
v 0.16331419 -0.15590218 -0.04322312
v 0.18237342 -0.16373561 0.05407841
v 0.10204109 -0.19881730 0.14432846
v 0.10419121 -0.22781141 0.14175145
v 0.12494708 -0.21476908 0.12873465
v 0.02682000 -0.23158583 0.17306083
v 0.02599520 -0.26252282 0.16656087
v 0.05396803 -0.25334597 0.16219738
v 0.05294942 -0.22097738 0.16687341
v 0.04439925 -0.30511376 0.14693177
v 0.02879952 -0.30863678 0.14879075
v 0.16576383 -0.24097365 0.07967037
v 0.16493018 -0.23104438 0.08298841
v 0.15239361 -0.24362037 0.10100482
v 0.15076628 -0.25229561 0.09998632
v 0.14790234 -0.15637833 -0.06660689
v 0.14414458 -0.13299280 -0.07097101
v 0.12084828 -0.13222036 -0.08647075
v 0.12186603 -0.10682569 -0.09884822
v 0.14443932 -0.10891414 -0.08256184
v 0.10269723 0.07303701 -0.11429811
v 0.10354269 0.09606430 -0.11698855
v 0.13006282 0.07423073 -0.11329140
v 0.12864301 0.05288637 -0.10822260
v 0.04437009 0.24539229 -0.11028986
v 0.04721455 0.22517997 -0.11587210
v 0.12110128 -0.27161321 0.12427397
v 0.05079911 -0.18410288 0.16952577
v 0.02565937 -0.19480276 0.17564523
v 0.10201166 -0.16750282 0.14820832
v 0.07583733 -0.17510559 0.15956621
v 0.07813127 -0.20963785 0.15715906
v 0.06780661 -0.06394660 0.18275419
v 0.05758330 -0.09406973 0.17765166
v 0.08394179 -0.08854945 0.16142607
v 0.09800093 -0.06392841 0.16938764
v 0.10653651 -0.03475805 0.17001522
v 0.07675592 -0.03500587 0.18245624
v 0.09536443 0.03156476 0.18360604
v 0.12826110 0.02589623 0.17065108
v 0.12149721 0.05779473 0.16807024
v 0.05101044 0.22743237 0.08561593
v 0.05081944 0.20810638 0.09732257
v 0.16764268 -0.24361156 0.07289610
v 0.17441127 -0.22162651 0.06321875
v 0.17937081 -0.15751950 0.07630424
v 0.16836251 -0.17368910 0.07352603
v 0.17206155 0.02255098 0.03113950
v 0.17477262 -0.01043558 0.02540195
v 0.10889508 0.11975046 0.13562009
v 0.10350772 0.13091415 0.13127388
v 0.14903016 -0.08166187 -0.06233722
v 0.16367263 -0.08932032 -0.03886680
v 0.17014354 0.06719045 0.07175600
v 0.16384354 0.06670131 0.09016672
v 0.16758122 0.04603473 0.07659726
v 0.17318122 0.04618430 0.05512479
v 0.17845020 0.05046022 0.03941078
v 0.17417948 0.07089482 0.05646510
v 0.17834263 0.05935995 0.02871282
v 0.17570132 0.07854742 0.04575853
v 0.18883446 0.11030884 0.03277983
v 0.19482005 0.11382438 0.03314215
v 0.05903998 0.02419061 0.17994794
v 0.05104343 -0.00831491 0.17939606
v 0.08556865 -0.00488568 0.18345489
v 0.08015586 -0.24123186 0.15394862
v 0.10382701 -0.29382887 0.12991436
v 0.08422335 -0.29675362 0.13750531
v 0.07854109 0.02691516 -0.12039106
v 0.07609644 0.06036885 -0.12170540
v 0.00947204 0.26174039 -0.10816099
v 0.02610506 0.26475465 -0.10498158
v 0.02045701 0.30365694 -0.08926059
v 0.00814794 0.30216128 -0.09282891
v 0.00758152 0.32060924 -0.08082765
v 0.01709499 0.32151407 -0.07695837
v 0.00525534 0.38249883 -0.05237421
v 0.22480877 0.04430474 -0.04883233
v 0.21669008 0.05456760 -0.05152940
v 0.22597119 0.05716219 -0.06083744
v 0.23753545 0.04421714 -0.05672242
v 0.06803554 0.14325595 -0.12376010
v 0.07840597 0.11710415 -0.12216503
v 0.07122602 0.33700278 -0.00635212
v 0.16071340 0.28354540 -0.03072100
v 0.14254367 0.28901780 -0.03152635
v 0.15334158 0.28820667 -0.00814437
v 0.16943088 0.28311193 -0.00519822
v 0.12685296 0.25145915 -0.09736294
v 0.10982941 0.25709224 -0.09984414
v 0.11214062 0.26891801 -0.08782527
v 0.13076942 0.26324567 -0.08584636
v 0.07300361 -0.25263876 -0.11525301
v 0.03833449 -0.26005736 -0.12290443
v 0.04955198 -0.07664271 -0.11225034
v 0.04992632 -0.03838110 -0.11701637
v 0.08080832 -0.04842392 -0.10791101
v 0.08108381 -0.08588752 -0.09985683
v 0.09931244 0.12697503 -0.11946546
v 0.12266839 0.10414523 -0.11535431
v 0.06271408 0.12923914 0.14628509
v 0.07519829 0.13730493 0.13708057
v 0.06927859 0.15585455 0.12631600
v 0.05623153 0.15019913 0.13223696
v 0.23473939 0.09523126 -0.08018027
v 0.22741981 0.07556404 -0.07255773
v 0.21398255 0.08232632 -0.07881124
v 0.21333930 0.09510103 -0.08441800
v 0.18157415 -0.04875900 -0.04317293
v 0.18077934 -0.07579240 -0.02960227
v 0.16779113 -0.06717627 -0.05460820
v 0.16445491 -0.03723959 -0.06368813
v 0.16284178 0.02030497 -0.05876930
v 0.16472577 0.00100024 -0.05593427
v 0.16161525 0.03594532 -0.05743043
v 0.21642235 0.05997017 -0.07258204
v 0.20588450 0.05565552 -0.07010005
v 0.19612525 0.07403187 -0.08777162
v 0.21088199 0.08770280 -0.03443415
v 0.21956250 0.08259827 -0.02785855
v 0.18860635 0.06819027 -0.03981567
v 0.19836693 0.06039598 -0.04221144
v 0.19639730 0.06866585 -0.01260796
v 0.18739124 0.07517519 -0.00948977
v 0.18098049 0.07002595 -0.06261085
v 0.19037138 0.06555409 -0.06499650
v 0.17509896 0.22192836 0.05975954
v 0.17196392 0.24141265 0.05228259
v 0.15610859 0.25264847 0.05424552
v 0.16227920 0.23185706 0.06549038
v 0.14370155 0.23546121 0.06704959
v 0.13990870 0.25270081 0.05558846
v 0.12293219 0.25442129 0.05439841
v 0.12554061 0.23731364 0.06662633
v 0.08081481 0.30632508 0.02132495
v 0.07260643 0.29774171 0.03730240
v 0.06058066 0.29113686 0.04655484
v 0.04684710 0.28545064 0.05321355
v 0.00585029 0.37180626 -0.04909848
v 0.01753817 0.36567140 -0.04312234
v 0.01315030 0.35324496 -0.04967874
v 0.00563835 0.35489705 -0.05455238
v -0.00289066 0.35025525 -0.05915252
v -0.00185661 0.36984554 -0.05056375
v 0.04543139 0.31276792 0.04982213
v 0.29829088 0.11542749 0.02081760
v 0.28693256 0.12784304 0.01703200
v 0.30564913 0.12169592 0.00030373
v 0.29510689 0.13121000 0.00148689
v 0.13697328 0.28288707 0.02122182
v 0.15432896 0.28290388 0.01777101
v 0.13716529 0.29150128 -0.00560661
v 0.19337767 -0.10134119 0.02965837
v 0.17887139 -0.10657980 0.05214705
v 0.00167637 -0.06802484 0.18162681
v -0.00400147 -0.08980492 0.19001137
v 0.02279821 -0.09641765 0.18608882
v 0.03373475 -0.06410113 0.18607154
v 0.02235149 0.01675892 0.17733389
v 0.01586176 -0.01313389 0.17372051
v 0.04897769 -0.15370643 0.16984476
v 0.05029227 -0.11874210 0.17482655
v 0.01965110 -0.12614337 0.18075398
v 0.02218457 -0.15996453 0.17934406
v 0.00902761 -0.19332679 0.18065201
v 0.00818838 -0.21240047 0.17644405
v 0.23544846 0.15836892 0.04036650
v 0.24128757 0.17636293 0.02588974
v 0.22887927 0.19788089 0.02325937
v 0.22510147 0.17743424 0.04004610
v 0.09982479 -0.14793435 0.14729725
v 0.07724524 -0.14552572 0.16517767
v 0.18669397 0.12381162 0.04405580
v 0.18502705 0.10112770 0.03281818
v 0.06148190 0.06149466 0.17555158
v 0.08737750 0.14185974 0.13041811
v 0.08390705 0.15875086 0.12074435
v 0.10101862 0.14373605 0.12393537
v 0.09964088 0.16029346 0.11489092
v 0.20855770 0.18256336 -0.08443368
v 0.20775826 0.17126980 -0.08854037
v 0.19391254 0.17574899 -0.09389191
v 0.19632468 0.18886307 -0.08949815
v 0.30693606 0.11889737 -0.01506234
v 0.30463842 0.11389195 -0.02857725
v 0.29426801 0.12719451 -0.03549746
v 0.29400742 0.13364612 -0.01831241
v 0.21608570 0.06387091 -0.01686199
v 0.21832223 0.05376654 -0.01834720
v 0.22350264 0.05913433 0.00406840
v 0.22180675 0.07104088 0.00677113
v 0.22021216 0.04406712 -0.02097635
v 0.21544772 0.05270305 -0.03836969
v 0.21983294 0.04394288 -0.04009219
v 0.25598234 0.05169736 -0.06609777
v 0.24009955 0.06161678 -0.06818185
v 0.25486287 0.07733779 -0.07371659
v 0.27051097 0.06322633 -0.06984532
v 0.29132730 0.10103172 -0.05122612
v 0.27984446 0.07941057 -0.06734478
v 0.27500197 0.09775360 -0.06791450
v 0.28901687 0.11685381 -0.05032579
v 0.24459577 0.07090936 0.03787213
v 0.24480122 0.08362755 0.03746440
v 0.23259708 0.06970461 0.02464487
v 0.23299161 0.05632022 0.02245726
v 0.24323416 0.19006257 0.00596729
v 0.22912216 0.21048994 0.00217272
v 0.20025976 0.13967149 0.05032213
v 0.20598273 0.13547736 0.05186496
v 0.20417799 0.16582789 0.05539289
v 0.20275068 0.17536710 0.05622992
v 0.26437867 0.13998970 0.02936760
v 0.27384421 0.14408959 0.01664678
v 0.25936523 0.16616619 0.01195993
v 0.25235084 0.15672907 0.02957299
v 0.23972712 0.09694879 0.03724395
v 0.23139244 0.11260802 0.03912015
v 0.22456793 0.09873035 0.03057187
v 0.22962500 0.08343569 0.02692738
v 0.20788608 0.07506917 -0.06877126
v 0.21439254 0.06921908 -0.06274275
v 0.21972239 0.15804172 0.04738405
v 0.22931054 0.14124303 0.04491027
v 0.18418849 0.11019454 0.04204273
v 0.18447319 0.07214027 -0.00935216
v 0.18091868 0.06256784 -0.01124392
v 0.16199145 0.08436674 0.09035119
v 0.16080584 0.10004779 0.08985499
v 0.17721272 0.05323911 0.00608748
v 0.17704161 0.04395923 0.00928524
v 0.16539370 0.09864486 0.08007681
v 0.16717237 0.08533551 0.07587605
v 0.13609421 -0.00640364 0.14859563
v 0.04537901 0.29896268 0.05192086
v 0.23892589 0.12528038 0.04217822
v 0.24660338 0.14100462 0.03914253
v 0.20166397 0.10331681 -0.08009938
v 0.20425770 0.09695970 -0.07536256
v 0.19823955 0.10067995 -0.07405878
v 0.19284016 0.10922165 -0.07790753
v 0.14003789 0.13088968 -0.12323686
v 0.14973761 0.11349026 -0.10731611
v 0.13962227 0.10924359 -0.11833374
v 0.12114397 0.12946051 -0.11749593
v 0.21845201 0.19828898 -0.06576442
v 0.20783341 0.20845541 -0.07056678
v 0.21449864 0.21513252 -0.05585380
v 0.22644310 0.20192365 -0.05088248
v 0.22092520 0.21809323 -0.03799286
v 0.22659680 0.21711680 -0.01890320
v 0.24108836 0.19707340 -0.01482872
v 0.23490645 0.20140427 -0.03328086
v 0.14281929 -0.20102546 0.11337874
v 0.15736084 -0.18676883 0.09501071
v 0.12254399 -0.27007523 0.12385385
v 0.14682420 -0.11661439 0.10359257
v 0.12605685 -0.11833064 0.12508570
v 0.16114597 -0.06601040 0.10234592
v 0.15667862 -0.09243953 0.10434406
v 0.17409144 -0.08866571 0.07866649
v 0.16598910 -0.06856406 0.06961106
v 0.17548147 -0.06611138 0.01010878
v 0.19148904 -0.07921784 0.02136981
v 0.19209363 -0.07815390 -0.00465620
v 0.17841658 -0.05979680 -0.01657047
v 0.17271768 -0.09473401 -0.01241757
v 0.18660800 -0.09936265 0.00866368
v 0.10714796 -0.02285859 -0.10684011
v 0.10359591 0.01471625 -0.10769628
v 0.12444001 -0.00076445 -0.09209767
v 0.13043036 -0.03684405 -0.09244347
v 0.21969312 0.09090757 0.00074982
v 0.16857085 0.12181318 -0.10797652
v 0.15978695 0.13920587 -0.11138804
v 0.25787923 0.17616324 -0.01114744
v 0.25072071 0.18212256 -0.03057532
v 0.22383434 0.12827633 0.04276950
v 0.21905132 0.21749695 0.02052867
v 0.21170992 0.21685235 0.03551276
v 0.21709427 0.19768745 0.03819448
v 0.13671173 -0.26196790 0.11284549
v 0.14817168 -0.25734717 0.09996022
v 0.11929824 0.28447759 0.02409796
v 0.19170453 0.09098341 0.01450441
v 0.19926573 0.09051760 0.01303283
v 0.21840264 0.14288311 0.04986272
v 0.27498522 0.12765007 -0.05976842
v 0.27677307 0.14332521 -0.04536380
v 0.21930997 0.11208019 0.03931213
v 0.20468393 0.11139077 0.03527613
v 0.21443394 0.10798107 0.03895681
v 0.23626903 0.03125852 -0.04610031
v 0.24805534 0.03100005 -0.05382364
v 0.22747490 0.03247087 -0.03696990
v 0.22342125 0.03318938 -0.02680337
v 0.24550769 0.05650604 0.03744047
v 0.23374015 0.04527969 0.02271041
v 0.25264022 0.07790573 0.04674441
v 0.28063974 0.09050639 0.04104230
v 0.30714771 0.11397783 0.01555171
v 0.31257281 0.11333954 0.00156577
v 0.31338665 0.10921762 -0.01285454
v 0.28745908 0.09050968 -0.05321486
v 0.30792633 0.10552435 -0.02552885
v 0.27946872 0.07882410 -0.06280293
v 0.29340157 0.09777517 0.03513590
v 0.26630327 0.04429689 -0.06532836
v 0.27735263 0.05259375 -0.06812522
v 0.22481540 0.03834109 0.00510854
v 0.22371405 0.04878282 0.00331099
v 0.00873352 0.28246117 -0.10173900
v -0.00872763 0.25600541 -0.11120825
v -0.00848048 0.27633482 -0.10529356
v 0.17533617 0.03493963 0.01634027
v 0.16869983 0.01800807 0.08918570
v 0.17079142 0.01813431 0.06001162
v 0.18605782 0.08399268 0.01431123
v 0.18211430 0.07316617 0.01152119
v 0.22430412 0.08157544 0.01679409
v 0.20781691 0.07940740 0.01565217
v 0.17846294 0.06553324 0.02190464
v 0.00590318 -0.17410645 0.18480220
v -0.00559455 -0.21418381 0.17729166
v -0.00474761 -0.23857427 0.17420916
v 0.06982240 -0.15652618 -0.11103290
v 0.08260114 -0.17042983 -0.11994755
v 0.04236460 -0.16752727 -0.13212022
v 0.03194498 -0.15507281 -0.11800095
v 0.00081757 -0.17963856 -0.11992091
v -0.00213039 -0.16098255 -0.13728580
v 0.04851389 -0.18880327 -0.11575635
v 0.17527564 -0.23289354 -0.03231437
v 0.17160362 -0.20985480 -0.03501900
v 0.17869575 -0.20204110 -0.00913313
v 0.18058670 -0.22516908 -0.00944991
v 0.17961760 -0.18483005 0.01207081
v 0.18126893 -0.19878305 0.01639756
v 0.17717461 -0.18367845 -0.01135422
v 0.17852703 -0.18729407 0.03653002
v 0.17974953 -0.20202906 0.03918321
v 0.17402893 -0.19416460 0.05950488
v 0.17429969 -0.20876773 0.06206263
v 0.16551353 -0.22007887 0.08260041
v 0.15381026 -0.23339838 0.10034055
v 0.13740884 -0.25756973 0.11431644
v 0.13896759 -0.24858136 0.11437935
v 0.12245160 -0.26476535 0.12456033
v 0.10511790 -0.28125474 0.13126926
v 0.08627038 -0.29216456 0.13655694
v 0.05687444 -0.30125898 0.14406143
v 0.02549271 -0.30792886 0.14800771
v -0.01067794 -0.30791658 0.14835395
v -0.00057190 -0.30594626 0.15020294
v 0.11979234 0.26962686 0.04130615
v 0.04715857 0.33029258 -0.03478280
v 0.07208393 0.31349614 -0.03766071
v 0.05693631 0.31661960 -0.04656722
v 0.09027024 0.26224890 -0.10209635
v 0.07110987 0.26577160 -0.10450052
v 0.06821802 0.28155178 -0.09408473
v 0.08976026 0.27604431 -0.09021109
v 0.03855610 0.33758599 -0.03780260
v 0.03665121 0.35234654 -0.03127727
v 0.04293739 0.32290077 -0.05174060
v 0.03182745 0.33065704 -0.05420726
v 0.02132629 0.33649853 -0.05761930
v 0.14905165 0.27984896 -0.05171858
v 0.16645010 0.27488065 -0.04920455
v 0.15526019 0.26880789 -0.06764714
v 0.13837981 0.27270475 -0.07072885
v 0.12517877 0.23839353 -0.10543147
v 0.13869399 0.23407951 -0.10489340
v 0.13846473 0.22070369 -0.11162926
v 0.12532933 0.22397639 -0.11140811
v 0.19919233 0.25899133 -0.03472506
v 0.20654236 0.24706531 -0.02941626
v 0.20033990 0.24484721 -0.04959860
v 0.19261010 0.25573614 -0.05482263
v 0.14085817 0.24685650 -0.09567928
v 0.08788908 0.14795133 -0.12235616
v 0.10627094 0.14721681 -0.12016694
v 0.12458926 0.14696649 -0.12140794
v 0.15442027 0.15645771 -0.11906691
v 0.15395106 0.13701734 -0.11005573
v 0.14833590 0.15347694 -0.12061356
v 0.15859309 0.16124497 -0.11595089
v 0.16699445 0.15447535 -0.11186705
v 0.20846540 0.23402217 0.03189393
v 0.20580059 0.20695472 0.04756319
v 0.20782025 0.19224453 0.04915341
v 0.18865141 0.14286223 -0.11190203
v 0.19259083 0.13118874 -0.10777003
v 0.18295212 0.13175169 -0.11444174
v 0.17740862 0.14580785 -0.11412570
v 0.12997270 0.28541231 -0.05280212
v 0.19518641 0.24265644 -0.06925766
v 0.19291250 0.23194493 -0.08326422
v 0.18291077 0.23801415 -0.08307627
v 0.18745439 0.25195456 -0.07202984
v 0.18833046 0.22007610 -0.09324380
v 0.18582474 0.20747699 -0.09761211
v 0.17434818 0.20780037 -0.10020564
v 0.17773563 0.22197512 -0.09278056
v 0.18688647 0.15455794 -0.11259246
v 0.17427817 0.15919812 -0.11226819
v 0.21858940 0.22993889 -0.00173104
v 0.19002721 0.27262044 -0.02378372
v 0.17703106 0.27777955 -0.02820500
v 0.18449023 0.27717355 -0.00269315
v 0.19577627 0.27146077 0.00102742
v 0.22589463 0.08656393 0.01062650
v 0.23471268 0.07635000 -0.02244592
v 0.22903486 0.07076038 -0.05112772
v 0.19332846 0.09615483 -0.09970806
v 0.21522352 0.07825097 -0.07017031
v 0.21029066 0.15447082 0.05264381
v 0.21239862 0.17476165 0.04911740
v 0.18718329 0.26943755 0.02274203
v 0.19712155 0.25986445 0.02536277
v 0.21516520 0.23377010 -0.02407344
v 0.20965818 0.23254915 -0.04428833
v 0.18545260 0.11993314 -0.08272599
v 0.18938677 0.12649329 -0.09497251
v 0.18831721 0.13748135 -0.09885149
v 0.18733068 0.10951830 -0.10777242
v 0.19255987 0.11629988 -0.11036437
v 0.18071306 0.27037466 -0.04531949
v 0.20031518 0.21990466 -0.07923519
v 0.20361507 0.22967924 -0.06449734
v 0.16486855 0.22567980 -0.09770592
v 0.15067022 0.22942735 -0.10136725
v 0.15542711 0.24327022 -0.09145624
v 0.16924080 0.24004517 -0.08696773
v 0.19533236 0.18772407 -0.09996169
v 0.19584066 0.20405422 -0.09817954
v 0.14909203 0.21625760 -0.10961178
v 0.16116111 0.21103193 -0.10435062
v 0.18809599 0.14917277 -0.10141891
v 0.17222041 0.27680928 0.02120042
v 0.15388557 0.26883620 0.03772863
v 0.17182949 0.26109058 0.03846801
v 0.18603291 0.25107762 0.03960212
v 0.19654481 0.23851210 0.04121029
v 0.20377694 0.22250004 0.04466569
v 0.13780743 0.26801896 0.04121600
v 0.18902102 0.11520223 -0.07998861
v 0.19342344 0.11567828 -0.08451551
v 0.19717015 0.10923181 -0.08170925
v 0.25789580 0.11050153 -0.07583597
v 0.03435922 0.25547427 0.07294293
v 0.03429808 0.23937479 0.08147825
v 0.25773001 0.12358898 0.03845176
v 0.24888170 0.10987949 0.04049630
v 0.27745140 0.15091701 -0.00358026
v 0.26977035 0.15920913 -0.03027865
v 0.08070523 -0.11780026 0.16478144
v 0.15115310 -0.05209875 -0.07596787
v 0.14407772 -0.01872142 -0.07712644
v 0.05040683 -0.00040172 -0.12319021
v 0.08022081 -0.01026031 -0.11669784
v 0.17197490 -0.06874208 0.03752485
v 0.18632022 -0.08205840 0.04884426
v 0.14821804 -0.06633146 0.13034397
v 0.13664494 -0.09250413 0.12697254
v 0.16260836 -0.11274750 0.07795902
v 0.10852891 -0.09633528 -0.08908315
v 0.10774018 -0.06048993 -0.09810836
v 0.13171035 -0.07237370 -0.08343874
v 0.13224810 -0.10423612 -0.07492907
v 0.01782858 -0.03024808 -0.12835488
v 0.01903061 0.00708169 -0.13097769
v 0.17200689 -0.03883739 0.00179798
v 0.16815588 -0.03396002 -0.02414303
v 0.16576594 -0.00863225 -0.07545858
v 0.14635338 0.00953915 -0.08953041
v 0.10193564 0.04747104 -0.10975779
v 0.12533015 0.03046069 -0.09829715
v 0.13166340 -0.03591245 0.15089744
v 0.11622825 -0.00477601 0.17242755
v 0.17198886 -0.04022169 0.03033284
v 0.04272154 -0.03662970 0.18042113
v 0.04384049 0.09556700 -0.12562443
v 0.07272674 0.09092191 -0.12157204
v 0.16974635 -0.02247760 -0.05020102
v 0.05082809 0.18812189 0.10893633
v 0.05222722 0.16902128 0.12039909
v 0.06739631 0.17388800 0.11476822
v 0.06709764 0.19351877 0.10309242
v 0.08357176 0.17706344 0.10969888
v 0.10041399 0.17931959 0.10475527
v 0.11894947 0.18102872 0.10121557
v 0.16504885 0.16597459 0.07854167
v 0.15298697 0.17424193 0.08816876
v 0.18179391 0.13999745 0.06012763
v 0.17439005 0.15566446 0.06918585
v 0.18336867 0.11905167 0.05027144
v 0.18296868 0.09808910 0.03988013
v 0.18100962 0.07685801 0.02356400
v 0.18349963 0.08613431 0.02780969
v 0.17926730 0.08664037 0.03830488
v 0.17895623 0.11250111 0.05460757
v 0.17521769 0.13257660 0.06500437
v 0.04730026 0.12190378 0.15545821
v 0.05131846 0.09496768 0.16888592
v 0.03283912 0.26856154 0.06489347
v 0.01412682 0.33775848 -0.06292811
v 0.00660801 0.33738086 -0.06718676
v -0.00527033 0.31604305 -0.08663417
v -0.00332404 0.33311939 -0.07287280
v 0.07079134 0.30715090 -0.05931966
v 0.05248945 0.31055364 -0.06549057
v 0.03620830 0.31640261 -0.06928221
v 0.02558449 0.31994000 -0.07357273
v 0.17293417 -0.01094726 0.06009724
v 0.02423424 0.28498602 -0.09823310
v 0.03127758 0.30324569 -0.08719528
v 0.04404218 0.30094758 -0.08456070
v 0.06258991 0.29721463 -0.07998401
v 0.09238771 0.28924024 -0.07164880
v 0.11918406 0.27886075 -0.07248870
v 0.14653978 0.25859985 -0.08299512
v 0.16189912 0.25578013 -0.07921478
v 0.17048238 0.26518691 -0.06370105
v 0.18338414 0.26193711 -0.05922296
v 0.17538710 0.25260282 -0.07492755
v 0.23920169 0.18724270 -0.04868680
v 0.25099891 0.17128371 -0.05090983
v 0.25784907 0.15580708 -0.05870340
v 0.25821510 0.13831599 -0.06980594
v 0.24197920 0.12196892 -0.08274385
v 0.22548515 0.11023237 -0.08625074
v 0.20994864 0.10713281 -0.08536230
v 0.19095804 0.11737192 -0.08905365
v 0.19481789 0.12009417 -0.10148928
v 0.18229987 0.10734143 -0.10525715
v 0.17726627 0.10510869 -0.10251956
v 0.15091361 0.09043934 -0.10064491
v 0.15732877 0.09690081 -0.09264731
v 0.14518088 0.08217253 -0.11265364
v 0.14451759 -0.19566061 -0.07798718
v 0.13875279 -0.17805001 -0.08152233
v 0.15630051 -0.17382158 -0.05806609
v 0.15928058 -0.19172797 -0.06236931
v 0.02497091 -0.12467510 -0.11589143
v 0.06167215 -0.12822276 -0.10869031
v 0.18154472 -0.17229676 0.03350982
v 0.18170458 -0.17013833 0.00797320
v 0.17952773 -0.16986728 -0.01898295
v 0.16739024 -0.17066601 -0.03770696
v 0.17439164 -0.17909083 0.05594783
v 0.10375613 -0.25140208 0.13775170
v 0.12474269 -0.23547703 0.12704135
v 0.02630958 -0.28632355 0.15816532
v 0.05526136 -0.27733421 0.15392496
v 0.16720557 -0.18973318 0.07804775
v 0.08067758 -0.26581621 0.14674763
v 0.14213185 -0.21983607 0.11377396
v 0.15621555 -0.20421383 0.09734162
v 0.12827325 -0.15646854 -0.08468030
v 0.10299353 -0.15618452 -0.10240541
v 0.09491246 -0.13098879 -0.09964184
v 0.03412294 0.16538551 -0.12161632
v 0.05721126 0.16552721 -0.12496471
v 0.07701363 0.16364488 -0.12455700
v 0.08820211 0.18415204 -0.12504649
v 0.10478953 0.18546836 -0.12303485
v 0.11223730 0.16486427 -0.12064518
v 0.09280977 0.16551551 -0.12398810
v 0.13263838 0.18972604 -0.12080843
v 0.14383368 0.19102050 -0.12078924
v 0.14904855 0.17413639 -0.12265149
v 0.14000522 0.17113595 -0.12450113
v 0.15478499 0.17665353 -0.11842233
v 0.16142967 0.17189045 -0.11145508
v 0.17428695 0.16959715 -0.11023904
v 0.18648013 0.16607864 -0.11124195
v 0.18566896 0.19452615 -0.10234438
v 0.17186655 0.19364424 -0.10502595
v 0.12788284 0.20763026 -0.11585482
v 0.11298925 0.20726533 -0.11855644
v 0.02984518 0.20418292 -0.11663753
v 0.00958357 0.20343618 -0.11780203
v 0.17969568 0.06410693 0.00730274
v 0.17823936 0.05366942 -0.01334125
v 0.17738298 0.05025432 -0.03703400
v 0.17548048 0.05614266 -0.05819001
v 0.17413241 0.06860737 -0.07388394
v 0.17078316 0.08390789 -0.08584610
v 0.16481964 0.10134111 -0.09480982
v 0.17200355 0.10331015 -0.09892397
v 0.15817490 0.11643159 -0.10133749
v 0.16318797 0.11997128 -0.10387059
v 0.15021789 0.13123746 -0.11144979
v 0.13965315 0.14861567 -0.12487202
v 0.12745079 0.16809663 -0.12533458
v 0.11917304 0.18736370 -0.12204389
v 0.08287868 0.20506556 -0.12315818
v 0.09846174 0.20630316 -0.12166985
v 0.06279948 0.22602272 -0.11796281
v 0.05794480 0.24687350 -0.11207440
v 0.07041992 0.18322045 -0.12520552
v 0.06641033 0.20490521 -0.12208491
v 0.04247583 0.35208398 -0.02700752
v 0.03076745 0.36779234 -0.03423780
v 0.20657596 0.12721436 -0.09017704
v 0.21653725 0.12043183 -0.08889842
v 0.20391332 0.11515131 -0.08727535
v 0.19896695 0.12101361 -0.08816278
v 0.22923042 0.12875812 -0.08741026
v 0.22139266 0.15368065 -0.08667268
v 0.23882787 0.14552759 -0.08023748
v 0.21846214 0.13829572 -0.09024172
v 0.23929262 0.16308577 -0.07146177
v 0.22262569 0.16770345 -0.08142421
v 0.23513454 0.17670383 -0.06569262
v 0.22108217 0.17883156 -0.07688629
v 0.21868804 0.18685639 -0.07370961
v 0.22781870 0.18818852 -0.06356785
v 0.19709095 0.21547998 -0.09034919
v 0.19947354 0.20111084 -0.08235213
v 0.21013989 0.19287293 -0.07805908
v 0.18936752 0.16063420 -0.10170179
v 0.18992236 0.15086392 -0.09425609
v 0.20322467 0.14301793 -0.09227164
v 0.20636424 0.15845086 -0.09161093
v 0.19224644 0.16321999 -0.09394661
v 0.19253795 0.17326140 -0.10056239
v 0.02791269 0.18416008 -0.11664333
v 0.04920676 0.18440646 -0.12102567
v 0.15203443 0.18932700 -0.11681946
v 0.15834780 0.18671568 -0.11163024
v 0.16921374 0.18121131 -0.10826611
v 0.18451171 0.17927969 -0.10766510
v 0.15937439 0.19780645 -0.10895012
v 0.14971805 0.20294358 -0.11416932
v 0.14029543 0.20659053 -0.11661100
v 0.04960029 0.20477687 -0.11919644
v 0.00727717 0.18379290 -0.11539981
v 0.20473753 0.24832322 0.02839013
v 0.20280461 0.26317698 0.00593098
v 0.19882193 0.26731870 -0.01844028
v 0.19177604 0.26573509 -0.04030570
v 0.00049471 0.38389421 -0.05039455
v -0.00833936 0.12862182 -0.12103521
v -0.00809462 0.14902514 -0.11920978
v -0.01053462 0.04957593 -0.13463399
v -0.00929367 0.08032152 -0.12725610
v 0.06047995 -0.10128643 -0.12583429
v 0.02420019 -0.09824310 -0.13530624
v 0.01614213 -0.06842733 -0.12607047
v -0.00833422 -0.14964634 -0.12211204
v -0.01042080 -0.11830106 -0.12112969
v -0.01680559 -0.05814843 -0.13881002
v -0.01432578 -0.01951242 -0.13956523
v 0.01725738 0.10167861 -0.12280633
v 0.01163746 0.16579227 -0.11722720
v -0.00843501 0.18347414 -0.11530323
v -0.00916130 0.20047611 -0.11870518
v -0.00900109 0.21873280 -0.11859456
v 0.12988496 0.14131658 0.10963642
v 0.13237733 0.16020943 0.10335434
v 0.11591717 0.16155481 0.10970750
v 0.11566449 0.14324743 0.11736535
v 0.15441945 0.13438316 0.09067801
v 0.15841426 0.15032595 0.08453023
v 0.14687361 0.15636171 0.09446548
v 0.14293760 0.13827303 0.10037661
v 0.16804895 0.14219660 0.07464185
v 0.16391969 0.12821898 0.08060520
v 0.13113499 0.12479872 0.11725298
v 0.14295492 0.12194882 0.10745589
v 0.11752360 0.12713030 0.12599120
v 0.16109948 0.11436190 0.08614044
v 0.15313663 0.11860164 0.09686276
v 0.03222956 0.30859706 0.05929630
v 0.03080073 0.29476789 0.06014511
v 0.04238107 0.14368120 0.13915323
v 0.03488035 0.20254850 0.10541034
v 0.03658113 0.18126054 0.11436396
v 0.03442666 0.22247119 0.09324486
v 0.03102310 0.28085017 0.05972975
v 0.01933091 0.24984571 0.07640628
v 0.02010807 0.23349954 0.08647538
v 0.03895125 0.16248687 0.12578964
v 0.02976264 0.11354590 0.16229813
v 0.02993480 0.08260597 0.17267479
v 0.01779986 0.26404271 0.06782179
v 0.02786355 0.04843890 0.17834763
v 0.18332344 -0.26748347 -0.01165253
v 0.18283732 -0.24851519 -0.00799859
v 0.17772488 -0.25334078 -0.02988303
v 0.17721286 -0.26887661 -0.03249682
v 0.09090265 -0.19256720 -0.10700691
v 0.09282842 -0.21116585 -0.10815799
v 0.05931165 -0.20999953 -0.11653922
v 0.17038813 -0.18691789 -0.03679336
v 0.16005997 -0.21299154 -0.05855882
v 0.10915241 -0.24076118 -0.10042749
v 0.13526437 -0.24166709 -0.08336908
v 0.12475965 -0.25079966 -0.09164383
v 0.10081322 -0.25293690 -0.10526706
v 0.16154297 -0.24890167 -0.05707812
v 0.16305861 -0.23305045 -0.05685711
v 0.11499184 -0.22629978 -0.09754895
v 0.14146405 -0.22935794 -0.07933174
v 0.14213926 -0.21286087 -0.07865217
v 0.14955366 -0.25081953 -0.07001977
v 0.00495871 -0.27121103 -0.12818637
v 0.11824177 -0.21034217 -0.09574609
v 0.11426912 -0.17282325 -0.10349859
v 0.12334512 -0.19268236 -0.09214140
v 0.09319570 -0.10409679 -0.11264515
v 0.10416614 -0.26862931 0.13390577
v 0.12347247 -0.25273985 0.12556915
v 0.02649658 -0.30169010 0.15164107
v 0.05790210 -0.29363239 0.14683852
v 0.16616867 -0.20565805 0.08090113
v 0.08290683 -0.28265995 0.14034849
v 0.14092539 -0.23585649 0.11377373
v 0.15503864 -0.22014338 0.09896792
v 0.00474277 -0.23645653 -0.12506278
v 0.00325747 -0.20926450 -0.12251020
v -0.00706938 -0.30370361 0.15140270
v 0.01372113 0.30664590 0.06679126
v 0.01383905 0.28985822 0.06426466
v 0.01542134 0.27635834 0.06266833
v -0.01183890 0.01665489 -0.13947374
v -0.00719497 0.29651129 -0.09738902
v 0.10574371 -0.11809193 0.14797275
v 0.12525654 -0.06492563 0.15184030
v 0.11083122 -0.08876733 0.14457563
v 0.16623662 -0.04037378 0.06233424
v -0.00928873 0.23701164 -0.11569295
v 0.13745394 0.17968431 0.09619949
v 0.00386743 -0.25813624 -0.12678751
v 0.02036365 0.21588764 0.09957644
v 0.02175976 0.19490303 0.10999724
v 0.02399899 0.17309128 0.11820558
v 0.02606438 0.15520380 0.13084543
v -0.00757678 -0.19160010 0.18274486
v -0.00906397 -0.16961783 0.18292214
v -0.01294169 -0.09253822 -0.14289418
v -0.00325929 -0.27136016 0.16607994
v -0.00959972 -0.14741698 0.17444888
v -0.00890246 0.10658506 -0.12262453
v 0.02797218 0.13666013 0.14559989
v -0.00330899 -0.29260433 0.15780976
v -0.00844441 0.16827510 -0.11592472
v -0.00823969 -0.11023755 0.17377508
v 0.00886294 -0.04119076 0.17390314
v -0.05639745 0.30815411 0.04382005
v -0.06297123 0.32083991 0.03664447
v -0.06670300 0.33189830 0.02282695
v -0.06685576 0.31861243 0.02643237
v -0.05803171 0.27682832 0.05127796
v -0.08037123 0.28102770 0.04156078
v -0.08147970 0.26213163 0.05800499
v -0.05866574 0.26149464 0.06363712
v -0.07890088 0.24288413 0.06921892
v -0.05649054 0.24286282 0.07311020
v -0.06766570 0.18838912 0.10813981
v -0.04670227 0.18750100 0.10967596
v -0.05105586 0.20553070 0.09676285
v -0.07290799 0.20693611 0.09549332
v -0.08195858 0.10616648 0.15109043
v -0.07744548 0.09189534 0.15897909
v -0.06137596 0.09593035 0.15871020
v -0.06639197 0.10825374 0.15163489
v -0.17850061 0.20147714 0.09359452
v -0.18012547 0.22604728 0.08252545
v -0.18409677 0.20508397 0.08103371
v -0.17749825 0.18051435 0.09175420
v -0.08628090 0.30766985 -0.00698971
v -0.08975273 0.29694700 0.01682359
v -0.07526129 0.31323680 0.01240727
v -0.07191467 0.32210162 -0.00631516
v -0.15258802 0.10003190 0.10529023
v -0.14545138 0.09144209 0.11430992
v -0.13858300 0.10466640 0.12011217
v -0.14535214 0.11540622 0.11282483
v -0.14158924 0.00424598 0.11589075
v -0.13804817 -0.02059083 0.10805389
v -0.11921807 -0.02372802 0.13183805
v -0.12489508 0.00342588 0.13959964
v -0.17053352 0.01522607 0.04056493
v -0.17576870 0.01268985 0.00956260
v -0.17626910 -0.00396791 0.01004418
v -0.17894158 -0.00323222 0.03474889
v -0.11030589 0.18563826 0.10702882
v -0.08922405 0.18778823 0.10685838
v -0.09492818 0.20604378 0.09488887
v -0.11718282 0.20358317 0.09563172
v -0.28240946 0.11001691 0.05094783
v -0.26483285 0.10211724 0.05576124
v -0.26401806 0.10825533 0.05354318
v -0.27687341 0.11732113 0.05026418
v -0.18698284 -0.09565882 0.03347863
v -0.18572193 -0.08715857 0.00729824
v -0.18222983 -0.11118200 0.00889518
v -0.17985183 -0.11918481 0.03573776
v -0.21840650 0.22924803 0.03593299
v -0.20993641 0.24324706 0.03338237
v -0.21105492 0.25577319 0.01209388
v -0.21937513 0.24398313 0.01550388
v -0.17432889 0.14830381 0.09985598
v -0.16781871 0.16446488 0.10658783
v -0.17604573 0.18125875 0.10019425
v -0.17611802 0.16275284 0.09711190
v -0.17675714 0.03935373 0.00828001
v -0.17352441 0.04362947 0.03202066
v -0.17606887 0.05496701 0.03131882
v -0.17845546 0.05030237 0.00884103
v -0.17164634 0.03099798 0.03530417
v -0.17544550 0.02697292 0.00844239
v -0.15136389 0.17605951 0.11048666
v -0.13144603 0.18233418 0.10900754
v -0.13942081 0.20047301 0.09892661
v -0.16190718 0.19532554 0.10283966
v -0.08359786 0.07518212 0.16439351
v -0.06146120 0.08139706 0.16558249
v -0.18369973 -0.12462750 0.06415342
v -0.16735853 -0.12882902 0.08232420
v -0.17372756 -0.11106683 0.09175042
v -0.17993689 -0.10264625 0.06223636
v -0.10647193 0.03071103 0.16171680
v -0.09413296 0.05498848 0.16835983
v -0.11481284 0.05143493 0.15626004
v -0.12775433 0.02872219 0.14455983
v -0.14729373 -0.13799164 0.10184470
v -0.13125825 -0.14607427 0.12452424
v -0.12831336 -0.11745939 0.12093806
v -0.15453786 -0.11575218 0.10922232
v -0.07630523 0.22483896 0.08230706
v -0.05398654 0.22398026 0.08406004
v -0.11193972 0.10026020 0.14201346
v -0.11218827 0.08395804 0.14732519
v -0.09433985 0.08808218 0.15573832
v -0.09752467 0.10307213 0.14780658
v -0.18499364 0.13053173 0.08527365
v -0.17798294 0.15472947 0.09067395
v -0.19119623 0.17680001 0.08603188
v -0.18963304 0.14123915 0.08588733
v -0.18625502 -0.13234879 0.01311767
v -0.18890056 -0.13517554 0.03792943
v -0.15012713 -0.16284899 0.10691700
v -0.13199706 -0.17438222 0.12677252
v -0.22252557 0.07436538 -0.02334459
v -0.21710137 0.07783834 -0.01306511
v -0.21120036 0.08521850 0.01976134
v -0.22422111 0.08509521 0.01002688
v -0.02845026 0.11251523 0.15450330
v -0.04041758 0.12083415 0.14652467
v -0.04859746 0.10629720 0.15414330
v -0.04131619 0.09303301 0.16375370
v -0.11896876 0.06687272 0.14796743
v -0.13133001 0.04950897 0.14089656
v -0.10332204 0.07094815 0.15768623
v -0.01432537 0.09785966 0.16696209
v -0.03567562 0.07194846 0.17058982
v -0.03245504 0.22225641 0.08758247
v -0.02996268 0.20280199 0.09835169
v -0.03428914 0.24127357 0.07794973
v -0.01333817 0.23821399 0.08172017
v -0.01559350 0.25498611 0.07323912
v -0.03643298 0.25906989 0.06945497
v -0.01805399 0.26894280 0.06387018
v -0.03804622 0.27317721 0.05863325
v -0.04080669 0.30140439 0.05489556
v -0.04080253 0.31520623 0.05527104
v -0.18007840 0.14327493 0.09163811
v -0.17351790 0.13104101 0.09274700
v -0.16278473 -0.15331839 0.08224533
v -0.11065917 0.24843074 -0.10137860
v -0.11478858 0.22809312 -0.10827810
v -0.13053448 0.22923629 -0.10364870
v -0.12747285 0.24672507 -0.09724377
v -0.10300487 0.29989496 -0.00995141
v -0.11028163 0.28938103 0.01297049
v -0.19161406 0.15515706 -0.09558956
v -0.19695592 0.14919823 -0.09866642
v -0.20149218 0.12809934 -0.08502090
v -0.19512668 0.13875508 -0.08784936
v -0.20272282 0.10354222 -0.06242100
v -0.19799854 0.11032920 -0.06457293
v -0.19275625 0.12253204 -0.07466729
v -0.19211303 0.11912456 -0.07449120
v -0.18593243 -0.10464752 -0.01903732
v -0.17990886 -0.08188459 -0.02023514
v -0.16142063 0.04429596 -0.06756382
v -0.16985042 0.02684998 -0.04364246
v -0.17320880 0.03935583 -0.03878566
v -0.16934323 0.05401300 -0.05710293
v -0.02779252 0.24129024 -0.11286165
v -0.02809626 0.22205916 -0.11678272
v -0.04805345 0.22350743 -0.11517261
v -0.04696006 0.24446778 -0.10987634
v -0.07355152 0.26694307 -0.09831209
v -0.06745114 0.28538486 -0.08886357
v -0.05333683 0.28662777 -0.09149466
v -0.05891152 0.26720729 -0.10000505
v -0.09385093 0.24792837 -0.10476965
v -0.09852272 0.22649984 -0.11129489
v -0.18112084 0.05373205 -0.01200437
v -0.17791827 0.04224988 -0.01435831
v -0.18769635 0.06538547 -0.01244538
v -0.18651015 0.06291971 0.01074353
v -0.19076431 0.06930398 0.00903856
v -0.19158839 0.07185411 -0.01614191
v -0.06225639 0.33754328 -0.00755118
v -0.05630860 0.34443632 -0.01588395
v -0.06532671 0.32838312 -0.02029286
v -0.03971522 0.36469954 -0.04074786
v -0.03609078 0.35730076 -0.04538415
v -0.04494509 0.35079816 -0.04105378
v -0.04569123 0.36153588 -0.03526931
v -0.05851303 0.14226426 -0.12198649
v -0.03170133 0.14494580 -0.12030920
v -0.03450154 0.12408013 -0.12217581
v -0.06737392 0.11706348 -0.12268184
v -0.19547036 0.08209324 -0.04097376
v -0.19963171 0.08730642 -0.04668524
v -0.19761381 0.10121966 -0.06213390
v -0.19744922 0.09437691 -0.05581410
v -0.19754615 0.08757813 -0.05195675
v -0.19583762 0.08064130 -0.04958486
v -0.18958299 0.07144422 -0.03225178
v -0.19073789 0.07683551 -0.03600614
v -0.17578451 0.06177961 -0.04846264
v -0.17741844 0.05119220 -0.03325558
v -0.18201008 0.06124739 -0.02976355
v -0.18090443 0.07101366 -0.04650068
v -0.04088469 0.04062834 -0.13593283
v -0.07305822 0.03131077 -0.13426360
v -0.07073477 0.06496409 -0.13029288
v -0.03851298 0.07268910 -0.13043666
v -0.21968383 0.11704958 0.05699149
v -0.21770518 0.13445331 0.07408175
v -0.22524844 0.12371264 0.06728269
v -0.22595026 0.11106156 0.04561181
v -0.19648498 0.14369862 -0.08688887
v -0.20315154 0.13723092 -0.08445300
v -0.20700456 0.14621675 -0.08556090
v -0.19889720 0.15577775 -0.08893713
v -0.22640811 0.09017289 0.00746732
v -0.23086983 0.10247587 0.03619953
v -0.23327684 0.08929258 0.02918808
v -0.22758961 0.08071383 0.00156798
v -0.11391821 0.29846498 -0.03524040
v -0.12168909 0.29519680 -0.01217077
v -0.09498972 0.30557624 -0.03033500
v -0.21437815 0.09036262 -0.03968988
v -0.21361649 0.08713701 -0.04100317
v -0.20894311 0.09386555 -0.05501063
v -0.20549811 0.09948073 -0.05513932
v -0.29597139 0.11696999 0.04350006
v -0.28653619 0.12927771 0.04280386
v -0.22414033 0.06716705 -0.02176548
v -0.22211860 0.06836147 -0.03702787
v -0.21601857 0.07935192 -0.03987451
v -0.22107883 0.07669790 -0.02226833
v -0.15995118 0.02456013 -0.07057019
v -0.16771431 0.01071428 -0.04481543
v -0.15175118 -0.10668863 -0.06308961
v -0.16755749 -0.10594432 -0.03990718
v -0.16843061 -0.08129999 -0.04583751
v -0.16212679 -0.08753064 -0.06790298
v -0.19082940 -0.12735555 -0.01556115
v -0.15704402 -0.13172337 -0.06112158
v -0.17224203 -0.12914926 -0.03760398
v -0.04841824 0.37485647 -0.01958506
v -0.05066332 0.36154443 -0.01094556
v -0.18947595 -0.21516581 0.00894952
v -0.19116844 -0.22869034 0.00441539
v -0.18934502 -0.21989760 0.02881114
v -0.18825071 -0.20907155 0.03423075
v -0.03518252 0.38569713 -0.04824454
v -0.04559200 0.38525796 -0.03042230
v -0.18656486 -0.20122690 0.03251193
v -0.18642484 -0.20059989 0.00500678
v -0.05716003 0.35341111 -0.00664063
v -0.06463310 0.34843403 0.00222589
v -0.18370466 -0.22613679 0.05172621
v -0.18392316 -0.21361268 0.05404370
v -0.18193501 -0.14772962 -0.00976405
v -0.19074486 -0.14572486 0.01499502
v -0.03157669 -0.24747382 -0.12481533
v -0.06345371 -0.24159329 -0.12020449
v -0.07015047 -0.22429410 -0.11822916
v -0.03574073 -0.22818853 -0.12356453
v -0.16667920 -0.14367443 -0.06320079
v -0.17969067 -0.14535025 -0.03827632
v -0.18712462 -0.15256581 0.03931115
v -0.10915311 -0.18622190 0.14070474
v -0.12895446 -0.20162383 0.12521228
v -0.10796209 -0.21668194 0.14042024
v -0.03641463 -0.22630741 0.17256452
v -0.06220234 -0.21276598 0.16597213
v -0.05833221 -0.24641478 0.16182360
v -0.03151862 -0.25870389 0.16587590
v -0.04187033 -0.30434501 0.14578094
v -0.05529739 -0.29892424 0.14389335
v -0.17485780 -0.21841572 0.07478347
v -0.16248557 -0.22750153 0.09321006
v -0.15964994 -0.22443040 0.09620793
v -0.17166284 -0.21209489 0.07691161
v -0.13700239 -0.13415545 -0.08128649
v -0.14840040 -0.14991200 -0.08545782
v -0.12399194 -0.13761398 -0.10482975
v -0.14328548 -0.11382490 -0.08590441
v -0.12920365 -0.11721595 -0.09858592
v -0.12765507 0.06255864 -0.11058425
v -0.15071002 0.04254091 -0.09497681
v -0.14770909 0.06527077 -0.09091868
v -0.12725161 0.08695053 -0.10765491
v -0.06659967 0.22589496 -0.11364871
v -0.06275195 0.24739024 -0.10719368
v -0.11965791 -0.26505437 0.12676874
v -0.04146858 -0.18910086 0.17832211
v -0.06633908 -0.17551872 0.17087044
v -0.08653935 -0.19912544 0.15505147
v -0.09167869 -0.16451919 0.16201238
v -0.11494865 -0.15339199 0.14737527
v -0.05182224 -0.05435163 0.16349100
v -0.07909138 -0.05104342 0.15369706
v -0.08365063 -0.07678971 0.16045962
v -0.05752558 -0.07997867 0.17228758
v -0.04738759 -0.02674860 0.16148335
v -0.07807098 -0.02579778 0.17027868
v -0.04377787 0.03594036 0.18254784
v -0.06625038 0.06072298 0.17222729
v -0.08051457 0.03301293 0.17733029
v -0.01188746 0.21965474 0.09084219
v -0.01049641 0.20040286 0.10149141
v -0.17511804 -0.22311178 0.07008155
v -0.18125242 -0.20422906 0.05638312
v -0.17817341 -0.14216882 0.05921471
v -0.17366365 -0.16303930 0.06285606
v -0.16245055 0.03067552 0.07807525
v -0.17803232 0.00401304 0.06856342
v -0.05201790 0.12568413 0.14268643
v -0.05511558 0.11509652 0.14828822
v -0.17959501 -0.06876038 -0.04734197
v -0.17265972 -0.06892532 -0.07175434
v -0.14274958 0.07037844 0.12096941
v -0.15361537 0.05229916 0.10323527
v -0.14659704 0.04824572 0.12467886
v -0.13066310 0.06799042 0.13612418
v -0.16091254 0.05945847 0.08695107
v -0.15175444 0.07575599 0.10673141
v -0.15876548 0.08350017 0.09505104
v -0.16559300 0.06833734 0.07540324
v -0.18849654 0.11096060 0.07446819
v -0.19584799 0.11549929 0.07412691
v -0.04462126 0.00035477 0.17891337
v -0.01414150 -0.00361471 0.17066394
v -0.00968719 0.02654988 0.18210657
v -0.08369986 -0.23233758 0.15300693
v -0.10555603 -0.28825173 0.12986988
v -0.08927642 -0.29125106 0.13580678
v -0.09994794 0.01908789 -0.12438795
v -0.09958561 0.05266789 -0.12270226
v -0.04330944 0.26577082 -0.10243335
v -0.02617319 0.26224726 -0.10699405
v -0.03383205 0.30457965 -0.08509880
v -0.02790496 0.32233146 -0.07271548
v -0.01715122 0.32052252 -0.07980007
v -0.02110065 0.30171466 -0.09147551
v -0.02691608 0.39062849 -0.05473007
v -0.23953798 0.04632619 -0.03272820
v -0.24666134 0.05035215 -0.04466990
v -0.23553923 0.06210829 -0.04772286
v -0.23034602 0.05713712 -0.03508462
v -0.08855892 0.13740617 -0.11940585
v -0.10037836 0.10966048 -0.11668646
v -0.06747486 0.33376539 0.00613009
v -0.15870088 0.28683072 -0.00655312
v -0.16137023 0.27938756 0.01774983
v -0.14584616 0.28433931 0.01163261
v -0.14029802 0.29104999 -0.01100008
v -0.14136840 0.25781310 -0.08307024
v -0.14253053 0.27002966 -0.06984921
v -0.12438403 0.27487561 -0.07375033
v -0.12513641 0.26191470 -0.08739113
v -0.02854237 -0.25869870 -0.12559509
v -0.06009419 -0.25442666 -0.12198560
v -0.07633337 -0.07981072 -0.13037920
v -0.10343300 -0.08678253 -0.11684250
v -0.09945818 -0.05312525 -0.12054992
v -0.07538469 -0.04431076 -0.13787609
v -0.12158936 0.11875837 -0.10980251
v -0.14341292 0.09391755 -0.09697662
v -0.00727407 0.12614208 0.15034765
v -0.00539358 0.14586098 0.13562678
v -0.02198284 0.14941056 0.13103954
v -0.02289505 0.13209854 0.14219363
v -0.24184471 0.10608284 -0.07018710
v -0.22082946 0.10931004 -0.07371149
v -0.22018370 0.09459019 -0.06521902
v -0.23497799 0.08388755 -0.06163710
v -0.19373246 -0.03056945 -0.02205884
v -0.17998508 -0.02650227 -0.04638055
v -0.18355277 -0.04921370 -0.04636156
v -0.19398558 -0.05348901 -0.02244847
v -0.17445314 0.01653731 -0.01885303
v -0.17494105 0.00071591 -0.01852992
v -0.17575286 0.03004413 -0.01701701
v -0.20600912 0.09438290 -0.05628272
v -0.21095824 0.07934478 -0.03743603
v -0.21472074 0.08829553 -0.04731458
v -0.21930613 0.08872971 -0.01295953
v -0.22147636 0.08658345 -0.02027093
v -0.19567108 0.07204962 0.00417489
v -0.19400766 0.08020032 0.03185998
v -0.20164551 0.08430979 0.02641340
v -0.20041500 0.07343850 -0.00361381
v -0.20249338 0.07696839 -0.02719747
v -0.19599208 0.07548820 -0.02189119
v -0.16567954 0.21699637 0.09278022
v -0.14351374 0.22113280 0.08593865
v -0.14206092 0.24133396 0.07006823
v -0.16271871 0.23724510 0.08055696
v -0.12080571 0.22215393 0.08313725
v -0.09891821 0.22398822 0.08199610
v -0.10149892 0.24221998 0.06887750
v -0.12200251 0.24064168 0.07030886
v -0.06924355 0.30163476 0.03268576
v -0.05517749 0.29120526 0.04522460
v -0.03976374 0.28604946 0.05359117
v -0.02118129 0.28222317 0.05956524
v -0.01985122 0.37964496 -0.05186915
v -0.01494604 0.35665551 -0.05440871
v -0.02719029 0.35893351 -0.05009691
v -0.03337895 0.37401846 -0.04549907
v -0.02732061 0.30906457 0.06066892
v -0.30669579 0.12590593 0.03251354
v -0.29654604 0.13712028 0.02991905
v -0.30381995 0.14354850 0.01380801
v -0.31393182 0.13534552 0.01098176
v -0.12621427 0.27345321 0.03556575
v -0.12995970 0.28673458 0.01220575
v -0.14418909 0.27388436 0.03323904
v -0.17154528 -0.08163203 0.05780630
v -0.17730848 -0.07515953 0.03279112
v -0.02441370 -0.06076634 0.16925198
v -0.03014598 -0.08778025 0.18466246
v -0.06529295 -0.14026001 0.16506128
v -0.03995910 -0.15429968 0.17196177
v -0.03764409 -0.11793707 0.17205493
v -0.05848848 -0.11020374 0.17201273
v -0.02451700 -0.19016480 0.18157046
v -0.02061816 -0.21010911 0.17658108
v -0.24666752 0.16091746 0.05173443
v -0.23468208 0.17768532 0.05212800
v -0.23882884 0.19782285 0.03779224
v -0.25238207 0.17848091 0.03938811
v -0.08753816 -0.13151670 0.15971671
v -0.10635544 -0.12507154 0.13945670
v -0.17985705 0.12387976 0.08494467
v -0.18045832 0.10364587 0.07344538
v -0.00372455 0.06286799 0.17384344
v -0.03798480 0.13611515 0.13724719
v -0.03918774 0.15152378 0.12846629
v -0.05719013 0.15294719 0.12772572
v -0.05399905 0.13789272 0.13601398
v -0.21815658 0.19740947 -0.06712323
v -0.20773779 0.20424269 -0.07263336
v -0.20602797 0.19398446 -0.07944328
v -0.21751617 0.18806468 -0.07305679
v -0.31473783 0.13211843 -0.00841053
v -0.30226699 0.14556950 -0.00998216
v -0.30133763 0.13744617 -0.02837555
v -0.31113896 0.12385494 -0.02455462
v -0.22906588 0.06859131 0.00039265
v -0.23481523 0.07568350 0.02500932
v -0.23757118 0.06944593 0.02302105
v -0.23322096 0.05997975 0.00059531
v -0.23789519 0.04824555 -0.00043242
v -0.23728225 0.04539130 -0.02094779
v -0.23033229 0.05633875 -0.02072724
v -0.25815049 0.05887795 -0.05498248
v -0.27255732 0.07123024 -0.06040978
v -0.25940144 0.08661509 -0.06337433
v -0.24550080 0.06962220 -0.05729324
v -0.30021930 0.11007880 -0.04454568
v -0.29644772 0.12598215 -0.04307196
v -0.28099093 0.10606325 -0.05918732
v -0.28544006 0.08399022 -0.05951518
v -0.25358847 0.08852717 0.05324894
v -0.24688163 0.07273950 0.04247180
v -0.24381521 0.08216989 0.04075433
v -0.25211120 0.09696294 0.05136526
v -0.24018003 0.21303070 0.01861950
v -0.25436896 0.19362983 0.02042320
v -0.20361021 0.14266928 0.08633754
v -0.20157780 0.16839431 0.08541349
v -0.20957150 0.16366164 0.07988120
v -0.21122006 0.14236732 0.08227108
v -0.27417213 0.14539763 0.04265577
v -0.26320907 0.16000456 0.04314553
v -0.27039173 0.17121466 0.02609853
v -0.28429547 0.15078606 0.02975771
v -0.24780059 0.10717961 0.05046442
v -0.24128456 0.09033401 0.04495411
v -0.23850481 0.09994317 0.05237603
v -0.24165617 0.11806591 0.05306838
v -0.22475213 0.07308832 -0.05002329
v -0.21471538 0.08469621 -0.05254082
v -0.22879903 0.15751736 0.05890594
v -0.23929426 0.14359094 0.05607100
v -0.17341326 0.11225279 0.08293162
v -0.18322937 0.06780941 0.03439096
v -0.18823564 0.07463282 0.03454518
v -0.12590823 0.08376025 0.13637143
v -0.12419301 0.09801473 0.13439094
v -0.16969724 0.05383277 0.05473039
v -0.17352356 0.06386420 0.05112607
v -0.13709846 0.08577137 0.12480722
v -0.13339132 0.09690288 0.12659827
v -0.09974715 0.00491292 0.15473953
v -0.02423085 0.29608992 0.06039864
v -0.25732365 0.14563493 0.05093384
v -0.24848677 0.13038492 0.05376411
v -0.20717019 0.11477945 -0.07519948
v -0.19751146 0.12007875 -0.07534202
v -0.20053144 0.10910833 -0.06632799
v -0.20782384 0.10373762 -0.06728497
v -0.15845364 0.12077355 -0.09446014
v -0.14216258 0.11907133 -0.10137216
v -0.15705973 0.09765192 -0.08805951
v -0.17010498 0.09986988 -0.07868529
v -0.22765706 0.20899865 -0.04862562
v -0.23597300 0.21051864 -0.03497995
v -0.22451350 0.22379750 -0.03833113
v -0.21733503 0.21881101 -0.05277399
v -0.23179434 0.22551836 -0.02115757
v -0.24455257 0.20898408 -0.01873021
v -0.25140703 0.20364642 -0.00027717
v -0.23773375 0.22205208 -0.00215581
v -0.16304173 -0.17422344 0.08733027
v -0.14719673 -0.18740715 0.10717010
v -0.12361012 -0.26378211 0.12475176
v -0.14050749 -0.09788841 0.13821086
v -0.15845016 -0.09339421 0.11672138
v -0.14448988 -0.04536510 0.10993139
v -0.15797502 -0.04246621 0.08263522
v -0.16995887 -0.06334977 0.08929162
v -0.15546399 -0.06754452 0.11599337
v -0.18551315 -0.03475557 0.03072724
v -0.19617298 -0.03442242 0.00576282
v -0.18809162 -0.05480507 0.00397921
v -0.18706018 -0.05775734 0.03201701
v -0.17687152 -0.06804542 0.00642515
v -0.17286837 -0.06210065 -0.02101594
v -0.12020803 -0.02737941 -0.10308219
v -0.14190041 -0.03611052 -0.08269979
v -0.14630666 -0.00761145 -0.08895467
v -0.12401677 0.00551952 -0.10728864
v -0.22471265 0.09607296 0.01763422
v -0.19089277 0.13606070 -0.09475413
v -0.19727378 0.11610171 -0.08361159
v -0.25917646 0.19096053 -0.01820528
v -0.26789060 0.18349586 0.00168011
v -0.23450345 0.13031752 0.05913489
v -0.22756305 0.21440196 0.03718683
v -0.22412874 0.19355612 0.05304438
v -0.21455787 0.20835660 0.05320269
v -0.14913121 -0.24760278 0.10724491
v -0.16386458 -0.22603339 0.08584440
v -0.10649650 0.27603096 0.03734188
v -0.19124304 0.09271204 0.05689588
v -0.19917667 0.09693929 0.05432667
v -0.22669837 0.14259388 0.06512457
v -0.28185287 0.13801467 -0.05000631
v -0.28390446 0.15397166 -0.03489932
v -0.23240602 0.11194637 0.05957427
v -0.20433025 0.11959301 0.07236783
v -0.21327853 0.12054245 0.06788395
v -0.25813058 0.03848575 -0.04358338
v -0.25025678 0.03408966 -0.03121168
v -0.24535036 0.03333715 -0.01874285
v -0.24323204 0.03551735 -0.00646607
v -0.25223491 0.06274267 0.04511108
v -0.26100948 0.07912487 0.05591578
v -0.26156199 0.09841853 0.05920464
v -0.27956933 0.10582503 0.05386142
v -0.31570157 0.12848669 0.02600664
v -0.32157451 0.12946066 0.00843393
v -0.32165173 0.12320030 -0.00941317
v -0.29849991 0.10448825 -0.04185378
v -0.31495568 0.11413168 -0.02435603
v -0.28528601 0.08534888 -0.05677288
v -0.30136839 0.11038223 0.04663248
v -0.28075144 0.05952550 -0.05910973
v -0.26926193 0.04675182 -0.05352594
v -0.24521062 0.04718827 0.02714141
v -0.24086243 0.05917521 0.02506420
v -0.02418909 0.28185269 -0.10052508
v -0.16667925 0.04281843 0.06230772
v -0.14489388 0.02733283 0.12500280
v -0.16321364 0.02532465 0.10708672
v -0.17906049 0.07937815 0.05462173
v -0.18459761 0.08705546 0.05664964
v -0.20690504 0.09943511 0.05006117
v -0.21744004 0.09826916 0.04401127
v -0.17096782 0.07360733 0.06806197
v -0.02346308 -0.17168245 0.17936638
v -0.07516076 -0.15186153 -0.13478714
v -0.04337980 -0.14994559 -0.13204280
v -0.04244255 -0.16934510 -0.13225929
v -0.07534608 -0.16611017 -0.11913698
v -0.04257436 -0.18735455 -0.11909859
v -0.17011434 -0.22263008 -0.04887277
v -0.18148002 -0.21220911 -0.02151005
v -0.17914933 -0.18908866 -0.02173366
v -0.16675864 -0.19904444 -0.04985674
v -0.18389811 -0.17347276 -0.00086684
v -0.18161680 -0.17103927 -0.02479472
v -0.18426721 -0.18671586 0.00524540
v -0.18463425 -0.18999858 0.03017729
v -0.18376681 -0.17738166 0.02556943
v -0.17960922 -0.19511439 0.05512051
v -0.17959903 -0.18377790 0.05107012
v -0.17049910 -0.20435554 0.07701819
v -0.15877940 -0.21768573 0.09587950
v -0.14334297 -0.24218622 0.11215631
v -0.12354665 -0.25635833 0.12482160
v -0.14281693 -0.23550026 0.11229542
v -0.08738926 -0.28536093 0.13727553
v -0.10437746 -0.27494407 0.13293059
v -0.03847523 -0.30170560 0.14681511
v -0.06571867 -0.29400200 0.14181852
v -0.10364988 0.26031905 0.05586350
v -0.05783587 0.33612353 -0.03021515
v -0.06775200 0.32110530 -0.03812216
v -0.07853508 0.31499732 -0.02443457
v -0.10767307 0.26535118 -0.09133670
v -0.10425892 0.27979136 -0.07783213
v -0.08454491 0.28367704 -0.08439378
v -0.08910619 0.26708466 -0.09593263
v -0.05176021 0.34301570 -0.03674617
v -0.04971399 0.35635921 -0.03083207
v -0.05601811 0.32714814 -0.04666670
v -0.03548457 0.33859810 -0.05339748
v -0.04547222 0.33400735 -0.05007453
v -0.15300143 0.28722230 -0.03070303
v -0.14672670 0.28025907 -0.05258307
v -0.16401739 0.27697471 -0.04723721
v -0.17116289 0.28259605 -0.02534984
v -0.14271331 0.24353576 -0.09276559
v -0.14609216 0.22815047 -0.09957722
v -0.15846559 0.22708164 -0.09588399
v -0.15601324 0.24110810 -0.08854106
v -0.20842287 0.26222143 -0.01004280
v -0.20290859 0.26228479 -0.03032234
v -0.21088000 0.25297311 -0.02676622
v -0.21671167 0.25188091 -0.00623312
v -0.15569337 0.25498444 -0.07839578
v -0.10954509 0.14092340 -0.11497743
v -0.12837525 0.13952638 -0.10982122
v -0.14642254 0.13821466 -0.10496623
v -0.18294498 0.15805005 -0.09973626
v -0.17349583 0.14872769 -0.09627477
v -0.18120027 0.12705983 -0.08921937
v -0.18875812 0.16976798 -0.10438949
v -0.19205739 0.16995154 -0.10091334
v -0.20796898 0.18285397 0.06455414
v -0.19942343 0.19484001 0.06578931
v -0.20613955 0.22316644 0.05170228
v -0.18297486 0.15849683 -0.09359696
v -0.18154807 0.16290259 -0.09772333
v -0.18440600 0.14783926 -0.09361632
v -0.18394864 0.14526747 -0.08852477
v -0.13377962 0.29237047 -0.03472469
v -0.20448887 0.24955952 -0.04561363
v -0.19784231 0.25771719 -0.04680882
v -0.19220795 0.24732149 -0.06127630
v -0.20049211 0.23862097 -0.05874959
v -0.19482897 0.22980513 -0.07103571
v -0.18678179 0.23573688 -0.07580856
v -0.18271117 0.22440515 -0.08530595
v -0.19072843 0.22185108 -0.08145130
v -0.18385878 0.17182581 -0.09586119
v -0.18018873 0.17754522 -0.09908757
v -0.22892320 0.22957812 0.01726286
v -0.19104283 0.27317366 0.00335988
v -0.19062991 0.26466140 0.02587095
v -0.17708765 0.27287766 0.02212662
v -0.17597385 0.28056920 -0.00084633
v -0.22550753 0.08926937 -0.00443181
v -0.22035396 0.09800318 0.02997198
v -0.22199203 0.08435893 -0.03249756
v -0.19728440 0.11047076 -0.07085678
v -0.20901938 0.09857655 -0.05202922
v -0.21792525 0.15399916 0.07235341
v -0.21799704 0.17088501 0.06172714
v -0.18696535 0.25113776 0.04513931
v -0.17718713 0.26374310 0.04616245
v -0.22620840 0.23832215 -0.00444036
v -0.22012241 0.23998554 -0.02437155
v -0.18875599 0.15125267 -0.08927272
v -0.18842752 0.13998011 -0.08491845
v -0.19492793 0.13419501 -0.08341290
v -0.19776145 0.11959612 -0.07549896
v -0.18919152 0.13016647 -0.08525835
v -0.18702596 0.27675664 -0.02024429
v -0.21281607 0.23643850 -0.04391770
v -0.20781973 0.22750998 -0.05814122
v -0.17853166 0.23893128 -0.08144429
v -0.18144991 0.25051117 -0.06805007
v -0.17036255 0.25297442 -0.07441662
v -0.16880706 0.24067508 -0.08642401
v -0.19760348 0.21345766 -0.07640503
v -0.19583353 0.20133610 -0.08417324
v -0.16945992 0.22720559 -0.09430271
v -0.17847997 0.22820900 -0.09302790
v -0.19088793 0.16405378 -0.09147262
v -0.16117647 0.26856360 0.03979287
v -0.16143134 0.25527894 0.06224463
v -0.14238526 0.25857693 0.05316344
v -0.18400662 0.23061752 0.06300870
v -0.17846440 0.24833468 0.06652767
v -0.19176905 0.21117669 0.06382708
v -0.12397565 0.25752783 0.05519384
v -0.19557674 0.12765929 -0.08033198
v -0.20499738 0.12276658 -0.07922258
v -0.20382111 0.13041462 -0.08244082
v -0.26449192 0.12131789 -0.06522340
v 0.00305190 0.25222194 0.07493722
v 0.00484211 0.23576847 0.08406787
v -0.25706333 0.11796523 0.05248874
v -0.26687661 0.13032347 0.05021481
v -0.28742638 0.16039717 0.00848993
v -0.27773517 0.16918527 -0.01994130
v -0.08367631 -0.10185022 0.15926638
v -0.16140683 -0.04374257 -0.06312182
v -0.16461486 -0.01881380 -0.06824013
v -0.07429066 -0.00641060 -0.13776617
v -0.09886854 -0.01738041 -0.12322370
v -0.18400596 -0.05801336 0.06193115
v -0.17220864 -0.03784247 0.05692792
v -0.14079879 -0.06998491 0.14109735
v -0.13118353 -0.04596979 0.13709182
v -0.16235945 -0.08952741 0.08708771
v -0.12894732 -0.09058232 -0.10273533
v -0.15238866 -0.09202643 -0.08613940
v -0.14805019 -0.06562971 -0.08787187
v -0.12337296 -0.06078991 -0.10342678
v -0.04295731 0.00467757 -0.14029451
v -0.04540199 -0.03326607 -0.14090441
v -0.18787840 -0.01710176 0.03502330
v -0.18853545 -0.01546542 0.00777275
v -0.17298174 -0.00695451 -0.04602430
v -0.16535416 0.00506233 -0.07105614
v -0.15007840 0.01916400 -0.09433303
v -0.12651397 0.03644222 -0.10994966
v -0.10337063 -0.02369775 0.15584828
v -0.07673308 0.00372384 0.17621081
v -0.16778484 -0.01495712 0.05728204
v -0.01894902 -0.03230676 0.16714229
v -0.09613964 0.08399913 -0.12002728
v -0.06535833 0.09188984 -0.12614477
v -0.18084058 -0.01529906 -0.01929067
v -0.00898842 0.18153177 0.11261007
v -0.02700752 0.18504693 0.11053996
v -0.02425016 0.16734013 0.12173131
v -0.00667482 0.16353551 0.12431391
v -0.04247775 0.16931260 0.12020292
v -0.06199343 0.17019011 0.11919201
v -0.08216879 0.16943282 0.11794705
v -0.13992321 0.15955982 0.11620575
v -0.12160578 0.16526444 0.11738599
v -0.16235870 0.13610773 0.10251443
v -0.15376975 0.15037221 0.11160152
v -0.16599475 0.11889280 0.09328409
v -0.16950610 0.10191785 0.08385985
v -0.17562979 0.09230136 0.06929280
v -0.17625855 0.08300262 0.06966536
v -0.16779110 0.09077534 0.08644620
v -0.15892327 0.11152194 0.09911751
v -0.15143050 0.12791082 0.10792922
v 0.00865995 0.09287279 0.17079800
v 0.01045975 0.12010520 0.15793480
v 0.00057640 0.26604915 0.06594343
v -0.01409184 0.33798173 -0.06564303
v -0.02559746 0.33912641 -0.05894654
v -0.06495596 0.31302318 -0.05686148
v -0.08083104 0.30954120 -0.04735383
v -0.05000097 0.31776044 -0.06257485
v -0.03935870 0.32044157 -0.06766190
v -0.15898757 0.00499259 0.09393133
v -0.04044511 0.28460181 -0.09483724
v -0.04638056 0.30412149 -0.08082002
v -0.05955634 0.30246842 -0.07730525
v -0.07669061 0.30038160 -0.07123692
v -0.10234066 0.29423267 -0.05839064
v -0.12725627 0.28502524 -0.05620657
v -0.15885763 0.26682767 -0.06509922
v -0.17392825 0.26432839 -0.05929651
v -0.18663362 0.26154295 -0.05278403
v -0.19330055 0.26830149 -0.03505653
v -0.17994043 0.27304932 -0.04093963
v -0.24776699 0.19659975 -0.03389731
v -0.25819793 0.18252577 -0.03699871
v -0.26439670 0.16866663 -0.04554354
v -0.26459575 0.15151186 -0.05730879
v -0.24895456 0.13607907 -0.07109860
v -0.23295371 0.12484325 -0.07670455
v -0.21848591 0.12176885 -0.07858342
v -0.19005373 0.13138236 -0.08080004
v -0.18652612 0.13402213 -0.08305661
v -0.20103432 0.11053933 -0.06999230
v -0.20033437 0.10051122 -0.06816250
v -0.17795496 0.08325869 -0.06144217
v -0.16976526 0.07643908 -0.06846741
v -0.15860696 0.07166062 -0.07925654
v -0.13217932 -0.19173783 -0.08975063
v -0.14903653 -0.18421414 -0.07225855
v -0.15693285 -0.16394915 -0.07690480
v -0.12990905 -0.16871920 -0.08959156
v -0.07540276 -0.13668796 -0.11560327
v -0.04436946 -0.13039151 -0.11661097
v -0.18934830 -0.15745546 -0.00672807
v -0.18837905 -0.16208839 0.01970360
v -0.17180425 -0.15736833 -0.05665359
v -0.18130095 -0.15715782 -0.03264060
v -0.18025245 -0.16997667 0.04450395
v -0.12711003 -0.22528255 0.12529209
v -0.10462205 -0.24269693 0.13815548
v -0.05647795 -0.27163798 0.15352868
v -0.03073990 -0.28297785 0.15727788
v -0.17254744 -0.17965573 0.06896310
v -0.08019008 -0.25862211 0.14753887
v -0.16090456 -0.19234605 0.09078003
v -0.14552020 -0.20821810 0.10969815
v -0.10262173 -0.13149279 -0.12055378
v -0.10029790 -0.15883330 -0.11532663
v -0.12533602 -0.15616691 -0.10260951
v -0.05242375 0.16301320 -0.12175225
v -0.07694331 0.16097119 -0.12129647
v -0.09793172 0.15780117 -0.11844990
v -0.11075459 0.18068965 -0.11643606
v -0.11577888 0.16017653 -0.11540515
v -0.13594966 0.15883535 -0.11058591
v -0.12800425 0.18257388 -0.11257628
v -0.15693375 0.19163449 -0.10465570
v -0.16409098 0.17055385 -0.10187683
v -0.17466454 0.17824133 -0.10199589
v -0.16867644 0.19584861 -0.10298526
v -0.18208909 0.18526597 -0.10385030
v -0.18811594 0.18853058 -0.10717732
v -0.18054707 0.18950185 -0.09834516
v -0.18481940 0.18460059 -0.09559621
v -0.18734977 0.21166962 -0.08737262
v -0.18043342 0.21292804 -0.09251661
v -0.15095909 0.21086892 -0.10382171
v -0.13613148 0.20837691 -0.10813972
v -0.04833727 0.20336248 -0.11797760
v -0.02747026 0.20303480 -0.11841144
v -0.18112604 0.07219601 0.05284740
v -0.18484333 0.06167778 0.03352355
v -0.18764439 0.05741373 0.01034225
v -0.18805160 0.05895513 -0.01058991
v -0.19062606 0.06497358 -0.03025049
v -0.19021975 0.07465256 -0.04809937
v -0.19380109 0.09250629 -0.06625532
v -0.18536501 0.08830779 -0.06334422
v -0.18819883 0.10802034 -0.07951095
v -0.18030186 0.10202832 -0.07529037
v -0.17177777 0.11856024 -0.08554370
v -0.16053490 0.14033952 -0.09665973
v -0.15154260 0.16366442 -0.10481697
v -0.14335662 0.18633290 -0.10839392
v -0.12084448 0.20567018 -0.11157081
v -0.10497703 0.20354417 -0.11455388
v -0.08351936 0.22641611 -0.11269516
v -0.07850788 0.24791765 -0.10701565
v -0.08826445 0.20254453 -0.11672669
v -0.09090035 0.17889105 -0.11851766
v -0.05026529 0.35642970 -0.02436389
v -0.04465042 0.37209034 -0.03275976
v -0.21636309 0.14401001 -0.08299526
v -0.20996131 0.13624640 -0.08359057
v -0.21402185 0.13055235 -0.08195287
v -0.22526313 0.13686453 -0.08018126
v -0.23652826 0.14524968 -0.07586397
v -0.22949228 0.17124765 -0.07242304
v -0.22655571 0.15546113 -0.07887508
v -0.24558076 0.16187720 -0.06626557
v -0.24608776 0.17780365 -0.05586673
v -0.23049632 0.18363445 -0.06532179
v -0.24250342 0.18933609 -0.04958129
v -0.22946973 0.19319627 -0.05983657
v -0.23626195 0.19930398 -0.04729498
v -0.22768290 0.19968836 -0.05643494
v -0.20207202 0.22271571 -0.06718358
v -0.20984267 0.21367967 -0.06484674
v -0.21956079 0.20555100 -0.06020378
v -0.19236684 0.17686355 -0.09176318
v -0.20202336 0.16970362 -0.08811507
v -0.21335672 0.16142055 -0.08355890
v -0.21595532 0.17714891 -0.07853666
v -0.20448531 0.18260957 -0.08447585
v -0.19432899 0.18912323 -0.08889174
v -0.04667231 0.18331279 -0.11771842
v -0.06846973 0.18253943 -0.11920722
v -0.17749001 0.19935042 -0.10286547
v -0.18266228 0.20283565 -0.10620036
v -0.18071096 0.20013426 -0.09826201
v -0.18597093 0.19802384 -0.09308716
v -0.18057561 0.21532142 -0.10172924
v -0.17290571 0.21298490 -0.09959856
v -0.16299558 0.21220770 -0.10117506
v -0.06948881 0.20334992 -0.11779983
v -0.02505529 0.18311010 -0.11593298
v -0.19743255 0.23803893 0.04828978
v -0.20118837 0.25470212 0.02965762
v -0.20271425 0.26495931 0.00785444
v -0.19998398 0.26986408 -0.01474994
v -0.04629458 -0.07177212 -0.14343871
v -0.04516549 -0.09925671 -0.12430751
v -0.07429293 -0.10475583 -0.10973539
v -0.03671341 0.10051907 -0.12531012
v -0.02904589 0.16444273 -0.11826898
v -0.08833359 0.13562906 0.13467866
v -0.07118369 0.13765720 0.13606225
v -0.07583781 0.15298524 0.12746982
v -0.09403168 0.15108050 0.12591401
v -0.11958353 0.12855263 0.12707123
v -0.10455641 0.13247323 0.13147087
v -0.11175110 0.14822385 0.12393300
v -0.12864810 0.14358214 0.12071664
v -0.13315822 0.12289944 0.12098452
v -0.14204179 0.13644573 0.11510567
v -0.10042822 0.11783433 0.13986711
v -0.08481005 0.12060340 0.14283033
v -0.06754737 0.12258460 0.14419661
v -0.12690142 0.11062797 0.12875754
v -0.11452018 0.11489512 0.13510682
v -0.00496211 0.29259276 0.06406428
v -0.00821970 0.30480447 0.06688755
v 0.01158732 0.14120173 0.14113593
v 0.00820558 0.17776199 0.11586841
v 0.00633999 0.19822268 0.10626918
v 0.00570008 0.21780699 0.09512550
v -0.00217919 0.27900040 0.06138986
v 0.01026017 0.15950400 0.12753871
v -0.18841971 -0.24927257 -0.01973128
v -0.18560262 -0.23485771 -0.01880933
v -0.17117828 -0.24484725 -0.04990488
v -0.16699623 -0.25516000 -0.05977806
v -0.08050147 -0.19146869 -0.11352528
v -0.04971481 -0.20863932 -0.12102648
v -0.07956229 -0.20958191 -0.11557971
v -0.16693942 -0.17524725 -0.04749383
v -0.15037762 -0.20667638 -0.07403114
v -0.09130017 -0.23766771 -0.11254432
v -0.08478531 -0.25480372 -0.11652023
v -0.10803587 -0.24905658 -0.10759559
v -0.11876909 -0.23448335 -0.09997296
v -0.15042378 -0.22641067 -0.07484327
v -0.14735369 -0.23978046 -0.07878327
v -0.09879339 -0.22258438 -0.10908476
v -0.12570989 -0.22377671 -0.09500591
v -0.12910201 -0.20888412 -0.09326614
v -0.13397552 -0.24182275 -0.09160363
v -0.10444715 -0.20819049 -0.10683914
v -0.11172541 -0.19114669 -0.10252080
v -0.10472852 -0.16705470 -0.10656520
v -0.10185982 -0.11205976 -0.10053083
v -0.12478647 -0.24371345 0.12515846
v -0.10247464 -0.26206511 0.13516718
v -0.06003791 -0.28758571 0.14653803
v -0.03453685 -0.29726690 0.15060787
v -0.17128631 -0.19376887 0.07382617
v -0.08175124 -0.27604991 0.14157511
v -0.15944125 -0.20770031 0.09418596
v -0.14401889 -0.22482377 0.11119810
v -0.11192098 -0.09983885 0.15055767
v -0.11149454 -0.04823818 0.15766007
v -0.11258653 -0.07454344 0.14987031
v -0.15274410 -0.01767531 0.08310456
v -0.10202231 0.16801859 0.11713221
v 0.07424187 0.31446981 0.02215059
v 0.07378311 0.32679611 0.00978531
v 0.07070126 0.31558588 0.02623206
v 0.07369500 0.31991148 0.01795688
v 0.07297815 0.32529062 0.01447741
v 0.08132616 0.27661169 0.04594656
v 0.08975226 0.27840996 0.04156305
v 0.09230172 0.27087790 0.04713190
v 0.08619006 0.28628910 0.03605638
v 0.09900818 0.27962580 0.03780588
v 0.09435446 0.26269811 0.05200851
v 0.10366947 0.26312590 0.04971021
v 0.08586906 0.26175719 0.05533336
v 0.09585865 0.25400642 0.05722959
v 0.10426110 0.20852911 0.08624970
v 0.09462557 0.20758370 0.08843438
v 0.09592535 0.21748900 0.08180588
v 0.09322198 0.19780777 0.09492552
v 0.08518831 0.20656721 0.09104396
v 0.12684992 0.11138000 0.13024597
v 0.12001625 0.10569601 0.13940626
v 0.13223746 0.10200615 0.13056374
v 0.12639217 0.10420272 0.13492484
v 0.12415157 0.09756109 0.14163864
v 0.18535051 0.19619581 0.05465065
v 0.18815476 0.20855880 0.05370001
v 0.19217591 0.19858573 0.05388241
v 0.18268241 0.21691559 0.05276131
v 0.19005969 0.22120477 0.05079458
v 0.07880720 0.31572485 -0.02081214
v 0.07755272 0.31936491 0.00701103
v 0.08444339 0.31354946 -0.01048657
v 0.07770143 0.32174867 -0.01052051
v 0.09787764 0.29690421 0.01952769
v 0.09268475 0.30692476 -0.01091998
v 0.08771957 0.30905148 0.00112708
v 0.17453349 0.10964777 0.06464038
v 0.17119789 0.10406493 0.06692413
v 0.16966388 0.11336225 0.07215180
v 0.17279769 0.09512230 0.06115564
v 0.16966638 0.09902485 0.07030712
v 0.15899904 -0.01024339 0.10746741
v 0.14598817 -0.02327198 0.12116194
v 0.15991431 -0.02540335 0.09265608
v 0.15300865 -0.02441895 0.10734441
v 0.14924890 -0.03905764 0.10830449
v 0.17444369 -0.00518015 -0.00499972
v 0.17366330 -0.00100068 -0.01914163
v 0.17286970 -0.01285230 -0.01752179
v 0.17313705 0.00998103 -0.02042659
v 0.17026404 0.00195320 -0.03300801
v 0.14378822 0.20762302 0.08211534
v 0.11536299 0.21887302 0.07851505
v 0.13397411 0.20941706 0.08368225
v 0.13509884 0.21872194 0.07816262
v 0.11257314 0.19965480 0.09139057
v 0.11415113 0.20938843 0.08498997
v 0.13248244 0.20005327 0.08921963
v 0.12402149 0.20986509 0.08439380
v 0.27276191 0.10269635 0.03815757
v 0.26698893 0.09816558 0.04045072
v 0.26314047 0.10293258 0.04005541
v 0.27007815 0.09443339 0.04129338
v 0.26059327 0.09209505 0.04157894
v 0.18824811 -0.13094392 0.04057277
v 0.18598931 -0.12909092 0.02716997
v 0.17747036 -0.12685594 0.03272836
v 0.19109832 -0.12066131 0.02373108
v 0.18405862 -0.12683523 0.01477555
v 0.21270207 0.24321172 0.00540549
v 0.20742010 0.25207913 -0.00949208
v 0.21020812 0.24411018 0.01365372
v 0.20986958 0.25046390 0.00291888
v 0.20714574 0.25677490 -0.00015529
v 0.18726444 0.17611952 0.05486779
v 0.19057909 0.16016214 0.05787949
v 0.18122609 0.19453728 0.05858981
v 0.18412803 0.18573190 0.05642381
v 0.18591771 0.17749882 0.05909508
v 0.18713951 0.15945989 0.06138422
v 0.18864396 0.16950442 0.06117579
v 0.18621518 0.18039279 0.06410033
v 0.17637467 0.04080820 -0.03796981
v 0.17868781 0.03944008 -0.02634548
v 0.17198139 0.04183873 -0.02487537
v 0.17294782 0.03686301 -0.02483673
v 0.17951453 0.04036237 -0.01462966
v 0.17113388 0.01976131 -0.00748496
v 0.17029379 0.01926792 -0.02168718
v 0.17611833 0.03076157 -0.01256790
v 0.16793744 0.02075404 -0.03495085
v 0.17113419 0.03244988 -0.03653105
v 0.17425618 0.03033937 -0.02499283
v 0.16998163 0.02692094 -0.02290513
v 0.17800970 0.17676565 0.06964345
v 0.17879601 0.20350538 0.06155527
v 0.18264779 0.19255020 0.06424014
v 0.18166403 0.18552683 0.06829260
v 0.17575124 0.19161420 0.07160956
v 0.15381318 0.21407436 0.07532705
v 0.16855963 0.19673957 0.07409822
v 0.17037623 0.20677364 0.07159913
v 0.15093152 0.19566433 0.08423309
v 0.15278947 0.20470726 0.07969501
v 0.16581975 0.18757881 0.07682453
v 0.16091768 0.20111869 0.07689860
v 0.11842745 0.09257533 0.15043394
v 0.12585941 0.08879215 0.14640445
v 0.13297169 0.08564586 0.14091009
v 0.12708293 0.07892202 0.15112209
v 0.18202609 -0.13911408 0.05774350
v 0.18935597 -0.12261737 0.05085282
v 0.18993002 -0.13193530 0.05525254
v 0.18522006 -0.13135499 0.06930026
v 0.17726858 -0.13228267 0.08219704
v 0.17261004 -0.13020986 0.07329375
v 0.17808218 -0.14258629 0.08658527
v 0.16878659 -0.13628618 0.09424432
v 0.14977270 0.00657547 0.13513848
v 0.16444708 0.00381522 0.10744229
v 0.15826665 0.00464522 0.12198766
v 0.15572926 0.01993529 0.13297355
v 0.15297452 0.03455189 0.13826522
v 0.15877786 0.03296567 0.12477656
v 0.13807046 0.06404222 0.14819345
v 0.14435494 0.03678920 0.15032062
v 0.14909562 0.04850657 0.13909115
v 0.16131847 -0.15089655 0.11019886
v 0.15529405 -0.13876380 0.09750153
v 0.16005744 -0.13976100 0.10648473
v 0.15057857 -0.14302787 0.11816029
v 0.14044270 -0.14551815 0.12955277
v 0.13573793 -0.14379618 0.12038326
v 0.14018378 -0.15886047 0.13050500
v 0.12948330 -0.14788470 0.13959599
v 0.10617290 0.24550426 0.06094328
v 0.09687500 0.24549672 0.06281245
v 0.10644789 0.22765931 0.07306679
v 0.11606257 0.22797449 0.07220667
v 0.08753990 0.24494487 0.06580957
v 0.09674764 0.22725590 0.07521521
v 0.08701967 0.22632587 0.07793538
v 0.09709158 0.23659219 0.06885659
v 0.13819242 0.10734945 0.12061191
v 0.14902101 0.10355344 0.10880846
v 0.13802841 0.09985337 0.12520872
v 0.13668284 0.09248604 0.13169822
v 0.13958210 0.08303220 0.13404825
v 0.14363804 0.09754514 0.11898404
v 0.15411851 0.09378769 0.10481212
v 0.14913861 0.09531631 0.11212809
v 0.14826396 0.08759303 0.11741758
v 0.19105853 0.13690451 0.04599322
v 0.19529092 0.18645157 0.05452157
v 0.19898456 0.20167032 0.05401058
v 0.19674003 0.16504149 0.05298987
v 0.18959872 0.17451349 0.05252113
v 0.18943067 0.16509585 0.05309258
v 0.19116868 0.14598383 0.04889209
v 0.19273792 0.15415397 0.05063123
v 0.19427955 0.17121081 0.05278284
v 0.17519407 -0.13730162 0.03435145
v 0.17600523 -0.13384764 0.02180760
v 0.17417365 -0.14133675 0.04690738
v 0.17344894 -0.14555064 0.06040823
v 0.17594375 -0.14726564 0.03642240
v 0.14760619 -0.16757485 0.11853894
v 0.13724303 -0.17220542 0.12734494
v 0.12659034 -0.17592998 0.13496335
v 0.13295454 -0.18406095 0.12189784
v 0.23452410 0.05779503 -0.02890956
v 0.22234409 0.05982427 -0.01132802
v 0.21956916 0.05012592 -0.04409494
v 0.22217202 0.05314405 -0.02677474
v 0.21855214 0.05649527 -0.02890897
v 0.11025360 0.09792182 0.15138085
v 0.10850465 0.08861481 0.15817200
v 0.09183957 0.10695149 0.15433857
v 0.11384618 0.11140222 0.13996488
v 0.11188612 0.10517896 0.14502993
v 0.09560416 0.11347174 0.14828745
v 0.10232689 0.10485793 0.15108421
v 0.08978849 0.12235221 0.14363076
v 0.09910624 0.11833484 0.14249334
v 0.15541537 0.05767022 0.11596436
v 0.15620442 0.07385918 0.10764441
v 0.14207980 0.07285543 0.13637488
v 0.15127756 0.05906230 0.12734455
v 0.14542995 0.06128554 0.13846126
v 0.14569658 0.08040950 0.12592927
v 0.15139726 0.07780173 0.11708112
v 0.15332201 0.06808560 0.11690294
v 0.16259260 0.03227868 0.11078172
v 0.15864810 0.04576027 0.11383030
v 0.15916988 0.05710379 0.10482784
v 0.08006729 0.11093568 0.15473999
v 0.08752054 0.09836946 0.16068242
v 0.10700610 0.07723975 0.16472751
v 0.09608473 0.08598764 0.16431668
v 0.08255543 0.08466980 0.16729276
v 0.07731563 0.22493981 0.08095873
v 0.07794543 0.23441057 0.07484879
v 0.07663332 0.21516177 0.08727331
v 0.07596187 0.20527528 0.09376781
v 0.06795843 0.22296546 0.08400739
v 0.07829226 0.25200796 0.06408975
v 0.07842258 0.24354918 0.06927560
v 0.06921268 0.24156553 0.07313289
v 0.07582424 0.26810873 0.05494305
v 0.07750200 0.26031598 0.05928153
v 0.06892899 0.25823635 0.06360458
v 0.06019400 0.25559208 0.06763711
v 0.05931048 0.26299495 0.06318644
v 0.05999279 0.23897013 0.07674327
v 0.06030189 0.24741822 0.07194711
v 0.05126206 0.25288737 0.07140050
v 0.07133382 0.28061301 0.04615411
v 0.07387368 0.27459991 0.05029308
v 0.06611472 0.27218449 0.05467404
v 0.05807474 0.26936412 0.05854731
v 0.05002980 0.26684943 0.06253634
v 0.05695282 0.27521569 0.05439902
v 0.06293961 0.30772066 0.03924036
v 0.06258403 0.31278864 0.03537888
v 0.06755351 0.31632769 0.02858549
v 0.05528709 0.31070253 0.04268039
v 0.19083917 0.15025565 0.05462129
v 0.18952939 0.15725152 0.05359987
v 0.18963666 0.13971084 0.04805143
v 0.19021101 0.15273480 0.05098217
v 0.18832313 0.14338461 0.05503717
v 0.19013856 0.13932505 0.05111969
v 0.16860586 -0.15810367 0.09947240
v 0.15826739 -0.16277210 0.10910740
v 0.15157291 -0.17247787 0.10430963
v 0.10013182 0.24495611 -0.11007337
v 0.10077392 0.23628040 -0.11339145
v 0.10910279 0.23523059 -0.11187859
v 0.09233722 0.23688750 -0.11472275
v 0.10187088 0.22691922 -0.11623628
v 0.10900728 0.29761824 -0.00008866
v 0.09544317 0.30451432 -0.02462695
v 0.10172404 0.30240479 -0.01238772
v 0.11115490 0.29904798 -0.01498111
v 0.17478746 0.13316855 -0.11367853
v 0.17582379 0.12394547 -0.11277521
v 0.16946493 0.14034353 -0.11285674
v 0.17181206 0.13240674 -0.11294225
v 0.16906737 0.13205092 -0.11214066
v 0.19849521 0.09194534 -0.09304614
v 0.19653398 0.10579842 -0.09256180
v 0.20253853 0.08690638 -0.08503325
v 0.19887222 0.09638428 -0.08905652
v 0.19798575 0.10028736 -0.08380571
v 0.17422514 -0.12110518 0.00720681
v 0.18233266 -0.12518632 0.00180730
v 0.18735828 -0.11634240 -0.00174522
v 0.18007201 -0.12300749 -0.01210799
v 0.15672770 0.05961064 -0.09864243
v 0.15953672 0.05002510 -0.09071708
v 0.15590958 0.05633990 -0.08569473
v 0.16152069 0.04192889 -0.09413126
v 0.15986803 0.04191551 -0.08064951
v 0.01908962 0.24275370 -0.11132882
v 0.01914031 0.23322892 -0.11327922
v 0.02859395 0.23403738 -0.11249526
v 0.00964998 0.23219766 -0.11473729
v 0.01930120 0.22378121 -0.11501719
v 0.04739819 0.26703697 -0.10494955
v 0.04521649 0.27672988 -0.10161832
v 0.03884057 0.27664933 -0.10115227
v 0.05232300 0.27624208 -0.10119088
v 0.04264865 0.28591186 -0.09713814
v 0.08246364 0.24702662 -0.11202861
v 0.08395863 0.23726666 -0.11553963
v 0.06401075 0.25730312 -0.10903436
v 0.08585095 0.22703923 -0.11858177
v 0.07565551 0.23729256 -0.11580815
v 0.16940583 0.04167578 -0.04737367
v 0.17414393 0.04404617 -0.04922339
v 0.16094966 0.04805714 -0.06618041
v 0.16819477 0.04604366 -0.04750191
v 0.17165962 0.04888710 -0.05906622
v 0.17437011 0.06760070 -0.05795733
v 0.17559582 0.06512373 -0.04707409
v 0.17738272 0.06878535 -0.04769265
v 0.17591371 0.06114428 -0.04731773
v 0.17901213 0.06426281 -0.03579567
v 0.06743286 0.33180356 -0.01832031
v 0.06583590 0.32388589 -0.02567041
v 0.06165133 0.33160344 -0.02349718
v 0.05870440 0.33946973 -0.02193996
v 0.05560460 0.33257335 -0.02693080
v 0.02928698 0.35751018 -0.03672145
v 0.02791837 0.35275421 -0.03962181
v 0.03173747 0.35277396 -0.03643467
v 0.02403453 0.35467798 -0.04172827
v 0.02602806 0.34792042 -0.04416181
v 0.04297633 0.13434178 -0.12384000
v 0.02888520 0.13503031 -0.12285807
v 0.03085278 0.12412538 -0.12333515
v 0.02687772 0.14539339 -0.12240431
v 0.01554763 0.13564248 -0.12167850
v 0.18134183 0.08758868 -0.08470071
v 0.18434754 0.09398552 -0.09298851
v 0.18226436 0.08037489 -0.07817304
v 0.18367837 0.08724397 -0.08570484
v 0.18639077 0.08665368 -0.08771783
v 0.17915425 0.08722983 -0.08409848
v 0.18104221 0.09323646 -0.09091733
v 0.17407148 0.07511264 -0.06735109
v 0.17617637 0.08085630 -0.07733910
v 0.17779689 0.08606466 -0.08315205
v 0.17282359 0.06947076 -0.06647396
v 0.17237598 0.07260597 -0.06675468
v 0.17375588 0.07817281 -0.07502076
v 0.17892681 0.09040491 -0.08919116
v 0.17738488 0.08435847 -0.08182435
v 0.17576499 0.08165603 -0.08133679
v 0.15365916 0.07076253 -0.08712960
v 0.16091050 0.07842778 -0.08435435
v 0.16739064 0.05906612 -0.06435950
v 0.16529055 0.07011352 -0.07959649
v 0.16511431 0.07446503 -0.07586138
v 0.15557618 0.06238486 -0.08083787
v 0.15804894 0.05528674 -0.07383761
v 0.16500859 0.05205769 -0.06645558
v 0.16981301 0.05539528 -0.06756115
v 0.16037787 0.06647032 -0.07980833
v 0.16764580 0.06263219 -0.07396878
v 0.01812309 0.05883791 -0.12788391
v 0.03396642 0.05635444 -0.12706226
v 0.03298330 0.07189156 -0.12625882
v 0.03457098 0.03978347 -0.12732892
v 0.04905308 0.05318488 -0.12647268
v 0.22166756 0.10839927 0.03279074
v 0.21874544 0.11849706 0.04156963
v 0.22288410 0.11716419 0.03943993
v 0.21511742 0.11932430 0.04324835
v 0.21599616 0.12823720 0.04793593
v 0.18470672 0.13357760 -0.08865479
v 0.18954608 0.13005400 -0.08844388
v 0.19124135 0.13497193 -0.09040464
v 0.18875329 0.12587093 -0.08625893
v 0.19333737 0.12602818 -0.08812138
v 0.21651314 0.08108532 -0.01129753
v 0.22015661 0.08747271 0.00450711
v 0.21726148 0.07987241 -0.00127272
v 0.22135450 0.10404003 0.02647852
v 0.21862726 0.09097250 0.00814511
v 0.22263111 0.09184123 0.01741530
v 0.10700157 0.29810888 -0.03990045
v 0.08798370 0.30631515 -0.03441765
v 0.09736460 0.30236098 -0.03739761
v 0.09906394 0.29734576 -0.04926375
v 0.12054861 0.29755843 -0.01700410
v 0.11417405 0.29739097 -0.02933780
v 0.11677881 0.29471093 -0.04170479
v 0.20606178 0.09334702 -0.07158713
v 0.21133758 0.08717401 -0.06020405
v 0.20743877 0.09132780 -0.06784649
v 0.20855193 0.08641307 -0.05358325
v 0.21149698 0.08587204 -0.06199850
v 0.20872006 0.08611040 -0.06290574
v 0.28183389 0.10146423 0.03536270
v 0.27813825 0.10638854 0.03541803
v 0.27348146 0.11341066 0.03506393
v 0.28187102 0.11309756 0.03166831
v 0.21114929 0.07253847 -0.02613041
v 0.20674118 0.07835145 -0.04593559
v 0.20926382 0.06779609 -0.03739065
v 0.21075809 0.08264544 -0.06161218
v 0.20702237 0.07954190 -0.05506049
v 0.20811346 0.06865574 -0.04642284
v 0.20648681 0.07353791 -0.04747920
v 0.21041748 0.06366812 -0.04619639
v 0.20763887 0.07087127 -0.05368108
v 0.16486841 0.02492819 -0.08314320
v 0.15377949 0.04133625 -0.10363604
v 0.16184723 0.03261208 -0.09506766
v 0.16045703 0.02267765 -0.09314611
v 0.15802136 -0.10230125 -0.05732671
v 0.17729737 -0.10913008 -0.02612210
v 0.16767353 -0.10581761 -0.04712290
v 0.15999648 -0.11190764 -0.04449881
v 0.16871570 -0.11828221 -0.02037252
v 0.17773762 -0.12032568 -0.02648688
v 0.16198106 -0.11726648 -0.04768640
v 0.17505576 -0.11532322 -0.03989596
v 0.17528768 -0.13140288 0.00891934
v 0.17611091 -0.14169827 0.01079321
v 0.17333934 -0.12998611 -0.00443572
v 0.16634957 -0.12425484 -0.06166476
v 0.17043759 -0.12376599 -0.04779204
v 0.17222744 -0.12851214 -0.01884871
v 0.17219204 -0.12551513 -0.03345015
v 0.17779960 -0.13684100 -0.01703403
v 0.17371434 -0.13456167 -0.04555321
v 0.05194871 0.35045031 -0.02101854
v 0.04803884 0.36377466 -0.02219352
v 0.04190140 0.36869207 -0.03627359
v 0.18462236 -0.22905423 0.03155592
v 0.18494120 -0.23611116 0.02663969
v 0.18236586 -0.23314749 0.03834434
v 0.18526067 -0.24260467 0.01490485
v 0.18507892 -0.24297458 0.02384359
v 0.01511607 0.37790200 -0.05389223
v 0.01930850 0.37668428 -0.05136583
v 0.03408384 0.37582332 -0.03513912
v 0.02554623 0.38124096 -0.04182146
v 0.18387026 -0.22389099 0.01543227
v 0.18430234 -0.22298299 0.02904567
v 0.18142156 -0.22286539 0.04141691
v 0.18315847 -0.21565239 0.02839317
v 0.06206948 0.34504417 -0.01773953
v 0.05677869 0.34732231 -0.01999984
v 0.05499907 0.35463119 -0.01758399
v 0.07215223 0.33558851 0.00604954
v 0.06895637 0.34542421 -0.00421505
v 0.06388526 0.35228744 -0.01525987
v 0.07190391 0.33166084 0.01009310
v 0.07122259 0.32774901 0.01412205
v 0.17883785 -0.23019691 0.05070656
v 0.17992005 -0.23610927 0.04792516
v 0.18010734 -0.24327828 0.04618756
v 0.17682134 -0.23981041 0.05714481
v 0.17774415 -0.15270826 0.02632880
v 0.17731348 -0.15569586 0.03873972
v 0.17767769 -0.15048411 0.01321242
v 0.17925365 -0.14804986 -0.00031458
v 0.17986088 -0.15775463 0.01600407
v 0.04361994 -0.24064218 -0.12128226
v 0.06670451 -0.22790402 -0.11631137
v 0.06042416 -0.24561696 -0.11848097
v 0.06305481 -0.23718415 -0.11737074
v 0.08121293 -0.23508221 -0.11208216
v 0.18114175 -0.14562958 -0.01449205
v 0.18004458 -0.14468938 -0.02853342
v 0.18237670 -0.15402241 -0.01153394
v 0.16320823 -0.14535329 -0.04798903
v 0.17350844 -0.14592248 -0.04045151
v 0.17136817 -0.15521801 -0.03331598
v 0.17911656 -0.15773879 0.05145689
v 0.18091366 -0.16132782 0.04160530
v 0.11291070 -0.19376868 0.13733327
v 0.10325062 -0.21395242 0.14315377
v 0.12422016 -0.20225923 0.12912717
v 0.11393930 -0.20811518 0.13638705
v 0.11494357 -0.22125901 0.13552922
v 0.02613677 -0.24767634 0.17053752
v 0.04031929 -0.24311736 0.16848594
v 0.04044573 -0.25806588 0.16502763
v 0.04002119 -0.22621219 0.17066087
v 0.05362795 -0.23801664 0.16510175
v 0.03639478 -0.30749446 0.14793146
v 0.01377618 -0.29803580 0.15410922
v 0.17077786 -0.23706493 0.06908099
v 0.17194253 -0.24269979 0.06603213
v 0.17011835 -0.23157553 0.07165348
v 0.16516003 -0.23622206 0.08145292
v 0.15800445 -0.24180605 0.09132077
v 0.15835407 -0.23703521 0.09213188
v 0.15794358 -0.24575160 0.08956829
v 0.15147309 -0.24817538 0.10058498
v 0.15379603 -0.14548546 -0.05778561
v 0.15652047 -0.15589681 -0.05540458
v 0.15689135 -0.12359962 -0.07232263
v 0.15611154 -0.13500687 -0.06600918
v 0.14448944 -0.14554027 -0.06839176
v 0.13256216 -0.13257927 -0.07835956
v 0.12100840 -0.11810721 -0.08930039
v 0.15434222 -0.11041339 -0.07257250
v 0.14842448 -0.09911390 -0.06764604
v 0.14533836 -0.12253973 -0.07976506
v 0.13375986 -0.12137309 -0.08657183
v 0.13385689 -0.10750492 -0.09120877
v 0.10350933 0.08405346 -0.11593219
v 0.14250419 0.06312282 -0.11137331
v 0.11735416 0.07383742 -0.11338560
v 0.11697119 0.08526192 -0.11489277
v 0.14257106 0.05170263 -0.10920683
v 0.14050665 0.04198935 -0.10539630
v 0.11615153 0.06334312 -0.11104747
v 0.13027596 0.06301415 -0.11143827
v 0.03656871 0.24459456 -0.11007430
v 0.04251709 0.25620800 -0.10731067
v 0.03767226 0.23459114 -0.11252218
v 0.03840338 0.22487748 -0.11465690
v 0.04598255 0.23518577 -0.11334044
v 0.05233562 -0.20270659 0.16835700
v 0.02749284 -0.21422619 0.17425023
v 0.03977729 -0.20795988 0.17193137
v 0.03834787 -0.18884288 0.17295250
v 0.11528397 -0.16457444 0.14316575
v 0.11497443 -0.17933324 0.14172927
v 0.10244446 -0.18310754 0.14727806
v 0.09002860 -0.18745123 0.15329243
v 0.06329118 -0.17948106 0.16503872
v 0.08895003 -0.17099914 0.15380144
v 0.09063670 -0.20407774 0.15132526
v 0.09172201 -0.21995974 0.14996271
v 0.06559540 -0.21528490 0.16267793
v 0.06481797 -0.19739878 0.16417360
v 0.07727915 -0.19234429 0.15880466
v 0.06307505 -0.07903569 0.18212716
v 0.07943758 -0.07893896 0.17742920
v 0.07333831 -0.09314618 0.17209634
v 0.08369283 -0.06392556 0.17698601
v 0.09343110 -0.07863410 0.16913702
v 0.10218881 -0.04934356 0.16936597
v 0.07227290 -0.04935676 0.18234062
v 0.08805371 -0.04930870 0.17671226
v 0.09242469 -0.03471546 0.17704627
v 0.09323893 0.05306059 0.17744140
v 0.13865910 0.02388069 0.15883067
v 0.13555676 0.03928741 0.16206430
v 0.11421987 0.02805946 0.17937610
v 0.11910100 0.07149509 0.16225493
v 0.12961869 0.06734893 0.15641734
v 0.13265286 0.05412953 0.16034865
v 0.10743621 0.06294707 0.17160816
v 0.10948724 0.04579796 0.17763799
v 0.12415560 0.04209937 0.17177582
v 0.05955106 0.23002370 0.08185785
v 0.05928489 0.22055338 0.08740418
v 0.05117958 0.23629071 0.08030158
v 0.05915128 0.21076657 0.09345271
v 0.05089852 0.21800219 0.09129609
v 0.17299037 -0.24532007 0.06219395
v 0.16674255 -0.24393509 0.07689929
v 0.15801781 -0.24785034 0.08775704
v 0.17841560 -0.22427578 0.05238497
v 0.17798184 -0.21816447 0.05262283
v 0.17465910 -0.22744685 0.06220678
v 0.16979742 -0.22590990 0.07311812
v 0.17413870 -0.14989671 0.07466005
v 0.17720428 -0.15357208 0.08876318
v 0.17646907 -0.15441436 0.06251624
v 0.17291877 -0.16369756 0.08750083
v 0.18133593 -0.16049929 0.06477126
v 0.16505592 -0.17053661 0.08323704
v 0.17807676 -0.16922227 0.06573561
v 0.17612155 -0.16703263 0.07643402
v 0.17442740 0.01408055 0.01534158
v 0.17583019 -0.00009091 0.01096921
v 0.17588283 -0.01376008 0.00633605
v 0.17360672 0.00678297 0.02856315
v 0.11424512 0.11678906 0.13478337
v 0.10739274 0.11594101 0.13988249
v 0.10259873 0.12197909 0.13785920
v 0.09919950 0.12879917 0.13486545
v 0.10660724 0.12511131 0.13323654
v 0.15019801 -0.09619072 -0.05871406
v 0.15798639 -0.09922817 -0.04718298
v 0.16469140 -0.10189186 -0.03487283
v 0.15670647 -0.08583556 -0.05102510
v 0.15962717 0.07574664 0.09846812
v 0.16040525 0.06657501 0.09968808
v 0.16269037 0.05698077 0.09375975
v 0.16723870 0.06670481 0.08076752
v 0.16471110 0.04594389 0.08837900
v 0.17001234 0.05659924 0.07332316
v 0.16639318 0.05696810 0.08323453
v 0.17225254 0.03433661 0.04466249
v 0.17291482 0.05708177 0.06378571
v 0.17050502 0.04581496 0.06561360
v 0.17479871 0.03689273 0.03521702
v 0.17574982 0.04752022 0.04646708
v 0.17225178 0.08158232 0.05995674
v 0.17260139 0.06842624 0.06340393
v 0.17560574 0.05842951 0.05551735
v 0.17707029 0.06120761 0.04844306
v 0.17970680 0.05486169 0.03344522
v 0.17543404 0.08994583 0.05128450
v 0.17351954 0.08552147 0.05527213
v 0.17815794 0.06502260 0.04233161
v 0.17515713 0.07426568 0.05055343
v 0.17734163 0.06931745 0.03737649
v 0.18854445 0.12118973 0.03960567
v 0.19087929 0.12526394 0.03990312
v 0.19357428 0.12698887 0.04052437
v 0.19152558 0.11302011 0.03286469
v 0.07619402 0.02731340 0.18249065
v 0.06391900 -0.02135322 0.18281400
v 0.05535574 0.00747904 0.17961405
v 0.09692542 -0.01990383 0.17794934
v 0.08107388 -0.02033984 0.18260249
v 0.09007104 0.01191312 0.18430257
v 0.07274902 0.00993908 0.18264239
v 0.06834868 -0.00636316 0.18247265
v 0.09269167 -0.23461390 0.14861427
v 0.06734808 -0.24745370 0.15898547
v 0.06669317 -0.23206313 0.16116554
v 0.07919388 -0.22611742 0.15568908
v 0.11441673 -0.28047994 0.12802465
v 0.06201629 -0.29173350 0.14658527
v 0.09448386 -0.29434964 0.13412531
v 0.05678936 -0.28989214 0.14975692
v 0.06564775 -0.28605402 0.14773025
v 0.06441645 0.03200455 -0.12400785
v 0.06227746 0.06506957 -0.12558234
v 0.06339809 0.04921777 -0.12505877
v 0.08854362 0.06866223 -0.11680791
v 0.07730815 0.04432210 -0.12117295
v 0.00973725 0.25136739 -0.11063273
v 0.01868116 0.25288066 -0.10900515
v 0.02712456 0.25406873 -0.10778076
v 0.03382899 0.26588789 -0.10421105
v 0.03510521 0.25516823 -0.10716105
v 0.01798037 0.26343900 -0.10639333
v 0.02807774 0.29489702 -0.09317257
v 0.01467698 0.30310047 -0.09072283
v 0.01367403 0.31226766 -0.08498457
v 0.00774920 0.31150600 -0.08720651
v 0.01881150 0.31270114 -0.08336902
v 0.01275090 0.32134634 -0.07862731
v 0.00927055 0.38337556 -0.05162368
v 0.21295775 0.05976415 -0.05222564
v 0.22080177 0.04943695 -0.05056605
v 0.22528997 0.05009548 -0.05441659
v 0.22030969 0.05559612 -0.05622166
v 0.23027247 0.04417913 -0.05235154
v 0.23167208 0.05082634 -0.05886738
v 0.05292187 0.14468572 -0.12405378
v 0.05753112 0.13314565 -0.12366421
v 0.06483204 0.11970721 -0.12326736
v 0.09025446 0.10704403 -0.12030078
v 0.07309993 0.12939271 -0.12298082
v 0.07443752 0.32798991 0.00348047
v 0.07198578 0.33639130 0.00025708
v 0.07225627 0.33043414 -0.01109406
v 0.07575221 0.32584572 -0.00244255
v 0.06740610 0.33915031 -0.01364778
v 0.06587754 0.34653246 -0.01396346
v 0.06895739 0.34532449 -0.00890373
v 0.13320121 0.29162082 -0.03148392
v 0.15178771 0.28620294 -0.03134027
v 0.15741847 0.28794461 -0.01891201
v 0.14855340 0.29042396 -0.01917966
v 0.16610894 0.28479776 -0.01840176
v 0.16094708 0.28610140 -0.00585030
v 0.10924798 0.25047541 -0.10454056
v 0.11883238 0.25439459 -0.09876581
v 0.12021159 0.26048362 -0.09347214
v 0.11085644 0.26345173 -0.09470493
v 0.12840556 0.25757042 -0.09214970
v 0.12208731 0.26592374 -0.08693637
v 0.05842093 -0.25105792 -0.11924647
v 0.07523428 -0.24888098 -0.11465204
v 0.03989543 -0.25622752 -0.12270211
v 0.05623946 -0.25470182 -0.11935790
v 0.04933709 -0.05702667 -0.11274745
v 0.06549721 -0.06161274 -0.10719235
v 0.06564021 -0.04304932 -0.11232872
v 0.06582262 -0.08106884 -0.10576154
v 0.08076246 -0.06694008 -0.10245501
v 0.10183246 0.11096948 -0.11838963
v 0.08353649 0.13485172 -0.12246519
v 0.08838598 0.12162478 -0.12157338
v 0.11414742 0.09979566 -0.11595628
v 0.12652040 0.08868695 -0.11463051
v 0.11144663 0.11517110 -0.11644734
v 0.07412249 0.12269376 0.14854065
v 0.06757094 0.11743569 0.15435576
v 0.07961857 0.12765935 0.14321685
v 0.08507480 0.13131744 0.13870689
v 0.06922472 0.13350628 0.14124879
v 0.07177420 0.14670932 0.13165024
v 0.05905465 0.14000952 0.13880092
v 0.06556159 0.14362177 0.13479298
v 0.06271700 0.15338013 0.12916440
v 0.22624764 0.06644843 -0.06666318
v 0.23134889 0.08465125 -0.07586879
v 0.22208892 0.08781968 -0.08049610
v 0.21942089 0.08171366 -0.07386928
v 0.22263125 0.09490083 -0.08250138
v 0.21359682 0.08911917 -0.08241482
v 0.16818999 -0.07915693 -0.03056004
v 0.18263610 -0.06348154 -0.03788057
v 0.15502992 -0.07136625 -0.05524477
v 0.16216597 -0.07566132 -0.04316124
v 0.17295504 -0.05771150 -0.04658001
v 0.17460483 -0.07268492 -0.04247233
v 0.17408070 -0.04419552 -0.05474040
v 0.16407394 -0.05126876 -0.05598040
v 0.16644597 0.01572827 -0.04695326
v 0.16476128 0.02388325 -0.04699184
v 0.16240114 0.02648497 -0.07103621
v 0.16441827 0.01760221 -0.07055403
v 0.16616040 -0.00466251 -0.04326776
v 0.16665961 0.00622365 -0.04563522
v 0.16681275 0.00806739 -0.06865141
v 0.16389766 0.01126681 -0.05787462
v 0.16746362 0.03637898 -0.04731023
v 0.16526330 0.03105937 -0.04678344
v 0.15868221 0.04219824 -0.06752731
v 0.15994062 0.03467982 -0.06983013
v 0.16337848 0.04194171 -0.05686964
v 0.16157627 0.02852550 -0.05845209
v 0.22258322 0.05702110 -0.06115730
v 0.20786722 0.06980079 -0.08117815
v 0.21791476 0.05265215 -0.06024047
v 0.21048638 0.05123974 -0.05833667
v 0.19457804 0.06591251 -0.07707331
v 0.21227360 0.05584757 -0.07159366
v 0.19979438 0.07597176 -0.08894175
v 0.18975797 0.08493379 -0.09125727
v 0.19069213 0.07525753 -0.08467881
v 0.20593205 0.06453684 -0.08141547
v 0.20119971 0.06299528 -0.07958283
v 0.21472821 0.08362605 -0.02264392
v 0.21481170 0.08075128 -0.02393138
v 0.21084793 0.09215546 -0.04308049
v 0.20540392 0.08233603 -0.04401370
v 0.21048042 0.08153271 -0.03657286
v 0.21855439 0.09244876 -0.01951662
v 0.22101857 0.08668596 -0.04158038
v 0.20985256 0.08433904 -0.03206608
v 0.17782658 0.06978931 -0.04833732
v 0.18543245 0.06882209 -0.03727591
v 0.20745803 0.06045786 -0.02860655
v 0.20216733 0.05572310 -0.04112020
v 0.18769428 0.06237198 -0.04023991
v 0.20401722 0.06437643 -0.01387595
v 0.19143610 0.06805433 -0.02582964
v 0.19570071 0.06102195 -0.02736754
v 0.18646798 0.06971551 -0.02331373
v 0.18612413 0.07042053 -0.02428332
v 0.19688356 0.07260052 -0.01310567
v 0.17814805 0.07064359 -0.06064207
v 0.17955120 0.07569090 -0.07010300
v 0.17642893 0.07550823 -0.06848392
v 0.18434422 0.06835673 -0.05263207
v 0.18437414 0.06628028 -0.05261680
v 0.20397709 0.05660608 -0.05658986
v 0.18345344 0.07530578 -0.07090998
v 0.18844967 0.07143545 -0.07384871
v 0.19860546 0.06025137 -0.06789877
v 0.19516374 0.06322267 -0.05425562
v 0.18503149 0.06992109 -0.06189878
v 0.17716572 0.21399619 0.05756665
v 0.17711854 0.22436950 0.05375855
v 0.17653808 0.21418546 0.06410299
v 0.17777801 0.23513567 0.04985385
v 0.17346543 0.23126820 0.05706274
v 0.16571575 0.24754269 0.05544674
v 0.17083563 0.21727884 0.06843814
v 0.16240634 0.22088441 0.07005556
v 0.17194368 0.22620003 0.06400661
v 0.16835052 0.23766918 0.06079371
v 0.15835166 0.24354547 0.06019879
v 0.14464599 0.22614722 0.07207174
v 0.15358393 0.22370321 0.07110902
v 0.15250170 0.23343191 0.06672429
v 0.14832790 0.25168148 0.05589082
v 0.15043694 0.24287373 0.06168447
v 0.14184813 0.24429922 0.06146435
v 0.11272272 0.26282597 0.04846397
v 0.11423204 0.25448790 0.05426405
v 0.13322191 0.24551262 0.06102116
v 0.13142961 0.25367898 0.05496129
v 0.11542660 0.24566402 0.06021100
v 0.13536379 0.22779420 0.07253037
v 0.12573609 0.22827965 0.07241990
v 0.11611761 0.23693874 0.06615061
v 0.13471317 0.23686206 0.06695868
v 0.12445951 0.24598768 0.06048814
v 0.07527032 0.30842745 0.02684440
v 0.07744619 0.31313920 0.01680130
v 0.08669363 0.29945838 0.02610053
v 0.08194249 0.31156558 0.01032141
v 0.08857051 0.30439183 0.01372455
v 0.07066687 0.30479690 0.03532749
v 0.07521321 0.29063165 0.03855606
v 0.08159162 0.29419494 0.03327169
v 0.06500809 0.30127916 0.04148220
v 0.07759666 0.30170107 0.03097300
v 0.06892629 0.28735200 0.04353764
v 0.06255847 0.28439283 0.04778048
v 0.05890520 0.29810515 0.04596392
v 0.06684309 0.29428872 0.04226174
v 0.05560157 0.28156871 0.05142258
v 0.04792736 0.27878940 0.05490772
v 0.05407576 0.28823811 0.04993921
v 0.00970512 0.37647021 -0.04942480
v 0.00454991 0.37905285 -0.05056442
v 0.02250806 0.36160690 -0.04033806
v 0.01973036 0.35745287 -0.04331534
v 0.01648899 0.37283525 -0.04533892
v 0.01136422 0.36883375 -0.04691949
v 0.01811089 0.35176694 -0.04728051
v 0.00941736 0.36203805 -0.04844749
v 0.01444780 0.36007601 -0.04572158
v 0.00565441 0.36325717 -0.05045205
v 0.00910305 0.35456368 -0.05224934
v 0.00188424 0.35348698 -0.05667083
v 0.00274264 0.37164384 -0.04948729
v 0.00225237 0.36306432 -0.05198847
v -0.00247950 0.36003545 -0.05387278
v 0.07065479 0.32300022 0.01773223
v 0.06776293 0.32066461 0.02287248
v 0.06546697 0.31764749 0.02853919
v 0.05104174 0.30812299 0.04680604
v 0.04954419 0.31484452 0.04471087
v 0.29273918 0.10967221 0.02795789
v 0.28796700 0.11563176 0.02586961
v 0.28237763 0.12344199 0.02458437
v 0.29294261 0.12054664 0.01890976
v 0.30318177 0.12015684 0.01050149
v 0.29743862 0.12465584 0.01023279
v 0.29112411 0.13091119 0.00841524
v 0.30050635 0.12675689 0.00078461
v 0.12763880 0.29008996 0.01030649
v 0.15375695 0.28622025 0.00378614
v 0.16275443 0.28350812 0.00764078
v 0.14567727 0.28238723 0.02053585
v 0.12779036 0.29326743 -0.00441014
v 0.13013445 0.29541132 -0.01845541
v 0.13945159 0.29310447 -0.01904373
v 0.14594646 0.29001921 -0.00621249
v 0.13660496 0.28888339 0.00892043
v 0.14550027 0.28780538 0.00795684
v 0.19236133 -0.11191870 0.03336531
v 0.19302483 -0.11063490 0.02062084
v 0.18874446 -0.11334125 0.04653220
v 0.17820571 -0.11765506 0.05556134
v 0.18926640 -0.10294017 0.04238773
v -0.00197970 -0.08010112 0.18794946
v 0.04107757 -0.09494920 0.18234383
v 0.01316718 -0.07798896 0.18939941
v 0.00614653 -0.09153660 0.19034006
v 0.05085075 -0.06399830 0.18590707
v 0.04631028 -0.07928664 0.18656428
v 0.01741919 -0.06464283 0.18410346
v 0.02932258 -0.07911366 0.18848157
v 0.04097293 0.02138914 0.17839651
v 0.03749739 0.00531176 0.17658989
v 0.03354866 -0.00975388 0.17645727
v 0.01925831 0.00142756 0.17466794
v 0.05165097 -0.16721255 0.17782401
v 0.06540160 -0.16354245 0.17393990
v 0.05051173 -0.10472631 0.16665597
v 0.03464739 -0.10568824 0.17053361
v 0.04943051 -0.13625553 0.17422242
v 0.01912329 -0.11068531 0.17282568
v 0.03467035 -0.13920252 0.17706358
v 0.03472270 -0.12110109 0.17771411
v 0.03795866 -0.17094496 0.18140244
v 0.02586218 -0.17629567 0.18331590
v 0.03490638 -0.15716773 0.17301264
v 0.02021399 -0.14342916 0.17393023
v 0.01482468 -0.19348583 0.17929353
v 0.01600114 -0.22112271 0.17569681
v 0.01733651 -0.20596117 0.17644864
v 0.00912101 -0.20058200 0.17805395
v 0.23870526 0.16745210 0.03392844
v 0.23481597 0.18705140 0.02451424
v 0.23002063 0.16755353 0.04051031
v 0.23299988 0.17772740 0.03329254
v 0.22740307 0.18831572 0.03248034
v 0.11215764 -0.14747624 0.13935426
v 0.11803328 -0.15047243 0.14837654
v 0.10579710 -0.15388130 0.15589085
v 0.09322473 -0.15739682 0.16323464
v 0.07938939 -0.16047010 0.16908064
v 0.06283901 -0.15048635 0.16593045
v 0.06101493 -0.13379338 0.16488226
v 0.08782779 -0.14749655 0.15558378
v 0.18797271 0.12649511 0.04421486
v 0.18942516 0.13400109 0.04740051
v 0.18700178 0.12821744 0.04694985
v 0.18689075 0.11652666 0.03942652
v 0.18683302 0.10592078 0.03255532
v 0.18560199 0.11465467 0.04026947
v 0.06884478 0.08145960 0.16983269
v 0.07897790 0.06557188 0.17376184
v 0.07756685 0.04565303 0.17929320
v 0.06086979 0.04120220 0.17925316
v 0.09047052 0.13385326 0.13468616
v 0.09620677 0.13552886 0.13083452
v 0.08108066 0.13987431 0.13341813
v 0.07822532 0.14859711 0.12854965
v 0.07637548 0.15748419 0.12351863
v 0.08517189 0.15015537 0.12571236
v 0.10245506 0.13625297 0.12753846
v 0.09392845 0.14307547 0.12693878
v 0.09242838 0.15108456 0.12255059
v 0.09170811 0.15964359 0.11783937
v 0.10001548 0.15167373 0.11947474
v 0.20812438 0.17707887 -0.08665342
v 0.20149633 0.17915742 -0.08933139
v 0.20080587 0.17318194 -0.09141177
v 0.20250206 0.18508914 -0.08685572
v 0.19492988 0.18226029 -0.09175734
v 0.30643773 0.12089177 -0.00782300
v 0.30666173 0.11668778 -0.02154572
v 0.30216244 0.12278480 -0.02425540
v 0.30038300 0.12004638 -0.03157348
v 0.30184117 0.12643835 -0.00813719
v 0.29510361 0.13275354 -0.00647044
v 0.30239919 0.12486734 -0.01694829
v 0.29527974 0.13038191 -0.02773556
v 0.21518512 0.06953171 -0.01557991
v 0.21335097 0.06280947 -0.02775081
v 0.21197933 0.06782027 -0.02720630
v 0.21481462 0.05750909 -0.02828450
v 0.21715210 0.05883913 -0.01770653
v 0.21955529 0.06147708 -0.00635292
v 0.22037311 0.05618215 -0.00716954
v 0.21767849 0.07307445 -0.00328704
v 0.22047968 0.07815734 0.00859950
v 0.21848899 0.06702159 -0.00517733
v 0.22283937 0.06505020 0.00525280
v 0.21939324 0.04877665 -0.01921229
v 0.21331720 0.05750637 -0.03788339
v 0.21268183 0.05838554 -0.04598579
v 0.21540350 0.05332142 -0.04590981
v 0.21651733 0.05252055 -0.02902315
v 0.21812300 0.04786368 -0.03027784
v 0.22144039 0.04410095 -0.04520940
v 0.21841107 0.04872932 -0.04589342
v 0.21966214 0.04296727 -0.03253645
v 0.21770358 0.04810394 -0.03937738
v 0.24650845 0.04688412 -0.06121262
v 0.23289247 0.05983563 -0.06508370
v 0.23921692 0.05337843 -0.06283699
v 0.23490375 0.06833611 -0.07088561
v 0.24784711 0.05694424 -0.06733154
v 0.24516189 0.08759948 -0.07755264
v 0.24002287 0.07688217 -0.07422761
v 0.25658533 0.06319983 -0.06950799
v 0.24604961 0.06762514 -0.07064790
v 0.26383296 0.05746847 -0.06825935
v 0.26475883 0.07023133 -0.07149077
v 0.29984072 0.10986182 -0.03828707
v 0.27604327 0.07122881 -0.06895173
v 0.28374657 0.09000693 -0.06190917
v 0.26562965 0.08664007 -0.07219924
v 0.27207586 0.07886349 -0.07001453
v 0.28417361 0.10003512 -0.06059858
v 0.27875483 0.08696976 -0.06722990
v 0.29687148 0.11630041 -0.04038564
v 0.29162976 0.12309255 -0.04390316
v 0.29114902 0.10961044 -0.05031951
v 0.28289020 0.11083546 -0.05934654
v 0.25246358 0.07964854 0.04255491
v 0.25141904 0.09050385 0.04052886
v 0.25317028 0.08498862 0.04139176
v 0.24557531 0.07744848 0.03779249
v 0.22760622 0.06406335 0.01471523
v 0.22680470 0.07040848 0.01627460
v 0.23898029 0.06968166 0.03150670
v 0.23846194 0.07648323 0.03220403
v 0.22796878 0.05800375 0.01357681
v 0.23878023 0.06273955 0.03045128
v 0.23302273 0.06289503 0.02347393
v 0.24271730 0.18404180 0.01629548
v 0.23604189 0.19529980 0.01485786
v 0.22961640 0.20575124 0.01329324
v 0.23591663 0.20071779 0.00420830
v 0.19697219 0.14154175 0.04909169
v 0.19700019 0.12649915 0.04164857
v 0.20841049 0.13272919 0.05109061
v 0.20347926 0.13735244 0.05144209
v 0.20230097 0.15447474 0.05548184
v 0.20388092 0.15114236 0.05522978
v 0.19865295 0.16044910 0.05394944
v 0.20228681 0.17964520 0.05558987
v 0.20071578 0.15728557 0.05511193
v 0.20328139 0.17081843 0.05625487
v 0.27069589 0.13034682 0.03029070
v 0.27610895 0.13231824 0.02376458
v 0.28007102 0.13669866 0.01658131
v 0.26986650 0.14212504 0.02236455
v 0.24975148 0.17255166 0.01833528
v 0.25081781 0.17883849 0.00799629
v 0.26312166 0.15192996 0.02136746
v 0.26800010 0.15434152 0.01356256
v 0.24458796 0.15800349 0.03433120
v 0.24765167 0.16584305 0.02755491
v 0.25818318 0.14918838 0.02910914
v 0.25567013 0.16057442 0.02246472
v 0.24829316 0.09657639 0.03973387
v 0.24275185 0.09002989 0.03732789
v 0.23571989 0.10466009 0.03789334
v 0.22104235 0.09066392 0.02175377
v 0.21844178 0.09763326 0.02501428
v 0.23164621 0.09747089 0.03475741
v 0.22826445 0.10535055 0.03685885
v 0.22319502 0.08369759 0.01952547
v 0.22523811 0.07676966 0.01786029
v 0.23693725 0.08311197 0.03285020
v 0.23140970 0.07658052 0.02563851
v 0.23481935 0.09007567 0.03372934
v 0.22726366 0.09090812 0.02842773
v 0.21028043 0.08587646 -0.06723572
v 0.20632866 0.07381988 -0.06321806
v 0.20801388 0.07286441 -0.05914026
v 0.20941080 0.07858814 -0.07358215
v 0.21151808 0.06715705 -0.05798517
v 0.21548994 0.06119927 -0.05701014
v 0.22017001 0.06287715 -0.06218723
v 0.21948245 0.07255250 -0.06814001
v 0.21266070 0.07858766 -0.06864434
v 0.20931438 0.07523117 -0.06352345
v 0.22674979 0.15814869 0.04453449
v 0.22196415 0.16692160 0.04500391
v 0.23181152 0.14918302 0.04353360
v 0.22426741 0.14961426 0.04616879
v 0.18502639 0.12155470 0.04669573
v 0.18506202 0.11701313 0.04285552
v 0.18442731 0.10524180 0.03758996
v 0.18406542 0.06653500 -0.02306522
v 0.18138082 0.06523723 -0.02292077
v 0.18556774 0.07469035 -0.00965599
v 0.17979100 0.06032203 -0.02351675
v 0.18295442 0.06752589 -0.01019723
v 0.15802169 0.09286723 0.09749985
v 0.15840079 0.08458681 0.09823907
v 0.16651289 0.07588974 0.08124977
v 0.16361326 0.07562178 0.08989502
v 0.15764771 0.10105467 0.09608597
v 0.16159351 0.09240258 0.09059662
v 0.17571749 0.04766231 -0.00337156
v 0.18080872 0.04329879 -0.00359492
v 0.17573167 0.03942138 -0.00195271
v 0.17845602 0.03308775 -0.00011963
v 0.17885785 0.05063584 0.01948802
v 0.18063048 0.04827759 0.00708619
v 0.16654095 0.10258765 0.07786188
v 0.16787846 0.09495161 0.07379655
v 0.16342275 0.09918820 0.08446012
v 0.16917464 0.08735497 0.06992500
v 0.16948055 0.07665035 0.07334488
v 0.17095314 0.07860790 0.06600223
v 0.16481712 0.08453358 0.08279099
v 0.16402216 0.09218705 0.08400410
v 0.16616270 0.09269881 0.07838648
v 0.14360386 -0.00751257 0.13483208
v 0.13953057 -0.02217405 0.13530169
v 0.14116609 0.00825901 0.14843181
v 0.13316694 0.00959148 0.16188478
v 0.05179409 0.30172551 0.04830459
v 0.05269574 0.29496855 0.04938176
v 0.04585353 0.29217792 0.05262204
v 0.04553664 0.30591539 0.05099110
v 0.23486835 0.11881384 0.04104839
v 0.23401190 0.13317266 0.04327838
v 0.24088390 0.14942989 0.03988322
v 0.25606385 0.13992472 0.03432253
v 0.25016361 0.14884204 0.03422017
v 0.23733836 0.14094236 0.04260023
v 0.24258247 0.13259189 0.04135237
v 0.20712103 0.10071824 -0.08040746
v 0.20554821 0.09380854 -0.07170058
v 0.21033040 0.09195028 -0.07492456
v 0.20849019 0.09742015 -0.07787342
v 0.20925684 0.08949921 -0.07085447
v 0.20194495 0.10131227 -0.07821458
v 0.19675156 0.10392294 -0.07815827
v 0.20080031 0.09846652 -0.07565445
v 0.20178489 0.09680235 -0.07093617
v 0.20360088 0.09593359 -0.07148421
v 0.20078720 0.10020582 -0.07404330
v 0.19389705 0.10893671 -0.08012548
v 0.19764964 0.10555551 -0.07870717
v 0.19834977 0.10374000 -0.07646576
v 0.19517176 0.10514795 -0.07601295
v 0.14725202 0.12240891 -0.11756188
v 0.13111287 0.10707962 -0.11664462
v 0.13936695 0.12079341 -0.12093332
v 0.14745185 0.11176521 -0.11537120
v 0.11125629 0.12803355 -0.11712667
v 0.12087600 0.11779644 -0.11612425
v 0.13074724 0.13039216 -0.12076233
v 0.13008028 0.11948878 -0.11856225
v 0.21318547 0.20342998 -0.06816084
v 0.21679099 0.20614991 -0.06091013
v 0.21138358 0.21268435 -0.06398939
v 0.22242057 0.20017961 -0.05856546
v 0.22031485 0.20821345 -0.05286337
v 0.21769299 0.21678238 -0.04700431
v 0.22393136 0.20953271 -0.04428415
v 0.22826789 0.21434031 -0.00859488
v 0.22396494 0.21760175 -0.02849521
v 0.24261676 0.19383109 -0.00470258
v 0.23505330 0.20408833 -0.00668083
v 0.23349655 0.20709652 -0.01675817
v 0.23066707 0.20180435 -0.04205520
v 0.22760934 0.21000986 -0.03539338
v 0.23085028 0.20877832 -0.02613587
v 0.23832780 0.19892965 -0.02403111
v 0.18287139 -0.25032517 0.02978023
v 0.18436354 -0.25043911 0.02090745
v 0.18485609 -0.25145084 0.01168476
v 0.14222525 -0.19027345 0.11312173
v 0.13374999 -0.19627143 0.12138358
v 0.13447967 -0.20792899 0.12132967
v 0.15033928 -0.18372273 0.10393509
v 0.15746874 -0.17708522 0.09337845
v 0.16321509 -0.17996697 0.08431578
v 0.15051481 -0.19397095 0.10473058
v 0.12259089 -0.26878279 0.12377007
v 0.11403748 -0.27927175 0.12777524
v 0.18007785 -0.24921045 0.03918800
v 0.17875819 -0.25236490 0.04887158
v 0.17300473 -0.24694932 0.05778858
v 0.15490153 -0.12691057 0.09425306
v 0.14576447 -0.12932467 0.10620514
v 0.13608567 -0.13091849 0.11737422
v 0.12472968 -0.13223732 0.12763757
v 0.13724279 -0.11773635 0.11481310
v 0.15101883 -0.05332408 0.11182763
v 0.15467167 -0.05442082 0.09672493
v 0.14835894 -0.10329337 0.10075914
v 0.16331089 -0.07981114 0.10631538
v 0.17570330 -0.09789540 0.06458133
v 0.17053419 -0.07754704 0.09228650
v 0.16579534 -0.09111996 0.09253376
v 0.15891306 -0.05483693 0.08073658
v 0.16311562 -0.06757393 0.08613686
v 0.17546277 -0.07484423 0.07613511
v 0.19323128 -0.09031820 0.02567618
v 0.18656678 -0.06894672 0.01628466
v 0.18698810 -0.07822166 -0.01692450
v 0.18819170 -0.06725590 0.00276601
v 0.19294998 -0.07838485 0.00873412
v 0.18257131 -0.05307290 -0.02916391
v 0.18854529 -0.06620614 -0.02483738
v 0.17687415 -0.06338678 -0.00321232
v 0.18900448 -0.06631729 -0.01084817
v 0.17873076 -0.10335964 -0.01315981
v 0.16962069 -0.10393235 -0.02185543
v 0.16880986 -0.09232157 -0.02567220
v 0.17429852 -0.08246417 -0.01829680
v 0.18088758 -0.08580278 -0.00633023
v 0.19093181 -0.10860551 0.00831151
v 0.18397956 -0.10663272 -0.00158709
v 0.19473705 -0.10008815 0.01735717
v 0.19425945 -0.08952237 0.01359286
v 0.18943544 -0.08958033 0.00243778
v 0.17927237 -0.09754299 -0.00107522
v 0.09469820 -0.03554434 -0.10857225
v 0.09160929 0.02117830 -0.11486445
v 0.10509271 -0.00361330 -0.10710666
v 0.11549462 -0.01070325 -0.09870763
v 0.11411138 0.00748452 -0.09967078
v 0.11896931 -0.02959641 -0.09993555
v 0.12567186 -0.01866049 -0.09042790
v 0.22301169 0.09822027 0.01749223
v 0.21899864 0.09662705 -0.00476860
v 0.21958901 0.09746700 0.01323432
v 0.22033957 0.08580150 -0.01337047
v 0.17102636 0.12261292 -0.11002074
v 0.16663568 0.13126084 -0.11083750
v 0.16227378 0.14027469 -0.11214110
v 0.16402218 0.13049395 -0.10915848
v 0.25050655 0.18285705 -0.00282991
v 0.25885540 0.17157100 -0.00055285
v 0.24923098 0.18688305 -0.01308588
v 0.24640411 0.18885937 -0.02235870
v 0.24251851 0.19136082 -0.03153053
v 0.25522524 0.17827483 -0.02104527
v 0.21861483 0.12719528 0.04545563
v 0.22741616 0.12070753 0.04062264
v 0.22658207 0.13452722 0.04419161
v 0.23054942 0.12680607 0.04252745
v 0.21554969 0.22712977 0.01859637
v 0.22353093 0.20773651 0.02206131
v 0.22412500 0.21550430 0.01172572
v 0.21273845 0.22780688 0.02686861
v 0.21531287 0.21869107 0.02891090
v 0.22276665 0.19879949 0.03147276
v 0.22069751 0.18745072 0.03925109
v 0.21870737 0.20890053 0.03041609
v 0.21420638 0.20762801 0.03696361
v 0.14341529 -0.25943339 0.10665560
v 0.12890801 -0.26111701 0.11896013
v 0.12990010 -0.26326030 0.11912145
v 0.12709212 -0.26318076 0.11862343
v 0.13527556 -0.26580283 0.11191469
v 0.14941692 -0.25552779 0.10016093
v 0.15984844 -0.24672353 0.08338941
v 0.14355071 -0.26819676 0.10519029
v 0.10829982 0.28674397 0.02614637
v 0.10870274 0.29415613 0.01484928
v 0.11852493 0.29142913 0.01223483
v 0.12836604 0.28357542 0.02254580
v 0.19002602 0.10017292 0.02459723
v 0.19299570 0.10195751 0.02428399
v 0.19169095 0.08041940 0.00372931
v 0.18819685 0.08052618 0.00333717
v 0.19654222 0.10219901 0.02378202
v 0.19692275 0.07910229 0.00160798
v 0.19269045 0.08123582 0.00254711
v 0.19497469 0.09197815 0.01347820
v 0.21839181 0.13379671 0.05096864
v 0.21427125 0.13818276 0.05232194
v 0.21845840 0.15032291 0.04871492
v 0.22268224 0.14274427 0.04630692
v 0.22067063 0.13596354 0.04496794
v 0.28439066 0.12945041 -0.04774801
v 0.27464330 0.11465373 -0.06473339
v 0.28269634 0.12132663 -0.05460154
v 0.28599206 0.13477956 -0.03963526
v 0.28570041 0.14027901 -0.03197768
v 0.27641132 0.13707925 -0.05345765
v 0.21649449 0.11152121 0.03340435
v 0.21653269 0.11795776 0.04263451
v 0.22059964 0.10584231 0.03238014
v 0.22493076 0.11317611 0.03962206
v 0.22165066 0.10657586 0.03373576
v 0.22174191 0.12086181 0.04222768
v 0.19961978 0.11317782 0.03388321
v 0.20153558 0.12479053 0.04301694
v 0.20623864 0.12274486 0.04460581
v 0.20149755 0.10121857 0.02411888
v 0.21750855 0.10770172 0.03795327
v 0.21228358 0.12041968 0.04516460
v 0.20957291 0.12133127 0.04576255
v 0.21002641 0.10862491 0.03770077
v 0.22982568 0.03779129 -0.04688492
v 0.23578462 0.03706817 -0.05029963
v 0.24378458 0.03661390 -0.05450284
v 0.25364056 0.04108570 -0.06061170
v 0.24174133 0.03125411 -0.04994381
v 0.24410859 0.03691580 -0.05943444
v 0.22538221 0.03838387 -0.04355990
v 0.22254260 0.03883272 -0.03952949
v 0.23122767 0.03154992 -0.04169089
v 0.22017612 0.03891998 -0.02422258
v 0.22179660 0.03814907 -0.03434598
v 0.22487557 0.03252973 -0.03222328
v 0.24312747 0.06362142 0.03756187
v 0.23916030 0.05574626 0.02961711
v 0.23274040 0.05048147 0.02224880
v 0.23974809 0.05086142 0.03042607
v 0.25997630 0.08300719 0.04457334
v 0.24888650 0.07392327 0.04348356
v 0.24458626 0.06849854 0.04418755
v 0.24280348 0.06610021 0.04566564
v 0.24871489 0.07100869 0.04796012
v 0.25549504 0.07570118 0.04844801
v 0.27876529 0.09545633 0.03862525
v 0.27206907 0.09067710 0.04250655
v 0.27182007 0.08578793 0.04489490
v 0.30320400 0.11248077 0.02073001
v 0.30755028 0.11708204 0.00910823
v 0.30888119 0.11748172 0.00084779
v 0.30984181 0.11609036 -0.00648268
v 0.31027272 0.11445840 0.00878878
v 0.31035432 0.11382604 -0.01335654
v 0.30968523 0.11139213 -0.01984609
v 0.31363374 0.11133861 -0.00570884
v 0.29275399 0.11337446 0.02132754
v 0.29011443 0.09593122 -0.05086695
v 0.30758244 0.10930762 -0.02596570
v 0.30013984 0.10469776 -0.03802084
v 0.31159660 0.10717075 -0.01961940
v 0.29504505 0.09752683 -0.04466540
v 0.29466856 0.09766734 -0.04202392
v 0.28976640 0.08792199 -0.05276797
v 0.29358920 0.09320222 -0.04744880
v 0.28482279 0.08907273 -0.05875436
v 0.28036121 0.07904792 -0.06508380
v 0.28363249 0.08608776 -0.05787524
v 0.28572398 0.08235539 -0.05746185
v 0.28141221 0.07668227 -0.06141578
v 0.28468406 0.09826920 0.03546603
v 0.28996274 0.10164985 0.03315121
v 0.29652217 0.10470722 0.03055890
v 0.28609875 0.09527367 0.03753809
v 0.29777288 0.10190143 0.03258983
v 0.26257315 0.04769801 -0.06567241
v 0.26847807 0.05220623 -0.06712565
v 0.25987148 0.04139288 -0.06328420
v 0.27464554 0.05661895 -0.06852899
v 0.27804971 0.06644740 -0.06783499
v 0.27588877 0.06889335 -0.06677273
v 0.27216113 0.04814700 -0.06671213
v 0.27707553 0.07107469 -0.06504180
v 0.27253923 0.06507234 -0.06686137
v 0.22065240 0.04110784 -0.00911866
v 0.21502273 0.03779278 -0.01293610
v 0.22909468 0.04176561 0.01335530
v 0.21268535 0.03469393 -0.01369006
v 0.21347445 0.03569599 -0.00606205
v 0.22103269 0.05125456 -0.00756263
v 0.22366834 0.05382028 0.00339644
v 0.22136898 0.04609504 -0.00794705
v 0.22767031 0.05255700 0.01287165
v 0.22770919 0.04723692 0.01292844
v 0.22425714 0.04355643 0.00416411
v 0.00904374 0.27212888 -0.10517612
v 0.01738333 0.27375209 -0.10326256
v 0.00858817 0.29244161 -0.09752800
v 0.00037027 0.24950844 -0.11223637
v 0.00049341 0.25961539 -0.10984509
v 0.00033024 0.26987407 -0.10698222
v 0.00026916 0.28020069 -0.10366350
v -0.00850588 0.26619673 -0.10842143
v 0.17275137 0.02292238 0.00742980
v 0.17338426 0.03039952 0.00319507
v 0.17328419 0.02881458 0.02219598
v 0.17788821 0.04118501 0.02838521
v 0.18121064 0.04556024 0.02338619
v 0.17962144 0.03836870 0.01233058
v 0.16928682 0.00370045 0.09209476
v 0.16635932 0.01803742 0.10430678
v 0.16501875 0.03222077 0.09653594
v 0.16664210 0.03273921 0.08266435
v 0.17257285 0.01886206 0.04506718
v 0.17218681 0.00349520 0.04442764
v 0.16885403 0.03268382 0.06977218
v 0.17052449 0.03312122 0.05695029
v 0.16962604 0.01806803 0.07427414
v 0.18754378 0.09668698 0.02442454
v 0.18553026 0.09186319 0.02376636
v 0.18624336 0.07774647 0.00290481
v 0.18376578 0.07266152 0.00179535
v 0.18865646 0.08831340 0.01478723
v 0.18391642 0.08582895 0.02231632
v 0.18161334 0.06739374 0.00064691
v 0.18397629 0.07885190 0.01288553
v 0.23049097 0.06810201 0.00502046
v 0.22265780 0.06854917 0.00497049
v 0.22322951 0.09789178 0.02609264
v 0.22129636 0.09551963 0.03008330
v 0.21496131 0.07147341 0.00067087
v 0.20591266 0.07411849 -0.00001803
v 0.19839725 0.08415902 0.01309610
v 0.20886697 0.09679957 0.02683259
v 0.21547937 0.09465536 0.02936801
v 0.21766974 0.08196674 0.01573120
v 0.17906560 0.06347764 0.02494867
v 0.17784740 0.05974947 0.01516425
v 0.18087552 0.05526249 0.01665989
v 0.01641583 -0.18143676 0.18417290
v 0.01257660 -0.16702598 0.18222393
v 0.00847164 -0.18600613 0.18401502
v -0.00027847 -0.21426342 0.17695259
v 0.01306667 -0.23641619 0.17403364
v 0.01100641 -0.25216568 0.17136171
v 0.00459622 -0.22513369 0.17598216
v -0.00513231 -0.22255902 0.17653687
v 0.07525246 -0.16708553 -0.11426838
v 0.05646394 -0.16566007 -0.12003522
v 0.06325928 -0.16911227 -0.12669295
v 0.05141683 -0.15599260 -0.11497908
v 0.03683391 -0.16279432 -0.12501058
v 0.02252440 -0.17725867 -0.12976137
v 0.02020633 -0.16540819 -0.13547534
v 0.01581141 -0.15938893 -0.12817857
v -0.00069374 -0.17323692 -0.13252921
v 0.06728329 -0.18133684 -0.12376373
v 0.04557420 -0.17964992 -0.12707031
v 0.02469940 -0.18539491 -0.11761732
v 0.17303400 -0.22146094 -0.03361525
v 0.18204701 -0.20986286 0.00234372
v 0.17608811 -0.20661038 -0.02333309
v 0.18421873 -0.23080154 0.00287824
v 0.18291843 -0.22012030 0.00232285
v 0.17897561 -0.22977741 -0.02111814
v 0.17718306 -0.21817915 -0.02228754
v 0.17927611 -0.21391696 -0.01002148
v 0.18048474 -0.19242680 0.00087573
v 0.18196689 -0.20600276 0.01476176
v 0.18128483 -0.20042473 0.00536849
v 0.18057662 -0.19243060 0.01364383
v 0.17717707 -0.19134682 -0.01174584
v 0.17909698 -0.18448780 -0.00052120
v 0.17967178 -0.18548614 0.02449090
v 0.18097684 -0.19267356 0.02591520
v 0.18238361 -0.20780285 0.02748375
v 0.18027288 -0.20923404 0.04007126
v 0.18164803 -0.20021652 0.02691831
v 0.17920989 -0.19457544 0.03799035
v 0.17642967 -0.19020981 0.04800827
v 0.17709456 -0.19753000 0.04960879
v 0.17775334 -0.21155812 0.05191579
v 0.17436615 -0.21537721 0.06299517
v 0.17744173 -0.20471923 0.05083358
v 0.17422338 -0.20157780 0.06097112
v 0.16507007 -0.22590829 0.08323332
v 0.16988282 -0.22032641 0.07327054
v 0.16998807 -0.21410380 0.07248216
v 0.15885770 -0.23221757 0.09218314
v 0.15327670 -0.23858543 0.10094708
v 0.15942708 -0.22659324 0.09161060
v 0.14479370 -0.25081161 0.10809300
v 0.14395031 -0.25517887 0.10730635
v 0.13019209 -0.26352262 0.11948450
v 0.13716945 -0.26015925 0.11353924
v 0.14594382 -0.24595797 0.10784542
v 0.14658584 -0.24060789 0.10735781
v 0.13820985 -0.25358123 0.11450048
v 0.12240791 -0.26878276 0.12400413
v 0.13018629 -0.26099363 0.11998831
v 0.13054405 -0.25657594 0.11996503
v 0.10525303 -0.28605938 0.13036461
v 0.11440651 -0.27704859 0.12766208
v 0.11400340 -0.27305612 0.12813324
v 0.09634987 -0.29120338 0.13299479
v 0.08692943 -0.29438350 0.13645223
v 0.09599876 -0.28742528 0.13365628
v 0.05166555 -0.30178967 0.14543982
v 0.07092661 -0.29705542 0.14144129
v 0.07344100 -0.29660469 0.14029641
v 0.03747298 -0.30719417 0.14709918
v 0.02725920 -0.30889535 0.14794756
v 0.04025597 -0.30572134 0.14661624
v 0.01020649 -0.31058210 0.14886072
v 0.00935288 -0.30863121 0.14880921
v 0.00587054 -0.30947375 0.14902072
v -0.01076754 -0.30899426 0.14831679
v 0.11078082 0.27087724 0.04232787
v 0.10884871 0.27892551 0.03495216
v 0.12983349 0.26117826 0.04843508
v 0.12120152 0.26215577 0.04814442
v 0.11922309 0.27705473 0.03354459
v 0.05308592 0.32665154 -0.03269799
v 0.04975190 0.33565417 -0.02889352
v 0.07929789 0.31060925 -0.03132789
v 0.07169201 0.31657997 -0.02836151
v 0.06498117 0.31796324 -0.03366331
v 0.08015248 0.30836505 -0.04196886
v 0.05797909 0.31935924 -0.03732768
v 0.05136821 0.32236430 -0.04038785
v 0.06426672 0.31462353 -0.04253272
v 0.09068264 0.25453418 -0.10696167
v 0.10002875 0.25283653 -0.10581867
v 0.10016216 0.25984323 -0.10078543
v 0.08137619 0.25601780 -0.10788477
v 0.06239319 0.26661217 -0.10501157
v 0.06059898 0.27554271 -0.10072516
v 0.07250131 0.25698325 -0.10866112
v 0.08046232 0.26423818 -0.10338788
v 0.05851738 0.28391311 -0.09590040
v 0.07967051 0.27183715 -0.09780861
v 0.06985005 0.27381986 -0.09940916
v 0.10073417 0.26659966 -0.09557515
v 0.10129096 0.27252370 -0.08853331
v 0.09016594 0.26943746 -0.09665550
v 0.07848227 0.27913541 -0.09227212
v 0.03497267 0.34114882 -0.03955458
v 0.04220095 0.33404082 -0.03625359
v 0.03415488 0.35521343 -0.03306781
v 0.03490302 0.34877819 -0.03502996
v 0.03766371 0.34593335 -0.03311762
v 0.04521525 0.32587209 -0.04244473
v 0.04971363 0.31976241 -0.04966358
v 0.04016812 0.32972646 -0.04441813
v 0.03076904 0.33727732 -0.04823134
v 0.03545044 0.33339518 -0.04622334
v 0.03677383 0.32661188 -0.05352253
v 0.02598281 0.34081095 -0.04982132
v 0.02175815 0.34504107 -0.04966243
v 0.01683115 0.34487221 -0.05333024
v 0.02698643 0.33266497 -0.05667948
v 0.15574203 0.28357440 -0.04189575
v 0.14624938 0.28605843 -0.04244140
v 0.16451678 0.28046286 -0.04090837
v 0.15812899 0.27734989 -0.05060413
v 0.15221243 0.27443597 -0.06014824
v 0.16075674 0.27239254 -0.05851330
v 0.13401145 0.26793525 -0.07832000
v 0.14336616 0.27649128 -0.06126186
v 0.14694527 0.27060699 -0.06934071
v 0.11739835 0.24103257 -0.10706310
v 0.12595652 0.24520135 -0.10201337
v 0.11799796 0.24788253 -0.10317277
v 0.13280414 0.24249943 -0.10073029
v 0.13216016 0.23592456 -0.10446037
v 0.13188580 0.22911429 -0.10765055
v 0.13835381 0.22746383 -0.10856366
v 0.11730492 0.23357403 -0.11029490
v 0.11782216 0.22551093 -0.11289783
v 0.12500145 0.23140855 -0.10862090
v 0.13213831 0.22212791 -0.11034208
v 0.20271674 0.25989562 -0.02382836
v 0.20933603 0.24754329 -0.01835770
v 0.20583384 0.25386092 -0.02092766
v 0.20269647 0.25327370 -0.03196537
v 0.19955938 0.25230372 -0.04229596
v 0.20359039 0.24620484 -0.03982702
v 0.19582351 0.25730363 -0.04510383
v 0.19639300 0.25069457 -0.05220443
v 0.13382941 0.24881719 -0.09627209
v 0.13581489 0.25495821 -0.09091689
v 0.13943814 0.24055469 -0.10064796
v 0.08018884 0.14574730 -0.12314424
v 0.09186052 0.13934487 -0.12121180
v 0.10329143 0.13753189 -0.11929791
v 0.11303174 0.13846883 -0.11818983
v 0.09672437 0.14684585 -0.12116689
v 0.13182859 0.13981164 -0.12306316
v 0.12286807 0.13939391 -0.11963450
v 0.11579090 0.14781670 -0.11961057
v 0.15883470 0.14943224 -0.11469074
v 0.15640964 0.14793694 -0.11499032
v 0.16114400 0.12966631 -0.10728827
v 0.15693621 0.13825873 -0.11050083
v 0.15369773 0.14670907 -0.11483871
v 0.15156041 0.15497565 -0.11968497
v 0.15073596 0.14530763 -0.11523291
v 0.16078997 0.15255414 -0.11401182
v 0.15692168 0.15839648 -0.11780371
v 0.16990794 0.14643419 -0.11269361
v 0.16542521 0.14900565 -0.11233332
v 0.16221884 0.15760687 -0.11279360
v 0.21053943 0.23656815 0.02435991
v 0.20846935 0.24384731 0.02196288
v 0.20995173 0.22587577 0.03370054
v 0.20451969 0.19775255 0.05283835
v 0.20463745 0.19227351 0.05339519
v 0.20822874 0.21317613 0.04187195
v 0.20728268 0.22119191 0.04032452
v 0.20588619 0.17966044 0.05377471
v 0.20508167 0.18617788 0.05399389
v 0.21009988 0.20475665 0.04322165
v 0.21219964 0.19582710 0.04423385
v 0.20656976 0.19995461 0.04861082
v 0.19058135 0.13703531 -0.11015025
v 0.17762502 0.13533843 -0.11429095
v 0.18097471 0.12786096 -0.11446946
v 0.18511903 0.13697971 -0.11353583
v 0.18833180 0.13050269 -0.11269011
v 0.17497772 0.14258350 -0.11385842
v 0.17234924 0.15010643 -0.11301091
v 0.18258977 0.14348240 -0.11393642
v 0.17996286 0.13890134 -0.11448903
v 0.11995143 0.28870210 -0.05252063
v 0.12667087 0.29177001 -0.04241569
v 0.13660610 0.28891179 -0.04276706
v 0.13964628 0.28246704 -0.05256842
v 0.13408057 0.27886227 -0.06219275
v 0.19804515 0.24315046 -0.05916738
v 0.19421992 0.24906349 -0.06183686
v 0.19398239 0.23782113 -0.07680552
v 0.18999495 0.24366279 -0.07937931
v 0.18829139 0.23652947 -0.08495354
v 0.19027308 0.25404868 -0.06424773
v 0.19132350 0.24872790 -0.07192390
v 0.18555062 0.24692860 -0.07807793
v 0.18976100 0.22753933 -0.08971308
v 0.18533526 0.22855727 -0.08822347
v 0.18720548 0.21303700 -0.09599424
v 0.18103816 0.20636480 -0.09699494
v 0.17966804 0.22897182 -0.08750495
v 0.18421806 0.22026137 -0.09080901
v 0.18239941 0.21325515 -0.09431725
v 0.17592607 0.21484080 -0.09668707
v 0.18745317 0.14882597 -0.11254253
v 0.18126662 0.14988372 -0.11366300
v 0.17002061 0.15729006 -0.11209301
v 0.17560610 0.15266578 -0.11331213
v 0.18037790 0.15612406 -0.11291898
v 0.21597265 0.23496434 0.00800080
v 0.21436018 0.23820151 -0.00409076
v 0.22338445 0.22029608 0.00041529
v 0.22251700 0.22426893 -0.01054978
v 0.21954478 0.22551818 0.00993690
v 0.16927478 0.28050587 -0.02984324
v 0.17436883 0.28188956 -0.01729684
v 0.17279096 0.27805901 -0.03955207
v 0.18404666 0.27509275 -0.02618611
v 0.17747869 0.28037447 -0.00402803
v 0.18837635 0.27588907 -0.01369779
v 0.18194667 0.27884105 -0.01564753
v 0.19424689 0.27392733 -0.01138612
v 0.19109198 0.27479374 -0.00074506
v 0.23289274 0.07707083 -0.00019392
v 0.22131674 0.09769313 0.02337528
v 0.22507896 0.10103212 0.02056172
v 0.22820167 0.08746787 0.00735943
v 0.22628669 0.08418866 0.01407651
v 0.23472384 0.06455748 -0.03437964
v 0.23700860 0.06929041 -0.01731908
v 0.22882985 0.08040955 -0.02288614
v 0.22882751 0.08782703 -0.01058142
v 0.23664089 0.08305082 -0.00537274
v 0.22702800 0.06138216 -0.04888767
v 0.22391957 0.07699655 -0.05191711
v 0.22395386 0.06384343 -0.06181808
v 0.22821392 0.07732627 -0.03760702
v 0.23321423 0.07222521 -0.03655390
v 0.19691315 0.08780236 -0.09470473
v 0.19554870 0.09898485 -0.09943639
v 0.19000174 0.09478812 -0.09785729
v 0.19355121 0.08497186 -0.09412815
v 0.20848846 0.07759020 -0.07907475
v 0.20774433 0.08586330 -0.07539622
v 0.21749486 0.08230972 -0.06054682
v 0.21197540 0.08686367 -0.06818593
v 0.21709736 0.06879947 -0.07168427
v 0.22194365 0.07424619 -0.06143431
v 0.21000330 0.14307828 0.05194421
v 0.20636958 0.14706777 0.05430230
v 0.20664397 0.16011980 0.05458593
v 0.21489212 0.15768668 0.05115140
v 0.21452440 0.14872181 0.05168354
v 0.21813846 0.17643701 0.04529051
v 0.20813708 0.17229395 0.05326767
v 0.21575028 0.16608621 0.04865411
v 0.21471158 0.18603210 0.04482368
v 0.20978504 0.18374626 0.04922766
v 0.21082118 0.16449657 0.05181895
v 0.18617715 0.27438152 0.01024510
v 0.19194153 0.27072483 0.01148527
v 0.19657435 0.26659724 0.01341770
v 0.19270597 0.26505941 0.02406980
v 0.21318240 0.24101987 -0.01550877
v 0.21796155 0.22576237 -0.03114502
v 0.22040878 0.22567283 -0.02127797
v 0.21062836 0.24069244 -0.02672055
v 0.21736309 0.23291121 -0.01313381
v 0.21203537 0.22370973 -0.05020811
v 0.21500532 0.22543839 -0.04096467
v 0.20794822 0.24009186 -0.03709983
v 0.20473471 0.23871975 -0.04702460
v 0.21263888 0.23309405 -0.03426427
v 0.18434195 0.12357476 -0.08492114
v 0.18865336 0.12180708 -0.08444852
v 0.18566103 0.12616412 -0.09158545
v 0.19260414 0.13056073 -0.10066331
v 0.18675824 0.12164648 -0.08924852
v 0.18480283 0.13078156 -0.09416802
v 0.18420371 0.13600387 -0.09592704
v 0.19212253 0.14250885 -0.10491280
v 0.19212072 0.13621658 -0.10277830
v 0.18869586 0.13183135 -0.09694502
v 0.18310067 0.11690964 -0.11236051
v 0.18054911 0.11564364 -0.11117748
v 0.18790165 0.10226914 -0.10111077
v 0.19074371 0.10402010 -0.10356550
v 0.18542789 0.11970271 -0.11348657
v 0.19527243 0.10942030 -0.10359596
v 0.19210748 0.12441050 -0.11028665
v 0.18715775 0.12459405 -0.11376864
v 0.19347569 0.10645124 -0.10486451
v 0.19031608 0.11204293 -0.10954410
v 0.17405675 0.27264079 -0.04746032
v 0.18665278 0.27305561 -0.03517722
v 0.17989658 0.27510723 -0.03752205
v 0.20230852 0.21290438 -0.07299791
v 0.19716997 0.22667274 -0.08137131
v 0.20593421 0.21761717 -0.06640683
v 0.20930235 0.22275203 -0.05960416
v 0.20210798 0.23694304 -0.05654166
v 0.19899361 0.23657310 -0.06670970
v 0.19793315 0.23198578 -0.07460799
v 0.20675524 0.23055995 -0.05368681
v 0.20164950 0.22476120 -0.07361297
v 0.16951659 0.21661584 -0.09957124
v 0.17151624 0.22403832 -0.09560325
v 0.14526340 0.23261435 -0.10518860
v 0.14642476 0.23913752 -0.10027613
v 0.15776761 0.22746976 -0.09947758
v 0.14828767 0.24542154 -0.09453599
v 0.16008766 0.23460135 -0.09471509
v 0.15269451 0.23628201 -0.09666890
v 0.17547701 0.23811466 -0.08444196
v 0.17325728 0.23089977 -0.09002974
v 0.16707225 0.23299436 -0.09271685
v 0.16270156 0.24189721 -0.08947425
v 0.18719356 0.17931126 -0.09595305
v 0.18852454 0.18632089 -0.09384410
v 0.19008842 0.19330157 -0.09117418
v 0.19170702 0.21211377 -0.09725779
v 0.18935010 0.20590468 -0.10026790
v 0.19574338 0.19524485 -0.09912440
v 0.14457974 0.22601628 -0.10959011
v 0.14446622 0.21930292 -0.11300066
v 0.14956778 0.22280592 -0.10585178
v 0.16780205 0.20934466 -0.10281107
v 0.16288157 0.21824370 -0.10136226
v 0.15591952 0.22021259 -0.10313211
v 0.15451691 0.21334411 -0.10621697
v 0.18356541 0.14135101 -0.09729076
v 0.19208606 0.14855136 -0.10660467
v 0.19248800 0.15431029 -0.10751502
v 0.18809877 0.14333017 -0.10046494
v 0.17129488 0.28050670 0.00819094
v 0.16326690 0.27917379 0.02046442
v 0.17909671 0.27766988 0.00913080
v 0.18024996 0.27356634 0.02196618
v 0.15453336 0.26118422 0.04673561
v 0.14546728 0.27516544 0.03087999
v 0.15394537 0.27580431 0.02776378
v 0.16276611 0.27210784 0.03011370
v 0.17157465 0.25173911 0.04621400
v 0.16421385 0.25730595 0.04864111
v 0.17995360 0.26552990 0.03062554
v 0.17189223 0.26939970 0.03018644
v 0.16304716 0.26496363 0.03956135
v 0.18523206 0.24034381 0.04552225
v 0.17819114 0.24592315 0.04459956
v 0.18665925 0.26086757 0.03165088
v 0.19194128 0.25566396 0.03277488
v 0.17947991 0.25629187 0.03853948
v 0.19597816 0.22586879 0.04757238
v 0.19109088 0.23370497 0.04619454
v 0.19670233 0.24996682 0.03385711
v 0.19161643 0.24520504 0.04026476
v 0.20023569 0.21694227 0.04957403
v 0.20322926 0.20664795 0.05164473
v 0.20629083 0.22879183 0.03860294
v 0.20535441 0.21426266 0.04639223
v 0.20067008 0.23078825 0.04271341
v 0.14677018 0.25979245 0.04902949
v 0.13853273 0.26040775 0.04887539
v 0.13725612 0.27555045 0.03171234
v 0.12875238 0.27604875 0.03265043
v 0.12905382 0.26868325 0.04118612
v 0.14589536 0.26771253 0.04070908
v 0.18972740 0.11320800 -0.07955126
v 0.18721932 0.11696842 -0.08084989
v 0.19257574 0.11945446 -0.08564898
v 0.18946433 0.11836046 -0.08273311
v 0.19052285 0.11476070 -0.08161677
v 0.19938916 0.10611339 -0.08058792
v 0.19434312 0.10902995 -0.07966964
v 0.19218582 0.11189050 -0.08071808
v 0.19511108 0.11246047 -0.08306944
v 0.24786553 0.10191227 -0.07873761
v 0.25709096 0.09434350 -0.07509372
v 0.26633355 0.10409684 -0.07167611
v 0.26643723 0.12000291 -0.06933092
v 0.04247139 0.25781757 0.07045823
v 0.04262431 0.25033987 0.07451490
v 0.04248545 0.24202959 0.07869022
v 0.04240916 0.23359916 0.08377924
v 0.03443989 0.24753632 0.07694649
v 0.26336923 0.11528097 0.03856278
v 0.26793975 0.12151760 0.03481709
v 0.26188290 0.13067646 0.03435175
v 0.24798895 0.12445867 0.04071039
v 0.25220802 0.13232498 0.03878472
v 0.25852659 0.10903985 0.03996755
v 0.25356472 0.10297485 0.04049835
v 0.24439612 0.10354841 0.03952549
v 0.23977017 0.11118846 0.04013211
v 0.24393532 0.11744368 0.04114199
v 0.25325271 0.11636475 0.03996177
v 0.28335837 0.13908523 0.00707468
v 0.28814483 0.13869673 -0.00150149
v 0.28580680 0.14285888 -0.01208675
v 0.27506268 0.14821376 0.00803220
v 0.26736552 0.15993966 0.00233790
v 0.26686630 0.16484384 -0.00848866
v 0.28190294 0.14607900 -0.02416525
v 0.26449108 0.16684307 -0.01948729
v 0.25960812 0.17130323 -0.03025104
v 0.27523828 0.14997236 -0.03794744
v 0.27480909 0.15458618 -0.01655140
v 0.06601775 -0.10433696 0.16231139
v 0.08133562 -0.10432845 0.15741538
v 0.06554405 -0.11802299 0.16995236
v 0.08966817 -0.13240597 0.15391116
v 0.07499402 -0.13228363 0.15883744
v 0.14801596 -0.06629369 -0.06729154
v 0.15967664 -0.06012947 -0.06575492
v 0.15417397 -0.04378856 -0.06480159
v 0.14108908 -0.04443517 -0.08419129
v 0.15400323 -0.02824748 -0.07069299
v 0.13434696 -0.00948807 -0.08412157
v 0.13528806 -0.02708028 -0.08179637
v 0.14473231 -0.03564069 -0.07342207
v 0.05022770 0.01829985 -0.12468322
v 0.06508070 0.01383139 -0.12243230
v 0.05032071 -0.01945764 -0.12081380
v 0.07936630 0.00867785 -0.11882542
v 0.06569037 -0.02409435 -0.11688699
v 0.08061047 -0.02941426 -0.11286488
v 0.09413293 -0.01638440 -0.11243343
v 0.09289802 0.00281963 -0.11403000
v 0.06551661 -0.00499275 -0.12021840
v 0.16922280 -0.06892994 0.05339142
v 0.17422792 -0.06782905 0.02320980
v 0.18498820 -0.06964274 0.02947609
v 0.19066896 -0.09168966 0.03860309
v 0.18201679 -0.09428997 0.05041295
v 0.18068518 -0.08529650 0.06361494
v 0.17937729 -0.07245703 0.06000643
v 0.18960661 -0.08028695 0.03438673
v 0.18235382 -0.07090682 0.04409922
v 0.14704368 -0.05188822 0.12670384
v 0.15603176 -0.06628183 0.11685887
v 0.15498266 -0.08089818 0.11898854
v 0.13867709 -0.10413866 0.11200193
v 0.12820765 -0.10407005 0.12288821
v 0.14721403 -0.09294917 0.11585824
v 0.14494446 -0.08082382 0.13096359
v 0.16935575 -0.12149331 0.06739052
v 0.16188675 -0.12467425 0.08050099
v 0.17067556 -0.10992136 0.06489152
v 0.15572734 -0.11468144 0.09155661
v 0.15775527 -0.10182694 0.08940328
v 0.16853768 -0.10123559 0.07878669
v 0.11775798 -0.09066566 -0.09675233
v 0.09514370 -0.09127449 -0.09461741
v 0.09473906 -0.05442655 -0.10338686
v 0.09465974 -0.07270780 -0.09779704
v 0.10764199 -0.04184363 -0.10310702
v 0.11988603 -0.04835093 -0.09667211
v 0.10774842 -0.07846797 -0.09252703
v 0.13986108 -0.07684068 -0.07195573
v 0.13170311 -0.05501880 -0.08905443
v 0.14214310 -0.06164154 -0.07986207
v 0.11996488 -0.08351348 -0.08523888
v 0.12008274 -0.06650102 -0.09141465
v 0.14210507 -0.10729276 -0.06598012
v 0.12880796 -0.09299102 -0.08699665
v 0.13888913 -0.09608429 -0.07757166
v 0.14096694 -0.09249702 -0.06866091
v 0.12091408 -0.10048790 -0.08205992
v 0.13124326 -0.08850139 -0.07768216
v 0.03406487 -0.03422888 -0.12240990
v 0.03474151 -0.01538825 -0.12555444
v 0.01893025 0.02530327 -0.13047558
v 0.03482812 0.02201071 -0.12709089
v 0.03486896 0.00347681 -0.12676346
v 0.01875382 -0.01147330 -0.13072477
v 0.17608345 -0.02622183 -0.00224612
v 0.17764387 -0.02618807 0.01221570
v 0.17216213 -0.05269133 0.00579676
v 0.17122617 -0.05080220 -0.00744318
v 0.17423855 -0.02479127 -0.01542313
v 0.17036667 -0.02136882 -0.02819633
v 0.17629562 -0.04034371 -0.03349843
v 0.17241327 -0.04722481 -0.02090203
v 0.17104930 -0.03702600 -0.01124647
v 0.16610190 0.00400676 -0.07894988
v 0.16506928 -0.02276499 -0.07043050
v 0.16943265 -0.00255013 -0.06610911
v 0.15477791 -0.01413361 -0.07804985
v 0.15852717 0.01163887 -0.08953888
v 0.14874616 0.02113573 -0.09560085
v 0.13496080 0.00656826 -0.08806404
v 0.14490449 -0.00381386 -0.08322340
v 0.15629646 -0.00039536 -0.08404780
v 0.10214037 0.06098195 -0.11210008
v 0.11499418 0.05214759 -0.10731117
v 0.09026340 0.03852013 -0.11537430
v 0.08919983 0.05441971 -0.11597329
v 0.10243021 0.03196718 -0.10846078
v 0.13826182 0.03164394 -0.10016388
v 0.12695272 0.04233650 -0.10365938
v 0.11363177 0.02444232 -0.10116854
v 0.12432813 0.01593293 -0.09449302
v 0.13637538 0.02026039 -0.09383523
v 0.11398402 0.03946951 -0.10370234
v 0.13877258 -0.03684226 0.13725357
v 0.12011314 -0.03527761 0.16185074
v 0.13328001 -0.02121324 0.14943387
v 0.13993630 -0.05112451 0.14041927
v 0.11116295 -0.02002499 0.17123966
v 0.10692146 0.01213655 0.18077683
v 0.12177189 0.01092852 0.17332312
v 0.10170840 -0.00439776 0.17936859
v 0.12835148 -0.00551783 0.16206069
v 0.12412661 -0.02053757 0.16212112
v 0.17696510 -0.02595207 0.02841527
v 0.17334455 -0.05399700 0.01914995
v 0.17174441 -0.05470403 0.03348099
v 0.17351486 -0.03983080 0.01552574
v 0.05524474 -0.04942475 0.18498009
v 0.05959692 -0.03545647 0.18352816
v 0.04680493 -0.02271336 0.17988381
v 0.03832798 -0.05046145 0.18226123
v 0.02965469 -0.02378659 0.17680399
v 0.04611439 0.10678389 -0.12511572
v 0.03209021 0.08628604 -0.12523048
v 0.04660834 0.08344075 -0.12629892
v 0.06073232 0.10701524 -0.12387120
v 0.06086748 0.07982899 -0.12541357
v 0.08849422 0.08153912 -0.11795014
v 0.08951674 0.09365553 -0.11923272
v 0.07479857 0.07507198 -0.12161438
v 0.07593595 0.10560177 -0.12166823
v 0.05650543 0.09450216 -0.12547898
v 0.16577218 -0.01654305 -0.04043709
v 0.17694961 -0.03430593 -0.04680007
v 0.17408225 -0.02941567 -0.06050448
v 0.16667363 -0.01023617 -0.05320646
v 0.16807468 -0.02935833 -0.03752388
v 0.17163315 -0.01499668 -0.06325758
v 0.05075082 0.19811043 0.10339152
v 0.06071704 0.16258815 0.12347567
v 0.05389145 0.15986276 0.12640223
v 0.05133004 0.17833181 0.11447742
v 0.06799427 0.16479133 0.12074149
v 0.07561268 0.16630769 0.11798094
v 0.05900704 0.18127564 0.11175684
v 0.05957546 0.17173795 0.11760698
v 0.07545643 0.19541290 0.10026395
v 0.06725928 0.20330150 0.09658714
v 0.05902404 0.20088391 0.09988637
v 0.05885782 0.19117153 0.10610924
v 0.06706811 0.18363610 0.10894521
v 0.08364939 0.18696891 0.10374894
v 0.08356297 0.16761936 0.11534664
v 0.09161080 0.16859043 0.11259418
v 0.07537732 0.17561960 0.11219881
v 0.07528777 0.18546996 0.10636257
v 0.10136250 0.18900535 0.09901582
v 0.09224320 0.18805833 0.10118916
v 0.09979116 0.16962644 0.10998971
v 0.09181913 0.17818615 0.10706093
v 0.11093961 0.18989098 0.09743635
v 0.12076418 0.19051491 0.09597600
v 0.10950571 0.18035965 0.10288773
v 0.16844049 0.17409280 0.07552547
v 0.16265264 0.17889298 0.08002694
v 0.14835173 0.18654770 0.08850995
v 0.15596595 0.18311192 0.08446173
v 0.15941647 0.17038877 0.08343531
v 0.18543930 0.14809494 0.05897889
v 0.18236536 0.15500976 0.06299096
v 0.18484703 0.13654505 0.05520009
v 0.17827834 0.16246185 0.06704197
v 0.17361134 0.16876605 0.07117414
v 0.16992927 0.16121507 0.07379613
v 0.17842069 0.14890048 0.06487489
v 0.18514957 0.12571105 0.05088861
v 0.18386933 0.11499020 0.04627806
v 0.18273565 0.12768117 0.05480112
v 0.18312538 0.10381512 0.04080541
v 0.18236855 0.10938519 0.04589969
v 0.17902999 0.06513911 0.01499149
v 0.17980629 0.07133453 0.02272164
v 0.18556182 0.08728357 0.03258933
v 0.18388261 0.09250811 0.02985426
v 0.18352424 0.09843238 0.03575614
v 0.18277211 0.07951152 0.02063189
v 0.18349750 0.09229465 0.03406577
v 0.18608098 0.08121194 0.02557433
v 0.17773442 0.09479768 0.04852160
v 0.17829379 0.07331076 0.03329113
v 0.17750074 0.08271398 0.04201211
v 0.17913799 0.07462131 0.02864880
v 0.18440095 0.09301440 0.03942928
v 0.18058346 0.08250346 0.03065677
v 0.17872635 0.10555973 0.05631022
v 0.17526104 0.11570096 0.06193984
v 0.17988685 0.12596360 0.05774114
v 0.18169437 0.11640742 0.05195034
v 0.18175839 0.10440673 0.04647169
v 0.18246742 0.09962744 0.04764492
v 0.17341915 0.12596777 0.06653536
v 0.17820279 0.13553867 0.06264772
v 0.17498656 0.14302610 0.06695224
v 0.17666820 0.12413196 0.06103940
v 0.05961406 0.11250704 0.15955292
v 0.05536687 0.12542777 0.15118907
v 0.06113619 0.09639033 0.16666625
v 0.05554245 0.08089375 0.17150503
v 0.05029184 0.10850812 0.16359104
v 0.04191371 0.26452896 0.06622239
v 0.04092350 0.27054361 0.06200591
v 0.03384247 0.26232618 0.06876897
v 0.01552849 0.32974973 -0.06998499
v 0.01311969 0.34579349 -0.05591235
v 0.00963160 0.34634656 -0.05846111
v 0.01734504 0.33726272 -0.06072090
v 0.00718459 0.32912084 -0.07401256
v 0.01159626 0.32982191 -0.07182300
v 0.00599953 0.34602439 -0.06069636
v 0.00186848 0.34450763 -0.06296320
v 0.01052586 0.33798963 -0.06501603
v 0.00112819 0.30995166 -0.08985350
v 0.00168524 0.31912249 -0.08366461
v 0.00204315 0.32771328 -0.07680952
v -0.00303651 0.34162453 -0.06574525
v 0.00205939 0.33594659 -0.06982336
v -0.00408682 0.32493535 -0.07999460
v 0.08015978 0.30404988 -0.05282692
v 0.07138915 0.30954644 -0.04767139
v 0.06318105 0.31181425 -0.05292235
v 0.05500955 0.31446525 -0.05706841
v 0.04711727 0.31637958 -0.05967386
v 0.06071819 0.30845767 -0.06356694
v 0.03942027 0.31975186 -0.06132007
v 0.03208537 0.32518834 -0.06100382
v 0.02687879 0.32613927 -0.06431314
v 0.04539315 0.31199047 -0.06859574
v 0.02129309 0.32090160 -0.07522333
v 0.02270588 0.32816517 -0.06631195
v 0.01921599 0.32911527 -0.06810409
v 0.03018600 0.31813458 -0.07162320
v 0.17039554 -0.01102364 0.07654289
v 0.17366466 -0.01131654 0.04366419
v 0.17118189 0.00371769 0.07608566
v 0.17100251 0.00329308 0.06029042
v 0.17502812 -0.02581815 0.04475731
v 0.03249912 0.27603820 -0.10100197
v 0.03050908 0.28578469 -0.09744560
v 0.02534115 0.27497911 -0.10177433
v 0.02234933 0.29453114 -0.09408928
v 0.01593284 0.29372144 -0.09550507
v 0.01678190 0.28398049 -0.09971286
v 0.03380650 0.29483342 -0.09265137
v 0.04000723 0.29436037 -0.09185752
v 0.02584090 0.30365816 -0.08818153
v 0.02354098 0.31239784 -0.08203676
v 0.02845227 0.31185287 -0.08094141
v 0.04720144 0.29316032 -0.09073951
v 0.05589923 0.29155335 -0.08982105
v 0.04001555 0.30852914 -0.07744446
v 0.03389327 0.31030276 -0.07902262
v 0.03722270 0.30243227 -0.08601499
v 0.06559059 0.28880936 -0.08764891
v 0.07702749 0.28642294 -0.08585495
v 0.06735316 0.30172190 -0.07041574
v 0.05539907 0.30576777 -0.07252349
v 0.04765679 0.30594456 -0.07571180
v 0.05226513 0.29891160 -0.08289213
v 0.10155609 0.29109207 -0.06126929
v 0.09031232 0.29766342 -0.05822693
v 0.10293654 0.27826217 -0.08080887
v 0.08987033 0.28244039 -0.08231512
v 0.07984245 0.29926169 -0.06559602
v 0.07748987 0.29264015 -0.07656373
v 0.11327041 0.28528652 -0.06225937
v 0.11473410 0.27420524 -0.08045247
v 0.12511976 0.27079430 -0.07958202
v 0.12927103 0.27561548 -0.07188518
v 0.12418538 0.28172031 -0.06241611
v 0.10686569 0.28244251 -0.07201233
v 0.13867283 0.26069528 -0.08453656
v 0.15054429 0.26373175 -0.07541088
v 0.14230217 0.26546860 -0.07701411
v 0.14328766 0.25289631 -0.08966506
v 0.15110159 0.25140011 -0.08796806
v 0.15847856 0.26235029 -0.07369386
v 0.15845937 0.24971171 -0.08544940
v 0.16550992 0.24828272 -0.08329569
v 0.15451150 0.25719404 -0.08122771
v 0.16864753 0.27023765 -0.05679716
v 0.16329029 0.26713154 -0.06582925
v 0.17569198 0.26837543 -0.05471347
v 0.16582973 0.26066098 -0.07159910
v 0.18862268 0.25940874 -0.05705242
v 0.18546306 0.25684226 -0.06618403
v 0.18207124 0.26635313 -0.05229940
v 0.17715287 0.26364595 -0.06134264
v 0.17849256 0.24547136 -0.07945049
v 0.18205158 0.25271207 -0.07446990
v 0.17190966 0.24641903 -0.08093741
v 0.16882269 0.25413159 -0.07698125
v 0.17278858 0.25919762 -0.06955054
v 0.17944859 0.25838926 -0.06794686
v 0.23280349 0.19462949 -0.04929071
v 0.23777680 0.19344695 -0.04052114
v 0.24497375 0.18464009 -0.03967063
v 0.25245392 0.17542140 -0.03998741
v 0.25972366 0.16575883 -0.04125081
v 0.24525672 0.17943636 -0.04926280
v 0.26731822 0.15029760 -0.05142879
v 0.26501992 0.15821676 -0.04526586
v 0.25545239 0.16365093 -0.05400024
v 0.26670596 0.13318454 -0.06455553
v 0.26759410 0.14244109 -0.05822404
v 0.25813517 0.12549657 -0.07383099
v 0.25859445 0.14821897 -0.06486039
v 0.23999465 0.10881090 -0.08201514
v 0.24963358 0.11656192 -0.07967218
v 0.24987110 0.13038066 -0.07766201
v 0.23001386 0.10377420 -0.08281987
v 0.22033992 0.10134780 -0.08526264
v 0.23390810 0.11499190 -0.08486188
v 0.21163236 0.10101417 -0.08581194
v 0.20525779 0.10395727 -0.08228282
v 0.20306508 0.10764848 -0.08335225
v 0.21717477 0.10726090 -0.08832487
v 0.19291274 0.11354235 -0.08896588
v 0.19140723 0.11314609 -0.08166249
v 0.18819271 0.11856267 -0.08614861
v 0.19038951 0.12199195 -0.09281839
v 0.18955417 0.11571856 -0.08200506
v 0.19588992 0.11243488 -0.10021197
v 0.19499980 0.11410388 -0.09518475
v 0.19401506 0.12576357 -0.10497756
v 0.19290756 0.12489781 -0.09865354
v 0.19478795 0.11830693 -0.10638073
v 0.19333147 0.11964950 -0.09549235
v 0.17807133 0.11480040 -0.10990816
v 0.18370268 0.10052311 -0.09839812
v 0.18554375 0.10140143 -0.09949102
v 0.17553076 0.11399060 -0.10828903
v 0.18483303 0.10829581 -0.10642687
v 0.18209891 0.09947792 -0.09761093
v 0.18039218 0.09824283 -0.09696388
v 0.17291136 0.11304615 -0.10627683
v 0.17975980 0.10624761 -0.10407696
v 0.15277240 0.07742389 -0.09782647
v 0.15343201 0.08038786 -0.09033731
v 0.15581915 0.08711488 -0.08973733
v 0.15022400 0.10313224 -0.10570590
v 0.14883456 0.09986494 -0.11239648
v 0.15973167 0.09051138 -0.08772869
v 0.15280323 0.10377622 -0.09849925
v 0.15305363 0.09571041 -0.09582710
v 0.15003413 0.06702243 -0.10907995
v 0.15376095 0.07254104 -0.10424107
v 0.13862723 0.07755621 -0.11334675
v 0.13393006 0.09297343 -0.11527546
v 0.14169307 0.09642047 -0.11550521
v 0.15072095 0.08664488 -0.10854468
v 0.14456269 -0.16533239 -0.07655619
v 0.14415726 -0.18597813 -0.08482546
v 0.16049854 -0.16412361 -0.05321118
v 0.15295380 -0.16480841 -0.06491990
v 0.14843889 -0.17556781 -0.06902609
v 0.16453798 -0.20107119 -0.04784595
v 0.15281349 -0.19356644 -0.07338882
v 0.15026185 -0.18398564 -0.07324702
v 0.15626457 -0.18313736 -0.06087840
v 0.02806447 -0.14098725 -0.11580955
v 0.06548446 -0.14326170 -0.10983445
v 0.04706385 -0.14217359 -0.11313196
v 0.04343677 -0.12665513 -0.11146513
v 0.18215235 -0.16543782 0.03142715
v 0.18228853 -0.16755986 0.04394954
v 0.18040304 -0.17795390 0.02283110
v 0.17962277 -0.17975420 0.03512570
v 0.18178076 -0.16433640 0.01867870
v 0.18215564 -0.16272372 0.00528108
v 0.18029128 -0.17719777 0.01020037
v 0.18000528 -0.17692463 -0.00265320
v 0.18165848 -0.17079684 0.02084954
v 0.18271546 -0.16165881 -0.00859493
v 0.18007796 -0.16191478 -0.02214718
v 0.17857331 -0.17747040 -0.01573025
v 0.18174440 -0.16948859 -0.00557301
v 0.17196880 -0.16341472 -0.03074099
v 0.16562395 -0.16439690 -0.04084288
v 0.16259524 -0.17256375 -0.04698967
v 0.17222320 -0.17129675 -0.02864585
v 0.17959683 -0.17171402 0.05571887
v 0.17124097 -0.17630602 0.06461851
v 0.17662446 -0.18269692 0.04649714
v 0.17391342 -0.18660511 0.05775683
v 0.17964143 -0.17506205 0.04553237
v 0.10432816 -0.24033138 0.14021809
v 0.09252616 -0.24763016 0.14568433
v 0.11513476 -0.23274718 0.13408737
v 0.12516929 -0.22550264 0.12804116
v 0.11470439 -0.24358714 0.13281599
v 0.02609280 -0.27539572 0.16239703
v 0.04089879 -0.27100885 0.16090293
v 0.05452923 -0.26638150 0.15800694
v 0.04126426 -0.28211743 0.15673320
v 0.16763976 -0.18183038 0.07587077
v 0.16262412 -0.18864383 0.08624794
v 0.17016065 -0.19173408 0.06880827
v 0.17047301 -0.18397123 0.06695059
v 0.06763534 -0.26083750 0.15497769
v 0.08025217 -0.25445747 0.15043974
v 0.09270682 -0.25879586 0.14283291
v 0.06843467 -0.27204478 0.15108539
v 0.13435468 -0.21831796 0.12120762
v 0.14267650 -0.21084994 0.11360223
v 0.13401188 -0.22760695 0.12081459
v 0.15027902 -0.20329642 0.10541191
v 0.15690500 -0.19587772 0.09626036
v 0.16171677 -0.19696027 0.08770849
v 0.14957963 -0.21190155 0.10596683
v 0.14040788 -0.15503268 -0.07901476
v 0.13670444 -0.14375138 -0.08056222
v 0.12420087 -0.14484686 -0.08597293
v 0.13273591 -0.16699782 -0.08334250
v 0.11347752 -0.14377612 -0.09713031
v 0.08710357 -0.15679331 -0.10603645
v 0.09225009 -0.16828351 -0.10702888
v 0.11586581 -0.15663336 -0.09301711
v 0.10998270 -0.13072218 -0.09763110
v 0.10718904 -0.11658723 -0.09495326
v 0.08273218 -0.14403695 -0.10551668
v 0.07902098 -0.12970403 -0.10499815
v 0.09862457 -0.14417754 -0.10092958
v 0.03679158 0.15539896 -0.12342988
v 0.02473436 0.15561593 -0.12167448
v 0.04902228 0.15538086 -0.12450749
v 0.06120290 0.15517387 -0.12458540
v 0.04572660 0.16547960 -0.12316738
v 0.07231725 0.15520930 -0.12407133
v 0.08203894 0.15570973 -0.12370440
v 0.06797489 0.16519766 -0.12465496
v 0.09670121 0.18463056 -0.12412041
v 0.10936168 0.15647289 -0.12096821
v 0.12004153 0.15461366 -0.12091894
v 0.09986550 0.17478245 -0.12324568
v 0.10823309 0.17547117 -0.12195746
v 0.09098855 0.15618300 -0.12298147
v 0.10004634 0.15634644 -0.12201394
v 0.08433104 0.16531892 -0.12449744
v 0.09121186 0.17465387 -0.12464928
v 0.10168256 0.16552742 -0.12270709
v 0.13851830 0.19055755 -0.12046467
v 0.15197156 0.16525590 -0.12175404
v 0.15498270 0.16697335 -0.12000912
v 0.14142187 0.18175328 -0.12264667
v 0.14631207 0.18278773 -0.12221914
v 0.14858133 0.16359085 -0.12289332
v 0.14439045 0.16216600 -0.12385681
v 0.13599743 0.18046670 -0.12319072
v 0.14484073 0.17261636 -0.12356736
v 0.15666738 0.16954710 -0.11747851
v 0.15093243 0.18319337 -0.12124226
v 0.15282781 0.17539045 -0.12098771
v 0.15963833 0.16597033 -0.11392924
v 0.16418371 0.16233623 -0.11181127
v 0.16822132 0.16434258 -0.11132089
v 0.15671690 0.17410642 -0.11510663
v 0.17378262 0.16509531 -0.11120973
v 0.16860878 0.17013623 -0.11053487
v 0.18657453 0.16034208 -0.11202084
v 0.18005152 0.16207579 -0.11179557
v 0.17993669 0.16759886 -0.11055014
v 0.18608920 0.20153794 -0.09994246
v 0.17988908 0.19966604 -0.10010884
v 0.19047832 0.19149099 -0.10590224
v 0.19033001 0.19869278 -0.10317482
v 0.17288545 0.20059136 -0.10274719
v 0.16630255 0.20216459 -0.10504537
v 0.17916721 0.19259754 -0.10247973
v 0.11903468 0.21688806 -0.11515938
v 0.12634984 0.21604015 -0.11371232
v 0.12997381 0.19879530 -0.11817060
v 0.13623765 0.19904597 -0.11786291
v 0.11117354 0.21710624 -0.11665299
v 0.10347136 0.21700491 -0.11825536
v 0.12303109 0.19825149 -0.11952447
v 0.12063296 0.20768289 -0.11722823
v 0.02939546 0.21442087 -0.11566643
v 0.01955189 0.21388187 -0.11623134
v 0.00972765 0.21319056 -0.11744905
v 0.01965610 0.20386209 -0.11693516
v 0.17677438 0.05305714 -0.00320513
v 0.17824805 0.05861978 0.00627769
v 0.18502674 0.06849442 0.00921980
v 0.18035492 0.07048879 0.01583941
v 0.18582147 0.07470807 0.01819750
v 0.17380759 0.04665102 -0.02481061
v 0.17535321 0.04894929 -0.01364636
v 0.18242829 0.05807324 -0.01289928
v 0.18405031 0.06278105 -0.00127361
v 0.17884879 0.05837092 -0.00254234
v 0.17256166 0.04700975 -0.03649395
v 0.17120811 0.05029154 -0.04742247
v 0.17689656 0.05491207 -0.03603446
v 0.17960969 0.05547035 -0.02457476
v 0.17808916 0.05044506 -0.02499427
v 0.17021504 0.05586177 -0.05607901
v 0.17434992 0.06037267 -0.05756819
v 0.17474924 0.05641159 -0.04736105
v 0.17036647 0.06300827 -0.06324922
v 0.17673704 0.05243083 -0.04846328
v 0.17493492 0.06627464 -0.06633262
v 0.17491862 0.07240796 -0.07377968
v 0.16955462 0.07684964 -0.07666470
v 0.17062660 0.06900995 -0.07056593
v 0.17491287 0.06191245 -0.06649201
v 0.17571649 0.07837083 -0.08126958
v 0.17435610 0.08553485 -0.08762293
v 0.16744882 0.08406875 -0.08281345
v 0.16434225 0.09207296 -0.08794142
v 0.17263120 0.07584319 -0.08030348
v 0.17187811 0.09359021 -0.09319489
v 0.15580162 0.10841710 -0.09780832
v 0.16046640 0.09984052 -0.09319142
v 0.16819851 0.09247954 -0.09066797
v 0.17824072 0.09680152 -0.09619021
v 0.17533146 0.09526837 -0.09479821
v 0.17476758 0.10419719 -0.10076006
v 0.16881046 0.10225871 -0.09687247
v 0.15319048 0.11668002 -0.10269957
v 0.16076246 0.10976220 -0.09822422
v 0.16482028 0.11041982 -0.09989603
v 0.16590957 0.12090443 -0.10582398
v 0.15832129 0.12854443 -0.10598292
v 0.17030691 0.11220429 -0.10399566
v 0.16773760 0.11138691 -0.10180971
v 0.16051687 0.11858594 -0.10250589
v 0.14665179 0.13189617 -0.11860966
v 0.14967200 0.12392698 -0.11077449
v 0.15154026 0.13510683 -0.11071735
v 0.15350671 0.12346774 -0.10488234
v 0.15568821 0.12702551 -0.10530606
v 0.14015356 0.14006381 -0.12417610
v 0.13082586 0.14861989 -0.12346328
v 0.14786217 0.14322574 -0.11676294
v 0.14429908 0.15165371 -0.12246535
v 0.12621601 0.15751399 -0.12317217
v 0.14645474 0.13911346 -0.11825163
v 0.13927713 0.16060050 -0.12549713
v 0.11603338 0.17638530 -0.12186883
v 0.12056099 0.16677016 -0.12259720
v 0.13410430 0.16962785 -0.12549767
v 0.13297100 0.15887649 -0.12575784
v 0.11208509 0.18636055 -0.12175400
v 0.12612092 0.18863080 -0.12192865
v 0.12982424 0.17904298 -0.12439216
v 0.11580151 0.19734560 -0.12034588
v 0.12297974 0.17760915 -0.12401652
v 0.08040147 0.21594465 -0.12121550
v 0.08545369 0.19442008 -0.12439353
v 0.09377470 0.19504480 -0.12396976
v 0.09595459 0.21678428 -0.11990825
v 0.08821830 0.21651383 -0.12106413
v 0.10149932 0.19582260 -0.12265975
v 0.10573070 0.20681839 -0.12007548
v 0.10867541 0.19656575 -0.12111635
v 0.09084524 0.20570427 -0.12284692
v 0.07021122 0.22640479 -0.11873909
v 0.05347952 0.23592125 -0.11436678
v 0.05522438 0.22562890 -0.11703581
v 0.07261790 0.21564795 -0.12114733
v 0.05618991 0.25704831 -0.10867441
v 0.04923821 0.25693375 -0.10811869
v 0.06555030 0.24733062 -0.11258647
v 0.06768055 0.23702526 -0.11599065
v 0.05128400 0.24630146 -0.11119558
v 0.06040987 0.23649476 -0.11526354
v 0.06428464 0.17489497 -0.12462708
v 0.07486580 0.17211981 -0.12514448
v 0.07970609 0.18424849 -0.12552950
v 0.08273730 0.17463098 -0.12535541
v 0.05669441 0.21528310 -0.11929264
v 0.07702407 0.19439605 -0.12457208
v 0.07468955 0.20488138 -0.12294105
v 0.06463379 0.21543907 -0.12024546
v 0.06862981 0.19450764 -0.12384427
v 0.04784416 0.34581104 -0.02568164
v 0.04722510 0.35578427 -0.02314920
v 0.04373994 0.36257622 -0.02487807
v 0.04426162 0.34011626 -0.03038439
v 0.04032075 0.34353793 -0.03152710
v 0.03837834 0.35267407 -0.02948638
v 0.02711497 0.36282930 -0.03706956
v 0.03174885 0.36040372 -0.03397398
v 0.03733170 0.37003541 -0.02995054
v 0.02359904 0.37519214 -0.04104517
v 0.03003156 0.37623107 -0.03678003
v 0.02315572 0.36869377 -0.03971302
v 0.03510363 0.35898960 -0.03090242
v 0.03794210 0.36145788 -0.02876672
v 0.20115617 0.12936322 -0.09030923
v 0.22106960 0.11546589 -0.08944035
v 0.21396579 0.11293334 -0.08761927
v 0.21160649 0.12423594 -0.08980265
v 0.19838408 0.11488824 -0.08573577
v 0.20063482 0.11120364 -0.08470105
v 0.20698839 0.11142837 -0.08622595
v 0.20609638 0.12050009 -0.08890160
v 0.21003260 0.11716054 -0.08824492
v 0.19792528 0.12516353 -0.08915788
v 0.19545104 0.12185974 -0.08773990
v 0.19670661 0.11818707 -0.08666150
v 0.20223723 0.12333721 -0.08910714
v 0.20118804 0.11841676 -0.08771207
v 0.23511352 0.12624587 -0.08543770
v 0.22842231 0.12014533 -0.08735090
v 0.22311404 0.12484701 -0.08916688
v 0.24916264 0.15215161 -0.07071435
v 0.24921092 0.14233980 -0.07461292
v 0.24154882 0.13416611 -0.08148374
v 0.23316103 0.13572273 -0.08508892
v 0.22973162 0.15067363 -0.08349453
v 0.21178603 0.13263546 -0.09080260
v 0.21772203 0.12931176 -0.08995383
v 0.22482716 0.13409032 -0.08866338
v 0.21993110 0.14626335 -0.08876193
v 0.22755045 0.14249884 -0.08665223
v 0.24625820 0.16729908 -0.06147206
v 0.24839196 0.15999301 -0.06559742
v 0.23068935 0.15858881 -0.08031327
v 0.23971033 0.15554017 -0.07579119
v 0.21501429 0.16943993 -0.08521774
v 0.22240885 0.16096513 -0.08395780
v 0.23063412 0.16553357 -0.07672926
v 0.23836946 0.18122715 -0.05700170
v 0.24283493 0.17448132 -0.05876893
v 0.23774427 0.17005986 -0.06801472
v 0.22968201 0.17208408 -0.07409975
v 0.21467650 0.18034090 -0.08110614
v 0.21494372 0.17527433 -0.08335331
v 0.22211717 0.17381568 -0.07930667
v 0.22790407 0.17786293 -0.07182157
v 0.21457900 0.18475011 -0.07865730
v 0.21918982 0.19147131 -0.07006362
v 0.21988606 0.18321772 -0.07496966
v 0.22340603 0.19326675 -0.06405552
v 0.22791633 0.19419876 -0.05707022
v 0.23339248 0.18787093 -0.05650757
v 0.23173133 0.18270521 -0.06415533
v 0.22556283 0.18283230 -0.07007367
v 0.22287954 0.18732715 -0.06926358
v 0.19457453 0.22378291 -0.08829666
v 0.19315745 0.21860388 -0.09379051
v 0.19844338 0.21804696 -0.08507244
v 0.19669883 0.21002550 -0.09321539
v 0.19817850 0.19471282 -0.08593285
v 0.20417991 0.20428941 -0.07652559
v 0.19867188 0.20867692 -0.07884008
v 0.19239269 0.19949536 -0.08774311
v 0.19424786 0.20645946 -0.08517063
v 0.20941852 0.18744686 -0.08141187
v 0.20392708 0.19064616 -0.08373179
v 0.21453851 0.19552603 -0.07210017
v 0.20948406 0.19990478 -0.07437523
v 0.21487226 0.18959492 -0.07586693
v 0.20491932 0.19687571 -0.08030848
v 0.19286016 0.15979780 -0.10835107
v 0.18846536 0.15471925 -0.10202283
v 0.19327554 0.16551736 -0.10872555
v 0.18795849 0.14496666 -0.09233853
v 0.18310869 0.14698879 -0.09807524
v 0.18320240 0.15302591 -0.09785870
v 0.19382857 0.14082110 -0.09200369
v 0.19828865 0.13551706 -0.09160908
v 0.20542106 0.13487943 -0.09121992
v 0.21242203 0.14877151 -0.09033695
v 0.21151289 0.14111975 -0.09131064
v 0.19643328 0.14734125 -0.09340201
v 0.20724496 0.16505168 -0.09006194
v 0.21368723 0.15604112 -0.08919707
v 0.21464856 0.16306129 -0.08733691
v 0.19812790 0.15426691 -0.09346820
v 0.20509766 0.15138625 -0.09216175
v 0.20013046 0.16705927 -0.09217472
v 0.19313417 0.16932313 -0.09413716
v 0.18400727 0.15948966 -0.09724063
v 0.19120759 0.15704003 -0.09446244
v 0.19921306 0.16078082 -0.09337964
v 0.18619022 0.17246301 -0.09637173
v 0.19400370 0.18025358 -0.10015240
v 0.19295096 0.17113715 -0.10914321
v 0.19066855 0.16677053 -0.10129958
v 0.18507923 0.16588975 -0.09667467
v 0.03192185 0.17482840 -0.11874301
v 0.03009485 0.19400913 -0.11689012
v 0.01968500 0.19379510 -0.11655731
v 0.04301562 0.17488159 -0.12091359
v 0.05393113 0.17507769 -0.12382603
v 0.04050721 0.19424361 -0.11822975
v 0.05935021 0.18451703 -0.12326828
v 0.03860158 0.18425612 -0.11840499
v 0.14891145 0.19069532 -0.12058486
v 0.15369543 0.18246172 -0.11776005
v 0.15559462 0.18066373 -0.11381009
v 0.15979843 0.18055491 -0.11187707
v 0.15449147 0.18742368 -0.11297552
v 0.16542125 0.17651220 -0.11007223
v 0.17204390 0.17443430 -0.10919058
v 0.17113218 0.18710291 -0.10666727
v 0.16305053 0.18353577 -0.11005786
v 0.19124502 0.18414637 -0.10785417
v 0.17917454 0.17323178 -0.10899502
v 0.18588547 0.17200710 -0.10995645
v 0.18535478 0.18734550 -0.10510109
v 0.17838158 0.18567029 -0.10487884
v 0.19222489 0.17725395 -0.10909895
v 0.17655434 0.17940752 -0.10692981
v 0.15383427 0.20678295 -0.10864184
v 0.16000931 0.20423220 -0.10678951
v 0.16542770 0.19552596 -0.10713752
v 0.15901637 0.19154806 -0.11071929
v 0.16466676 0.18917657 -0.10861158
v 0.14491330 0.21244872 -0.11565816
v 0.14921212 0.20964979 -0.11226639
v 0.15086876 0.19627254 -0.11576627
v 0.15382838 0.19385049 -0.11210163
v 0.15346786 0.20020783 -0.11042835
v 0.13914365 0.21380596 -0.11422544
v 0.13299102 0.21484976 -0.11289164
v 0.14184394 0.19894856 -0.11884699
v 0.13437098 0.20715988 -0.11542112
v 0.14729613 0.19821371 -0.11943085
v 0.14591987 0.20548156 -0.11768693
v 0.03917142 0.21483828 -0.11616366
v 0.04835431 0.21508627 -0.11784133
v 0.03993131 0.20453784 -0.11739897
v 0.06005560 0.19454825 -0.12256204
v 0.05830427 0.20490804 -0.12080914
v 0.05063555 0.19443595 -0.12056664
v 0.00950700 0.19352260 -0.11674353
v 0.01734476 0.18398294 -0.11577014
v 0.20664044 0.25064042 0.01987798
v 0.20694102 0.24137080 0.03009454
v 0.20127326 0.25449127 0.02687262
v 0.20108190 0.24359906 0.03521103
v 0.20433094 0.23641460 0.03681758
v 0.20456021 0.26231849 -0.00300558
v 0.20545207 0.25747004 0.00856528
v 0.19961226 0.26765180 0.00347288
v 0.20037788 0.26198456 0.01542481
v 0.20391341 0.25694883 0.01756512
v 0.20168968 0.26325387 -0.01539580
v 0.19983433 0.26465315 -0.02662564
v 0.19503406 0.27033362 -0.02110464
v 0.19839798 0.27065229 -0.00883810
v 0.20175786 0.26700503 -0.00617160
v 0.19575563 0.26290396 -0.03756026
v 0.19209895 0.26103041 -0.04757710
v 0.19190939 0.27029526 -0.03240313
v 0.18678957 0.26842019 -0.04286434
v 0.18773887 0.26390186 -0.04997796
v 0.19651805 0.26793462 -0.02973031
v 0.00109608 0.38328350 -0.05054945
v 0.00273327 0.37848294 -0.04946662
v -0.00142703 0.37787333 -0.04919172
v 0.00347614 0.12577869 -0.12137670
v 0.00338046 0.13616844 -0.12093678
v 0.00293165 0.14636214 -0.11998603
v -0.00812631 0.13893494 -0.12046790
v 0.00291351 0.04484564 -0.13272628
v 0.00300873 0.06074208 -0.12987286
v 0.00329857 0.07601248 -0.12670437
v -0.00987393 0.06536802 -0.13088171
v 0.05786533 -0.08355179 -0.12764442
v 0.07481261 -0.08479530 -0.12087658
v 0.04317098 -0.11389226 -0.12250081
v 0.05959178 -0.11227076 -0.11391640
v 0.04015364 -0.08191724 -0.13441202
v 0.02546760 -0.10854477 -0.12238189
v 0.04251171 -0.09974032 -0.13135976
v 0.03284878 -0.07239854 -0.11893982
v 0.03298751 -0.05285782 -0.11847585
v 0.01643398 -0.04897349 -0.12500003
v 0.02217191 -0.08075875 -0.14034301
v 0.01167448 -0.15349495 -0.12068585
v -0.00527986 -0.15518157 -0.12998681
v 0.00880676 -0.13975388 -0.11751609
v 0.00757564 -0.12337082 -0.12416461
v 0.00700577 -0.10609129 -0.12510201
v -0.01001953 -0.13520177 -0.11894397
v -0.00040327 -0.04502331 -0.13168284
v -0.00071267 -0.06465129 -0.13370970
v 0.00123733 -0.02617903 -0.13473889
v 0.00240084 -0.00765666 -0.13668084
v -0.01611045 -0.03835684 -0.13701135
v 0.03189798 0.11235920 -0.12373699
v 0.01702690 0.11385448 -0.12226548
v 0.01740747 0.08846217 -0.12411080
v 0.03188868 0.09972234 -0.12434835
v 0.00348342 0.09010115 -0.12424625
v 0.01311374 0.15603527 -0.11933986
v 0.02267664 0.16553089 -0.11912169
v 0.02095019 0.17488909 -0.11677261
v 0.01043930 0.17486107 -0.11564977
v 0.00208789 0.15642154 -0.11812593
v -0.00200260 0.18367587 -0.11540622
v -0.00009758 0.20304862 -0.11853179
v -0.00006922 0.19328766 -0.11702075
v -0.00879835 0.19051842 -0.11664141
v 0.00026273 0.22171341 -0.11767825
v 0.00013255 0.21238960 -0.11856559
v -0.00906248 0.20973811 -0.11925899
v 0.12610075 0.17103674 0.10311656
v 0.13057175 0.15046978 0.10628808
v 0.10766339 0.16103695 0.11224955
v 0.10829922 0.17067218 0.10777755
v 0.11715012 0.17124029 0.10556665
v 0.12301512 0.15150465 0.11004726
v 0.12423862 0.16120510 0.10678831
v 0.10827129 0.14353062 0.12065716
v 0.10764868 0.15187325 0.11640303
v 0.12279861 0.14233905 0.11358202
v 0.11534347 0.15199187 0.11335683
v 0.16161798 0.15814321 0.08153769
v 0.15602264 0.16202429 0.08658377
v 0.15590805 0.14231583 0.08746983
v 0.14982593 0.16535364 0.09143027
v 0.13998705 0.15856995 0.09914229
v 0.15033549 0.14501563 0.09237920
v 0.15293287 0.15359829 0.08955493
v 0.13653342 0.13989961 0.10507187
v 0.13768253 0.14898038 0.10193384
v 0.14892064 0.13651749 0.09557112
v 0.14433129 0.14718637 0.09725654
v 0.16955823 0.13043979 0.07235197
v 0.16653790 0.15388721 0.07662255
v 0.17100763 0.14898650 0.07174534
v 0.17206298 0.13698503 0.06943124
v 0.16344874 0.14658976 0.07954262
v 0.16754255 0.12382914 0.07530246
v 0.16586585 0.11747763 0.07835632
v 0.15941061 0.13164207 0.08558837
v 0.16099896 0.13909219 0.08248023
v 0.16574928 0.13520803 0.07762659
v 0.13159959 0.11680956 0.12104195
v 0.13758089 0.11510427 0.11623250
v 0.13030222 0.13287690 0.11331901
v 0.12357876 0.13396822 0.11737096
v 0.14819229 0.11190940 0.10527270
v 0.14316702 0.11347925 0.11092418
v 0.13663352 0.13158494 0.10870839
v 0.14278655 0.13007739 0.10390706
v 0.13721929 0.12342011 0.11254881
v 0.12553284 0.11845542 0.12534891
v 0.11983829 0.11871873 0.12943023
v 0.11319221 0.12274766 0.13088849
v 0.10946275 0.12954614 0.12875608
v 0.10938878 0.13579886 0.12452626
v 0.11663885 0.13509701 0.12123819
v 0.12471914 0.12617472 0.12150544
v 0.16424698 0.11129542 0.08098577
v 0.16056207 0.10739934 0.08838482
v 0.16345750 0.10545446 0.08339487
v 0.15803578 0.12412780 0.08854211
v 0.16225554 0.12122684 0.08346621
v 0.15298770 0.11048982 0.09962462
v 0.15727898 0.10903656 0.09398373
v 0.15342836 0.12640359 0.09376554
v 0.14844401 0.12833910 0.09892284
v 0.14850926 0.12037104 0.10233122
v 0.15744677 0.11671664 0.09146226
v 0.03959402 0.31057677 0.05469922
v 0.03877285 0.30330369 0.05553886
v 0.03859673 0.28986800 0.05624023
v 0.03836513 0.29656079 0.05607453
v 0.03115728 0.30116588 0.06031802
v 0.05198809 0.13646765 0.14308158
v 0.04940732 0.14686154 0.13572937
v 0.04447011 0.13347232 0.14702277
v 0.04250402 0.20538233 0.10157336
v 0.04278702 0.19506697 0.10705434
v 0.04340587 0.18476771 0.11186375
v 0.04425298 0.17503488 0.11724177
v 0.03569116 0.19184873 0.11001390
v 0.04239954 0.22488907 0.08950783
v 0.04244523 0.21542826 0.09548467
v 0.03439349 0.23116127 0.08701656
v 0.03455094 0.21284522 0.09956931
v 0.03989309 0.27656204 0.05843994
v 0.03905894 0.28303936 0.05654279
v 0.03170709 0.27445570 0.06150799
v 0.03068143 0.28779987 0.05956989
v 0.02672761 0.25311068 0.07444903
v 0.02696225 0.24521373 0.07874699
v 0.02712174 0.23711048 0.08371743
v 0.02718110 0.22888242 0.08975130
v 0.01976717 0.24188180 0.08100943
v 0.04725446 0.15651888 0.12924066
v 0.04542169 0.16584890 0.12317140
v 0.04052839 0.15327977 0.13212906
v 0.03762901 0.17159803 0.11969750
v 0.03892328 0.11863918 0.15863571
v 0.04072381 0.10468332 0.16658771
v 0.04413144 0.07221752 0.17377500
v 0.04249514 0.08915199 0.17117001
v 0.02978538 0.09878033 0.16931374
v 0.02616987 0.26032463 0.07018292
v 0.02516874 0.26675475 0.06624173
v 0.01875952 0.25718284 0.07211263
v 0.04371915 0.03757619 0.17877871
v 0.02533344 0.03226558 0.17952231
v 0.04488074 0.05447204 0.17715523
v 0.02916338 0.06579825 0.17500016
v 0.18520144 -0.26660490 -0.00182988
v 0.18410146 -0.24148367 0.00351164
v 0.18556897 -0.25257409 0.00210137
v 0.18016590 -0.24148417 -0.01968255
v 0.18196534 -0.23689836 -0.00840897
v 0.18338583 -0.25938582 -0.00942219
v 0.17659092 -0.24376924 -0.03082174
v 0.18165128 -0.25995034 -0.01966632
v 0.18113688 -0.25219104 -0.01907768
v 0.18089615 -0.26804680 -0.02225213
v 0.17842911 -0.26174739 -0.02978662
v 0.08727078 -0.18170387 -0.11847667
v 0.07001873 -0.19026420 -0.11241696
v 0.08845945 -0.21811008 -0.10960348
v 0.09064362 -0.20349729 -0.10826246
v 0.05064836 -0.21962784 -0.11864206
v 0.07135326 -0.21867849 -0.11487047
v 0.05228477 -0.20016365 -0.11647551
v 0.07306825 -0.20077278 -0.11300620
v 0.07849573 -0.20989659 -0.11253002
v 0.16973880 -0.19886348 -0.03603006
v 0.17473681 -0.19572058 -0.02403672
v 0.17469189 -0.18599497 -0.02208303
v 0.16232716 -0.18128726 -0.04916762
v 0.16495518 -0.18983488 -0.05043713
v 0.17393017 -0.17827448 -0.02771923
v 0.16748486 -0.17773610 -0.03828516
v 0.16797429 -0.22311111 -0.04557037
v 0.16649053 -0.21190940 -0.04702359
v 0.15093362 -0.20406753 -0.06872494
v 0.15837480 -0.20288560 -0.05896920
v 0.09765334 -0.23426276 -0.10580700
v 0.09486126 -0.24129212 -0.10782105
v 0.12268986 -0.24031787 -0.09319528
v 0.11920367 -0.24620229 -0.09602512
v 0.13079590 -0.24608183 -0.08704581
v 0.09108608 -0.24757396 -0.10930698
v 0.08833459 -0.25332987 -0.11055005
v 0.10562246 -0.24729338 -0.10292303
v 0.11219977 -0.25233617 -0.09953938
v 0.17157844 -0.25267988 -0.04244004
v 0.17018102 -0.25823954 -0.04510635
v 0.14879756 -0.24409339 -0.07146982
v 0.17014223 -0.23373015 -0.04440698
v 0.17114969 -0.24388774 -0.04288794
v 0.16132870 -0.22332917 -0.05754195
v 0.16324541 -0.24214017 -0.05595535
v 0.10103504 -0.22603819 -0.10522947
v 0.10337888 -0.21804394 -0.10384406
v 0.11241168 -0.23362379 -0.09910563
v 0.12602210 -0.23434848 -0.09099385
v 0.13937551 -0.23621218 -0.08095420
v 0.15194777 -0.23921773 -0.06851939
v 0.15306288 -0.23152617 -0.06827685
v 0.12850413 -0.22732443 -0.08932413
v 0.14243951 -0.20390841 -0.07802955
v 0.15155956 -0.21359530 -0.06854095
v 0.15221795 -0.22295916 -0.06831131
v 0.14185217 -0.22143960 -0.07887830
v 0.16339521 -0.25501972 -0.05465462
v 0.14409839 -0.24676353 -0.07638185
v 0.13676336 -0.25071698 -0.08275571
v 0.15684837 -0.25038016 -0.06243876
v 0.08623039 -0.25731343 -0.11161454
v 0.11483163 -0.25705403 -0.09877256
v 0.10056408 -0.26063630 -0.10600358
v 0.07062350 -0.25827652 -0.11640396
v 0.05416962 -0.25894862 -0.12012189
v 0.03821400 -0.26045507 -0.12313758
v 0.02029851 -0.27350113 -0.12680808
v 0.10546292 -0.20129852 -0.10200848
v 0.10478624 -0.20991790 -0.10304540
v 0.11689319 -0.21851461 -0.09655020
v 0.12989607 -0.21991345 -0.08809244
v 0.13086788 -0.21157886 -0.08743949
v 0.09947770 -0.17193213 -0.11193995
v 0.12706566 -0.17483419 -0.09376030
v 0.12055649 -0.16745596 -0.09169839
v 0.10712143 -0.16812849 -0.09961727
v 0.10528044 -0.18228203 -0.11210960
v 0.13536230 -0.19377127 -0.08472545
v 0.13359632 -0.18294968 -0.09499460
v 0.10927691 -0.19206117 -0.09940359
v 0.13174197 -0.20308091 -0.08613263
v 0.11948515 -0.20175315 -0.09457354
v 0.12023911 -0.18250108 -0.10348818
v 0.10806257 -0.10544854 -0.10565799
v 0.09044851 -0.08657029 -0.11351301
v 0.10474594 -0.08816670 -0.10571589
v 0.07635902 -0.11351764 -0.10733198
v 0.09233350 -0.11523205 -0.10127425
v 0.07723447 -0.10252805 -0.11906899
v 0.16939846 -0.24565029 0.06666207
v 0.16541322 -0.24405280 0.07419514
v 0.16188927 -0.24213967 0.08193913
v 0.16339399 -0.25615770 -0.05225397
v 0.15699968 -0.25637454 -0.06223848
v 0.14887199 -0.25372535 -0.07117574
v 0.12772337 -0.25690782 -0.09003206
v 0.13924462 -0.25693259 -0.08177108
v 0.11406720 -0.26733202 0.12907346
v 0.10454121 -0.27564538 0.13222577
v 0.10394423 -0.26071054 0.13587186
v 0.09307572 -0.26816612 0.13972871
v 0.13149565 -0.25106874 0.12020572
v 0.12261290 -0.25923440 0.12494066
v 0.11424424 -0.25289837 0.13130139
v 0.12424427 -0.24484704 0.12628816
v 0.11397964 -0.26071423 0.13016753
v 0.04234425 -0.30296522 0.14750370
v 0.02594229 -0.30563629 0.14927602
v 0.02662040 -0.29513925 0.15453862
v 0.07294367 -0.29341662 0.14154640
v 0.05851548 -0.29847449 0.14459571
v 0.04201798 -0.29124546 0.15289590
v 0.05650245 -0.28651792 0.15003583
v 0.04278439 -0.29824269 0.14995590
v 0.16997062 -0.19950625 0.07031930
v 0.16998529 -0.20711519 0.07160871
v 0.16585998 -0.21328560 0.08181857
v 0.16647823 -0.19786209 0.07970157
v 0.16090642 -0.20497228 0.08894629
v 0.09483334 -0.28281903 0.13527609
v 0.08458574 -0.28839296 0.13797671
v 0.06965052 -0.28103450 0.14705773
v 0.08167503 -0.27497607 0.14346123
v 0.09385993 -0.27609527 0.13726607
v 0.07129800 -0.28846213 0.14381497
v 0.14753518 -0.23461622 0.10708763
v 0.13997121 -0.24277249 0.11387553
v 0.13337860 -0.23649016 0.12043354
v 0.14151275 -0.22816586 0.11381025
v 0.13272710 -0.24444763 0.12005168
v 0.15999094 -0.22031513 0.09084804
v 0.15440939 -0.22718358 0.09977780
v 0.14894193 -0.22009328 0.10642985
v 0.15560634 -0.21228327 0.09811704
v 0.16053501 -0.21283424 0.08985280
v 0.14803569 -0.22780672 0.10684785
v 0.02402551 -0.24396342 -0.12400917
v 0.02528376 -0.23232305 -0.12313397
v 0.02752804 -0.22067462 -0.12169749
v 0.00165028 -0.19295420 -0.12031421
v 0.02758641 -0.19806376 -0.11912632
v 0.03587932 -0.20964986 -0.11955221
v 0.00451547 -0.22444016 -0.12396292
v 0.00902470 -0.30657059 0.14994469
v -0.00903607 -0.30568320 0.14967737
v 0.00986122 -0.30355370 0.15218608
v 0.02338042 0.30665267 0.06361123
v 0.02252762 0.29959938 0.06380674
v 0.02229894 0.29278982 0.06281736
v 0.02233413 0.28576288 0.06162142
v 0.01332079 0.29705173 0.06588765
v 0.02395457 0.27264768 0.06319156
v 0.02296666 0.27888829 0.06148344
v 0.01656713 0.27020341 0.06449049
v 0.01442780 0.28299299 0.06255233
v 0.00296132 0.02833678 -0.13480879
v 0.00282682 0.01070395 -0.13628480
v -0.01107002 0.03355725 -0.13738450
v -0.01285985 -0.00125032 -0.14051440
v -0.01108280 0.37803915 -0.05876667
v 0.00084047 0.30026996 -0.09517739
v 0.00057145 0.29035741 -0.09968915
v -0.00792123 0.28644437 -0.10163247
v -0.00622436 0.30647990 -0.09245719
v 0.11314608 -0.13301103 0.13793913
v 0.09775196 -0.10233703 0.15679036
v 0.10432833 -0.13327408 0.14957851
v 0.11441539 -0.11847287 0.13569705
v 0.09554689 -0.11799400 0.15890430
v 0.11183133 -0.06422541 0.16102594
v 0.11595376 -0.04975030 0.16124378
v 0.13779142 -0.06574659 0.14184356
v 0.13340554 -0.08009641 0.14156762
v 0.12920415 -0.05047987 0.15192236
v 0.09709962 -0.08744875 0.15267864
v 0.10715742 -0.07880388 0.16055952
v 0.11632513 -0.10371090 0.13318181
v 0.12439863 -0.09097997 0.13651091
v 0.10507091 -0.10343742 0.14405228
v 0.12060867 -0.07926980 0.15134898
v 0.16620462 -0.02590460 0.07717467
v 0.16095984 -0.04033146 0.07807603
v 0.16425006 -0.05488010 0.06513175
v 0.16971865 -0.05481441 0.04953101
v 0.17049289 -0.04029894 0.04633813
v 0.17146859 -0.02598451 0.06115017
v 0.00020120 0.24000837 -0.11439452
v 0.00019368 0.23094526 -0.11622803
v -0.00907660 0.24618566 -0.11361814
v -0.00917824 0.22788712 -0.11736733
v 0.13982809 0.18910182 0.09186094
v 0.13052392 0.19039936 0.09428662
v 0.12838808 0.18083997 0.09905249
v 0.14570299 0.17739555 0.09249750
v 0.13475937 0.16999468 0.09993793
v 0.14275673 0.16806616 0.09596550
v 0.02248914 -0.25400439 -0.12491076
v 0.02128283 -0.26319307 -0.12578078
v 0.00433544 -0.26675740 -0.12749815
v 0.00437012 -0.24799408 -0.12572363
v 0.02754232 0.21023907 0.10267329
v 0.02729295 0.22004323 0.09643395
v 0.02021464 0.22502229 0.09299549
v 0.02819777 0.19966739 0.10784376
v 0.02910293 0.18861894 0.11198761
v 0.02095138 0.20565104 0.10522489
v 0.03022854 0.17779964 0.11615225
v 0.03137917 0.16818717 0.12156646
v 0.02279524 0.18364674 0.11377796
v 0.03390930 0.15021916 0.13463566
v 0.03258960 0.15930609 0.12790917
v 0.02500597 0.16400914 0.12419903
v 0.00302687 -0.19287416 0.18180597
v 0.00105505 -0.20300174 0.17805797
v -0.00034367 -0.18193623 0.18483342
v -0.00633537 -0.20582984 0.17787814
v -0.00338248 -0.17060524 0.18377589
v -0.00864196 -0.17725278 0.18445396
v 0.00547239 -0.09635209 -0.13908157
v 0.00391529 -0.07960826 -0.14607266
v -0.01152355 -0.10201105 -0.12838477
v -0.01399695 -0.07530190 -0.14868319
v 0.01089374 -0.26671773 0.16701961
v -0.00401186 -0.25759950 0.17032531
v 0.01109182 -0.27926165 0.16311334
v 0.00506257 -0.13552257 0.17881338
v 0.00805288 -0.15308309 0.17512016
v 0.00067048 -0.16238049 0.17949465
v -0.00911072 -0.16286722 0.17912509
v 0.00350237 0.11485711 -0.12177531
v -0.00858723 0.11795898 -0.12166554
v -0.00904086 0.09405543 -0.12455132
v 0.00348221 0.10303891 -0.12257259
v 0.03694625 0.13048916 0.15029481
v 0.03533249 0.14079791 0.14196607
v 0.02893536 0.12619168 0.15411851
v 0.02706836 0.14616160 0.13773657
v 0.01147720 -0.28968465 0.15885085
v 0.01088532 -0.29797029 0.15530814
v -0.00491697 -0.29978907 0.15429848
v -0.00279814 -0.28289109 0.16214477
v 0.00060997 0.17490546 -0.11520223
v -0.00820966 0.15888807 -0.11753190
v 0.00125858 0.16599779 -0.11633886
v -0.00845127 0.17700797 -0.11504883
v -0.00527408 -0.09995586 0.18591176
v 0.00627295 -0.10103325 0.17699820
v 0.00481156 -0.11758117 0.18021896
v -0.01000434 -0.12665947 0.17830355
v -0.00789307 -0.29443207 0.15471828
v 0.00547467 -0.05514349 0.17621697
v 0.02187349 -0.05178366 0.17879796
v 0.01236876 -0.02709356 0.17364912
v 0.02584813 -0.03782839 0.17698684
v -0.05915149 0.31426957 0.04036495
v -0.06537037 0.32681575 0.02958604
v -0.06295756 0.31257755 0.03504399
v -0.06445014 0.31962779 0.03254814
v -0.06672049 0.32587755 0.02457501
v -0.06865434 0.27830297 0.04719232
v -0.06990201 0.27051151 0.05387111
v -0.08154178 0.27148023 0.05105172
v -0.05875244 0.26961935 0.05720887
v -0.06993653 0.26182345 0.06046094
v -0.08042876 0.25227159 0.06351887
v -0.06898719 0.25235242 0.06562507
v -0.05776951 0.25232238 0.06853599
v -0.06774320 0.24306388 0.07094617
v -0.05705177 0.18801902 0.10881990
v -0.05959906 0.19741926 0.10271742
v -0.04887675 0.19644554 0.10326800
v -0.07048562 0.19778666 0.10198400
v -0.06189457 0.20655811 0.09618119
v -0.08068176 0.09883558 0.15516025
v -0.06899821 0.09420887 0.15889136
v -0.07420249 0.10784078 0.15176748
v -0.07274822 0.10070133 0.15521871
v -0.06460305 0.10159878 0.15532905
v -0.17987993 0.21361084 0.08857471
v -0.18121095 0.20345759 0.08755510
v -0.18290022 0.21615353 0.08137979
v -0.17868344 0.19159925 0.09220820
v -0.18111028 0.19193277 0.08714977
v -0.08543837 0.28805217 0.02950889
v -0.08831926 0.30315694 0.00351894
v -0.07020897 0.31639904 0.01974278
v -0.08078170 0.30989879 0.00317051
v -0.08111681 0.30440611 0.01393708
v -0.07858720 0.31426400 -0.00638776
v -0.07436723 0.31835034 0.00241421
v -0.14924169 0.09562685 0.10964426
v -0.14527927 0.10230456 0.11338754
v -0.14227340 0.09794560 0.11776125
v -0.14871494 0.10721108 0.10968903
v -0.14176247 0.10986211 0.11644282
v -0.13977364 -0.00792261 0.11158172
v -0.12900102 -0.02216676 0.12022238
v -0.13379912 0.00389966 0.12778112
v -0.13163720 -0.00890452 0.12389746
v -0.12206323 -0.00991717 0.13560663
v -0.17506126 0.01323264 0.02434316
v -0.17577797 0.00459909 0.02474837
v -0.17674573 0.00462762 0.01017025
v -0.17306899 0.00306225 0.03807973
v -0.17573954 -0.00458429 0.02391884
v -0.07847569 0.18837385 0.10747392
v -0.08148966 0.19777943 0.10149240
v -0.09981178 0.18685119 0.10667360
v -0.08395532 0.20684850 0.09519985
v -0.10313278 0.19580504 0.10087939
v -0.09230971 0.19696726 0.10098213
v -0.11400327 0.19448280 0.10143805
v -0.10606839 0.20486484 0.09494241
v -0.27350548 0.10659365 0.05430713
v -0.27298883 0.10916579 0.05322837
v -0.26537076 0.10474885 0.05448253
v -0.28042284 0.11283033 0.05046753
v -0.27073219 0.11281125 0.05268915
v -0.18760093 -0.09117925 0.02018450
v -0.18537585 -0.10376450 0.02107119
v -0.18642375 -0.09955976 0.00779581
v -0.18383873 -0.10785127 0.03448637
v -0.18088168 -0.11496808 0.02232246
v -0.21408916 0.23650885 0.03486802
v -0.21085322 0.25044328 0.02303865
v -0.21931204 0.23752590 0.02613780
v -0.21504104 0.24457553 0.02492025
v -0.21507707 0.25024533 0.01398233
v -0.17179447 0.15466291 0.10314024
v -0.17723081 0.19050486 0.09762307
v -0.17716156 0.18133993 0.09585924
v -0.17315494 0.17474899 0.10391216
v -0.17601952 0.17088379 0.09488568
v -0.17699514 0.15550807 0.09906889
v -0.17542346 0.16439296 0.10204456
v -0.17652753 0.17258531 0.09885981
v -0.17574936 0.04057026 0.02022727
v -0.17687075 0.04631162 0.02008674
v -0.17480175 0.04952250 0.03135842
v -0.17770059 0.04522131 0.00851288
v -0.17781857 0.05149177 0.02020341
v -0.17057183 0.02442306 0.03717392
v -0.17359015 0.02126844 0.02288583
v -0.17281781 0.03736132 0.03352827
v -0.17465281 0.02037316 0.00876948
v -0.17609835 0.03330229 0.00823474
v -0.17521696 0.03434806 0.02081022
v -0.17436479 0.02799115 0.02182319
v -0.15991233 0.17103238 0.10955750
v -0.12088532 0.18420009 0.10786872
v -0.12500277 0.19300200 0.10255095
v -0.14170904 0.17974949 0.11004756
v -0.12837483 0.20216917 0.09696815
v -0.14646120 0.18874615 0.10588526
v -0.13593176 0.19121507 0.10414812
v -0.17215693 0.19917794 0.09966752
v -0.16559170 0.17962325 0.10657274
v -0.17183925 0.18714884 0.10307155
v -0.15650739 0.18504561 0.10704565
v -0.15011106 0.19830512 0.10123213
v -0.08049926 0.08368702 0.16183169
v -0.07091808 0.08624407 0.16237991
v -0.06159361 0.08926679 0.16288011
v -0.07268788 0.07806334 0.16521090
v -0.17866933 -0.12344853 0.04978037
v -0.18120205 -0.13100985 0.07848561
v -0.17955476 -0.11864621 0.07833884
v -0.17463873 -0.12428398 0.09172077
v -0.18369941 -0.09932776 0.04745544
v -0.18028818 -0.11142151 0.04836820
v -0.17717959 -0.11521842 0.06328513
v -0.17726322 -0.10607885 0.07744894
v -0.11539657 0.01713425 0.15222207
v -0.08821043 0.06593467 0.16629198
v -0.10005032 0.04309542 0.16741082
v -0.11096694 0.04156296 0.16028340
v -0.10516634 0.05291628 0.16288413
v -0.13501552 0.01646516 0.13161638
v -0.12668076 0.01642193 0.14309734
v -0.11802266 0.02925280 0.15431651
v -0.12088505 0.04046641 0.15219577
v -0.15572570 -0.13338023 0.09026149
v -0.13852267 -0.14252332 0.11251168
v -0.13832587 -0.12843058 0.11130549
v -0.12855148 -0.13236308 0.12144794
v -0.16114345 -0.12190668 0.09508601
v -0.16816382 -0.11614388 0.10487261
v -0.14771459 -0.12437854 0.10069974
v -0.14087124 -0.11433106 0.11342122
v -0.07761349 0.23413122 0.07583409
v -0.06638168 0.23406763 0.07697149
v -0.07480324 0.21592875 0.08901851
v -0.08598872 0.21592057 0.08891829
v -0.05512892 0.23372942 0.07871553
v -0.05270829 0.21482010 0.09044029
v -0.06365225 0.21568175 0.08966608
v -0.06508805 0.22458427 0.08307859
v -0.11166422 0.09262964 0.14440948
v -0.08849254 0.09711190 0.15367918
v -0.08586583 0.08995944 0.15784428
v -0.08977101 0.08149983 0.15994175
v -0.10281866 0.08643070 0.15241855
v -0.08984525 0.10464494 0.15001373
v -0.10516848 0.10162243 0.14539023
v -0.10440042 0.09397790 0.14836746
v -0.09636337 0.09546147 0.15128799
v -0.17659140 0.16795935 0.09155233
v -0.17589185 0.15928705 0.09356229
v -0.18172686 0.14241682 0.08866592
v -0.18613742 0.19215190 0.08180703
v -0.18222752 0.17841019 0.08776824
v -0.18688230 0.16460416 0.09344137
v -0.18584177 0.13449727 0.08563951
v -0.18366335 0.14948805 0.08875623
v -0.19488376 0.15841106 0.09515566
v -0.18309623 -0.12248330 0.01058629
v -0.18184561 -0.12614232 0.02413565
v -0.18095568 -0.13054189 0.03750394
v -0.18661809 -0.13029936 0.05042605
v -0.18303131 -0.13701198 0.02618471
v -0.14742664 -0.15131387 0.10362439
v -0.14134601 -0.15518808 0.11592758
v -0.13409993 -0.15950911 0.12811154
v -0.14258569 -0.16842932 0.11805925
v -0.22314386 0.07518236 -0.01810629
v -0.21052119 0.07820798 0.00419918
v -0.22652963 0.07881702 -0.00748548
v -0.21748196 0.07538731 -0.00078052
v -0.21557395 0.08297325 0.01575029
v -0.03444238 0.11721025 0.15013209
v -0.05522244 0.10081235 0.15664507
v -0.05790708 0.10679714 0.15271442
v -0.03869773 0.10837651 0.15461555
v -0.04365600 0.11315604 0.15070491
v -0.05267955 0.09395505 0.16117121
v -0.05070369 0.08593855 0.16567864
v -0.03392727 0.10239278 0.15967555
v -0.04490862 0.10033681 0.15902574
v -0.11722477 0.06022013 0.15154769
v -0.11595908 0.07463458 0.14726520
v -0.12334398 0.05047423 0.14857525
v -0.12939596 0.03987779 0.14304909
v -0.12467126 0.05939865 0.14516377
v -0.09390017 0.07284940 0.16177236
v -0.09918091 0.06351379 0.16274710
v -0.10872661 0.06169201 0.15765448
v -0.10747133 0.07790744 0.15231879
v -0.09869023 0.07974737 0.15645254
v -0.11194564 0.06924397 0.15257660
v -0.02231693 0.10681118 0.16014524
v -0.02887314 0.09468570 0.16533688
v -0.04932830 0.07670753 0.16848977
v -0.03780604 0.08345652 0.16918080
v -0.02408502 0.08258128 0.17109714
v -0.04196703 0.21382131 0.09163529
v -0.04313596 0.22327352 0.08571849
v -0.03849340 0.19528398 0.10388073
v -0.04036482 0.20425235 0.09750251
v -0.03134149 0.21258882 0.09294713
v -0.04520091 0.24226210 0.07560271
v -0.04409797 0.23303296 0.08054735
v -0.03331248 0.23208921 0.08285502
v -0.02267590 0.23067096 0.08475003
v -0.02352582 0.23987342 0.08013392
v -0.02467243 0.24850297 0.07582562
v -0.01434275 0.24670050 0.07733697
v -0.04736560 0.26062253 0.06671978
v -0.04646104 0.25169230 0.07130228
v -0.03541435 0.25028035 0.07381514
v -0.02577735 0.25706089 0.07177552
v -0.01669233 0.26229799 0.06834759
v -0.02662898 0.26452619 0.06674819
v -0.04820671 0.27522942 0.05495933
v -0.04800127 0.26818657 0.06067713
v -0.03714734 0.26643386 0.06399265
v -0.02785042 0.27105623 0.06175180
v -0.04802111 0.30434951 0.05026078
v -0.04986615 0.31092545 0.04923099
v -0.05635901 0.31543261 0.04462289
v -0.04132117 0.30763683 0.05531466
v -0.17796250 0.14655492 0.09602237
v -0.17757928 0.15285026 0.09456935
v -0.18233937 0.13807091 0.08839579
v -0.17876163 0.14837360 0.09123722
v -0.17398389 0.14003144 0.09697642
v -0.17815410 0.13713752 0.09252964
v -0.16308019 -0.14123416 0.08017912
v -0.15566511 -0.14639962 0.09211709
v -0.15549468 -0.15880109 0.09410588
v -0.11246616 0.23861949 -0.10507295
v -0.12059943 0.23880266 -0.10296033
v -0.12267077 0.22885171 -0.10614006
v -0.11926752 0.24791940 -0.09955601
v -0.12875375 0.23833995 -0.10073921
v -0.09424941 0.30307400 -0.00824915
v -0.09668290 0.29860350 0.00272294
v -0.10060674 0.29186708 0.01438307
v -0.10596096 0.29560295 0.00119382
v -0.19639030 0.15362197 -0.09565450
v -0.19993702 0.13788737 -0.09212060
v -0.19363211 0.14811458 -0.09238217
v -0.19817364 0.14392342 -0.09172527
v -0.19929430 0.13388886 -0.08560663
v -0.19975846 0.10825468 -0.06457555
v -0.19560346 0.11654998 -0.07032257
v -0.19752598 0.11184219 -0.06817067
v -0.19504520 0.11583690 -0.06936195
v -0.19171306 0.12274405 -0.07434185
v -0.18637165 -0.09559916 -0.00576235
v -0.18409577 -0.10764249 -0.00486518
v -0.18368670 -0.08402693 -0.00630464
v -0.18325907 -0.09318251 -0.01965631
v -0.16634890 0.03378570 -0.05571477
v -0.16896601 0.04015292 -0.05301030
v -0.17150417 0.03333891 -0.04171322
v -0.16602378 0.04953120 -0.06185100
v -0.17147638 0.04556866 -0.04891028
v -0.01806694 0.24955940 -0.11206151
v -0.01852024 0.23985609 -0.11444230
v -0.01840387 0.22131431 -0.11783562
v -0.01861498 0.23057921 -0.11635342
v -0.02807461 0.23156066 -0.11506005
v -0.03789119 0.23256485 -0.11385456
v -0.03803578 0.22269081 -0.11582533
v -0.03756656 0.24280843 -0.11132243
v -0.04770412 0.23391494 -0.11281814
v -0.07055172 0.27634412 -0.09374160
v -0.06335364 0.27670732 -0.09453418
v -0.06022736 0.28599605 -0.08992290
v -0.06622808 0.26713854 -0.09897621
v -0.05645953 0.27688783 -0.09591400
v -0.10208937 0.24829762 -0.10324197
v -0.10419925 0.23795031 -0.10686089
v -0.08364899 0.25751716 -0.10184775
v -0.10658426 0.22716746 -0.10995364
v -0.09598319 0.23741969 -0.10830209
v -0.18038115 0.05108322 -0.00194122
v -0.17793003 0.03985943 -0.00333156
v -0.17916015 0.04563998 -0.00259984
v -0.17630115 0.04015006 -0.02624060
v -0.17944247 0.04816391 -0.01307233
v -0.18783183 0.06380659 -0.00111998
v -0.18973805 0.06691384 -0.00189722
v -0.18858518 0.06630325 0.00990748
v -0.18975566 0.06872507 -0.01389523
v -0.19183221 0.06974875 -0.00357965
v -0.06610826 0.33047923 -0.00653589
v -0.05946951 0.34091955 -0.01197902
v -0.06877372 0.32518390 -0.01389251
v -0.06324970 0.33308944 -0.01299964
v -0.06009281 0.33616352 -0.01827206
v -0.03781827 0.36182269 -0.04292464
v -0.04177468 0.35876182 -0.04043387
v -0.03992446 0.35349375 -0.04393105
v -0.04309232 0.36315292 -0.03770103
v -0.04550314 0.35779589 -0.03690540
v -0.02012196 0.13585800 -0.12049367
v -0.01936098 0.14591385 -0.11969665
v -0.04471065 0.14376122 -0.12129638
v -0.02076843 0.12542656 -0.12134594
v -0.02139042 0.11449452 -0.12237097
v -0.04713558 0.13317865 -0.12207243
v -0.03310113 0.13477042 -0.12114510
v -0.06209132 0.13108349 -0.12214419
v -0.04964167 0.12192588 -0.12302782
v -0.19764629 0.08586420 -0.04224846
v -0.19770870 0.09349521 -0.05443435
v -0.19512673 0.08733533 -0.04890528
v -0.19603553 0.09077198 -0.05015122
v -0.19737346 0.09715070 -0.05897817
v -0.19409972 0.08379912 -0.04755953
v -0.19735312 0.09082627 -0.05390782
v -0.19715643 0.08408470 -0.05047725
v -0.18756106 0.06789871 -0.02275520
v -0.18947573 0.07130174 -0.02415723
v -0.19284330 0.07602481 -0.04079781
v -0.19130056 0.07371075 -0.02643218
v -0.19280347 0.08008476 -0.03763115
v -0.19342756 0.08143734 -0.04465202
v -0.19309331 0.07867502 -0.04264907
v -0.18948907 0.07403716 -0.03412380
v -0.17271924 0.05851070 -0.05280206
v -0.17510886 0.04534218 -0.03578679
v -0.17402147 0.05111102 -0.04503309
v -0.17957658 0.05206393 -0.02271040
v -0.17793162 0.04614722 -0.02431460
v -0.17649932 0.05654535 -0.04176936
v -0.18189499 0.05712744 -0.02114718
v -0.17874578 0.06155670 -0.03927774
v -0.17950262 0.05672920 -0.03121129
v -0.17784421 0.06661408 -0.04799414
v -0.18194360 0.06552833 -0.03824633
v -0.02455356 0.04399149 -0.13603196
v -0.02553298 0.02739874 -0.13848576
v -0.05758295 0.03640062 -0.13584644
v -0.05641189 0.05339646 -0.13371685
v -0.07205474 0.04869001 -0.13240424
v -0.02363392 0.06004567 -0.13294840
v -0.02286129 0.07541850 -0.12939146
v -0.03969961 0.05711538 -0.13340034
v -0.05495377 0.06925012 -0.13108382
v -0.21881746 0.12672660 0.06649935
v -0.22263923 0.12271653 0.06208842
v -0.22137934 0.12915155 0.07035485
v -0.22284047 0.11398313 0.05131344
v -0.22615354 0.11821681 0.05778154
v -0.20014085 0.14009672 -0.08556959
v -0.20149784 0.14516176 -0.08657395
v -0.20484939 0.14085072 -0.08507401
v -0.19749959 0.14931974 -0.08814504
v -0.20328981 0.15135168 -0.08709726
v -0.22858168 0.10722680 0.04062107
v -0.22866893 0.09574434 0.02204207
v -0.22982773 0.09057311 0.01805536
v -0.23272005 0.09676125 0.03208392
v -0.22698079 0.08550198 0.00399582
v -0.23050895 0.08517033 0.01483149
v -0.10840144 0.29896194 -0.02255582
v -0.11219382 0.29767287 -0.01143593
v -0.11558060 0.29367548 0.00020063
v -0.11771946 0.29622418 -0.02370537
v -0.09085110 0.30593088 -0.01832043
v -0.09933163 0.30200234 -0.02059083
v -0.10420563 0.30191234 -0.03340125
v -0.21429801 0.09222320 -0.04045188
v -0.21087909 0.09063786 -0.04868942
v -0.20219536 0.10619438 -0.05999736
v -0.20950495 0.09621830 -0.04824054
v -0.20961136 0.09342807 -0.04885653
v -0.20688546 0.09739263 -0.05536510
v -0.29028410 0.11255294 0.04783990
v -0.28728372 0.11660594 0.04742251
v -0.28267810 0.12235462 0.04719010
v -0.29185039 0.12250524 0.04288264
v -0.22242549 0.06733616 -0.03025459
v -0.21475071 0.08378042 -0.04094573
v -0.21234968 0.08650985 -0.04778995
v -0.21969639 0.07281227 -0.03124464
v -0.21857125 0.07366690 -0.03852593
v -0.22463873 0.07793184 -0.01093004
v -0.21724139 0.08149980 -0.03214673
v -0.22194588 0.07217087 -0.02228864
v -0.21788891 0.07769217 -0.03208972
v -0.15980098 0.03405379 -0.06919057
v -0.16467206 0.02593491 -0.05739784
v -0.16868277 0.01930152 -0.04466669
v -0.16385870 0.01721139 -0.05788368
v -0.17568375 -0.10519665 -0.02859350
v -0.17568974 -0.09348787 -0.03159860
v -0.16051972 -0.10643335 -0.05184492
v -0.17440978 -0.08141096 -0.03329921
v -0.15881927 -0.09346112 -0.05325673
v -0.16812152 -0.09383397 -0.04302653
v -0.15010524 -0.09291298 -0.06491190
v -0.15864033 -0.08024074 -0.05610127
v -0.18636152 -0.11901174 -0.00328050
v -0.18909295 -0.12933764 -0.00092863
v -0.18855378 -0.11613978 -0.01755151
v -0.15366164 -0.11975203 -0.06145570
v -0.16227774 -0.11868080 -0.05035793
v -0.17817381 -0.11665151 -0.02731577
v -0.16918451 -0.11772878 -0.03829868
v -0.18133166 -0.12818758 -0.02670340
v -0.16500247 -0.13021931 -0.04943745
v -0.05348386 0.35311881 -0.01268113
v -0.04940935 0.36796632 -0.01557528
v -0.19036238 -0.22320323 0.00627494
v -0.19008967 -0.21638389 0.01882784
v -0.19037478 -0.22289848 0.01579406
v -0.19004731 -0.21061419 0.02366928
v -0.18931065 -0.21342859 0.03087467
v -0.04753695 0.38108769 -0.02422116
v -0.04012382 0.38325122 -0.04173887
v -0.03820519 0.38612187 -0.04700346
v -0.04046350 0.38338977 -0.04249737
v -0.03591150 0.38742325 -0.05156652
v -0.18887092 -0.20687173 0.02071698
v -0.18776983 -0.20563525 0.03284390
v -0.18796515 -0.20813327 0.00690852
v -0.18763189 -0.20150329 0.01929056
v -0.06035135 0.34447065 -0.00687223
v -0.05684629 0.34856170 -0.01006843
v -0.05423301 0.35606146 -0.00787739
v -0.06767388 0.33768651 0.01432363
v -0.06155794 0.35142851 -0.00375684
v -0.06622672 0.33776185 0.01900944
v -0.06645884 0.34028634 0.01357239
v -0.06404619 0.33057719 0.03096047
v -0.06538747 0.33435118 0.02494946
v -0.18627870 -0.22402769 0.04148689
v -0.18721487 -0.21636064 0.04136894
v -0.18681131 -0.21103211 0.04329106
v -0.18456645 -0.21961212 0.05229212
v -0.18333404 -0.13977942 0.00167886
v -0.18348345 -0.13714999 -0.01280422
v -0.18459991 -0.14322267 0.01495832
v -0.19011161 -0.14043748 0.02643231
v -0.18486004 -0.14910191 0.00388099
v -0.01458254 -0.24259157 -0.12543333
v -0.01370653 -0.25226057 -0.12628488
v -0.04829532 -0.24402303 -0.12249124
v -0.06637813 -0.23314048 -0.11936551
v -0.01571246 -0.23134653 -0.12481913
v -0.01863288 -0.21993522 -0.12381391
v -0.03331833 -0.23859169 -0.12415940
v -0.05064125 -0.23553990 -0.12183192
v -0.05393845 -0.22596361 -0.12102002
v -0.16045439 -0.14286293 -0.06000053
v -0.16922085 -0.14014640 -0.04920787
v -0.18590567 -0.13644177 -0.02772971
v -0.17838892 -0.13547699 -0.04000965
v -0.17935959 -0.14636374 -0.02357177
v -0.17473111 -0.14407143 -0.05156843
v -0.19385944 -0.14267337 0.03917842
v -0.19419917 -0.14757630 0.02777229
v -0.12022259 -0.17991449 0.13362102
v -0.12924652 -0.18847246 0.12470939
v -0.11932828 -0.19498527 0.13318408
v -0.10893485 -0.20169502 0.14107929
v -0.11877090 -0.20891297 0.13311428
v -0.02252592 -0.23363335 0.17348689
v -0.04943888 -0.21924850 0.16983026
v -0.04716319 -0.23681334 0.16751729
v -0.06021072 -0.23048946 0.16436699
v -0.01898888 -0.24995235 0.17066087
v -0.01734840 -0.26475006 0.16643110
v -0.03355836 -0.24324599 0.16976781
v -0.04516637 -0.25246835 0.16413298
v -0.02093911 -0.29613614 0.15273166
v -0.03181062 -0.30594331 0.14675261
v -0.03533060 -0.30630168 0.14666840
v -0.04845614 -0.30188820 0.14515749
v -0.18000083 -0.22133178 0.06228361
v -0.17959166 -0.21638373 0.06400280
v -0.16846006 -0.22178832 0.08400580
v -0.16752669 -0.22020784 0.08567991
v -0.16094021 -0.22625905 0.09531666
v -0.17807800 -0.21200982 0.06577944
v -0.17335163 -0.21543205 0.07599339
v -0.16593783 -0.21759298 0.08627813
v -0.14358746 -0.12053557 -0.07175915
v -0.14762813 -0.13310272 -0.07171150
v -0.15151542 -0.14484850 -0.07109011
v -0.15814611 -0.14638928 -0.07470679
v -0.14129969 -0.14638124 -0.08079034
v -0.12562779 -0.13521311 -0.09036094
v -0.14132765 -0.10676824 -0.07357696
v -0.15307942 -0.10053907 -0.07680449
v -0.13271701 -0.12087465 -0.08158729
v -0.13114810 -0.12329876 -0.09606061
v -0.12949866 -0.12542132 -0.11068488
v -0.14226836 -0.11635209 -0.10037889
v -0.15478866 0.04365585 -0.08108239
v -0.15633988 0.03317218 -0.08306587
v -0.14043108 0.05238725 -0.10406077
v -0.15448046 0.05504713 -0.08043770
v -0.14071666 0.06375366 -0.10251486
v -0.14981349 0.05357060 -0.09279504
v -0.12797454 0.07429177 -0.10927720
v -0.13916966 0.07581565 -0.10068819
v -0.05761376 0.22486562 -0.11467966
v -0.05661898 0.23557840 -0.11175889
v -0.05502453 0.24622720 -0.10836601
v -0.06083415 0.25750446 -0.10352533
v -0.06481107 0.23684433 -0.11069898
v -0.14112580 -0.25029024 0.11706606
v -0.03929844 -0.20842065 0.17312069
v -0.05158545 -0.20070398 0.17060947
v -0.06327140 -0.19413629 0.16591282
v -0.05411439 -0.18165219 0.17488593
v -0.09822384 -0.19251920 0.14808661
v -0.09752555 -0.20903574 0.14822666
v -0.07451192 -0.20592290 0.16095304
v -0.07503744 -0.18754876 0.16054693
v -0.09935658 -0.17523563 0.14932755
v -0.07908991 -0.16972849 0.16666077
v -0.08678880 -0.18114012 0.15456042
v -0.12358347 -0.14921391 0.13673602
v -0.12396452 -0.16476788 0.13748544
v -0.11202193 -0.16986388 0.14388682
v -0.10391705 -0.15888022 0.15584813
v -0.06518689 -0.05262622 0.15855268
v -0.06661625 -0.06669176 0.15885845
v -0.08034163 -0.06487182 0.15428677
v -0.05341482 -0.06890946 0.16378018
v -0.07071537 -0.07768519 0.16666320
v -0.04941387 -0.04054331 0.16229479
v -0.06331493 -0.03892148 0.15771320
v -0.07877395 -0.03805741 0.16083020
v -0.06262584 -0.02541552 0.16481225
v -0.03756937 0.05551059 0.17518768
v -0.07591870 0.06872506 0.16796291
v -0.06275167 0.07231969 0.16796276
v -0.08097479 0.05764933 0.17156382
v -0.05063044 0.06484030 0.17172901
v -0.05520903 0.04976067 0.17767075
v -0.09413764 0.03205687 0.16918595
v -0.08744951 0.04498321 0.17411761
v -0.06433396 0.03438928 0.18322109
v -0.07226390 0.04744310 0.17810364
v -0.02190863 0.22094689 0.08921456
v -0.02097058 0.21117833 0.09420006
v -0.01255529 0.22915031 0.08622868
v -0.01993196 0.20162980 0.09969288
v -0.01119061 0.20998450 0.09604569
v -0.17968385 -0.22571789 0.05963780
v -0.17528027 -0.22098377 0.07287974
v -0.16871728 -0.22266996 0.08128942
v -0.18566012 -0.20650423 0.04456780
v -0.18463491 -0.20206051 0.04471749
v -0.18242168 -0.20867479 0.05564469
v -0.17676011 -0.20777494 0.06682954
v -0.18707511 -0.13581657 0.06491087
v -0.17301470 -0.13605297 0.07042879
v -0.19170325 -0.13907853 0.05175459
v -0.16892655 -0.14794511 0.06987711
v -0.18315424 -0.14753018 0.04890325
v -0.16883814 -0.15867445 0.07256961
v -0.17846504 -0.15795815 0.05005023
v -0.17420737 -0.15332860 0.05991670
v -0.16662048 0.02234311 0.06024676
v -0.17111224 0.00900654 0.05481104
v -0.17967145 0.00105320 0.04810148
v -0.16989742 0.01685562 0.07443319
v -0.04649273 0.12357867 0.14423800
v -0.06018680 0.11235041 0.14947726
v -0.04837719 0.11692168 0.14777169
v -0.05220547 0.11119123 0.15082181
v -0.05388703 0.12018315 0.14556466
v -0.16737434 -0.06854995 -0.04719610
v -0.17049265 -0.07530914 -0.05939700
v -0.17424509 -0.08230270 -0.07123446
v -0.18262357 -0.07137316 -0.06125836
v -0.15777795 0.04174514 0.09221184
v -0.14887080 0.06209493 0.11236604
v -0.13951887 0.04832787 0.13342139
v -0.14367728 0.06019465 0.12107201
v -0.14937040 0.04991814 0.11347641
v -0.12176213 0.07621285 0.14186057
v -0.12412273 0.06790048 0.14265943
v -0.13175365 0.05880808 0.13817945
v -0.13693960 0.06876587 0.12861925
v -0.13843329 0.05896154 0.13024542
v -0.16069138 0.04574346 0.08220129
v -0.15751988 0.05532847 0.09441616
v -0.14895146 0.08438062 0.11034394
v -0.14790373 0.07249905 0.11358866
v -0.15330455 0.06470570 0.10426793
v -0.15717497 0.06819130 0.09729087
v -0.15621923 0.09240491 0.10018332
v -0.15261818 0.08818814 0.10496309
v -0.16044219 0.07226724 0.09091508
v -0.15560508 0.07920132 0.10038117
v -0.16358645 0.06398094 0.08061621
v -0.16329724 0.07630142 0.08556440
v -0.18677403 0.12101944 0.08057939
v -0.18917090 0.12431398 0.08083376
v -0.19327575 0.12678270 0.08059824
v -0.19145232 0.11346982 0.07445266
v -0.04606005 -0.01334865 0.16990104
v -0.06136158 -0.01296522 0.17507020
v -0.04372023 0.01672108 0.18402426
v 0.00393978 0.00768345 0.17515050
v 0.00130169 -0.00713681 0.17087257
v -0.03117719 -0.01495680 0.16592264
v -0.02936590 -0.00132186 0.17431894
v 0.00659940 0.02265531 0.18007945
v 0.00926395 0.03864703 0.18016098
v -0.02580511 0.03069472 0.18313342
v -0.02758886 0.01366703 0.18161480
v -0.01193281 0.01079627 0.17798948
v -0.09617814 -0.22464414 0.14720148
v -0.07303354 -0.22353497 0.15985174
v -0.07100046 -0.23965399 0.15788554
v -0.08550438 -0.21627209 0.15481004
v -0.11392467 -0.27533785 0.12907471
v -0.06595460 -0.28372937 0.14693689
v -0.08131026 -0.29367951 0.13775800
v -0.09742308 -0.28889170 0.13302058
v -0.08708508 0.02546181 -0.13049608
v -0.08654906 0.04303741 -0.12926310
v -0.08547962 0.05947760 -0.12743606
v -0.11346444 0.05923092 -0.11633958
v -0.09986452 0.03642354 -0.12374073
v -0.04519591 0.25532150 -0.10618407
v -0.05133360 0.26667428 -0.10078610
v -0.05301403 0.25677299 -0.10443062
v -0.01750476 0.25986707 -0.10925237
v -0.01700499 0.27005225 -0.10628860
v -0.02717610 0.25163376 -0.11009876
v -0.03653636 0.25354779 -0.10814708
v -0.03492064 0.26420361 -0.10467684
v -0.04353557 0.29571831 -0.08815515
v -0.03060479 0.31377947 -0.07927369
v -0.01138243 0.31903699 -0.08321766
v -0.00979748 0.32759640 -0.07640704
v -0.02494124 0.31297159 -0.08250730
v -0.02244428 0.32179123 -0.07615339
v -0.01283371 0.30973095 -0.08929009
v -0.01424549 0.29977721 -0.09462146
v -0.02773966 0.30339235 -0.08813056
v -0.01907405 0.31156850 -0.08601776
v -0.01419136 0.38187402 -0.05923349
v -0.02274656 0.38998961 -0.05509163
v -0.03071821 0.39257663 -0.05162193
v -0.24254295 0.04775727 -0.03852603
v -0.23728293 0.05352679 -0.04016665
v -0.24097744 0.05629978 -0.04618987
v -0.22599693 0.06284858 -0.03614881
v -0.23466578 0.05188859 -0.03419642
v -0.23225361 0.05913164 -0.04117301
v -0.07257684 0.14045635 -0.12126042
v -0.07749186 0.12812901 -0.12073737
v -0.08561154 0.11359207 -0.12003147
v -0.11342742 0.09871318 -0.11294209
v -0.09418859 0.12276234 -0.11831740
v -0.06761727 0.33306035 0.01541398
v -0.06854057 0.32537130 0.01708430
v -0.07079446 0.32252461 0.01024814
v -0.06895583 0.32724115 0.00113355
v -0.06428571 0.33700445 -0.00237704
v -0.06329838 0.34469742 -0.00263639
v -0.06644177 0.34244019 0.00406491
v -0.16078255 0.28350106 0.00548297
v -0.15214698 0.28612375 0.00286591
v -0.15302314 0.28203064 0.01519926
v -0.13107830 0.29305801 -0.01185294
v -0.14967148 0.28879046 -0.00910580
v -0.14329891 0.28825217 0.00103602
v -0.14161117 0.26441792 -0.07719451
v -0.13323618 0.26629797 -0.07906120
v -0.13376646 0.27222526 -0.07189151
v -0.12614816 0.25451416 -0.09276612
v -0.13336894 0.25964972 -0.08505750
v -0.12456597 0.26878253 -0.08124781
v -0.01188479 -0.26218349 -0.12696327
v -0.01311789 -0.25910288 -0.12679295
v -0.02999634 -0.25429636 -0.12539411
v -0.04665179 -0.25059560 -0.12334554
v -0.06168260 -0.24867511 -0.12141629
v -0.04483451 -0.25631568 -0.12382239
v -0.09022120 -0.08365549 -0.12371343
v -0.08989523 -0.06713562 -0.12899172
v -0.10311034 -0.07070885 -0.12210331
v -0.07610102 -0.06262110 -0.13544175
v -0.08847828 -0.04894528 -0.13031012
v -0.12465011 0.10234422 -0.10760462
v -0.10505196 0.12770261 -0.11583206
v -0.11064665 0.11389931 -0.11369564
v -0.14551100 0.07922080 -0.09302443
v -0.13617657 0.09042552 -0.10127462
v -0.13360558 0.10560390 -0.10356198
v -0.01784714 0.11845776 0.15325825
v -0.01002186 0.11387566 0.15866598
v -0.00569095 0.13648592 0.14264773
v -0.01371231 0.14781624 0.13307813
v -0.02479301 0.12259553 0.14859711
v -0.03166670 0.12582585 0.14475401
v -0.01532667 0.12940261 0.14604190
v -0.01393711 0.13883734 0.13923687
v -0.02183562 0.14092080 0.13639171
v -0.23007718 0.10719164 -0.07303329
v -0.22963944 0.09901078 -0.06985039
v -0.22067329 0.10257803 -0.07050415
v -0.23433170 0.07286753 -0.05533434
v -0.23841831 0.09391209 -0.06618048
v -0.22771113 0.08952044 -0.06443263
v -0.18729721 -0.02904145 -0.03480570
v -0.18912108 -0.06088582 -0.04967931
v -0.17878549 -0.05865460 -0.05915244
v -0.18727379 -0.04037577 -0.03312783
v -0.17800319 -0.03708517 -0.04306814
v -0.18767440 -0.06137304 -0.03524770
v -0.19718443 -0.04225656 -0.02296241
v -0.19392173 -0.05133583 -0.03699156
v -0.17673299 0.01366227 -0.00507182
v -0.17599773 0.02100412 -0.00513563
v -0.17299590 0.02097027 -0.03151992
v -0.17308153 0.01341479 -0.03219691
v -0.17741178 0.00587823 -0.00469331
v -0.17712830 -0.00235900 -0.00444686
v -0.17256768 0.00513459 -0.03206647
v -0.17508401 0.00885331 -0.01890787
v -0.17708001 0.03381486 -0.00413098
v -0.17647900 0.02756058 -0.00465698
v -0.17396635 0.02772407 -0.03026897
v -0.17504026 0.03393942 -0.02830117
v -0.17663676 0.03624380 -0.01572626
v -0.17467836 0.02369082 -0.01817896
v -0.20493922 0.09918611 -0.05972592
v -0.20339434 0.09151728 -0.05073800
v -0.20051010 0.09807488 -0.05891155
v -0.21772009 0.07420824 -0.03086216
v -0.21274380 0.07369547 -0.02566302
v -0.20646073 0.08346317 -0.04252208
v -0.20945746 0.08629055 -0.04805972
v -0.22150411 0.08079859 -0.03619966
v -0.20852423 0.09624460 -0.05515082
v -0.20975646 0.09034164 -0.05240405
v -0.21541560 0.08421789 -0.04255376
v -0.22428748 0.09091818 -0.00314628
v -0.21637730 0.08818317 -0.02643924
v -0.22477821 0.08861504 -0.00694374
v -0.22424746 0.08263188 -0.00951849
v -0.21730003 0.08978358 -0.02960459
v -0.21730417 0.08650509 -0.03147753
v -0.22053209 0.08103929 -0.02149989
v -0.22038935 0.08984243 -0.01677594
v -0.19308817 0.07256619 0.00736978
v -0.19339798 0.07184666 -0.00610368
v -0.19224781 0.07349005 0.02066712
v -0.19527265 0.07611378 0.01861960
v -0.20498714 0.08428842 0.02311434
v -0.19908023 0.07765327 0.01525968
v -0.19600348 0.08205290 0.02943863
v -0.21092938 0.07728592 -0.00747968
v -0.20524409 0.07748129 0.00858648
v -0.19662119 0.07272246 0.00056768
v -0.20040207 0.07741509 0.01197011
v -0.20612800 0.07422230 -0.01966801
v -0.19983406 0.07782950 -0.03502158
v -0.20270354 0.08087581 -0.03788983
v -0.20671557 0.07664974 -0.03236643
v -0.20472737 0.07497197 -0.01652843
v -0.19345059 0.07444715 -0.01846139
v -0.19494474 0.07827280 -0.03162265
v -0.19346878 0.07672817 -0.02856054
v -0.19671662 0.07343335 -0.00933181
v -0.20012781 0.07277390 -0.01361508
v -0.19855714 0.07337695 -0.02432375
v -0.17337343 0.21046351 0.09489224
v -0.17391269 0.22205719 0.08955836
v -0.16328764 0.20785743 0.09723478
v -0.14149730 0.21017940 0.09291109
v -0.15239380 0.20848401 0.09584206
v -0.15598802 0.21833757 0.09085918
v -0.14217852 0.23235752 0.07757834
v -0.17334738 0.23373576 0.08356018
v -0.16386820 0.22684391 0.08750924
v -0.15292661 0.22887123 0.08320908
v -0.15229030 0.23849842 0.07556734
v -0.11944975 0.21276768 0.08944423
v -0.13052931 0.21153310 0.09080061
v -0.13156439 0.22114402 0.08433715
v -0.08892237 0.23384634 0.07543910
v -0.09720562 0.21500722 0.08855218
v -0.10838644 0.21390168 0.08865844
v -0.08757641 0.22479354 0.08212945
v -0.11001217 0.22308290 0.08228943
v -0.09176800 0.25190803 0.06247920
v -0.09031112 0.24272643 0.06868941
v -0.11112155 0.23235661 0.07596306
v -0.10026583 0.23313935 0.07541957
v -0.13192165 0.23058742 0.07765356
v -0.13207401 0.23977582 0.07076005
v -0.12152395 0.23144202 0.07678282
v -0.11194650 0.24157310 0.06957369
v -0.06233101 0.30526274 0.03833199
v -0.06698444 0.31017050 0.02919970
v -0.07292821 0.29094261 0.03419036
v -0.07868270 0.29877302 0.02537827
v -0.07298839 0.30715358 0.02225113
v -0.05508526 0.30008179 0.04491927
v -0.05651866 0.28306854 0.04640779
v -0.06554045 0.28611517 0.04161515
v -0.04753139 0.29677036 0.05006527
v -0.06272947 0.29539776 0.03943745
v -0.04799156 0.28117129 0.05083304
v -0.03893044 0.27894333 0.05434827
v -0.04011485 0.29400054 0.05391197
v -0.04759149 0.28850821 0.04950071
v -0.01948703 0.27512747 0.06011458
v -0.02925291 0.27696374 0.05747740
v -0.03075705 0.28400597 0.05677938
v -0.00922917 0.37519181 -0.05156241
v -0.01276842 0.38365498 -0.05221003
v -0.02859561 0.38589939 -0.05070344
v -0.02433197 0.38805562 -0.05321424
v -0.00840187 0.35407111 -0.05642913
v -0.00839080 0.36468333 -0.05281159
v -0.01588273 0.36788213 -0.05221166
v -0.03219951 0.35792533 -0.04774476
v -0.02315975 0.36926064 -0.05052794
v -0.02153108 0.35860303 -0.05236935
v -0.03729589 0.36898428 -0.04233497
v -0.03414001 0.36538124 -0.04523174
v -0.03395686 0.38107854 -0.04627067
v -0.02750895 0.37775058 -0.04934466
v -0.02938958 0.36801994 -0.04803371
v -0.06226475 0.32502061 0.03623999
v -0.05860406 0.32111511 0.04111628
v -0.05494802 0.31642282 0.04596717
v -0.03507293 0.30473089 0.05834632
v -0.03513660 0.31176060 0.05798785
v -0.30182031 0.12019244 0.03935063
v -0.29766640 0.12556931 0.03774048
v -0.29243705 0.13224290 0.03694939
v -0.30205840 0.13066807 0.03118509
v -0.30606875 0.13592164 0.02246283
v -0.30029187 0.14171728 0.02145768
v -0.31137407 0.13222943 0.02214256
v -0.30905265 0.13950804 0.01239037
v -0.11765093 0.28156713 0.02471622
v -0.12025118 0.28788817 0.01242098
v -0.12543315 0.29173917 -0.00031603
v -0.13858922 0.28545222 0.01245559
v -0.13465828 0.29007956 0.00006780
v -0.12750942 0.28120577 0.02461278
v -0.15302481 0.27718154 0.02702607
v -0.14475290 0.28098577 0.02269869
v -0.13540483 0.27310023 0.03516597
v -0.13646138 0.28048855 0.02448560
v -0.17755958 -0.09038272 0.04431441
v -0.17312714 -0.09428971 0.05899220
v -0.18485896 -0.08345737 0.03249572
v -0.18065076 -0.08263130 0.01991644
v -0.18183807 -0.07759917 0.04617045
v -0.01100180 -0.06366397 0.17432575
v -0.00805121 -0.04964118 0.17115657
v -0.03813072 -0.05736628 0.16651946
v -0.04035265 -0.07188310 0.16886522
v -0.01422717 -0.07607032 0.18128066
v -0.01385265 -0.08851003 0.18857925
v -0.01943600 -0.10325305 0.18561164
v -0.04456208 -0.08276217 0.17824803
v -0.02732189 -0.07442814 0.17463306
v -0.06544048 -0.15865874 0.16532601
v -0.07858445 -0.15253526 0.16255549
v -0.02667613 -0.14834832 0.17406853
v -0.04161599 -0.17177314 0.17333674
v -0.05269108 -0.16486347 0.16946706
v -0.05191209 -0.14649829 0.16796216
v -0.02459903 -0.13114324 0.17521629
v -0.02292201 -0.11344444 0.17298014
v -0.03418220 -0.10661813 0.18481556
v -0.05165008 -0.12794799 0.16872495
v -0.03858423 -0.13631080 0.17098577
v -0.06031726 -0.09449220 0.17776211
v -0.04716516 -0.09843864 0.18263692
v -0.06385447 -0.12585923 0.17563958
v -0.04881918 -0.11586836 0.18134744
v -0.01833081 -0.19064660 0.18216699
v -0.03050316 -0.18946534 0.18078901
v -0.01122184 -0.21347040 0.17696087
v -0.01509966 -0.22363843 0.17574254
v -0.01453516 -0.20167132 0.17893168
v -0.02729486 -0.21750598 0.17491451
v -0.03087673 -0.20174177 0.17687668
v -0.02334325 -0.19768250 0.17933939
v -0.24062368 0.16913058 0.05181758
v -0.23719177 0.18814963 0.04574648
v -0.24980825 0.16966604 0.04631483
v -0.24341220 0.17906347 0.04606262
v -0.24540982 0.18839972 0.03832302
v -0.09228665 -0.14672473 0.16391270
v -0.10162113 -0.14244618 0.15374237
v -0.07854436 -0.13598965 0.17005344
v -0.07238936 -0.12155012 0.16505562
v -0.11847271 -0.13662294 0.13161114
v -0.11717946 -0.12128036 0.13034199
v -0.10951283 -0.14028844 0.14216083
v -0.09543455 -0.12926567 0.14817993
v -0.18304531 0.12634224 0.08499306
v -0.18094030 0.13299383 0.08837233
v -0.17726499 0.12759180 0.08827981
v -0.18400380 0.11708334 0.08022435
v -0.18514830 0.10733247 0.07390425
v -0.18007728 0.11560506 0.08076382
v 0.01488137 0.07253307 0.17416583
v 0.01214916 0.05554946 0.17608224
v -0.01003310 0.07957888 0.17345731
v -0.02136604 0.06682055 0.17260322
v -0.02296383 0.04840176 0.17843080
v -0.00693097 0.04327121 0.17948183
v -0.03851909 0.12853387 0.14200465
v -0.04563180 0.13026994 0.14024617
v -0.02993257 0.14243993 0.13427834
v -0.03036497 0.13438913 0.13931657
v -0.03051056 0.15059565 0.12948085
v -0.03817738 0.14364499 0.13283791
v -0.04805999 0.15240179 0.12793534
v -0.05306374 0.13104343 0.13960202
v -0.04582678 0.13727298 0.13617767
v -0.04665761 0.14454055 0.13212749
v -0.05536132 0.14523816 0.13200048
v -0.21287267 0.20053095 -0.06993828
v -0.21212961 0.19592662 -0.07342134
v -0.20678467 0.19943474 -0.07638090
v -0.21782547 0.19303457 -0.07021806
v -0.21161909 0.19068350 -0.07632208
v -0.31474248 0.13485181 0.00055527
v -0.30379403 0.14581625 0.00338476
v -0.31020400 0.13977109 0.00090712
v -0.30992952 0.13776040 -0.00921287
v -0.30906734 0.13440891 -0.01801622
v -0.30263832 0.14131889 -0.02007541
v -0.31355551 0.12825428 -0.01656273
v -0.30715278 0.13032432 -0.02614756
v -0.22829388 0.07586017 0.00005024
v -0.22680287 0.06754583 -0.01142857
v -0.22542620 0.07321820 -0.01183923
v -0.23411937 0.08326393 0.02634264
v -0.23124094 0.07986985 0.01271667
v -0.23157166 0.07231561 0.01242539
v -0.23328069 0.06772614 0.01231785
v -0.23642693 0.07181932 0.02376594
v -0.22888520 0.06291314 -0.01106257
v -0.23088151 0.06478234 0.00035272
v -0.23492865 0.06400540 0.01221959
v -0.23570913 0.05447032 0.00052120
v -0.23767161 0.04602305 -0.02721520
v -0.23353210 0.05124040 -0.02815157
v -0.23730838 0.04639211 -0.01255183
v -0.22705978 0.06174241 -0.02115743
v -0.22599547 0.06213301 -0.02933396
v -0.22973396 0.05672968 -0.02850135
v -0.23173857 0.05746875 -0.01076509
v -0.23452482 0.05186279 -0.01113321
v -0.23351899 0.05109978 -0.02080461
v -0.25193310 0.05390779 -0.05049407
v -0.26517579 0.06475589 -0.05863694
v -0.25141376 0.09721882 -0.06677124
v -0.24613434 0.08589607 -0.06364094
v -0.25931135 0.07166667 -0.05972441
v -0.26766321 0.07903993 -0.06129615
v -0.24581307 0.06019544 -0.05189631
v -0.24000180 0.06666238 -0.05336123
v -0.24122831 0.07659187 -0.05983713
v -0.25180495 0.06517662 -0.05657101
v -0.25072363 0.07615949 -0.06093049
v -0.30736506 0.11863555 -0.03289787
v -0.29901591 0.13216561 -0.03646387
v -0.30400270 0.12528992 -0.03448100
v -0.29879048 0.11871275 -0.04407304
v -0.27624214 0.08713496 -0.06155993
v -0.27048960 0.09569780 -0.06266834
v -0.29121825 0.10762712 -0.05329069
v -0.28995645 0.11931663 -0.05100617
v -0.27983928 0.07815079 -0.06092002
v -0.29091376 0.09642059 -0.05591150
v -0.28427359 0.09356281 -0.05916153
v -0.25804639 0.09617321 0.05590384
v -0.24199244 0.07021197 0.03375966
v -0.25059527 0.08002459 0.04898804
v -0.23968892 0.07757646 0.03454410
v -0.24063081 0.07482733 0.03295431
v -0.24896765 0.08453016 0.04807282
v -0.24532005 0.07730149 0.04128276
v -0.25843930 0.09942508 0.05469591
v -0.25769389 0.10322943 0.05367174
v -0.25285956 0.09258930 0.05207223
v -0.24770969 0.08932400 0.04774200
v -0.23994941 0.20613848 0.02871357
v -0.24667303 0.19686738 0.02960259
v -0.25391245 0.18647234 0.03053050
v -0.24694914 0.20370859 0.01943995
v -0.19750230 0.14177693 0.08645866
v -0.19854425 0.12912026 0.08020900
v -0.19735515 0.17102401 0.08643740
v -0.20059448 0.15539113 0.09524714
v -0.20573978 0.15492506 0.09386686
v -0.20961529 0.15465491 0.09140056
v -0.20553434 0.16638608 0.08330002
v -0.21430980 0.13939469 0.07851565
v -0.20775896 0.14312504 0.08483949
v -0.21280766 0.15290575 0.08799531
v -0.28036842 0.13710296 0.04282641
v -0.25583026 0.16091183 0.04695592
v -0.25887698 0.16860187 0.04102929
v -0.26847780 0.15346280 0.04267259
v -0.26112667 0.17608704 0.03265522
v -0.26206490 0.18336031 0.02229148
v -0.27377227 0.15725246 0.03545071
v -0.26678059 0.16456982 0.03669582
v -0.28626320 0.13988802 0.03652150
v -0.29033798 0.14472038 0.02932440
v -0.28002706 0.14852600 0.03603576
v -0.27883586 0.16031815 0.02744253
v -0.25559261 0.10762185 0.05300888
v -0.25039601 0.10188534 0.05084080
v -0.23661342 0.08700015 0.03955139
v -0.23816477 0.08184378 0.03660181
v -0.24267328 0.08587954 0.04240459
v -0.24611536 0.09433556 0.04773187
v -0.24413595 0.09965400 0.04837990
v -0.23370196 0.09997449 0.04563194
v -0.23544978 0.09338048 0.04245985
v -0.24218798 0.10463232 0.05056682
v -0.24022326 0.09506237 0.04867167
v -0.24497516 0.11244567 0.05127635
v -0.24024867 0.11000095 0.05378804
v -0.22282687 0.07009671 -0.04320468
v -0.23006599 0.06784323 -0.04905009
v -0.22733018 0.06449416 -0.04228675
v -0.22191799 0.08414713 -0.05795555
v -0.22833553 0.07851529 -0.05681399
v -0.21145789 0.08977930 -0.05389564
v -0.21845458 0.07589138 -0.04461223
v -0.21484950 0.08161028 -0.04635633
v -0.21594875 0.08891640 -0.05931063
v -0.21934925 0.07868827 -0.05126515
v -0.23735438 0.15948369 0.05565471
v -0.23168851 0.16721255 0.05645557
v -0.24304631 0.15195619 0.05458527
v -0.23414132 0.15049675 0.05730315
v -0.17308071 0.12184737 0.08814675
v -0.17650427 0.11803549 0.08353202
v -0.17695226 0.10776865 0.07787695
v -0.18508543 0.06427822 0.02263213
v -0.18739666 0.06763651 0.02257947
v -0.18977401 0.07067912 0.02183730
v -0.19091654 0.07759395 0.03362899
v -0.18560520 0.07139944 0.03478212
v -0.11831842 0.09164063 0.14038634
v -0.11986057 0.08386239 0.14209062
v -0.13461480 0.07713988 0.12927940
v -0.12829521 0.07629572 0.13586375
v -0.11837520 0.09907215 0.13849363
v -0.12438652 0.09114187 0.13566226
v -0.17165790 0.04800778 0.04372462
v -0.17071715 0.04212134 0.04603133
v -0.16779888 0.06069487 0.06511609
v -0.17302762 0.05361801 0.04212954
v -0.17486967 0.05888043 0.04161496
v -0.17128445 0.05893771 0.05241729
v -0.14149487 0.08803977 0.11926336
v -0.14006610 0.07882354 0.12254193
v -0.14485277 0.08121049 0.11629236
v -0.13214679 0.08440024 0.13077489
v -0.12992354 0.09124355 0.13079634
v -0.13853811 0.09424522 0.12166560
v -0.13586873 0.10039669 0.12396644
v -0.12923633 0.09726035 0.13021106
v -0.13454410 0.09189400 0.12593013
v -0.10965703 -0.00984750 0.14384142
v -0.11266217 0.00402157 0.14800151
v -0.10264399 0.01879865 0.15862435
v -0.08914142 0.01977521 0.16569756
v -0.03316607 0.29861915 0.05817162
v -0.03165191 0.29144439 0.05731358
v -0.02283538 0.28922376 0.06052734
v -0.02674031 0.30193537 0.06127346
v -0.25233853 0.15301897 0.05134574
v -0.26593655 0.14481159 0.04735488
v -0.26094937 0.15264362 0.04724204
v -0.24832505 0.14474134 0.05381555
v -0.24450336 0.12416348 0.05342988
v -0.24389413 0.13680802 0.05455766
v -0.25304019 0.13772190 0.05293110
v -0.21304083 0.11173823 -0.07454693
v -0.19441959 0.12154992 -0.07474687
v -0.20244280 0.11565086 -0.07571866
v -0.19893479 0.11056594 -0.06588444
v -0.19660389 0.11596242 -0.07092591
v -0.20488837 0.10172448 -0.06124699
v -0.20301344 0.10435911 -0.06098288
v -0.19878618 0.11456291 -0.07107705
v -0.20784844 0.09849519 -0.06057744
v -0.21305543 0.10567561 -0.07133427
v -0.21370415 0.09872476 -0.06602900
v -0.21147791 0.09408519 -0.06000932
v -0.20672229 0.11071423 -0.07252039
v -0.20212592 0.11186885 -0.07177983
v -0.20332141 0.10678481 -0.06653440
v -0.13317165 0.11856558 -0.10503790
v -0.14207213 0.10726514 -0.09957545
v -0.15070914 0.12000538 -0.09815561
v -0.15037346 0.09605730 -0.09231574
v -0.15755732 0.10972627 -0.09175769
v -0.15004301 0.10842077 -0.09561738
v -0.16399944 0.11060966 -0.08738406
v -0.16356227 0.09923266 -0.08389632
v -0.23166981 0.21005124 -0.04223992
v -0.22632614 0.21586986 -0.04380629
v -0.23023911 0.21736497 -0.03649260
v -0.22258748 0.21400709 -0.05053071
v -0.22088584 0.22179848 -0.04592329
v -0.23426431 0.21782905 -0.02819271
v -0.22826752 0.22527888 -0.02997368
v -0.24043725 0.21019392 -0.02702384
v -0.23799111 0.21753867 -0.01972635
v -0.24614863 0.20899473 0.00883793
v -0.25353914 0.19912450 0.00969024
v -0.24833630 0.20660928 -0.00985921
v -0.23945200 0.21789980 0.00796403
v -0.23510718 0.22420037 -0.01184401
v -0.24150117 0.21569386 -0.01062339
v -0.24425517 0.21327668 -0.00113728
v -0.19138256 -0.23190768 0.00304465
v -0.19073983 -0.23187071 0.01333976
v -0.19038394 -0.23094821 0.02299952
v -0.15726842 -0.16927102 0.09720626
v -0.16307069 -0.16413167 0.08498928
v -0.16853066 -0.16853899 0.07530289
v -0.14933497 -0.17532727 0.10755818
v -0.13963370 -0.18192516 0.11647416
v -0.13828914 -0.19454636 0.11652020
v -0.15549283 -0.18051282 0.09764384
v -0.12239707 -0.26483190 0.12550409
v -0.11410126 -0.27497259 0.12885769
v -0.18689182 -0.23103116 0.03405662
v -0.18470828 -0.23427822 0.04555763
v -0.17928272 -0.22973941 0.05679410
v -0.13404842 -0.10597648 0.12845409
v -0.14790639 -0.10747319 0.12353125
v -0.16620521 -0.10287332 0.10426311
v -0.16102663 -0.10653256 0.11763816
v -0.15307336 -0.09575270 0.13008469
v -0.13886529 -0.03390133 0.10723173
v -0.13083807 -0.03569950 0.12035237
v -0.14674629 -0.03202184 0.09434018
v -0.15119109 -0.04423281 0.09596829
v -0.16976137 -0.07227509 0.07318474
v -0.15930212 -0.05290703 0.10033268
v -0.16595766 -0.05112051 0.08668312
v -0.15308142 -0.08138907 0.11512242
v -0.15288410 -0.05407787 0.11440391
v -0.16293167 -0.06571989 0.10286045
v -0.19693404 -0.03248343 -0.00796853
v -0.19819371 -0.04427020 -0.00872756
v -0.18740724 -0.03420715 0.01664733
v -0.18910354 -0.04908235 -0.00921566
v -0.18801190 -0.04531289 0.01752318
v -0.19463226 -0.04537120 0.00524979
v -0.17657349 -0.06240360 0.03305606
v -0.18855941 -0.04609346 0.03149604
v -0.18762808 -0.05696315 0.01796990
v -0.17838290 -0.07971507 0.00712107
v -0.17646447 -0.07707491 -0.00619789
v -0.17723145 -0.07136570 0.01955254
v -0.17775430 -0.05569056 0.00593308
v -0.17698438 -0.05893761 0.01941928
v -0.17264174 -0.07434882 -0.01965787
v -0.16838214 -0.07186521 -0.03297726
v -0.17619643 -0.06176664 -0.03544597
v -0.18349148 -0.05667191 -0.02229214
v -0.17886180 -0.05326791 -0.00835436
v -0.17611797 -0.06530162 -0.00722844
v -0.10863837 -0.03972041 -0.11093210
v -0.13122658 -0.03190778 -0.09283821
v -0.13366437 -0.01669382 -0.09614303
v -0.14415559 -0.02183290 -0.08597022
v -0.11205574 0.01229272 -0.11625804
v -0.12264261 -0.01127347 -0.10617886
v -0.13559563 -0.00117552 -0.09837295
v -0.22527705 0.10275028 0.03251497
v -0.22532056 0.09380939 0.01177367
v -0.22726838 0.09987348 0.02694597
v -0.22293782 0.09092037 0.00150764
v -0.19458804 0.14170848 -0.09724934
v -0.19813439 0.13134326 -0.09159689
v -0.20084018 0.12180659 -0.08463840
v -0.19433969 0.12562636 -0.08969908
v -0.25161403 0.19999573 -0.01815535
v -0.25594103 0.19708823 -0.00922897
v -0.26152223 0.18907103 0.01101569
v -0.26968914 0.17815317 0.01302347
v -0.25929514 0.19362648 0.00063392
v -0.26421416 0.18677337 -0.00894245
v -0.23139001 0.12847275 0.06694280
v -0.23811963 0.12407865 0.05591794
v -0.23593839 0.13647996 0.05646730
v -0.24013764 0.13022134 0.05461551
v -0.22282785 0.22197366 0.03664700
v -0.23295061 0.20648739 0.03740912
v -0.23402528 0.21508476 0.02837079
v -0.22914454 0.18584712 0.05252912
v -0.23150945 0.19684212 0.04604041
v -0.22637361 0.20481163 0.04591186
v -0.21726274 0.22006783 0.04555430
v -0.22159922 0.21266805 0.04603994
v -0.21921170 0.20109098 0.05322383
v -0.15578666 -0.23644699 0.10003337
v -0.13847184 -0.25540993 0.11603787
v -0.13539998 -0.25536132 0.11795796
v -0.16377482 -0.22740324 0.08908308
v -0.16873205 -0.22352295 0.07817189
v -0.15880375 -0.23793086 0.09527525
v -0.14677940 -0.25200307 0.10953978
v -0.15423380 -0.25284097 0.10127667
v -0.15910424 -0.24145874 0.09249742
v -0.09472064 0.27839836 0.03881258
v -0.09744703 0.28507724 0.02632609
v -0.10781465 0.28293300 0.02537861
v -0.11652598 0.27427718 0.03618519
v -0.18970908 0.10148508 0.06652524
v -0.19332354 0.10367880 0.06624176
v -0.19284029 0.08579186 0.04504730
v -0.18960747 0.08312796 0.04608654
v -0.19757763 0.10586697 0.06538658
v -0.19621962 0.08799208 0.04321736
v -0.20008723 0.09003161 0.04086187
v -0.19487880 0.09495977 0.05593363
v -0.22423160 0.13948674 0.07469307
v -0.22779603 0.13420792 0.07063641
v -0.22641863 0.14888859 0.06043408
v -0.23136157 0.14265525 0.05799113
v -0.23071389 0.13661236 0.06204250
v -0.29181257 0.13972694 -0.03940159
v -0.28997362 0.13091843 -0.04640976
v -0.28133351 0.12372946 -0.05492143
v -0.29365310 0.15005936 -0.02296680
v -0.29339606 0.14519915 -0.03109450
v -0.28325468 0.14740856 -0.04280549
v -0.22901677 0.11812395 0.06348842
v -0.22903554 0.11328115 0.05309622
v -0.23155895 0.10722081 0.04903346
v -0.23575510 0.10584880 0.05579329
v -0.23780695 0.11602083 0.05836076
v -0.23468222 0.12228751 0.06232087
v -0.20025958 0.11783583 0.07341933
v -0.20391104 0.13103987 0.07957514
v -0.20818987 0.13202024 0.07783101
v -0.20237838 0.10829204 0.06412662
v -0.21645224 0.11902091 0.06313261
v -0.21552791 0.13024253 0.07148396
v -0.21219730 0.13198692 0.07547249
v -0.20873713 0.12075405 0.07033563
v -0.25257751 0.04379203 -0.04365054
v -0.25779131 0.04734064 -0.04930752
v -0.24461132 0.04013364 -0.03152833
v -0.24794501 0.04150285 -0.03735810
v -0.25356418 0.03564483 -0.03761432
v -0.24211463 0.03981517 -0.02597823
v -0.24089110 0.03975870 -0.02076992
v -0.24724159 0.03334102 -0.02503197
v -0.23925897 0.04222560 -0.00384648
v -0.24095359 0.04011781 -0.01461584
v -0.24379992 0.03436335 -0.01283418
v -0.24872881 0.06822857 0.04403412
v -0.25551105 0.08439483 0.05478843
v -0.25331348 0.07543981 0.05022175
v -0.25634396 0.07110697 0.05167300
v -0.26298538 0.09994524 0.05738777
v -0.25726300 0.09365894 0.05748567
v -0.25682950 0.09201899 0.05942607
v -0.28329277 0.10779877 0.05185867
v -0.27188516 0.10441481 0.05557568
v -0.26944625 0.10279412 0.05724357
v -0.26957348 0.10088327 0.05853535
v -0.27868789 0.10415366 0.05498578
v -0.25707829 0.09146044 0.06136405
v -0.26306149 0.09661040 0.06073378
v -0.31143776 0.12409601 0.03237149
v -0.31611732 0.13085014 0.01992866
v -0.31773421 0.13209575 0.00983949
v -0.31904048 0.13023531 0.00068027
v -0.31909326 0.12999171 0.01745052
v -0.31880707 0.12696408 -0.00784623
v -0.31709501 0.12281140 -0.01611859
v -0.32239252 0.12702525 -0.00063978
v -0.30047840 0.12835975 0.03249403
v -0.30241036 0.10730164 -0.04059087
v -0.29792392 0.10193121 -0.04208783
v -0.31366044 0.11869392 -0.02378149
v -0.31003919 0.11410315 -0.03097771
v -0.31941953 0.11853673 -0.01735473
v -0.31201798 0.10954618 -0.03034513
v -0.29315767 0.09707797 -0.05169745
v -0.28753185 0.08234104 -0.05858745
v -0.29185930 0.09734313 -0.04931914
v -0.29271728 0.09493142 -0.04837821
v -0.28729433 0.08748937 -0.05378713
v -0.29260901 0.11027534 0.04816937
v -0.29862702 0.11318058 0.04480247
v -0.30487496 0.11571715 0.04214022
v -0.29332417 0.10812342 0.04991615
v -0.30604452 0.11458097 0.04377218
v -0.28194931 0.07984945 -0.05701888
v -0.27627298 0.06434593 -0.05966212
v -0.28287596 0.07061998 -0.06042808
v -0.28620958 0.06673002 -0.05976699
v -0.26364905 0.05232211 -0.05344988
v -0.26987642 0.05798139 -0.05760405
v -0.26337197 0.04200955 -0.04929467
v -0.27502006 0.05259190 -0.05738473
v -0.23951012 0.04666255 0.01225534
v -0.23517641 0.04178622 0.00815649
v -0.24818861 0.05399351 0.03666029
v -0.23302230 0.03821476 0.00714966
v -0.23387083 0.04158620 0.01539609
v -0.23909941 0.06437711 0.02389682
v -0.23688537 0.05837014 0.01292517
v -0.23891312 0.05270283 0.01318106
v -0.24331117 0.06558998 0.03489165
v -0.24532309 0.06039798 0.03606968
v -0.24338433 0.05326303 0.02635030
v -0.01645485 0.27992827 -0.10303316
v -0.01548794 0.28982577 -0.09918599
v -0.03363143 0.27403015 -0.10128951
v -0.02515541 0.27227211 -0.10390326
v -0.02295257 0.29152450 -0.09637946
v -0.16778062 0.02977406 0.05232332
v -0.16931966 0.03617403 0.04868770
v -0.16422857 0.03695955 0.06807189
v -0.16383485 0.05085702 0.07510284
v -0.16624004 0.05582023 0.06952123
v -0.16861099 0.04838092 0.05805390
v -0.14320236 0.01629608 0.12084324
v -0.13580388 0.02843455 0.13400692
v -0.13782994 0.03872496 0.13448195
v -0.14699277 0.03705871 0.12681362
v -0.16474092 0.02724905 0.09247102
v -0.17083451 0.01416939 0.09040496
v -0.15624592 0.03859857 0.10467093
v -0.15456840 0.03676948 0.11756758
v -0.15502155 0.02528893 0.11709841
v -0.17963795 0.09039532 0.06390072
v -0.18144020 0.07325908 0.04525528
v -0.18623608 0.09847752 0.06613868
v -0.18260679 0.09484744 0.06535172
v -0.18405826 0.07683338 0.04601081
v -0.18670988 0.08027373 0.04633532
v -0.18782412 0.09017560 0.05714351
v -0.18175218 0.08337093 0.05582123
v -0.20825967 0.09118915 0.03530645
v -0.20380881 0.09152701 0.03783363
v -0.20349886 0.09892369 0.05223714
v -0.20649271 0.11006109 0.06212424
v -0.21140657 0.11131283 0.05984215
v -0.21633308 0.09351708 0.03170267
v -0.22119248 0.09225124 0.02737401
v -0.21800077 0.10800964 0.05185194
v -0.21514961 0.10939622 0.05700960
v -0.21223409 0.09994496 0.04740506
v -0.16832878 0.07202730 0.07138620
v -0.16971387 0.06496137 0.06203463
v -0.17248224 0.06895098 0.06057729
v -0.01653082 -0.17998323 0.18337169
v -0.01461341 -0.16965997 0.18134026
v -0.01879869 -0.16048807 0.17604718
v -0.03269709 -0.17756103 0.17798416
v -0.03024373 -0.16393191 0.17426035
v -0.02485134 -0.18261027 0.18174070
v -0.02375667 -0.15469262 -0.13643505
v -0.02584976 -0.15103599 -0.12775567
v -0.05950341 -0.14927177 -0.13540038
v -0.02141150 -0.17219615 -0.12445559
v -0.02301968 -0.16719036 -0.13787317
v -0.06010627 -0.16180956 -0.13903669
v -0.04285305 -0.15738456 -0.14030012
v -0.07617658 -0.16577847 -0.13393861
v -0.05882996 -0.16623360 -0.12483830
v -0.02155299 -0.18492974 -0.11950811
v -0.02229547 -0.19758689 -0.12117313
v -0.04103902 -0.17492580 -0.11853054
v -0.05948949 -0.17719650 -0.11548088
v -0.18730055 -0.21552821 -0.00656390
v -0.18511873 -0.20596139 -0.00814278
v -0.17724177 -0.21779017 -0.03548464
v -0.18415894 -0.19635105 -0.00926819
v -0.18003234 -0.20081428 -0.02260388
v -0.16836798 -0.21089980 -0.04960416
v -0.17523992 -0.20595199 -0.03645500
v -0.17369883 -0.19427645 -0.03667552
v -0.18244207 -0.18051288 -0.01151254
v -0.17901897 -0.17882943 -0.02415081
v -0.18344541 -0.17240959 -0.01387517
v -0.18546027 -0.19294953 0.00425049
v -0.18370609 -0.18764539 -0.00656058
v -0.18345767 -0.18093891 0.00178730
v -0.18565057 -0.19601548 0.03157429
v -0.18645516 -0.19511205 0.01807122
v -0.18546236 -0.18854384 0.01668091
v -0.18457627 -0.17515720 0.01233936
v -0.18466859 -0.18202598 0.01483821
v -0.18412927 -0.18376260 0.02825174
v -0.18356538 -0.19767143 0.04422965
v -0.18028645 -0.19999057 0.05616913
v -0.18286884 -0.19220318 0.04300382
v -0.18234628 -0.18643719 0.04108109
v -0.18210423 -0.18028969 0.03853326
v -0.17952885 -0.18960673 0.05348124
v -0.17079777 -0.20852751 0.07737419
v -0.17581014 -0.20382467 0.06705962
v -0.17536178 -0.19925286 0.06640440
v -0.15896313 -0.22137538 0.09638044
v -0.16497137 -0.21445403 0.08666822
v -0.16483894 -0.21059562 0.08645405
v -0.15314527 -0.23453332 0.10326866
v -0.15143931 -0.23256215 0.10443721
v -0.13434105 -0.25301278 0.11904094
v -0.14544886 -0.24486023 0.11070545
v -0.12349169 -0.26039028 0.12496874
v -0.13327475 -0.24981731 0.11912458
v -0.15105531 -0.22975422 0.10452882
v -0.15106042 -0.22601573 0.10446713
v -0.14277495 -0.23931953 0.11245045
v -0.13362195 -0.24580728 0.11876599
v -0.09738507 -0.28562433 0.13364944
v -0.08985592 -0.28685179 0.13644950
v -0.10493914 -0.28095329 0.13163580
v -0.11398095 -0.27080807 0.12924621
v -0.11330398 -0.26615962 0.12934311
v -0.09580588 -0.28142768 0.13486956
v -0.02697129 -0.30464101 0.14784750
v -0.02347108 -0.30315843 0.14936507
v -0.04089913 -0.30239058 0.14604692
v -0.04938337 -0.30011833 0.14508051
v -0.06525696 -0.29643834 0.14147148
v -0.08083169 -0.29102615 0.13809824
v -0.07796580 -0.28914204 0.13942641
v -0.05137636 -0.29873553 0.14493318
v -0.09302288 0.27060837 0.04897940
v -0.09271669 0.26169008 0.05647308
v -0.10276236 0.25137877 0.06246728
v -0.11301792 0.25047702 0.06286088
v -0.10480183 0.26826522 0.04756892
v -0.05688674 0.34047303 -0.02276147
v -0.06166749 0.33203399 -0.02569514
v -0.06720565 0.32466015 -0.02869480
v -0.06252226 0.32820943 -0.03411643
v -0.08286969 0.31129035 -0.01629975
v -0.07534067 0.31771994 -0.01484297
v -0.07155805 0.32118094 -0.02221388
v -0.08626952 0.30963683 -0.02715136
v -0.07328270 0.31810242 -0.03177034
v -0.10912308 0.25727850 -0.09686454
v -0.11789907 0.25607038 -0.09478126
v -0.11661863 0.26381668 -0.08939504
v -0.11444632 0.27752960 -0.07536553
v -0.11550157 0.27104065 -0.08314895
v -0.10621787 0.27308995 -0.08534692
v -0.07551501 0.28473356 -0.08698100
v -0.09650021 0.27445805 -0.08777053
v -0.09415408 0.28195545 -0.08144400
v -0.09996644 0.25777662 -0.09879006
v -0.08099835 0.26699686 -0.09738080
v -0.07828033 0.27609551 -0.09241533
v -0.09144104 0.25775319 -0.10047571
v -0.09826460 0.26648802 -0.09386710
v -0.08696467 0.27551526 -0.09023451
v -0.04887334 0.34624615 -0.03917335
v -0.05443565 0.33990914 -0.03386717
v -0.04861258 0.35337207 -0.03509470
v -0.04774112 0.35953701 -0.03309787
v -0.05057927 0.35060281 -0.03269947
v -0.05790661 0.33162907 -0.03819737
v -0.06194019 0.32397500 -0.04305487
v -0.05356667 0.33500594 -0.04143830
v -0.03566435 0.34961838 -0.04817319
v -0.04027884 0.34466150 -0.04766934
v -0.03067794 0.34853864 -0.05118065
v -0.04486725 0.34149939 -0.04608337
v -0.04918864 0.33830276 -0.04405723
v -0.05027129 0.33044285 -0.04930169
v -0.04113276 0.33512068 -0.05221611
v -0.15589081 0.28644997 -0.01866155
v -0.14654820 0.28867483 -0.02094964
v -0.14423572 0.27552408 -0.06186160
v -0.14942615 0.28379774 -0.04169975
v -0.15840504 0.28182828 -0.03908146
v -0.15549804 0.27851814 -0.05005828
v -0.16494280 0.28397369 -0.01596689
v -0.16211526 0.28473669 -0.02799869
v -0.16718155 0.27983513 -0.03621629
v -0.13532151 0.24509422 -0.09495055
v -0.14175867 0.25083578 -0.08836279
v -0.13409257 0.25260529 -0.09051753
v -0.13858347 0.22883081 -0.10151619
v -0.13680498 0.23717086 -0.09854459
v -0.14418595 0.23604949 -0.09664544
v -0.15073578 0.23498084 -0.09458452
v -0.15258285 0.22760631 -0.09786510
v -0.14881761 0.24932422 -0.08618167
v -0.14956047 0.24215846 -0.09059561
v -0.15695259 0.23425576 -0.09271841
v -0.20998210 0.25877166 0.00076212
v -0.20567960 0.26260394 -0.02030235
v -0.20966378 0.25830245 -0.01813585
v -0.20670769 0.25809437 -0.02842478
v -0.21404509 0.25373489 0.00288990
v -0.21833213 0.24787414 0.00434926
v -0.21235846 0.25729015 -0.00789183
v -0.21397212 0.25287327 -0.01651148
v -0.14860469 0.25616783 -0.08064049
v -0.14927717 0.26260656 -0.07472942
v -0.15538402 0.24805717 -0.08370897
v -0.10134610 0.13891996 -0.11686204
v -0.11367891 0.13185626 -0.11347328
v -0.12520756 0.12938184 -0.10926633
v -0.13476333 0.12943207 -0.10602132
v -0.11879578 0.13962340 -0.11268454
v -0.15253505 0.13042197 -0.10036159
v -0.14407387 0.12983161 -0.10345269
v -0.13787028 0.13943510 -0.10750100
v -0.19052014 0.15288509 -0.10030162
v -0.18712601 0.14711124 -0.09794129
v -0.18278322 0.14214970 -0.09548717
v -0.17854995 0.15313458 -0.09781419
v -0.18630515 0.13120981 -0.09194934
v -0.18969467 0.12093310 -0.08724012
v -0.17760557 0.13779575 -0.09317251
v -0.19269218 0.15999490 -0.10269545
v -0.18663287 0.16340044 -0.10185833
v -0.19218659 0.16179669 -0.09787497
v -0.19626598 0.16067173 -0.10070658
v -0.19295265 0.16922361 -0.10500479
v -0.20265582 0.17642525 0.07406437
v -0.20689927 0.17187800 0.07155836
v -0.21594171 0.18867138 0.05873967
v -0.21116319 0.19547394 0.05924585
v -0.19495685 0.18608126 0.07548235
v -0.19869621 0.18107529 0.07519505
v -0.20671123 0.20219813 0.05930192
v -0.20352612 0.18873821 0.06566995
v -0.21305880 0.22761558 0.04508528
v -0.20899031 0.23490450 0.04378048
v -0.21025413 0.21565752 0.05269173
v -0.20268725 0.20948881 0.05870682
v -0.18663375 0.15886483 -0.09800494
v -0.18612468 0.16653791 -0.09994564
v -0.18158072 0.16093557 -0.09530893
v -0.18810247 0.15131265 -0.09514762
v -0.18990497 0.14324121 -0.09164592
v -0.18189926 0.15384646 -0.09293392
v -0.18291163 0.15549698 -0.09600455
v -0.18326283 0.15189341 -0.09115207
v -0.18279049 0.14640309 -0.09047763
v -0.12400962 0.29543838 -0.03546777
v -0.12732865 0.29362866 -0.02356410
v -0.13688679 0.29112244 -0.02270945
v -0.14353277 0.28951436 -0.03297058
v -0.13998425 0.28591746 -0.04388675
v -0.20428665 0.25610775 -0.03787338
v -0.20814320 0.25117791 -0.03662780
v -0.20052366 0.25994414 -0.03940426
v -0.20108221 0.25400552 -0.04667706
v -0.19911782 0.24915397 -0.05405378
v -0.19571377 0.25362223 -0.05354107
v -0.20255610 0.24460043 -0.05294489
v -0.19679879 0.24307086 -0.05979626
v -0.19316362 0.23860030 -0.06688067
v -0.19699661 0.23485485 -0.06488101
v -0.18907613 0.24211894 -0.07004280
v -0.19117451 0.23362941 -0.07378372
v -0.18466078 0.22992530 -0.08087893
v -0.19304706 0.22566101 -0.07736090
v -0.18915169 0.22815625 -0.07911419
v -0.18695810 0.22285850 -0.08314802
v -0.18342325 0.16525163 -0.09500685
v -0.18167178 0.16783553 -0.09672348
v -0.18511254 0.17443453 -0.10176501
v -0.18081436 0.17028174 -0.09872010
v -0.18164504 0.17463943 -0.09743393
v -0.22387853 0.23047967 0.02710764
v -0.22395788 0.23691230 0.01640269
v -0.23432909 0.22174004 0.01807553
v -0.23349760 0.22623399 0.00719367
v -0.22868846 0.22284266 0.02771095
v -0.19137956 0.26939863 0.01474237
v -0.16956036 0.27604130 0.01992350
v -0.18462756 0.27375320 0.01296620
v -0.18417312 0.26876003 0.02375690
v -0.16753979 0.28361222 -0.00363862
v -0.16922513 0.28052855 0.00837385
v -0.17352454 0.28102815 -0.01320417
v -0.18372910 0.27675831 0.00128001
v -0.17709234 0.27701434 0.01072940
v -0.22826311 0.08143103 -0.01357188
v -0.22229894 0.08228797 0.00447160
v -0.22162223 0.08768535 -0.00835642
v -0.22569427 0.09350209 0.00623256
v -0.22153097 0.08902431 0.02220736
v -0.21973403 0.10570661 0.04515338
v -0.22261725 0.10457362 0.03847168
v -0.22436315 0.09933052 0.02288111
v -0.21957658 0.09789320 0.03763593
v -0.22248667 0.09118044 0.01324744
v -0.22291896 0.07899925 -0.02863243
v -0.21988447 0.08905953 -0.03815661
v -0.21924591 0.08601443 -0.04015377
v -0.22107661 0.08607567 -0.02353709
v -0.22750174 0.08569270 -0.02018476
v -0.19976240 0.10704716 -0.06682676
v -0.19465055 0.11488967 -0.07358808
v -0.19795375 0.10581395 -0.06644957
v -0.20129509 0.10217410 -0.06369324
v -0.20523767 0.10064188 -0.05739088
v -0.20263027 0.10434166 -0.05835256
v -0.21535408 0.09278018 -0.04947084
v -0.20751368 0.10037902 -0.05422600
v -0.21255711 0.09340671 -0.05070163
v -0.21517427 0.09081122 -0.04394282
v -0.22004905 0.14466727 0.07901257
v -0.21370605 0.15938692 0.07618856
v -0.21620242 0.14946388 0.08387981
v -0.22122678 0.15479185 0.06271913
v -0.22236459 0.14827253 0.06865042
v -0.22616337 0.17482387 0.05738500
v -0.21135448 0.16634369 0.06849195
v -0.22334673 0.16428404 0.06027236
v -0.22094120 0.18180768 0.05802309
v -0.21287605 0.17689253 0.06292541
v -0.21616960 0.16065465 0.06557983
v -0.18953042 0.25897402 0.03667395
v -0.18383096 0.26413530 0.03548000
v -0.17707735 0.26849395 0.03377362
v -0.18163155 0.25730446 0.04482896
v -0.22296521 0.24129283 0.00541636
v -0.22911392 0.23224150 -0.01320917
v -0.23176885 0.23048967 -0.00326496
v -0.22127026 0.24551095 -0.00519380
v -0.22796635 0.23408337 0.00614482
v -0.22240037 0.23201244 -0.03184303
v -0.22580796 0.23318578 -0.02283677
v -0.21523373 0.24670278 -0.02548182
v -0.21849902 0.24660140 -0.01537187
v -0.22347319 0.23972094 -0.01455733
v -0.19250417 0.14745678 -0.08787661
v -0.19346197 0.15354820 -0.08929633
v -0.18562792 0.15503661 -0.09126182
v -0.18558040 0.14885645 -0.08884747
v -0.19187389 0.14193675 -0.08582348
v -0.18596265 0.14290902 -0.08659355
v -0.18841477 0.14542021 -0.08701691
v -0.19549392 0.13867824 -0.08506647
v -0.19928688 0.13581787 -0.08439101
v -0.19144841 0.13699466 -0.08387548
v -0.19983789 0.12420574 -0.07910729
v -0.19663411 0.12918068 -0.08203185
v -0.19796319 0.11030571 -0.06881082
v -0.19661652 0.11496639 -0.07352594
v -0.19206242 0.13431229 -0.08666533
v -0.19003484 0.12380804 -0.08024983
v -0.18654305 0.13983186 -0.09018979
v -0.18402991 0.13883944 -0.08746766
v -0.19362740 0.11979125 -0.07818671
v -0.19443783 0.12465571 -0.08059233
v -0.17901349 0.27878913 -0.02259643
v -0.18901941 0.27441201 -0.00843189
v -0.18159468 0.27802798 -0.01075157
v -0.21894872 0.23007669 -0.04062335
v -0.21553020 0.22704181 -0.04840995
v -0.21225861 0.24516822 -0.03523930
v -0.20807546 0.24393581 -0.04470813
v -0.20620766 0.23921302 -0.05231895
v -0.21701010 0.23877361 -0.03395119
v -0.21222696 0.22374083 -0.05541392
v -0.20444086 0.23322903 -0.05806044
v -0.20972522 0.23214339 -0.05292743
v -0.18215369 0.23698063 -0.07784656
v -0.18045908 0.23130186 -0.08338220
v -0.18650374 0.24940941 -0.06524231
v -0.18423076 0.24326399 -0.07200897
v -0.17964339 0.24448086 -0.07489243
v -0.16320154 0.25373226 -0.07628298
v -0.17512989 0.24617822 -0.07849877
v -0.17634931 0.25193065 -0.07152995
v -0.16236776 0.24031863 -0.08653788
v -0.16232550 0.24725536 -0.08193228
v -0.17452395 0.24057387 -0.08502268
v -0.16934682 0.24705356 -0.08097003
v -0.20270951 0.20823638 -0.07473688
v -0.19612613 0.22134344 -0.07428192
v -0.19327880 0.21817474 -0.08015556
v -0.20168826 0.20315380 -0.07875997
v -0.20080055 0.19747165 -0.08191353
v -0.19660024 0.20726255 -0.08085344
v -0.16408645 0.22668034 -0.09411246
v -0.16289842 0.23357002 -0.09069660
v -0.16868216 0.23409279 -0.09081324
v -0.17954090 0.22586836 -0.08851285
v -0.17825814 0.23377858 -0.08759657
v -0.17416668 0.23457709 -0.09036060
v -0.17446713 0.22822702 -0.09503069
v -0.19469413 0.15988588 -0.09020098
v -0.18634540 0.16157991 -0.09270551
v -0.18717882 0.16815573 -0.09382890
v -0.18977335 0.15759015 -0.09058266
v -0.16139081 0.27457333 0.02910540
v -0.15271164 0.27022350 0.03721155
v -0.16933385 0.27190697 0.03153291
v -0.16935490 0.26708314 0.04354498
v -0.15202275 0.24744545 0.06716484
v -0.16189349 0.24691749 0.07209748
v -0.16980983 0.26112103 0.05550139
v -0.16120724 0.26235223 0.05125649
v -0.14220628 0.25008678 0.06201616
v -0.13425553 0.26516795 0.04536215
v -0.14335507 0.26631597 0.04323872
v -0.15205319 0.26321536 0.04766840
v -0.15194233 0.25560743 0.05781142
v -0.18240879 0.22864932 0.07338250
v -0.18464796 0.21840213 0.07255092
v -0.18479668 0.24165918 0.05363831
v -0.17927831 0.23781818 0.07503986
v -0.17187467 0.24457181 0.07579868
v -0.18072811 0.24954312 0.05483245
v -0.17784832 0.25683475 0.05681830
v -0.17079191 0.25392699 0.06648151
v -0.18131091 0.23998830 0.06444202
v -0.18725252 0.20701186 0.07278462
v -0.19097385 0.19491161 0.07446116
v -0.19574690 0.20201854 0.06526089
v -0.19877723 0.21742611 0.05768374
v -0.18769114 0.22100140 0.06276779
v -0.13263151 0.24841881 0.06320573
v -0.12291366 0.24931456 0.06315491
v -0.12501472 0.26559687 0.04577629
v -0.11555309 0.26645872 0.04652070
v -0.11419152 0.25863630 0.05550500
v -0.13325387 0.25707734 0.05492185
v -0.19561179 0.12517937 -0.07864295
v -0.19496946 0.13049597 -0.08175536
v -0.20594595 0.11867496 -0.07735115
v -0.20043570 0.12067078 -0.07839400
v -0.19944027 0.12464350 -0.08019037
v -0.20340687 0.13398649 -0.08358001
v -0.19912377 0.13185588 -0.08313615
v -0.19919407 0.12814668 -0.08173573
v -0.20424615 0.12667572 -0.08095170
v -0.25463736 0.11253659 -0.06879177
v -0.26284173 0.10401792 -0.06480941
v -0.27263281 0.11364076 -0.06189706
v -0.27313873 0.13099794 -0.05907527
v 0.01158290 0.25157526 0.07538067
v 0.01049755 0.25884423 0.07093720
v -0.00491881 0.24526091 0.07850073
v -0.00606509 0.25332117 0.07426720
v 0.01222182 0.24361932 0.07988367
v 0.01272970 0.23523828 0.08495826
v -0.00393561 0.23680514 0.08296878
v -0.00315365 0.22786562 0.08775223
v 0.00401221 0.24418403 0.07930819
v -0.26112777 0.11264965 0.05284249
v -0.26675892 0.11790364 0.05221030
v -0.25239938 0.11269190 0.05262580
v -0.24868195 0.11833855 0.05276760
v -0.25289315 0.12398908 0.05291817
v -0.27205810 0.12341006 0.05023595
v -0.27707341 0.12918289 0.04720157
v -0.27121615 0.13661422 0.04705939
v -0.26199669 0.13780043 0.05060098
v -0.25771177 0.13074730 0.05251196
v -0.26218951 0.12391496 0.05200563
v -0.29346624 0.14904693 0.02022640
v -0.29755831 0.15029109 0.01051174
v -0.29493424 0.15376283 -0.00252160
v -0.27823257 0.16712640 0.01586274
v -0.28570914 0.15602441 0.02108327
v -0.27705774 0.17264661 0.00375846
v -0.29043618 0.15651199 -0.01531037
v -0.26764792 0.18065810 -0.01874538
v -0.27351442 0.17590603 -0.00834958
v -0.28271452 0.16011043 -0.02723857
v -0.28406113 0.16436215 -0.00615030
v -0.08710209 -0.08902156 0.16719545
v -0.07356319 -0.09143212 0.17224713
v -0.07018389 -0.10501110 0.16445543
v -0.08195151 -0.11740284 0.15492164
v -0.09376290 -0.11327448 0.14735463
v -0.16668984 -0.05709539 -0.06700322
v -0.17003597 -0.03378667 -0.05400951
v -0.17215727 -0.04719424 -0.05411660
v -0.15159394 -0.03992633 -0.07273794
v -0.17252734 -0.02299322 -0.05736684
v -0.15359567 -0.02648656 -0.07558727
v -0.15599233 -0.01356667 -0.07873341
v -0.16196835 -0.03037066 -0.06493519
v -0.07378796 0.01283919 -0.13619511
v -0.08755577 0.00687311 -0.13196027
v -0.07482049 -0.02547962 -0.13853350
v -0.09996048 0.00070377 -0.12490349
v -0.09798985 -0.03510153 -0.12103254
v -0.08794877 -0.03066854 -0.13158968
v -0.10942971 -0.02240834 -0.11317996
v -0.11137700 -0.00537819 -0.11581141
v -0.08781499 -0.01217544 -0.13246930
v -0.18005919 -0.07100319 0.06154492
v -0.17662068 -0.06591610 0.04731350
v -0.17241764 -0.04930812 0.07301608
v -0.17718470 -0.06067033 0.07584432
v -0.18610604 -0.05811818 0.04674480
v -0.16477150 -0.04043618 0.06956416
v -0.17760836 -0.03665150 0.04297430
v -0.18455650 -0.04622720 0.04566511
v -0.17973663 -0.04677536 0.06002848
v -0.14226760 -0.08382151 0.14144593
v -0.15015996 -0.08238828 0.12917140
v -0.14930129 -0.06853702 0.12931867
v -0.12339002 -0.03647231 0.13353145
v -0.13773730 -0.04613726 0.12375796
v -0.14585771 -0.05545686 0.12780190
v -0.13799259 -0.05673305 0.14013295
v -0.16822796 -0.10009827 0.08952700
v -0.17046459 -0.09702901 0.07439179
v -0.16592674 -0.08568454 0.07217066
v -0.15995237 -0.09219676 0.10202885
v -0.16324756 -0.07560509 0.08697177
v -0.15752934 -0.07891250 0.10098504
v -0.12788105 -0.10207182 -0.09365788
v -0.11649545 -0.08908174 -0.10971195
v -0.16516048 -0.09426790 -0.08012278
v -0.15448380 -0.10633364 -0.09009797
v -0.14107639 -0.10556321 -0.08984612
v -0.16485399 -0.08032475 -0.08244029
v -0.14159304 -0.09205964 -0.09602258
v -0.16052490 -0.06725432 -0.08015499
v -0.14296769 -0.05186067 -0.08312278
v -0.15461585 -0.05485880 -0.07495265
v -0.14081669 -0.07751147 -0.09979872
v -0.15323626 -0.07880661 -0.09171180
v -0.11585241 -0.07368751 -0.11465929
v -0.11116644 -0.05726390 -0.11167734
v -0.11984702 -0.04424968 -0.10125722
v -0.13144396 -0.04832687 -0.09196299
v -0.12854469 -0.07582438 -0.10753934
v -0.13567172 -0.06350516 -0.09558954
v -0.02821183 -0.00865933 -0.14109512
v -0.02671896 0.00968562 -0.14040567
v -0.04194353 0.02322756 -0.13828287
v -0.05848017 0.01829270 -0.13830382
v -0.05915491 -0.00079719 -0.14021090
v -0.03173790 -0.04653800 -0.13867974
v -0.03022745 -0.02717528 -0.13952330
v -0.06049997 -0.03910069 -0.14208533
v -0.05978340 -0.02007557 -0.14179155
v -0.04411457 -0.01428743 -0.14121568
v -0.18576418 -0.00733808 0.03597269
v -0.18329576 -0.00789495 0.05120260
v -0.18209369 -0.02393740 0.02977978
v -0.19198518 -0.02549822 0.01974149
v -0.17966297 -0.01213911 0.00957444
v -0.18322870 -0.00954697 0.02249365
v -0.19310340 -0.02213139 -0.00709591
v -0.19482756 -0.02396108 0.00655195
v -0.19112286 -0.01546190 0.02117600
v -0.16792098 0.00136147 -0.04497406
v -0.18057907 -0.01530998 -0.04813306
v -0.17183985 -0.00393111 -0.03184155
v -0.17426196 -0.01171809 -0.05994999
v -0.16163355 0.01500188 -0.07066245
v -0.16477333 0.00790010 -0.05778569
v -0.15827014 -0.00098588 -0.08214232
v -0.16681106 -0.00714620 -0.07129221
v -0.16980763 -0.00104801 -0.05845391
v -0.15829122 0.02282464 -0.08374834
v -0.15088066 0.03120145 -0.09541073
v -0.14838885 0.00602728 -0.09205686
v -0.13738731 0.01373053 -0.10078550
v -0.15895352 0.01162868 -0.08344165
v -0.12732634 0.04996043 -0.11094401
v -0.14016968 0.04038830 -0.10452198
v -0.11261992 0.02918914 -0.11643939
v -0.11324552 0.04485540 -0.11657312
v -0.12527499 0.02156181 -0.10870017
v -0.13884261 0.02766772 -0.10281668
v -0.11042181 -0.02438075 0.14354622
v -0.09458292 -0.02344032 0.16812821
v -0.09954881 -0.01013217 0.15424323
v -0.11700318 -0.03535485 0.14630969
v -0.07803625 -0.01145419 0.17622551
v -0.06113777 0.01855944 0.18441010
v -0.07549144 0.01914819 0.17494941
v -0.06099541 0.00194265 0.18211976
v -0.08893508 0.00462567 0.16557774
v -0.09110490 -0.01000319 0.16667239
v -0.17392842 -0.00733301 0.06410285
v -0.17372411 -0.02543220 0.04188128
v -0.16734435 -0.02660639 0.05546768
v -0.17812891 -0.01630532 0.04643515
v -0.00169828 -0.02143790 0.17011324
v -0.00501046 -0.03538663 0.17043746
v -0.03565945 -0.04320460 0.16547522
v -0.03320767 -0.02930184 0.16461661
v -0.01633496 -0.01822787 0.16704381
v -0.02177903 -0.04633082 0.16799010
v -0.08214141 0.10153123 -0.12180543
v -0.08375835 0.07464191 -0.12563927
v -0.11325017 0.07250754 -0.11548945
v -0.11364973 0.08512418 -0.11432686
v -0.09871013 0.06774674 -0.12140931
v -0.09854501 0.09825580 -0.11800105
v -0.06689220 0.10292861 -0.12436423
v -0.06884409 0.07971792 -0.12800485
v -0.05338777 0.08368883 -0.12852572
v -0.07858446 0.08974513 -0.12432878
v -0.17659447 -0.01129480 -0.00424950
v -0.19032960 -0.02002769 -0.02132619
v -0.18582116 -0.01798214 -0.03521559
v -0.17442541 -0.00818012 -0.01817930
v -0.18501672 -0.01543112 -0.00564933
v -0.17651094 -0.01227041 -0.03305833
v -0.00981046 0.19092549 0.10710888
v -0.03666231 0.18634000 0.10995637
v -0.02844203 0.19388475 0.10450022
v -0.01884432 0.19249691 0.10555920
v -0.01780601 0.18341158 0.11133201
v -0.02288039 0.15812391 0.12626486
v -0.03172561 0.15932009 0.12516984
v -0.01669979 0.17448738 0.11713226
v -0.02563749 0.17620537 0.11637685
v -0.00574837 0.15470202 0.12976550
v -0.01424513 0.15651324 0.12788096
v -0.00782174 0.17246379 0.11847742
v -0.01540198 0.16552217 0.12276250
v -0.04453575 0.17838679 0.11522943
v -0.04067019 0.16023512 0.12447925
v -0.04989884 0.16093530 0.12391704
v -0.03489721 0.17744015 0.11571177
v -0.03323524 0.16854359 0.12093467
v -0.06474499 0.17917129 0.11398538
v -0.05453635 0.17883804 0.11447612
v -0.05943198 0.16135818 0.12360069
v -0.05209862 0.16984066 0.11953768
v -0.07521080 0.17895757 0.11321990
v -0.08571383 0.17849596 0.11252926
v -0.07204410 0.16992706 0.11852694
v -0.14571624 0.16762641 0.11355311
v -0.13647893 0.17119004 0.11386164
v -0.11646469 0.17553753 0.11277208
v -0.12661451 0.17374817 0.11343211
v -0.13108774 0.16283117 0.11713328
v -0.16922034 0.14377953 0.10137301
v -0.16505878 0.15010478 0.10565715
v -0.16848497 0.13366316 0.09747270
v -0.16026424 0.15718658 0.10937897
v -0.15376224 0.16302861 0.11215197
v -0.14754881 0.15546234 0.11442645
v -0.15847649 0.14403304 0.10771355
v -0.16866577 0.12488060 0.09297954
v -0.16995656 0.11603546 0.08857742
v -0.16377115 0.12567064 0.09743136
v -0.17159604 0.10691971 0.08310893
v -0.16776335 0.11089319 0.08977251
v -0.17740275 0.09686151 0.07054038
v -0.17490248 0.10240626 0.07676932
v -0.17750689 0.08606645 0.06237971
v -0.17305382 0.09749612 0.07645622
v -0.17667887 0.07261407 0.06062366
v -0.17458488 0.07774024 0.06934820
v -0.17147060 0.09255288 0.07698061
v -0.17444053 0.08771756 0.06874649
v -0.16004421 0.09655477 0.09624115
v -0.16284437 0.08713550 0.09062871
v -0.16703571 0.07959247 0.08126310
v -0.17092501 0.08079593 0.07629669
v -0.16735888 0.09675433 0.08481979
v -0.17234556 0.08769054 0.07768807
v -0.15597466 0.10493501 0.10180201
v -0.15185373 0.11291927 0.10639828
v -0.15875275 0.12317039 0.10060063
v -0.16282538 0.11586840 0.09554911
v -0.16528334 0.10615792 0.09143842
v -0.16263464 0.10120904 0.09334446
v -0.14815119 0.12143180 0.10956730
v -0.15609182 0.13136058 0.10538571
v -0.15261926 0.13808873 0.10977262
v -0.15391278 0.12044325 0.10447387
v 0.01894899 0.10356586 0.16728115
v 0.01745144 0.08800389 0.17245792
v -0.00140173 0.09374814 0.17000087
v 0.00375758 0.07958866 0.17367455
v 0.01978201 0.11771076 0.15997607
v 0.01995993 0.12944236 0.15152012
v -0.00095393 0.10947931 0.16288558
v 0.00148139 0.12292834 0.15471129
v 0.00891205 0.10633540 0.16584107
v 0.00916727 0.26544911 0.06672139
v 0.00796228 0.27159163 0.06370672
v -0.00725335 0.26055521 0.06951953
v -0.00860861 0.26708564 0.06502318
v 0.00184885 0.25953591 0.07032566
v -0.00829824 0.34492472 -0.06225867
v -0.00862974 0.33620664 -0.06920038
v -0.02055712 0.33039793 -0.06909046
v -0.01517352 0.32915452 -0.07286448
v -0.01425310 0.34669861 -0.05903627
v -0.02631173 0.33058330 -0.06570746
v -0.02037084 0.34805468 -0.05612306
v -0.02598748 0.34870803 -0.05349970
v -0.03052156 0.33881545 -0.05637386
v -0.01986152 0.33895469 -0.06207559
v -0.06679522 0.31691688 -0.04805066
v -0.05976426 0.31922010 -0.05236605
v -0.08856949 0.30675659 -0.03926652
v -0.07362517 0.31484723 -0.04230564
v -0.08019980 0.31211796 -0.03513663
v -0.07264985 0.31157774 -0.05397474
v -0.05269435 0.32232812 -0.05508798
v -0.04102727 0.32737142 -0.05851026
v -0.04580556 0.32718030 -0.05521815
v -0.05862421 0.31410760 -0.06097835
v -0.03383199 0.32160649 -0.06996628
v -0.03654176 0.32882571 -0.06066220
v -0.03184415 0.32989001 -0.06310126
v -0.04428091 0.31917474 -0.06560539
v -0.14952570 0.00503470 0.10434126
v -0.16912998 0.00292767 0.08359630
v -0.15255524 0.01587566 0.11095770
v -0.16246325 0.01426194 0.10196873
v -0.16381547 -0.00526008 0.07525538
v -0.04703422 0.28591588 -0.09278883
v -0.04969655 0.27614301 -0.09699102
v -0.04208334 0.27521887 -0.09882470
v -0.03742116 0.29468310 -0.09030262
v -0.03062260 0.29316941 -0.09317525
v -0.03252678 0.28335270 -0.09757771
v -0.05672231 0.29485822 -0.08488347
v -0.04996513 0.29574087 -0.08673970
v -0.03998331 0.30480599 -0.08270533
v -0.03659792 0.31339091 -0.07660286
v -0.04270883 0.31231210 -0.07437637
v -0.06388166 0.29418689 -0.08353297
v -0.07189508 0.29314169 -0.08113972
v -0.05461702 0.30987668 -0.07037105
v -0.04859370 0.31126410 -0.07236212
v -0.05281002 0.30326140 -0.07884238
v -0.09102881 0.28929806 -0.07436672
v -0.08090999 0.29172641 -0.07875169
v -0.06874211 0.30811679 -0.06343426
v -0.07950170 0.30491906 -0.05989625
v -0.06178961 0.30816308 -0.06830613
v -0.06722039 0.30105519 -0.07483574
v -0.10867474 0.29604444 -0.04623130
v -0.09836726 0.30141512 -0.04379588
v -0.11416885 0.28415236 -0.06732770
v -0.10246443 0.28687572 -0.06966532
v -0.08996331 0.30321360 -0.05309886
v -0.08963559 0.29660505 -0.06512600
v -0.11972597 0.29180473 -0.04634295
v -0.13511980 0.27778468 -0.06394191
v -0.12513833 0.28075090 -0.06582323
v -0.13725831 0.28230003 -0.05457561
v -0.13022666 0.28877455 -0.04556343
v -0.11574844 0.28843126 -0.05738513
v -0.15080094 0.26825967 -0.06756596
v -0.15289141 0.27374968 -0.05954904
v -0.16105324 0.27227467 -0.05677589
v -0.15688029 0.26114830 -0.07228334
v -0.16462344 0.25975546 -0.06990586
v -0.16913857 0.27088156 -0.05387288
v -0.17804162 0.25761342 -0.06410934
v -0.17173831 0.25865626 -0.06717395
v -0.16664256 0.26542169 -0.06232145
v -0.19271317 0.25934610 -0.04991692
v -0.18932769 0.25481254 -0.05770309
v -0.18379019 0.25640857 -0.06078541
v -0.18052362 0.26300162 -0.05601083
v -0.19855471 0.26533046 -0.03237938
v -0.19590102 0.26305914 -0.04158566
v -0.19012383 0.27213800 -0.02785543
v -0.18991712 0.26562566 -0.04419138
v -0.17223226 0.27495828 -0.04408030
v -0.17545934 0.27736834 -0.03344842
v -0.18314721 0.27485707 -0.03068388
v -0.17658453 0.26931268 -0.05049476
v -0.18346588 0.26768333 -0.04730342
v -0.18684605 0.27070713 -0.03789705
v -0.24189211 0.20359235 -0.03404097
v -0.24701425 0.20215198 -0.02624632
v -0.25356841 0.19393216 -0.02626917
v -0.26046002 0.18542890 -0.02706078
v -0.26709419 0.17642920 -0.02897932
v -0.25316864 0.18990761 -0.03493981
v -0.27410775 0.16212368 -0.03987741
v -0.27226463 0.16935124 -0.03338356
v -0.26218128 0.17558274 -0.04052761
v -0.27340105 0.14522319 -0.05355952
v -0.27410293 0.15515146 -0.04724057
v -0.26492223 0.13764836 -0.06191709
v -0.26486260 0.16145816 -0.05163721
v -0.24700734 0.12118883 -0.07156947
v -0.25642389 0.12889297 -0.06788904
v -0.25652611 0.14464068 -0.06605652
v -0.23735788 0.11651223 -0.07385203
v -0.22803661 0.11545350 -0.07602108
v -0.24094418 0.12907621 -0.07444073
v -0.21992075 0.11590753 -0.07654600
v -0.21252990 0.11704874 -0.07705315
v -0.21143186 0.12172221 -0.07907166
v -0.22550663 0.12264119 -0.07844695
v -0.19068071 0.12795848 -0.07822528
v -0.19283596 0.12641671 -0.07803630
v -0.18884039 0.13552751 -0.08291301
v -0.19162819 0.13292675 -0.08216745
v -0.19264290 0.12921898 -0.08024548
v -0.18921117 0.12906760 -0.07867198
v -0.18851466 0.12729093 -0.07954030
v -0.18488295 0.13936952 -0.08578837
v -0.18675409 0.13791914 -0.08427931
v -0.18586530 0.13232107 -0.08407018
v -0.18808150 0.13337833 -0.08154608
v -0.20165791 0.11923155 -0.07748371
v -0.19882403 0.10606270 -0.06538343
v -0.19948585 0.10228514 -0.06280954
v -0.20156407 0.11344206 -0.07684085
v -0.19966027 0.11497838 -0.07207964
v -0.19987173 0.09805323 -0.06105706
v -0.19957493 0.09380458 -0.05996010
v -0.19914134 0.10787594 -0.07611635
v -0.20158225 0.10561495 -0.06860670
v -0.17933406 0.07710288 -0.05493115
v -0.17425734 0.08961878 -0.06921784
v -0.16894688 0.06465580 -0.06405975
v -0.17328344 0.06685230 -0.05727896
v -0.17581096 0.07312465 -0.05715035
v -0.16356550 0.08691466 -0.07954399
v -0.16919963 0.08905396 -0.07511295
v -0.17442565 0.08128449 -0.06522819
v -0.16058323 0.05762144 -0.07397274
v -0.16468525 0.06127700 -0.06897372
v -0.15336549 0.06846821 -0.08366109
v -0.15166289 0.08263867 -0.08853157
v -0.15771239 0.08488897 -0.08425608
v -0.16370817 0.07427335 -0.07455037
v -0.15834564 -0.19151714 -0.06195356
v -0.14019971 -0.18791422 -0.08292945
v -0.16376385 -0.15249079 -0.07413632
v -0.15520385 -0.15533991 -0.08656655
v -0.14914788 -0.17324130 -0.07085600
v -0.14413111 -0.15969183 -0.09700694
v -0.13009396 -0.18245704 -0.09007931
v -0.13977881 -0.17685172 -0.08188477
v -0.14410621 -0.16485734 -0.08252735
v -0.07444760 -0.14095072 -0.12770301
v -0.06033127 -0.14444712 -0.12490787
v -0.02741748 -0.14187685 -0.11973175
v -0.02777345 -0.12569708 -0.11848430
v -0.04456195 -0.14472431 -0.12186643
v -0.06032421 -0.13432226 -0.11511554
v -0.18464559 -0.15515226 -0.00744754
v -0.18992557 -0.15177934 0.00417405
v -0.18678564 -0.16559179 -0.00379862
v -0.18566637 -0.16445701 -0.01669158
v -0.19274288 -0.15323794 0.01692333
v -0.18843162 -0.15711097 0.02954608
v -0.18671328 -0.16748662 0.00935737
v -0.18449117 -0.17017674 0.02263993
v -0.19062926 -0.15934080 0.00639994
v -0.16695814 -0.15331288 -0.05981974
v -0.17102471 -0.15390213 -0.04661470
v -0.16707347 -0.16034259 -0.06753521
v -0.18007007 -0.15562044 -0.02035434
v -0.17542812 -0.15531586 -0.03346949
v -0.18293484 -0.16449405 -0.02975727
v -0.18538103 -0.15701240 -0.01936934
v -0.17648983 -0.15744843 -0.04571869
v -0.18152988 -0.16209430 0.04083161
v -0.17709699 -0.16688116 0.05325703
v -0.18212394 -0.17360419 0.03542128
v -0.17989862 -0.17711462 0.04809795
v -0.18489811 -0.16574460 0.03241761
v -0.12819922 -0.21399826 0.12549850
v -0.11789067 -0.22203906 0.13286169
v -0.10652650 -0.23040384 0.13978775
v -0.09404971 -0.23887338 0.14553244
v -0.11632553 -0.23386452 0.13227029
v -0.05672656 -0.26007134 0.15752982
v -0.04389217 -0.26595616 0.15978168
v -0.01645501 -0.27718204 0.16253591
v -0.01718606 -0.28757358 0.15822631
v -0.03035658 -0.27183029 0.16159599
v -0.04388545 -0.27750850 0.15567046
v -0.17306980 -0.17178118 0.06595903
v -0.16767104 -0.17771302 0.07770350
v -0.17597836 -0.18179405 0.05993081
v -0.17634371 -0.17457731 0.05668716
v -0.06907634 -0.25344372 0.15445013
v -0.08158887 -0.24658914 0.15063071
v -0.09242104 -0.25122795 0.14344703
v -0.06839992 -0.26530030 0.15089186
v -0.16140585 -0.18389727 0.08859944
v -0.15431258 -0.19067252 0.09889852
v -0.16669357 -0.18581013 0.07981500
v -0.13767911 -0.20617960 0.11744232
v -0.14626366 -0.19826826 0.10851534
v -0.13663891 -0.21675722 0.11766887
v -0.15324736 -0.20000429 0.10052431
v -0.11658419 -0.13569707 -0.11772996
v -0.11599327 -0.12331707 -0.11044512
v -0.08920436 -0.14100489 -0.12915732
v -0.08948108 -0.13538554 -0.11793085
v -0.10925639 -0.14571327 -0.10912774
v -0.08739617 -0.15547425 -0.12439194
v -0.09214173 -0.16710344 -0.12772182
v -0.10285926 -0.14561284 -0.12301483
v -0.12995780 -0.14809036 -0.08949821
v -0.13710307 -0.15333405 -0.09447888
v -0.11802489 -0.14919189 -0.09758319
v -0.13241230 -0.16368143 -0.10618156
v -0.11337450 -0.15880197 -0.10905503
v -0.05520041 0.15278269 -0.12196088
v -0.04241558 0.15386385 -0.12070630
v -0.06837791 0.15151034 -0.12200657
v -0.08127765 0.15011308 -0.12063626
v -0.06477376 0.16211441 -0.12240791
v -0.09309873 0.14915478 -0.11904886
v -0.10345991 0.14933556 -0.11696286
v -0.08839931 0.15970901 -0.12023589
v -0.11321228 0.14984062 -0.11497389
v -0.12287098 0.14986181 -0.11299162
v -0.10620116 0.15966016 -0.11693463
v -0.11405692 0.17020437 -0.11603174
v -0.13221544 0.14947928 -0.11054933
v -0.14267516 0.14684099 -0.10754422
v -0.12318057 0.17030227 -0.11417397
v -0.12512307 0.15997547 -0.11342286
v -0.11953880 0.18133281 -0.11457274
v -0.13190441 0.17111801 -0.11191975
v -0.17397882 0.16397394 -0.09998977
v -0.16872889 0.15966687 -0.09932975
v -0.16028686 0.18129674 -0.10387154
v -0.17868425 0.16850038 -0.10112859
v -0.18284389 0.17326568 -0.10256770
v -0.16612868 0.18441026 -0.10352891
v -0.16959222 0.17442673 -0.10173067
v -0.16307336 0.19386087 -0.10372585
v -0.17155060 0.18725108 -0.10287971
v -0.18524574 0.17864105 -0.10472755
v -0.17949691 0.18189465 -0.10228064
v -0.17643917 0.18982577 -0.10220482
v -0.18884525 0.17792299 -0.10699698
v -0.19120689 0.17859223 -0.10406989
v -0.18418676 0.18245484 -0.10283075
v -0.18460685 0.18585998 -0.10641541
v -0.18000333 0.18439208 -0.09896529
v -0.18205050 0.18913120 -0.10228661
v -0.18423700 0.17834529 -0.09583138
v -0.18173394 0.18120088 -0.09737865
v -0.18219921 0.18729264 -0.09715562
v -0.18486346 0.21765606 -0.08666608
v -0.18920782 0.21707468 -0.08441034
v -0.19229765 0.21233715 -0.08367763
v -0.19116716 0.20633084 -0.08652812
v -0.18114007 0.21887434 -0.08916516
v -0.17959538 0.22040255 -0.09333982
v -0.18341328 0.21206747 -0.09004840
v -0.14091137 0.21974777 -0.10408773
v -0.14829557 0.21981426 -0.10211615
v -0.15391602 0.20144585 -0.10489573
v -0.16019860 0.20291087 -0.10345507
v -0.12539780 0.21808477 -0.10863193
v -0.13310125 0.21911766 -0.10636605
v -0.14684895 0.19957969 -0.10667969
v -0.14374042 0.20985144 -0.10584534
v -0.03793306 0.21297237 -0.11728067
v -0.04830103 0.21332906 -0.11689740
v -0.01803621 0.20283589 -0.11877561
v -0.01807375 0.21214685 -0.11882047
v -0.02772503 0.21258813 -0.11801909
v -0.03777757 0.20323665 -0.11803040
v -0.17947006 0.06234029 0.04281090
v -0.17820437 0.06753194 0.05193291
v -0.17912270 0.07558078 0.05363291
v -0.17697276 0.08200046 0.06126149
v -0.17869487 0.07793469 0.06071781
v -0.18107727 0.05792082 0.03254445
v -0.18271412 0.05450395 0.02130687
v -0.18237567 0.06429054 0.03409253
v -0.18097489 0.06964785 0.04458473
v -0.18268320 0.06640600 0.04383531
v -0.18446071 0.05301327 0.00975250
v -0.18606187 0.05356107 -0.00136084
v -0.18470933 0.05932976 0.01081630
v -0.18371092 0.06077943 0.02241621
v -0.18621966 0.05862917 0.02226073
v -0.18702359 0.05497844 -0.01139986
v -0.18636912 0.06185118 -0.01115800
v -0.18603681 0.06029543 -0.00037649
v -0.18733788 0.05800297 -0.02112683
v -0.18782033 0.05772293 -0.00022446
v -0.18781674 0.06461486 -0.02165970
v -0.19021219 0.06851946 -0.03074289
v -0.18751948 0.06158895 -0.03042354
v -0.18702555 0.06690290 -0.03906382
v -0.18895382 0.06178454 -0.02057208
v -0.19367750 0.07739397 -0.04893717
v -0.19277996 0.07288408 -0.03979887
v -0.18591449 0.07264571 -0.04712171
v -0.18395114 0.07915968 -0.05486587
v -0.19111784 0.06938496 -0.03932118
v -0.19826904 0.08957463 -0.05920412
v -0.19542412 0.08595728 -0.05837286
v -0.19758335 0.09597653 -0.06768622
v -0.19201085 0.08328501 -0.05721690
v -0.17747733 0.09407147 -0.07005540
v -0.18102108 0.08630841 -0.06247205
v -0.18803518 0.08117428 -0.05592370
v -0.18963262 0.09006829 -0.06472718
v -0.19275318 0.11159783 -0.08178572
v -0.18482061 0.11711583 -0.08476445
v -0.19540502 0.10335951 -0.07495581
v -0.19113825 0.09984490 -0.07322296
v -0.17503701 0.10232308 -0.07619693
v -0.18693037 0.09720552 -0.07136630
v -0.18225972 0.09560000 -0.07022548
v -0.18371934 0.10496780 -0.07738230
v -0.16475695 0.12050112 -0.08967555
v -0.16951288 0.11082574 -0.08300753
v -0.17595936 0.12347649 -0.08719718
v -0.18007262 0.11382785 -0.08257213
v -0.17615034 0.10933040 -0.08007311
v -0.15959427 0.13049650 -0.09577201
v -0.15243122 0.14002062 -0.10182945
v -0.16727483 0.14485705 -0.09563813
v -0.17170322 0.13382009 -0.09169062
v -0.14916849 0.15022679 -0.10466861
v -0.16702966 0.12847021 -0.09088251
v -0.16273800 0.15578988 -0.09966839
v -0.14453784 0.16131054 -0.10784791
v -0.13997298 0.17268270 -0.10955041
v -0.15821251 0.16682312 -0.10318118
v -0.15607625 0.15256405 -0.10121848
v -0.13597554 0.18420576 -0.11050750
v -0.15031126 0.18895394 -0.10649278
v -0.15410292 0.17797203 -0.10549961
v -0.13958070 0.19748215 -0.10867503
v -0.14736788 0.17500971 -0.10745011
v -0.11754692 0.21701145 -0.11028303
v -0.10946640 0.21590048 -0.11182892
v -0.12443618 0.19417541 -0.11248177
v -0.12861027 0.20695329 -0.10994408
v -0.13219255 0.19568044 -0.11055514
v -0.10163786 0.21514693 -0.11312587
v -0.10793223 0.19194733 -0.11592279
v -0.11631507 0.19285324 -0.11432000
v -0.11289962 0.20440327 -0.11315932
v -0.09098681 0.22628212 -0.11195125
v -0.07525963 0.22625150 -0.11305160
v -0.07299959 0.23731269 -0.11003360
v -0.09400658 0.21477205 -0.11392003
v -0.07616176 0.25753099 -0.10273270
v -0.06863283 0.25755900 -0.10293398
v -0.08599100 0.24767536 -0.10596315
v -0.08826808 0.23722041 -0.10942312
v -0.07077642 0.24774157 -0.10677483
v -0.08090021 0.23744449 -0.11015464
v -0.07736514 0.21448873 -0.11555044
v -0.09924343 0.19129375 -0.11731205
v -0.09686897 0.20290184 -0.11567058
v -0.08600440 0.21455429 -0.11480220
v -0.08442523 0.17025466 -0.12029505
v -0.09571782 0.16683352 -0.11874963
v -0.10150225 0.18016219 -0.11758237
v -0.10456189 0.16973779 -0.11739082
v -0.08992393 0.19102603 -0.11797848
v -0.05320047 0.35000613 -0.01989779
v -0.04873039 0.36683005 -0.02135951
v -0.05060440 0.35969189 -0.01704389
v -0.05366884 0.34541571 -0.02701541
v -0.05162546 0.34862164 -0.03023440
v -0.04976598 0.35667369 -0.02850140
v -0.04156962 0.36858472 -0.03802683
v -0.04544371 0.36507499 -0.03406427
v -0.04737841 0.37403253 -0.02559566
v -0.03969930 0.38007960 -0.04029499
v -0.04490261 0.38023558 -0.03169445
v -0.03884366 0.37506679 -0.04054380
v -0.04786075 0.36279622 -0.03020607
v -0.04802080 0.36521968 -0.02695479
v -0.21203811 0.14597453 -0.08422089
v -0.20668443 0.13670196 -0.08400191
v -0.20922633 0.14064960 -0.08427514
v -0.20759754 0.13316192 -0.08318346
v -0.21281148 0.13918886 -0.08347223
v -0.20995502 0.12587936 -0.08077941
v -0.20866904 0.12976326 -0.08224589
v -0.21639705 0.12644689 -0.08043579
v -0.21604738 0.13665149 -0.08251455
v -0.21177237 0.13383812 -0.08293730
v -0.22922930 0.13147081 -0.07861422
v -0.22278838 0.12851001 -0.07977541
v -0.22083211 0.14097559 -0.08161151
v -0.21950996 0.13307695 -0.08133584
v -0.24215838 0.14181833 -0.07344414
v -0.23567614 0.13578020 -0.07660434
v -0.23100597 0.14150591 -0.07854260
v -0.22064336 0.14990215 -0.08172882
v -0.22600073 0.14619996 -0.07998846
v -0.23242198 0.15094404 -0.07695654
v -0.22796468 0.16372713 -0.07600824
v -0.25546634 0.16679683 -0.05633090
v -0.25565124 0.15747675 -0.06150222
v -0.24831215 0.14986749 -0.06894488
v -0.24025339 0.15245256 -0.07297870
v -0.23715061 0.16765352 -0.06916875
v -0.23490626 0.15951443 -0.07378069
v -0.25303119 0.18017149 -0.04685535
v -0.25492281 0.17386314 -0.05115410
v -0.23799643 0.17488067 -0.06463356
v -0.24640033 0.17118351 -0.06038553
v -0.22376893 0.18576019 -0.06926658
v -0.23029821 0.17783658 -0.06857203
v -0.23793902 0.18106902 -0.06078350
v -0.24634105 0.19224718 -0.04162864
v -0.25008577 0.18629716 -0.04360900
v -0.24463713 0.18366152 -0.05224358
v -0.23705214 0.18651518 -0.05748245
v -0.22366168 0.19483444 -0.06371655
v -0.22378413 0.19058463 -0.06641422
v -0.23013467 0.18866247 -0.06229589
v -0.23565394 0.19143543 -0.05492460
v -0.23224042 0.20403904 -0.04745261
v -0.23687409 0.20406766 -0.04119220
v -0.24185088 0.19801494 -0.04087986
v -0.23963502 0.19433102 -0.04786042
v -0.23378198 0.19565669 -0.05329588
v -0.22371015 0.19840072 -0.06114209
v -0.22820687 0.20344347 -0.05292522
v -0.22858699 0.19671966 -0.05782583
v -0.23153202 0.19951113 -0.05242835
v -0.20082742 0.23028116 -0.06368285
v -0.19853286 0.22580533 -0.06901358
v -0.20485418 0.22539788 -0.06276904
v -0.20057823 0.21846420 -0.07116692
v -0.20904084 0.20879214 -0.06885505
v -0.21383855 0.21584645 -0.05904572
v -0.20909636 0.22038476 -0.06123038
v -0.20425524 0.21305937 -0.07075921
v -0.20540354 0.21807475 -0.06665340
v -0.21892160 0.20137317 -0.06387961
v -0.21398889 0.20476970 -0.06637315
v -0.22380076 0.20746779 -0.05455940
v -0.21890104 0.21140625 -0.05660737
v -0.22407763 0.20225821 -0.05808279
v -0.21465980 0.20933688 -0.06257642
v -0.18766320 0.17466928 -0.09401440
v -0.19154595 0.17048666 -0.09181924
v -0.18830253 0.18089591 -0.09375751
v -0.20050703 0.16274585 -0.08872970
v -0.19582942 0.16664004 -0.09024813
v -0.19690444 0.17322084 -0.08996022
v -0.20961894 0.15297599 -0.08555263
v -0.20545992 0.15859544 -0.08683501
v -0.21531413 0.15248318 -0.08341608
v -0.22110412 0.16703279 -0.07859265
v -0.22038725 0.15897436 -0.08089001
v -0.20738335 0.16610971 -0.08566242
v -0.21692219 0.18283775 -0.07569798
v -0.22242031 0.17429796 -0.07544386
v -0.22330143 0.18043262 -0.07217113
v -0.20879462 0.17328675 -0.08363497
v -0.21472999 0.17017636 -0.08115567
v -0.20540072 0.18837413 -0.08214234
v -0.21096988 0.18532853 -0.07898401
v -0.19801214 0.17958204 -0.08849487
v -0.20326832 0.17638370 -0.08637471
v -0.21000192 0.17974599 -0.08152555
v -0.20007326 0.19164820 -0.08466753
v -0.19520172 0.19528629 -0.08695482
v -0.18912746 0.18703572 -0.09258190
v -0.19330479 0.18304402 -0.09042379
v -0.19913982 0.18567738 -0.08666366
v -0.05050213 0.17323515 -0.11940643
v -0.04872126 0.19332469 -0.11809278
v -0.03798127 0.19323775 -0.11761104
v -0.06194815 0.17264734 -0.12069438
v -0.07337700 0.17169222 -0.12033500
v -0.05940881 0.19325906 -0.11890882
v -0.07909647 0.18134835 -0.11953183
v -0.05755557 0.18310578 -0.11884543
v -0.17339948 0.19766283 -0.10172049
v -0.18008052 0.19199774 -0.10366385
v -0.18275419 0.19395819 -0.10614576
v -0.18491298 0.19720703 -0.10710549
v -0.18051603 0.20084821 -0.10511006
v -0.18445861 0.19515309 -0.10274878
v -0.18060644 0.19412066 -0.09780519
v -0.18049742 0.20622128 -0.09487389
v -0.18431582 0.20168084 -0.10330113
v -0.19072647 0.19984144 -0.08933184
v -0.18272287 0.19316037 -0.09600297
v -0.18553080 0.19068788 -0.09442969
v -0.18664086 0.20542538 -0.09023682
v -0.18308829 0.20556776 -0.09270345
v -0.19007525 0.19323827 -0.09114015
v -0.18268761 0.19942701 -0.09539689
v -0.17533833 0.22120409 -0.09857563
v -0.17938678 0.22207309 -0.09780113
v -0.18073256 0.21435113 -0.09725613
v -0.18197009 0.20844443 -0.10454290
v -0.18222567 0.20779465 -0.10013210
v -0.16592541 0.21961226 -0.09715714
v -0.17089434 0.22001605 -0.09710549
v -0.17523493 0.20626938 -0.10146103
v -0.17853199 0.20734297 -0.10347176
v -0.17667411 0.21415113 -0.10152239
v -0.15482238 0.21983820 -0.10069738
v -0.16057138 0.21980016 -0.09894451
v -0.16571000 0.20420578 -0.10251922
v -0.15736154 0.21157822 -0.10247771
v -0.17067002 0.20534922 -0.10110781
v -0.16822186 0.21255463 -0.09941486
v -0.05849559 0.21396573 -0.11671609
v -0.06820954 0.21453314 -0.11616894
v -0.05900355 0.20350581 -0.11832293
v -0.07915267 0.20284615 -0.11760954
v -0.08030481 0.19169042 -0.11884260
v -0.07014096 0.19272350 -0.11872063
v -0.01526212 0.18339917 -0.11559702
v -0.01792266 0.19294696 -0.11726749
v -0.01779656 0.17438021 -0.11562082
v -0.02757855 0.19302055 -0.11732975
v -0.03564335 0.18319966 -0.11671301
v -0.20483726 0.24189895 0.04238726
v -0.20192491 0.23068608 0.05016745
v -0.19243015 0.24477434 0.04667972
v -0.18998653 0.23390795 0.05450116
v -0.19455346 0.22569427 0.05610929
v -0.20567171 0.24927385 0.03160869
v -0.20679222 0.25576529 0.02109036
v -0.19617279 0.25963151 0.02760518
v -0.19504236 0.25362068 0.03855973
v -0.20005402 0.24801402 0.04041268
v -0.20700964 0.26040277 0.00993645
v -0.20606284 0.26321599 -0.00128099
v -0.19721004 0.26879811 0.00544944
v -0.19746469 0.26539668 0.01705696
v -0.20241857 0.26053464 0.01885555
v -0.20461193 0.26617816 -0.01238718
v -0.20150656 0.26608127 -0.02244647
v -0.19585252 0.27094173 -0.00592720
v -0.19385535 0.27304566 -0.01747090
v -0.19635999 0.26894176 -0.02496651
v -0.20144379 0.26687002 -0.00368266
v -0.03051161 -0.06513740 -0.14606872
v -0.03012916 -0.08387328 -0.14439505
v -0.06184049 -0.07607430 -0.13708559
v -0.06153259 -0.05835381 -0.14168543
v -0.04662952 -0.05247073 -0.14038274
v -0.02807254 -0.10856966 -0.12021538
v -0.02939833 -0.09751602 -0.13374478
v -0.06124950 -0.09057158 -0.12811849
v -0.04430611 -0.11375010 -0.11443724
v -0.04616491 -0.08817336 -0.13642797
v -0.07536268 -0.09313447 -0.12059136
v -0.08874241 -0.09509300 -0.11327596
v -0.07465529 -0.12206574 -0.10968196
v -0.05988792 -0.11842936 -0.11175555
v -0.06004798 -0.10136428 -0.11620276
v -0.02229817 0.08964235 -0.12635595
v -0.02188928 0.10268026 -0.12398278
v -0.03578161 0.11278002 -0.12351069
v -0.05140597 0.10999084 -0.12445532
v -0.03751711 0.08707996 -0.12764156
v -0.05233739 0.09720501 -0.12615898
v -0.01860953 0.15574789 -0.11889021
v -0.01819933 0.16527538 -0.11705793
v -0.03017494 0.15481886 -0.11980227
v -0.04052940 0.16381910 -0.11977552
v -0.03923064 0.17357975 -0.11782968
v -0.02816891 0.17382082 -0.11654563
v -0.06423421 0.14535546 0.13188869
v -0.06247696 0.13803428 0.13624795
v -0.07989657 0.13688900 0.13569149
v -0.06648154 0.15308684 0.12754636
v -0.06912016 0.16132721 0.12326712
v -0.07882822 0.16109043 0.12300035
v -0.08212696 0.14449558 0.13139044
v -0.07323547 0.14523554 0.13184483
v -0.08836173 0.16027991 0.12225111
v -0.09084222 0.14334059 0.13043660
v -0.08498249 0.15217195 0.12678604
v -0.09663400 0.13419873 0.13333859
v -0.09935332 0.14182957 0.12908031
v -0.11224779 0.13067104 0.12947337
v -0.11658787 0.15676890 0.12081414
v -0.10296641 0.14982387 0.12495208
v -0.11561443 0.13806863 0.12560958
v -0.10755372 0.14003634 0.12738472
v -0.13428633 0.15161271 0.11857077
v -0.12576258 0.15459248 0.12008591
v -0.12340631 0.13573402 0.12333104
v -0.12042070 0.14620171 0.12263606
v -0.13570930 0.11329114 0.12139628
v -0.13916044 0.11904200 0.11743546
v -0.12658544 0.12595963 0.12424663
v -0.13060603 0.13286343 0.12066324
v -0.14253958 0.12513950 0.11400268
v -0.14168783 0.14795831 0.11638679
v -0.14779072 0.14352584 0.11345985
v -0.14722632 0.13174717 0.11161015
v -0.13589343 0.14035192 0.11819536
v -0.13697290 0.12940377 0.11747477
v -0.10629052 0.10916474 0.14201938
v -0.09886053 0.11053970 0.14410670
v -0.09459395 0.12686628 0.13780449
v -0.10231997 0.12526301 0.13595714
v -0.08328869 0.11334825 0.14688951
v -0.09127078 0.11204361 0.14600027
v -0.08643325 0.12809198 0.13889571
v -0.07810834 0.12927715 0.13976800
v -0.09286860 0.11936521 0.14182915
v -0.07536299 0.11482684 0.14773242
v -0.06771210 0.11473025 0.14804946
v -0.05868750 0.12467817 0.14323728
v -0.06097587 0.11819290 0.14636050
v -0.06104814 0.13071258 0.13984354
v -0.06950328 0.13015568 0.13996568
v -0.07669142 0.12199123 0.14389883
v -0.13269596 0.10782990 0.12497225
v -0.12504211 0.10452155 0.13226581
v -0.13035311 0.10278438 0.12846515
v -0.12374175 0.11971846 0.12889335
v -0.12978365 0.11680583 0.12519862
v -0.11293160 0.10774111 0.13899344
v -0.11932357 0.10621839 0.13588695
v -0.11689954 0.12196254 0.13158828
v -0.10983126 0.12375916 0.13399932
v -0.10780011 0.11645282 0.13785316
v -0.12104487 0.11297417 0.13231763
v 0.00368599 0.29796457 0.06688575
v 0.00464080 0.29162139 0.06493224
v -0.01309183 0.28737813 0.06127323
v -0.01487453 0.29377526 0.06273764
v 0.00257880 0.30417141 0.06763530
v -0.01884919 0.30626959 0.06396409
v -0.01704726 0.29961973 0.06419338
v -0.00665346 0.29823357 0.06593272
v 0.01918011 0.14870815 0.13562481
v 0.01968674 0.13949642 0.14310722
v 0.00286482 0.13369820 0.14620028
v 0.00311421 0.14345013 0.13849200
v 0.01145176 0.13148206 0.14935300
v 0.01523514 0.18669669 0.11254127
v 0.01632622 0.17606716 0.11689480
v -0.00033567 0.17961408 0.11430321
v 0.00092729 0.17036994 0.12007096
v 0.01343322 0.20786490 0.10302819
v 0.01419929 0.19748107 0.10818207
v -0.00184378 0.19920507 0.10388200
v -0.00126852 0.18937270 0.10915137
v 0.00711869 0.18795405 0.11109193
v 0.01306198 0.22656883 0.09081089
v 0.01316573 0.21760666 0.09716889
v -0.00264952 0.21856102 0.09299794
v -0.00220517 0.20893933 0.09838567
v 0.00539424 0.22696942 0.08938652
v 0.00598725 0.20820630 0.10086364
v 0.00560643 0.28484017 0.06291059
v 0.00667731 0.27806571 0.06231039
v -0.00995428 0.27347744 0.06158792
v -0.01153635 0.28037837 0.06039904
v -0.00073139 0.27229774 0.06274071
v -0.00359559 0.28598818 0.06213928
v 0.01735825 0.16655307 0.12247781
v 0.01820417 0.15772842 0.12887245
v 0.00273716 0.15263218 0.13184197
v 0.00196799 0.16147035 0.12603761
v 0.01119482 0.15048017 0.13394724
v 0.00938776 0.16835438 0.12148775
v -0.19033629 -0.24768201 -0.01000150
v -0.17789206 -0.23540294 -0.03908888
v -0.18865098 -0.22522108 -0.00582728
v -0.18980105 -0.23544846 -0.00691671
v -0.17944935 -0.22989015 -0.03419256
v -0.18399708 -0.22339790 -0.01998502
v -0.18711852 -0.24500266 -0.01899643
v -0.17115395 -0.23449665 -0.04841409
v -0.17983440 -0.24930687 -0.03716776
v -0.18043000 -0.24129306 -0.03386628
v -0.17295744 -0.25218719 -0.05089590
v -0.16933076 -0.25192761 -0.05535479
v -0.07676255 -0.17857176 -0.11249387
v -0.06170750 -0.18909663 -0.11682508
v -0.02840124 -0.20903675 -0.12257686
v -0.05896065 -0.21683565 -0.11992772
v -0.04063094 -0.21809535 -0.12251672
v -0.04484572 -0.19874659 -0.12049985
v -0.06362098 -0.19995204 -0.11820947
v -0.07464749 -0.21601495 -0.11676484
v -0.07888757 -0.20262064 -0.11541357
v -0.06713524 -0.20853208 -0.11840726
v -0.17339732 -0.18336043 -0.03632273
v -0.16590811 -0.18751888 -0.04898296
v -0.17670579 -0.17325661 -0.03520248
v -0.15829851 -0.18017572 -0.06109407
v -0.15980123 -0.16898704 -0.06183227
v -0.17155777 -0.16549343 -0.05581782
v -0.17778589 -0.16553229 -0.04294167
v -0.16045032 -0.21456456 -0.06255659
v -0.15941292 -0.20316215 -0.06269459
v -0.14043951 -0.19853513 -0.08350543
v -0.14943427 -0.19576046 -0.07299621
v -0.07753853 -0.23996909 -0.11633004
v -0.08101492 -0.23111381 -0.11554240
v -0.07526740 -0.24826910 -0.11830839
v -0.07402883 -0.25557703 -0.11944611
v -0.08829253 -0.24668381 -0.11464305
v -0.10129314 -0.24355920 -0.10938068
v -0.09576716 -0.25301543 -0.11317977
v -0.10468274 -0.23559409 -0.10620002
v -0.11397509 -0.24083580 -0.10335419
v -0.16117659 -0.22557081 -0.06235132
v -0.16155799 -0.23595518 -0.06307665
v -0.15024181 -0.21710804 -0.07395140
v -0.16036242 -0.24406743 -0.06515791
v -0.15746650 -0.24713846 -0.06969395
v -0.13238624 -0.23555291 -0.09005191
v -0.14973664 -0.23471230 -0.07598689
v -0.08459141 -0.22317956 -0.11369114
v -0.08851007 -0.21557738 -0.11250805
v -0.09517241 -0.22957495 -0.11108457
v -0.10918697 -0.22871749 -0.10438378
v -0.12308282 -0.22941151 -0.09699221
v -0.13839322 -0.22535871 -0.08554487
v -0.13675837 -0.23165411 -0.08724522
v -0.11223295 -0.22261681 -0.10226827
v -0.13040125 -0.20013268 -0.09160801
v -0.14024734 -0.20840068 -0.08453207
v -0.13941935 -0.21744247 -0.08485777
v -0.12744433 -0.21697803 -0.09364192
v -0.14886369 -0.24311124 -0.07866748
v -0.12012982 -0.24564433 -0.10133111
v -0.12721397 -0.23892438 -0.09476954
v -0.14212663 -0.24028243 -0.08450168
v -0.04300158 -0.26254743 -0.12463036
v -0.05784745 -0.26090425 -0.12321538
v -0.07261977 -0.26024896 -0.12067538
v -0.08613691 -0.26212960 -0.11775845
v -0.09879714 -0.25636435 -0.11289719
v -0.01120511 -0.26277411 -0.12753901
v -0.02687800 -0.26304120 -0.12620771
v -0.09337616 -0.20013775 -0.11091252
v -0.09118415 -0.20811936 -0.11194725
v -0.10195541 -0.21553193 -0.10751610
v -0.11488353 -0.21585605 -0.10120503
v -0.11721953 -0.20848481 -0.10062172
v -0.12333731 -0.19095343 -0.09634203
v -0.11942977 -0.18039702 -0.09738445
v -0.09813341 -0.19058850 -0.10846720
v -0.11970772 -0.20020440 -0.09918026
v -0.10717583 -0.20033142 -0.10526743
v -0.09075121 -0.16657004 -0.11296014
v -0.11715429 -0.16776553 -0.09923988
v -0.10688965 -0.16663843 -0.12138938
v -0.12013961 -0.16576247 -0.11436202
v -0.09270416 -0.17966442 -0.10861218
v -0.10693939 -0.18016095 -0.10348328
v -0.11577611 -0.11545894 -0.09772243
v -0.10194624 -0.09738438 -0.10633355
v -0.11500635 -0.09953022 -0.09965922
v -0.08899066 -0.12535802 -0.10693955
v -0.10327115 -0.12634856 -0.10771760
v -0.08814472 -0.10876361 -0.10518229
v -0.17494862 -0.22944608 0.06709806
v -0.16892093 -0.22898957 0.07541098
v -0.16328111 -0.22858548 0.08356460
v -0.15108183 -0.24367698 -0.07718080
v -0.14259264 -0.24656086 -0.08565133
v -0.13241899 -0.24531671 -0.09375642
v -0.11100131 -0.25425577 -0.10761273
v -0.12202802 -0.25106817 -0.10132049
v -0.12394888 -0.25072461 0.12478465
v -0.13419275 -0.24061492 0.11892071
v -0.12585038 -0.23524040 0.12524864
v -0.11490212 -0.24427301 0.13140115
v -0.11334003 -0.26040497 0.12991431
v -0.10295539 -0.26923871 0.13356826
v -0.10317203 -0.25337073 0.13689494
v -0.09134284 -0.26144519 0.14100152
v -0.11359023 -0.25312865 0.13072135
v -0.07441448 -0.28669792 0.14154176
v -0.06311364 -0.29143173 0.14380988
v -0.05768825 -0.28086290 0.14970706
v -0.04547196 -0.28656402 0.15190876
v -0.02086155 -0.30070740 0.15157801
v -0.01866392 -0.29580504 0.15461661
v -0.03664144 -0.30029428 0.14817058
v -0.05019018 -0.29649833 0.14643686
v -0.03244645 -0.29160523 0.15352921
v -0.04780792 -0.29281306 0.14900905
v -0.17520799 -0.19409575 0.06488608
v -0.17556383 -0.18838893 0.06270318
v -0.17071377 -0.19944605 0.07583191
v -0.17184827 -0.18704274 0.07155740
v -0.16604029 -0.19342387 0.08214661
v -0.08425950 -0.28177404 0.13901010
v -0.09369503 -0.27638534 0.13650675
v -0.06921500 -0.27459514 0.14728843
v -0.08036345 -0.26836994 0.14465009
v -0.09200319 -0.26973450 0.13869040
v -0.07115537 -0.28200588 0.14424124
v -0.16485257 -0.20613971 0.08563614
v -0.15898745 -0.21315771 0.09512231
v -0.15924956 -0.20072152 0.09212614
v -0.15248704 -0.20848623 0.10169059
v -0.16548665 -0.20045203 0.08410330
v -0.15146072 -0.22145617 0.10348894
v -0.14332773 -0.23077419 0.11182449
v -0.13569032 -0.22623251 0.11820621
v -0.14455719 -0.21718045 0.11043944
v -0.13490978 -0.23414664 0.11843158
v -0.15181239 -0.21575822 0.10272083
v -0.11986054 -0.10662249 0.13435213
v -0.10071106 -0.08745427 0.16152620
v -0.10631370 -0.10929093 0.14048827
v -0.12642547 -0.09955529 0.14497958
v -0.09810313 -0.10138609 0.15627877
v -0.09512430 -0.05005508 0.15690021
v -0.09497317 -0.03752820 0.16457285
v -0.12751052 -0.05837112 0.15045151
v -0.12422071 -0.04539604 0.14946482
v -0.10961043 -0.03467969 0.15853409
v -0.09554204 -0.06297097 0.15093720
v -0.09742963 -0.07610428 0.15445229
v -0.12914595 -0.08588137 0.14935835
v -0.12846690 -0.07193451 0.14983293
v -0.11501919 -0.08637684 0.15589832
v -0.11177703 -0.06084509 0.15145816
v -0.14706278 -0.00689379 0.09926696
v -0.14579767 -0.01918789 0.09567254
v -0.15430300 -0.03016309 0.08201716
v -0.16108868 -0.02842995 0.06897914
v -0.16009039 -0.01616783 0.07005903
v -0.15480752 -0.00550369 0.08711394
v -0.10627495 0.17679742 0.11223861
v -0.09605798 0.17777635 0.11212797
v -0.09215675 0.16880709 0.11736446
v -0.11182643 0.16688682 0.11721183
v -0.09785421 0.15943183 0.12162676
v -0.10725878 0.15834592 0.12122520
f 1925 2 1928
f 1928 4 1927
f 1927 1 1925
f 1925 1928 1927
f 1928 2 1926
f 1926 3 1929
f 1929 4 1928
f 1928 1926 1929
f 1932 7 1931
f 1931 5 1930
f 1930 6 1932
f 1932 1931 1930
f 1931 7 1934
f 1934 8 1933
f 1933 5 1931
f 1931 1934 1933
f 1932 6 1935
f 1935 9 1936
f 1936 7 1932
f 1932 1935 1936
f 1935 6 1937
f 1937 10 1938
f 1938 9 1935
f 1935 1937 1938
f 1941 13 1940
f 1940 11 1939
f 1939 12 1941
f 1941 1940 1939
f 1940 13 1943
f 1943 14 1942
f 1942 11 1940
f 1940 1943 1942
f 1944 16 1947
f 1947 18 1946
f 1946 15 1944
f 1944 1947 1946
f 1947 16 1945
f 1945 17 1948
f 1948 18 1947
f 1947 1945 1948
f 1951 21 1950
f 1950 19 1949
f 1949 20 1951
f 1951 1950 1949
f 1950 21 1953
f 1953 22 1952
f 1952 19 1950
f 1950 1953 1952
f 1957 25 1956
f 1956 23 1954
f 1954 24 1957
f 1957 1956 1954
f 1956 25 1960
f 1960 26 1959
f 1959 23 1956
f 1956 1960 1959
f 1963 29 1962
f 1962 27 1961
f 1961 28 1963
f 1963 1962 1961
f 1962 29 1965
f 1965 30 1964
f 1964 27 1962
f 1962 1965 1964
f 1966 32 1969
f 1969 34 1968
f 1968 31 1966
f 1966 1969 1968
f 1969 32 1967
f 1967 33 1970
f 1970 34 1969
f 1969 1967 1970
f 1973 37 1972
f 1972 35 1971
f 1971 36 1973
f 1973 1972 1971
f 1972 37 1975
f 1975 38 1974
f 1974 35 1972
f 1972 1975 1974
f 1979 41 1978
f 1978 39 1976
f 1976 40 1979
f 1979 1978 1976
f 1978 41 1983
f 1983 42 1982
f 1982 39 1978
f 1978 1983 1982
f 1986 45 1985
f 1985 43 1984
f 1984 44 1986
f 1986 1985 1984
f 1985 45 1988
f 1988 46 1987
f 1987 43 1985
f 1985 1988 1987
f 1991 49 1990
f 1990 47 1989
f 1989 48 1991
f 1991 1990 1989
f 1990 49 1993
f 1993 50 1992
f 1992 47 1990
f 1990 1993 1992
f 1994 52 1997
f 1997 54 1996
f 1996 51 1994
f 1994 1997 1996
f 1997 52 1995
f 1995 53 1998
f 1998 54 1997
f 1997 1995 1998
f 2000 56 2005
f 2005 58 2004
f 2004 55 2000
f 2000 2005 2004
f 2005 56 2003
f 2003 57 2006
f 2006 58 2005
f 2005 2003 2006
f 2009 61 2008
f 2008 59 2007
f 2007 60 2009
f 2009 2008 2007
f 2008 61 2011
f 2011 62 2010
f 2010 59 2008
f 2008 2011 2010
f 1974 38 2013
f 2013 63 2012
f 2012 35 1974
f 1974 2013 2012
f 2013 38 2015
f 2015 64 2018
f 2018 63 2013
f 2013 2015 2018
f 2026 67 2025
f 2025 65 2023
f 2023 66 2026
f 2026 2025 2023
f 2025 67 2030
f 2030 68 2029
f 2029 65 2025
f 2025 2030 2029
f 2031 69 2032
f 2032 18 1948
f 1948 17 2031
f 2031 2032 1948
f 2032 69 2034
f 2034 70 2033
f 2033 18 2032
f 2032 2034 2033
f 2040 73 2039
f 2039 71 2038
f 2038 72 2040
f 2040 2039 2038
f 2039 73 2042
f 2042 74 2041
f 2041 71 2039
f 2039 2042 2041
f 2048 77 2047
f 2047 75 2046
f 2046 76 2048
f 2048 2047 2046
f 2047 77 2051
f 2051 78 2050
f 2050 75 2047
f 2047 2051 2050
f 2057 81 2056
f 2056 79 2055
f 2055 80 2057
f 2057 2056 2055
f 2056 81 2059
f 2059 82 2058
f 2058 79 2056
f 2056 2059 2058
f 1938 10 2061
f 2061 83 2060
f 2060 9 1938
f 1938 2061 2060
f 2061 10 2064
f 2064 84 2067
f 2067 83 2061
f 2061 2064 2067
f 2069 86 2075
f 2075 88 2074
f 2074 85 2069
f 2069 2075 2074
f 2075 86 2073
f 2073 87 2076
f 2076 88 2075
f 2075 2073 2076
f 2077 90 2084
f 2084 92 2083
f 2083 89 2077
f 2077 2084 2083
f 2084 90 2080
f 2080 91 2085
f 2085 92 2084
f 2084 2080 2085
f 1991 48 2086
f 2086 93 2087
f 2087 49 1991
f 1991 2086 2087
f 2086 48 2088
f 2088 94 2090
f 2090 93 2086
f 2086 2088 2090
f 2058 82 2092
f 2092 95 2091
f 2091 79 2058
f 2058 2092 2091
f 2092 82 2093
f 2093 96 2094
f 2094 95 2092
f 2092 2093 2094
f 2095 98 2098
f 2098 100 2097
f 2097 97 2095
f 2095 2098 2097
f 2098 98 2096
f 2096 99 2099
f 2099 100 2098
f 2098 2096 2099
f 2106 103 2105
f 2105 101 2102
f 2102 102 2106
f 2106 2105 2102
f 2105 103 2108
f 2108 104 2107
f 2107 101 2105
f 2105 2108 2107
f 2112 77 2109
f 2109 105 2116
f 2116 106 2112
f 2112 2109 2116
f 2109 77 2118
f 2118 107 2119
f 2119 105 2109
f 2109 2118 2119
f 2123 102 2121
f 2121 108 2124
f 2124 109 2123
f 2123 2121 2124
f 2121 102 2102
f 2102 101 2120
f 2120 108 2121
f 2121 2102 2120
f 2127 13 2125
f 2125 110 2129
f 2129 111 2127
f 2127 2125 2129
f 2125 13 2066
f 2066 84 2126
f 2126 110 2125
f 2125 2066 2126
f 2130 112 2131
f 2131 84 2064
f 2064 10 2130
f 2130 2131 2064
f 2131 112 2132
f 2132 110 2126
f 2126 84 2131
f 2131 2132 2126
f 2137 114 2136
f 2136 112 2135
f 2135 113 2137
f 2137 2136 2135
f 2136 114 2140
f 2140 115 2139
f 2139 112 2136
f 2136 2140 2139
f 2146 117 2144
f 2144 113 2143
f 2143 116 2146
f 2146 2144 2143
f 2144 117 2145
f 2145 114 2137
f 2137 113 2144
f 2144 2145 2137
f 2147 1 2148
f 2148 119 2150
f 2150 118 2147
f 2147 2148 2150
f 2148 1 1927
f 1927 4 2149
f 2149 119 2148
f 2148 1927 2149
f 2114 106 2115
f 2115 88 2076
f 2076 87 2114
f 2114 2115 2076
f 2115 106 2116
f 2116 105 2110
f 2110 88 2115
f 2115 2116 2110
f 2000 55 2151
f 2151 120 2152
f 2152 56 2000
f 2000 2151 2152
f 2151 55 2155
f 2155 121 2156
f 2156 120 2151
f 2151 2155 2156
f 2159 122 2158
f 2158 79 2091
f 2091 95 2159
f 2159 2158 2091
f 2158 122 2157
f 2157 74 2052
f 2052 79 2158
f 2158 2157 2052
f 2162 125 2161
f 2161 123 2160
f 2160 124 2162
f 2162 2161 2160
f 2161 125 2164
f 2164 126 2163
f 2163 123 2161
f 2161 2164 2163
f 2168 128 2167
f 2167 26 2165
f 2165 127 2168
f 2168 2167 2165
f 2167 128 2166
f 2166 23 1959
f 1959 26 2167
f 2167 2166 1959
f 2169 130 2172
f 2172 132 2171
f 2171 129 2169
f 2169 2172 2171
f 2172 130 2170
f 2170 131 2173
f 2173 132 2172
f 2172 2170 2173
f 2174 134 2177
f 2177 136 2176
f 2176 133 2174
f 2174 2177 2176
f 2177 134 2175
f 2175 135 2178
f 2178 136 2177
f 2177 2175 2178
f 2181 50 2180
f 2180 137 2182
f 2182 138 2181
f 2181 2180 2182
f 2180 50 1993
f 1993 49 2179
f 2179 137 2180
f 2180 1993 2179
f 2185 141 2184
f 2184 139 2183
f 2183 140 2185
f 2185 2184 2183
f 2184 141 2187
f 2187 142 2186
f 2186 139 2184
f 2184 2187 2186
f 2190 145 2189
f 2189 143 2188
f 2188 144 2190
f 2190 2189 2188
f 2189 145 2192
f 2192 146 2191
f 2191 143 2189
f 2189 2192 2191
f 2195 149 2194
f 2194 147 2193
f 2193 148 2195
f 2195 2194 2193
f 2194 149 2197
f 2197 150 2196
f 2196 147 2194
f 2194 2197 2196
f 2163 126 2199
f 2199 151 2198
f 2198 123 2163
f 2163 2199 2198
f 2199 126 2201
f 2201 152 2202
f 2202 151 2199
f 2199 2201 2202
f 2203 153 2204
f 2204 60 2007
f 2007 59 2203
f 2203 2204 2007
f 2204 153 2207
f 2207 154 2206
f 2206 60 2204
f 2204 2207 2206
f 2210 157 2209
f 2209 155 2208
f 2208 156 2210
f 2210 2209 2208
f 2209 157 2212
f 2212 158 2211
f 2211 155 2209
f 2209 2212 2211
f 2214 160 2215
f 2215 159 2213
f 2213 24 2214
f 2214 2215 2213
f 2215 160 2217
f 2217 161 2216
f 2216 159 2215
f 2215 2217 2216
f 2220 164 2219
f 2219 162 2218
f 2218 163 2220
f 2220 2219 2218
f 2219 164 2222
f 2222 165 2221
f 2221 162 2219
f 2219 2222 2221
f 2225 168 2224
f 2224 166 2223
f 2223 167 2225
f 2225 2224 2223
f 2224 168 2227
f 2227 169 2226
f 2226 166 2224
f 2224 2227 2226
f 2228 171 2231
f 2231 173 2230
f 2230 170 2228
f 2228 2231 2230
f 2231 171 2229
f 2229 172 2232
f 2232 173 2231
f 2231 2229 2232
f 2237 175 2242
f 2242 177 2241
f 2241 174 2237
f 2237 2242 2241
f 2242 175 2240
f 2240 176 2243
f 2243 177 2242
f 2242 2240 2243
f 2248 180 2247
f 2247 178 2245
f 2245 179 2248
f 2248 2247 2245
f 2247 180 2254
f 2254 181 2253
f 2253 178 2247
f 2247 2254 2253
f 2257 184 2256
f 2256 182 2255
f 2255 183 2257
f 2257 2256 2255
f 2256 184 2259
f 2259 185 2258
f 2258 182 2256
f 2256 2259 2258
f 2262 188 2261
f 2261 186 2260
f 2260 187 2262
f 2262 2261 2260
f 2261 188 2264
f 2264 189 2263
f 2263 186 2261
f 2261 2264 2263
f 2267 192 2266
f 2266 190 2265
f 2265 191 2267
f 2267 2266 2265
f 2266 192 2269
f 2269 193 2268
f 2268 190 2266
f 2266 2269 2268
f 2272 196 2271
f 2271 194 2270
f 2270 195 2272
f 2272 2271 2270
f 2271 196 2275
f 2275 197 2274
f 2274 194 2271
f 2271 2275 2274
f 2278 128 2276
f 2276 198 2279
f 2279 199 2278
f 2278 2276 2279
f 2276 128 2281
f 2281 200 2282
f 2282 198 2276
f 2276 2281 2282
f 2284 202 2287
f 2287 204 2286
f 2286 201 2284
f 2284 2287 2286
f 2287 202 2285
f 2285 203 2288
f 2288 204 2287
f 2287 2285 2288
f 2291 44 2290
f 2290 205 2292
f 2292 206 2291
f 2291 2290 2292
f 2290 44 1984
f 1984 43 2289
f 2289 205 2290
f 2290 1984 2289
f 2299 209 2298
f 2298 207 2295
f 2295 208 2299
f 2299 2298 2295
f 2298 209 2301
f 2301 210 2300
f 2300 207 2298
f 2298 2301 2300
f 2305 212 2304
f 2304 142 2302
f 2302 211 2305
f 2305 2304 2302
f 2304 212 2303
f 2303 139 2186
f 2186 142 2304
f 2304 2303 2186
f 2309 215 2308
f 2308 213 2306
f 2306 214 2309
f 2309 2308 2306
f 2308 215 2313
f 2313 216 2312
f 2312 213 2308
f 2308 2313 2312
f 2179 49 2314
f 2314 217 2316
f 2316 137 2179
f 2179 2314 2316
f 2314 49 2087
f 2087 93 2315
f 2315 217 2314
f 2314 2087 2315
f 2312 216 2318
f 2318 218 2317
f 2317 213 2312
f 2312 2318 2317
f 2318 216 2320
f 2320 219 2322
f 2322 218 2318
f 2318 2320 2322
f 2328 224 2327
f 2327 222 2326
f 2326 223 2328
f 2328 2327 2326
f 2327 224 2330
f 2330 225 2329
f 2329 222 2327
f 2327 2330 2329
f 2332 226 2331
f 2334 226 2332
f 2326 222 2336
f 2336 229 2337
f 2337 223 2326
f 2326 2336 2337
f 2336 222 2335
f 2335 228 2338
f 2338 229 2336
f 2336 2335 2338
f 2342 3 2343
f 2345 3 2342
f 2347 232 2348
f 2348 224 2328
f 2328 223 2347
f 2347 2348 2328
f 2348 232 2350
f 2350 233 2349
f 2349 224 2348
f 2348 2350 2349
f 2325 221 2333
f 2355 235 2353
f 2353 93 2351
f 2351 234 2355
f 2355 2353 2351
f 2353 235 2354
f 2354 217 2315
f 2315 93 2353
f 2353 2354 2315
f 2356 237 2359
f 2359 239 2358
f 2358 236 2356
f 2356 2359 2358
f 2359 237 2357
f 2357 238 2360
f 2360 239 2359
f 2359 2357 2360
f 2366 241 2365
f 2365 219 2362
f 2362 240 2366
f 2366 2365 2362
f 2365 241 2364
f 2364 218 2322
f 2322 219 2365
f 2365 2364 2322
f 2368 234 2352
f 2352 94 2367
f 2367 242 2368
f 2368 2352 2367
f 2352 234 2351
f 2351 93 2090
f 2090 94 2352
f 2352 2351 2090
f 2373 245 2372
f 2372 243 2370
f 2370 244 2373
f 2373 2372 2370
f 2372 245 2371
f 2371 96 2369
f 2369 243 2372
f 2372 2371 2369
f 2376 248 2375
f 2375 246 2374
f 2374 247 2376
f 2376 2375 2374
f 2375 248 2378
f 2378 249 2377
f 2377 246 2375
f 2375 2378 2377
f 2386 254 2385
f 2385 252 2384
f 2384 253 2386
f 2386 2385 2384
f 2385 254 2388
f 2388 255 2387
f 2387 252 2385
f 2385 2388 2387
f 2390 256 2389
f 2389 218 2364
f 2364 241 2390
f 2390 2389 2364
f 2389 256 2393
f 2393 257 2392
f 2392 218 2389
f 2389 2393 2392
f 2400 260 2399
f 2399 258 2395
f 2395 259 2400
f 2400 2399 2395
f 2399 260 2398
f 2398 257 2394
f 2394 258 2399
f 2399 2398 2394
f 2404 263 2403
f 2403 261 2401
f 2401 262 2404
f 2404 2403 2401
f 2403 263 2408
f 2408 264 2407
f 2407 261 2403
f 2403 2408 2407
f 2413 266 2411
f 2411 144 2409
f 2409 265 2413
f 2413 2411 2409
f 2411 266 2412
f 2412 145 2190
f 2190 144 2411
f 2411 2412 2190
f 2417 269 2416
f 2416 249 2414
f 2414 268 2417
f 2417 2416 2414
f 2416 269 2415
f 2415 246 2377
f 2377 249 2416
f 2416 2415 2377
f 2423 271 2421
f 2421 243 2420
f 2420 270 2423
f 2423 2421 2420
f 2421 271 2428
f 2428 272 2424
f 2424 243 2421
f 2421 2428 2424
f 2431 275 2430
f 2430 273 2429
f 2429 274 2431
f 2431 2430 2429
f 2430 275 2433
f 2433 276 2432
f 2432 273 2430
f 2430 2433 2432
f 2437 278 2436
f 2436 276 2434
f 2434 277 2437
f 2437 2436 2434
f 2436 278 2435
f 2435 273 2432
f 2432 276 2436
f 2436 2435 2432
f 2447 281 2446
f 2446 279 2441
f 2441 280 2447
f 2447 2446 2441
f 2446 281 2445
f 2445 109 2438
f 2438 279 2446
f 2446 2445 2438
f 2451 111 2449
f 2449 282 2452
f 2452 283 2451
f 2451 2449 2452
f 2449 111 2129
f 2129 110 2448
f 2448 282 2449
f 2449 2129 2448
f 2381 252 2382
f 2382 233 2350
f 2350 232 2381
f 2381 2382 2350
f 2382 252 2454
f 2454 284 2453
f 2453 233 2382
f 2382 2454 2453
f 2459 253 2383
f 2383 232 2458
f 2458 285 2459
f 2459 2383 2458
f 2383 253 2384
f 2384 252 2381
f 2381 232 2383
f 2383 2384 2381
f 2466 242 2464
f 2464 286 2467
f 2467 287 2466
f 2466 2464 2467
f 2464 242 2367
f 2367 94 2462
f 2462 286 2464
f 2464 2367 2462
f 2035 71 2089
f 2089 94 2088
f 2088 48 2035
f 2035 2089 2088
f 2089 71 2460
f 2460 286 2462
f 2462 94 2089
f 2089 2460 2462
f 2471 289 2469
f 2469 35 2468
f 2468 288 2471
f 2471 2469 2468
f 2469 289 2470
f 2470 36 1971
f 1971 35 2469
f 2469 2470 1971
f 2473 290 2474
f 2474 104 2108
f 2108 103 2473
f 2473 2474 2108
f 2474 290 2476
f 2476 291 2475
f 2475 104 2474
f 2474 2476 2475
f 2480 293 2478
f 2478 214 2477
f 2477 292 2480
f 2480 2478 2477
f 2478 293 2479
f 2479 215 2309
f 2309 214 2478
f 2478 2479 2309
f 2487 296 2486
f 2486 294 2484
f 2484 295 2487
f 2487 2486 2484
f 2486 296 2490
f 2490 297 2489
f 2489 294 2486
f 2486 2490 2489
f 2496 299 2495
f 2495 297 2492
f 2492 298 2496
f 2496 2495 2492
f 2495 299 2494
f 2494 294 2489
f 2489 297 2495
f 2495 2494 2489
f 2496 298 2500
f 2500 301 2501
f 2501 299 2496
f 2496 2500 2501
f 2500 298 2497
f 2497 300 2502
f 2502 301 2500
f 2500 2497 2502
f 2505 90 2504
f 2504 302 2506
f 2506 303 2505
f 2505 2504 2506
f 2504 90 2077
f 2077 89 2503
f 2503 302 2504
f 2504 2077 2503
f 2507 304 2513
f 2513 306 2512
f 2512 279 2507
f 2507 2513 2512
f 2513 304 2509
f 2509 305 2514
f 2514 306 2513
f 2513 2509 2514
f 2516 307 2517
f 2517 249 2378
f 2378 248 2516
f 2516 2517 2378
f 2517 307 2518
f 2518 272 2426
f 2426 249 2517
f 2517 2518 2426
f 2524 185 2526
f 2526 311 2528
f 2528 310 2524
f 2524 2526 2528
f 2526 185 2259
f 2259 184 2525
f 2525 311 2526
f 2526 2259 2525
f 2529 312 2530
f 2530 144 2188
f 2188 143 2529
f 2529 2530 2188
f 2530 312 2534
f 2534 313 2531
f 2531 144 2530
f 2530 2534 2531
f 2538 316 2537
f 2537 314 2536
f 2536 315 2538
f 2538 2537 2536
f 2537 316 2540
f 2540 317 2539
f 2539 314 2537
f 2537 2540 2539
f 2331 226 2541
f 2545 321 2544
f 2544 319 2543
f 2543 320 2545
f 2545 2544 2543
f 2544 321 2547
f 2547 322 2546
f 2546 319 2544
f 2544 2547 2546
f 2550 167 2549
f 2549 323 2552
f 2552 324 2550
f 2550 2549 2552
f 2549 167 2223
f 2223 166 2548
f 2548 323 2549
f 2549 2223 2548
f 2339 230 2558
f 2558 325 2557
f 2557 159 2339
f 2339 2558 2557
f 2558 230 2344
f 2344 231 2559
f 2559 325 2558
f 2558 2344 2559
f 2563 328 2562
f 2562 326 2561
f 2561 327 2563
f 2563 2562 2561
f 2562 328 2565
f 2565 329 2564
f 2564 326 2562
f 2562 2565 2564
f 2569 332 2568
f 2568 330 2567
f 2567 331 2569
f 2569 2568 2567
f 2568 332 2571
f 2571 333 2570
f 2570 330 2568
f 2568 2571 2570
f 2573 334 2572
f 2572 236 2358
f 2358 239 2573
f 2573 2572 2358
f 2572 334 2575
f 2575 335 2574
f 2574 236 2572
f 2572 2575 2574
f 2578 338 2577
f 2577 336 2576
f 2576 337 2578
f 2578 2577 2576
f 2577 338 2580
f 2580 339 2579
f 2579 336 2577
f 2577 2580 2579
f 2584 262 2581
f 2581 340 2586
f 2586 341 2584
f 2584 2581 2586
f 2581 262 2551
f 2551 324 2583
f 2583 340 2581
f 2581 2551 2583
f 2591 343 2594
f 2594 345 2593
f 2593 342 2591
f 2591 2594 2593
f 2594 343 2592
f 2592 344 2595
f 2595 345 2594
f 2594 2592 2595
f 2599 348 2598
f 2598 346 2597
f 2597 347 2599
f 2599 2598 2597
f 2598 348 2601
f 2601 349 2600
f 2600 346 2598
f 2598 2601 2600
f 2363 240 2361
f 2361 217 2354
f 2354 235 2363
f 2363 2361 2354
f 2361 240 2362
f 2362 219 2321
f 2321 217 2361
f 2361 2362 2321
f 2310 137 2319
f 2319 219 2320
f 2320 216 2310
f 2310 2319 2320
f 2319 137 2316
f 2316 217 2321
f 2321 219 2319
f 2319 2316 2321
f 2310 216 2311
f 2311 138 2182
f 2182 137 2310
f 2310 2311 2182
f 2311 216 2313
f 2313 215 2307
f 2307 138 2311
f 2311 2313 2307
f 2607 352 2606
f 2606 350 2603
f 2603 351 2607
f 2607 2606 2603
f 2606 352 2609
f 2609 353 2608
f 2608 350 2606
f 2606 2609 2608
f 2616 211 2613
f 2613 354 2617
f 2617 355 2616
f 2616 2613 2617
f 2613 211 2302
f 2302 142 2612
f 2612 354 2613
f 2613 2302 2612
f 2620 356 2621
f 2621 142 2187
f 2187 141 2620
f 2620 2621 2187
f 2621 356 2623
f 2623 354 2612
f 2612 142 2621
f 2621 2623 2612
f 2251 181 2252
f 2252 154 2207
f 2207 153 2251
f 2251 2252 2207
f 2252 181 2254
f 2254 180 2246
f 2246 154 2252
f 2252 2254 2246
f 2235 156 2239
f 2239 176 2240
f 2240 175 2235
f 2235 2239 2240
f 2239 156 2208
f 2208 155 2238
f 2238 176 2239
f 2239 2208 2238
f 2625 357 2633
f 2633 359 2630
f 2630 133 2625
f 2625 2633 2630
f 2633 357 2629
f 2629 358 2634
f 2634 359 2633
f 2633 2629 2634
f 2638 360 2637
f 2637 201 2286
f 2286 204 2638
f 2638 2637 2286
f 2637 360 2642
f 2642 361 2641
f 2641 201 2637
f 2637 2642 2641
f 2650 364 2649
f 2649 362 2647
f 2647 363 2650
f 2650 2649 2647
f 2649 364 2653
f 2653 365 2652
f 2652 362 2649
f 2649 2653 2652
f 2657 366 2658
f 2658 363 2647
f 2647 362 2657
f 2657 2658 2647
f 2658 366 2664
f 2664 367 2663
f 2663 363 2658
f 2658 2664 2663
f 2661 367 2660
f 2660 170 2230
f 2230 173 2661
f 2661 2660 2230
f 2660 367 2664
f 2664 366 2655
f 2655 170 2660
f 2660 2664 2655
f 1951 20 2078
f 2078 91 2079
f 2079 21 1951
f 1951 2078 2079
f 2078 20 2081
f 2081 92 2085
f 2085 91 2078
f 2078 2081 2085
f 2669 369 2674
f 2674 371 2673
f 2673 368 2669
f 2669 2674 2673
f 2674 369 2670
f 2670 370 2675
f 2675 371 2674
f 2674 2670 2675
f 2685 374 2684
f 2684 372 2681
f 2681 373 2685
f 2685 2684 2681
f 2684 374 2691
f 2691 375 2690
f 2690 372 2684
f 2684 2691 2690
f 2139 115 2138
f 2138 110 2132
f 2132 112 2139
f 2139 2138 2132
f 2138 115 2450
f 2450 282 2448
f 2448 110 2138
f 2138 2450 2448
f 2701 377 2699
f 2699 8 2694
f 2694 376 2701
f 2701 2699 2694
f 2699 377 2698
f 2698 5 1933
f 1933 8 2699
f 2699 2698 1933
f 2705 378 2702
f 2702 5 2698
f 2698 377 2705
f 2705 2702 2698
f 2702 378 2703
f 2703 116 2141
f 2141 5 2702
f 2702 2703 2141
f 2708 379 2706
f 2706 116 2703
f 2703 378 2708
f 2708 2706 2703
f 2706 379 2707
f 2707 117 2146
f 2146 116 2706
f 2706 2707 2146
f 2216 161 2340
f 2340 230 2339
f 2339 159 2216
f 2216 2340 2339
f 2340 161 2323
f 2323 220 2341
f 2341 230 2340
f 2340 2323 2341
f 2717 382 2716
f 2716 380 2714
f 2714 381 2717
f 2717 2716 2714
f 2716 382 2719
f 2719 383 2718
f 2718 380 2716
f 2716 2719 2718
f 2723 385 2722
f 2722 383 2720
f 2720 384 2723
f 2723 2722 2720
f 2722 385 2721
f 2721 380 2718
f 2718 383 2722
f 2722 2721 2718
f 2695 376 2696
f 2696 26 1960
f 1960 25 2695
f 2695 2696 1960
f 2696 376 2694
f 2694 8 1958
f 1958 26 2696
f 2696 2694 1958
f 2346 4 1929
f 1929 3 2345
f 2345 2346 1929
f 2724 4 2346
f 2149 4 2725
f 2726 119 2149
f 2149 2725 2726
f 2725 4 2724
f 2732 388 2730
f 2730 205 2729
f 2729 387 2732
f 2732 2730 2729
f 2730 388 2731
f 2731 206 2292
f 2292 205 2730
f 2730 2731 2292
f 2736 390 2734
f 2734 387 2733
f 2733 389 2736
f 2736 2734 2733
f 2734 390 2735
f 2735 388 2732
f 2732 387 2734
f 2734 2735 2732
f 2740 392 2746
f 2746 393 2745
f 2745 391 2740
f 2740 2746 2745
f 2746 392 2738
f 2738 328 2744
f 2744 393 2746
f 2746 2738 2744
f 2751 395 2749
f 2749 47 2747
f 2747 394 2751
f 2751 2749 2747
f 2749 395 2750
f 2750 72 2036
f 2036 47 2749
f 2749 2750 2036
f 2755 398 2754
f 2754 396 2752
f 2752 397 2755
f 2755 2754 2752
f 2754 398 2759
f 2759 399 2758
f 2758 396 2754
f 2754 2759 2758
f 2762 305 2761
f 2761 400 2763
f 2763 401 2762
f 2762 2761 2763
f 2761 305 2509
f 2509 304 2760
f 2760 400 2761
f 2761 2509 2760
f 2771 404 2770
f 2770 402 2768
f 2768 403 2771
f 2771 2770 2768
f 2770 404 2775
f 2775 405 2774
f 2774 402 2770
f 2770 2775 2774
f 2779 407 2778
f 2778 269 2776
f 2776 406 2779
f 2779 2778 2776
f 2778 407 2777
f 2777 246 2415
f 2415 269 2778
f 2778 2777 2415
f 2780 409 2783
f 2783 411 2782
f 2782 408 2780
f 2780 2783 2782
f 2783 409 2781
f 2781 410 2784
f 2784 411 2783
f 2783 2781 2784
f 2792 413 2788
f 2788 270 2787
f 2787 412 2792
f 2792 2788 2787
f 2788 413 2789
f 2789 271 2423
f 2423 270 2788
f 2788 2789 2423
f 2798 415 2796
f 2796 89 2793
f 2793 414 2798
f 2798 2796 2793
f 2796 415 2797
f 2797 302 2503
f 2503 89 2796
f 2796 2797 2503
f 2800 416 2801
f 2801 279 2438
f 2438 109 2800
f 2800 2801 2438
f 2801 416 2802
f 2802 304 2507
f 2507 279 2801
f 2801 2802 2507
f 2807 344 2806
f 2806 417 2808
f 2808 418 2807
f 2807 2806 2808
f 2806 344 2592
f 2592 343 2805
f 2805 417 2806
f 2806 2592 2805
f 2810 419 2811
f 2811 418 2808
f 2808 417 2810
f 2810 2811 2808
f 2811 419 2813
f 2813 420 2812
f 2812 418 2811
f 2811 2813 2812
f 2442 281 2443
f 2443 70 2034
f 2034 69 2442
f 2442 2443 2034
f 2443 281 2444
f 2444 78 2049
f 2049 70 2443
f 2443 2444 2049
f 2816 423 2815
f 2815 421 2814
f 2814 422 2816
f 2816 2815 2814
f 2815 423 2818
f 2818 424 2817
f 2817 421 2815
f 2815 2818 2817
f 2822 427 2821
f 2821 425 2820
f 2820 426 2822
f 2822 2821 2820
f 2821 427 2826
f 2826 428 2825
f 2825 425 2821
f 2821 2826 2825
f 2833 431 2832
f 2832 429 2831
f 2831 430 2833
f 2833 2832 2831
f 2832 431 2837
f 2837 432 2836
f 2836 429 2832
f 2832 2837 2836
f 2842 434 2843
f 2843 433 2838
f 2838 430 2842
f 2842 2843 2838
f 2843 434 2847
f 2847 435 2846
f 2846 433 2843
f 2843 2847 2846
f 2841 320 2845
f 2845 435 2847
f 2847 434 2841
f 2841 2845 2847
f 2845 320 2543
f 2543 319 2844
f 2844 435 2845
f 2845 2543 2844
f 2856 438 2855
f 2855 436 2852
f 2852 437 2856
f 2856 2855 2852
f 2855 438 2858
f 2858 439 2857
f 2857 436 2855
f 2855 2858 2857
f 2865 442 2864
f 2864 440 2861
f 2861 441 2865
f 2865 2864 2861
f 2864 442 2869
f 2869 443 2868
f 2868 440 2864
f 2864 2869 2868
f 2877 446 2876
f 2876 444 2873
f 2873 445 2877
f 2877 2876 2873
f 2876 446 2880
f 2880 447 2879
f 2879 444 2876
f 2876 2880 2879
f 2871 445 2872
f 2872 46 1988
f 1988 45 2871
f 2871 2872 1988
f 2872 445 2873
f 2873 444 2870
f 2870 46 2872
f 2872 2873 2870
f 2881 448 2882
f 2882 410 2781
f 2781 409 2881
f 2881 2882 2781
f 2882 448 2884
f 2884 449 2883
f 2883 410 2882
f 2882 2884 2883
f 2890 452 2889
f 2889 450 2888
f 2888 451 2890
f 2890 2889 2888
f 2889 452 2894
f 2894 453 2893
f 2893 450 2889
f 2889 2894 2893
f 2902 456 2901
f 2901 454 2898
f 2898 455 2902
f 2902 2901 2898
f 2901 456 2906
f 2906 457 2905
f 2905 454 2901
f 2901 2906 2905
f 2913 460 2912
f 2912 458 2909
f 2909 459 2913
f 2913 2912 2909
f 2912 460 2919
f 2919 461 2918
f 2918 458 2912
f 2912 2919 2918
f 2921 462 2922
f 2922 210 2301
f 2301 209 2921
f 2921 2922 2301
f 2922 462 2929
f 2929 463 2924
f 2924 210 2922
f 2922 2929 2924
f 2932 408 2930
f 2930 464 2933
f 2933 465 2932
f 2932 2930 2933
f 2930 408 2782
f 2782 411 2931
f 2931 464 2930
f 2930 2782 2931
f 2156 121 2795
f 2795 414 2794
f 2794 120 2156
f 2156 2795 2794
f 2795 121 2934
f 2934 466 2935
f 2935 414 2795
f 2795 2934 2935
f 2937 467 2938
f 2938 158 2212
f 2212 157 2937
f 2937 2938 2212
f 2938 467 2941
f 2941 468 2940
f 2940 158 2938
f 2938 2941 2940
f 2946 85 2942
f 2942 469 2947
f 2947 470 2946
f 2946 2942 2947
f 2942 85 2074
f 2074 88 2943
f 2943 469 2942
f 2942 2074 2943
f 2948 471 2949
f 2949 62 2011
f 2011 61 2948
f 2948 2949 2011
f 2949 471 2953
f 2953 472 2950
f 2950 62 2949
f 2949 2953 2950
f 2501 301 2499
f 2499 30 2493
f 2493 299 2501
f 2501 2499 2493
f 2499 301 2498
f 2498 27 1964
f 1964 30 2499
f 2499 2498 1964
f 2954 473 2955
f 2955 30 1965
f 1965 29 2954
f 2954 2955 1965
f 2955 473 2962
f 2962 474 2957
f 2957 30 2955
f 2955 2962 2957
f 2963 32 2043
f 2043 75 2965
f 2965 475 2963
f 2963 2043 2965
f 2043 32 2045
f 2045 76 2046
f 2046 75 2043
f 2043 2045 2046
f 2957 474 2959
f 2959 299 2493
f 2493 30 2957
f 2957 2959 2493
f 2959 474 2958
f 2958 294 2494
f 2494 299 2959
f 2959 2958 2494
f 2130 10 2134
f 2134 113 2135
f 2135 112 2130
f 2130 2134 2135
f 2134 10 1937
f 1937 6 2133
f 2133 113 2134
f 2134 1937 2133
f 2133 6 2142
f 2142 116 2143
f 2143 113 2133
f 2133 2142 2143
f 2142 6 1930
f 1930 5 2141
f 2141 116 2142
f 2142 1930 2141
f 2728 386 2727
f 2727 118 2150
f 2150 119 2728
f 2728 2727 2150
f 2727 386 2970
f 2970 476 2967
f 2967 118 2727
f 2727 2970 2967
f 2943 88 2481
f 2481 295 2945
f 2945 469 2943
f 2943 2481 2945
f 2481 88 2110
f 2110 105 2482
f 2482 295 2481
f 2481 2110 2482
f 2619 64 2611
f 2611 354 2623
f 2623 356 2619
f 2619 2611 2623
f 2611 64 2015
f 2015 38 2610
f 2610 354 2611
f 2611 2015 2610
f 2614 355 2615
f 2615 38 1975
f 1975 37 2614
f 2614 2615 1975
f 2615 355 2617
f 2617 354 2610
f 2610 38 2615
f 2615 2617 2610
f 2977 478 2976
f 2976 465 2972
f 2972 477 2977
f 2977 2976 2972
f 2976 478 2973
f 2973 408 2932
f 2932 465 2976
f 2976 2973 2932
f 2983 480 2991
f 2991 482 2990
f 2990 479 2983
f 2983 2991 2990
f 2991 480 2988
f 2988 481 2992
f 2992 482 2991
f 2991 2988 2992
f 2996 485 2995
f 2995 483 2993
f 2993 484 2996
f 2996 2995 2993
f 2995 485 3000
f 3000 486 2999
f 2999 483 2995
f 2995 3000 2999
f 3003 489 3002
f 3002 487 3001
f 3001 488 3003
f 3003 3002 3001
f 3002 489 3005
f 3005 490 3004
f 3004 487 3002
f 3002 3005 3004
f 3009 492 3015
f 3015 494 3014
f 3014 491 3009
f 3009 3015 3014
f 3015 492 3012
f 3012 493 3016
f 3016 494 3015
f 3015 3012 3016
f 2347 223 2456
f 2456 285 2458
f 2458 232 2347
f 2347 2456 2458
f 2456 223 2337
f 2337 229 2457
f 2457 285 2456
f 2456 2337 2457
f 3018 225 2330
f 2330 224 3017
f 3017 3018 2330
f 3019 225 3018
f 3026 496 3023
f 3023 95 3020
f 3020 495 3026
f 3026 3023 3020
f 3023 496 3024
f 3024 122 2159
f 2159 95 3023
f 3023 3024 2159
f 2519 267 3027
f 3027 497 3028
f 3028 308 2519
f 2519 3027 3028
f 3008 449 3011
f 3011 493 3012
f 3012 492 3008
f 3008 3011 3012
f 3011 449 2884
f 2884 448 3010
f 3010 493 3011
f 3011 2884 3010
f 3029 224 2349
f 2349 233 3030
f 3030 3029 2349
f 3017 224 3029
f 2036 72 2037
f 2037 48 1989
f 1989 47 2036
f 2036 2037 1989
f 2037 72 2038
f 2038 71 2035
f 2035 48 2037
f 2037 2038 2035
f 3036 499 3034
f 3034 80 3033
f 3033 498 3036
f 3036 3034 3033
f 3034 499 3035
f 3035 81 2057
f 2057 80 3034
f 3034 3035 2057
f 3043 502 3042
f 3042 500 3040
f 3040 501 3043
f 3043 3042 3040
f 3042 502 3046
f 3046 503 3045
f 3045 500 3042
f 3042 3046 3045
f 3051 506 3050
f 3050 504 3048
f 3048 505 3051
f 3051 3050 3048
f 3050 506 3055
f 3055 507 3054
f 3054 504 3050
f 3050 3055 3054
f 3066 509 3062
f 3062 138 3056
f 3056 508 3066
f 3066 3062 3056
f 3062 509 3061
f 3061 50 2181
f 2181 138 3062
f 3062 3061 2181
f 3071 512 3070
f 3070 510 3069
f 3069 511 3071
f 3071 3070 3069
f 3070 512 3073
f 3073 513 3072
f 3072 510 3070
f 3070 3073 3072
f 3077 361 2640
f 2640 194 3075
f 3075 514 3077
f 3077 2640 3075
f 2640 361 2642
f 2642 360 2635
f 2635 194 2640
f 2640 2642 2635
f 2173 131 3079
f 3079 516 3080
f 3080 132 2173
f 2173 3079 3080
f 3079 131 3078
f 3078 515 3081
f 3081 516 3079
f 3079 3078 3081
f 3016 493 3085
f 3085 518 3086
f 3086 494 3016
f 3016 3085 3086
f 3085 493 3084
f 3084 517 3087
f 3087 518 3085
f 3085 3084 3087
f 2293 208 2829
f 2829 429 2827
f 2827 195 2293
f 2293 2829 2827
f 2829 208 2295
f 2295 207 2828
f 2828 429 2829
f 2829 2295 2828
f 2975 457 2903
f 2903 408 2973
f 2973 478 2975
f 2975 2903 2973
f 2903 457 2904
f 2904 409 2780
f 2780 408 2903
f 2903 2904 2780
f 2971 477 3091
f 3091 519 3089
f 3089 459 2971
f 2971 3091 3089
f 3091 477 2972
f 2972 465 3090
f 3090 519 3091
f 3091 2972 3090
f 3095 521 3096
f 3096 520 3092
f 3092 51 3095
f 3095 3096 3092
f 3096 521 3100
f 3100 522 3099
f 3099 520 3096
f 3096 3100 3099
f 2825 428 2823
f 2823 389 2819
f 2819 425 2825
f 2825 2823 2819
f 2823 428 2824
f 2824 390 2736
f 2736 389 2823
f 2823 2824 2736
f 3010 448 3082
f 3082 517 3084
f 3084 493 3010
f 3010 3082 3084
f 3082 448 2900
f 2900 456 3083
f 3083 517 3082
f 3082 2900 3083
f 2417 268 2772
f 2772 405 2773
f 2773 269 2417
f 2417 2772 2773
f 2772 268 2764
f 2764 402 2774
f 2774 405 2772
f 2772 2764 2774
f 3108 523 3105
f 3108 524 3106
f 3106 255 3101
f 3101 523 3108
f 3108 3106 3101
f 2343 3 2554
f 2554 325 2559
f 2559 231 2343
f 2343 2554 2559
f 2554 3 1926
f 1926 2 2553
f 2553 325 2554
f 2554 1926 2553
f 2741 127 2737
f 2737 391 2745
f 2745 393 2741
f 2741 2737 2745
f 2737 127 3111
f 3111 525 3112
f 3112 391 2737
f 2737 3111 3112
f 3117 303 3114
f 3114 526 3120
f 3120 527 3117
f 3117 3114 3120
f 3114 303 2506
f 2506 302 3113
f 3113 526 3114
f 3114 2506 3113
f 3090 465 3124
f 3124 528 3125
f 3125 519 3090
f 3090 3124 3125
f 3124 465 2933
f 2933 464 3123
f 3123 528 3124
f 3124 2933 3123
f 3129 427 3126
f 3126 529 3131
f 3131 530 3129
f 3129 3126 3131
f 3126 427 2867
f 2867 443 3128
f 3128 529 3126
f 3126 2867 3128
f 3121 188 3088
f 3088 519 3125
f 3125 528 3121
f 3121 3088 3125
f 3088 188 3133
f 3133 531 3137
f 3137 519 3088
f 3088 3133 3137
f 3144 451 3140
f 3140 532 3145
f 3145 533 3144
f 3144 3140 3145
f 3140 451 2888
f 2888 450 3139
f 3139 532 3140
f 3140 2888 3139
f 3167 540 3166
f 3170 540 3167
f 3150 534 3147
f 3147 322 3148
f 3148 535 3150
f 3150 3147 3148
f 3147 534 3146
f 3146 319 2546
f 2546 322 3147
f 3147 3146 2546
f 2879 447 3159
f 3159 538 3158
f 3158 444 2879
f 2879 3159 3158
f 3159 447 3160
f 3160 539 3161
f 3161 538 3159
f 3159 3160 3161
f 1987 46 3169
f 3169 541 3168
f 3168 43 1987
f 1987 3169 3168
f 3169 46 3162
f 3162 540 3170
f 3170 541 3169
f 3169 3162 3170
f 3173 389 3172
f 3172 542 3175
f 3175 543 3173
f 3173 3172 3175
f 3172 389 2733
f 2733 387 3171
f 3171 542 3172
f 3172 2733 3171
f 3176 425 3174
f 3174 543 3178
f 3178 544 3176
f 3176 3174 3178
f 3174 425 2819
f 2819 389 3173
f 3173 543 3174
f 3174 2819 3173
f 3157 537 3156
f 3156 435 3153
f 3153 536 3157
f 3157 3156 3153
f 3156 537 3155
f 3155 433 2846
f 2846 435 3156
f 3156 3155 2846
f 3184 546 3187
f 3186 545 3184
f 3184 3187 3186
f 3187 546 3185
f 3190 545 3191
f 3192 547 3190
f 3190 3191 3192
f 3191 545 3186
f 3179 542 3197
f 2861 440 3188
f 3188 547 3189
f 3189 441 2861
f 2861 3188 3189
f 3188 440 3180
f 3180 545 3190
f 3190 547 3188
f 3188 3180 3190
f 3171 387 3195
f 3195 548 3197
f 3197 542 3171
f 3171 3195 3197
f 3195 387 2729
f 2729 205 3194
f 3194 548 3195
f 3195 2729 3194
f 3181 546 3182
f 3182 440 2859
f 2859 426 3181
f 3181 3182 2859
f 3182 546 3184
f 3184 545 3180
f 3180 440 3182
f 3182 3184 3180
f 2857 439 3199
f 3199 549 3198
f 3198 436 2857
f 2857 3199 3198
f 3199 439 3201
f 3201 550 3204
f 3204 549 3199
f 3199 3201 3204
f 3215 552 3216
f 3216 539 3160
f 3160 447 3215
f 3215 3216 3160
f 3216 552 3217
f 3217 551 3209
f 3209 539 3216
f 3216 3217 3209
f 3208 551 3207
f 3207 433 3155
f 3155 537 3208
f 3208 3207 3155
f 3207 551 3217
f 3217 552 3214
f 3214 433 3207
f 3207 3217 3214
f 2844 319 3152
f 3152 536 3153
f 3153 435 2844
f 2844 3152 3153
f 3152 319 3146
f 3146 534 3154
f 3154 536 3152
f 3152 3146 3154
f 3176 544 3177
f 3177 426 2820
f 2820 425 3176
f 3176 3177 2820
f 3177 544 3183
f 3183 546 3181
f 3181 426 3177
f 3177 3183 3181
f 2289 43 3193
f 3193 548 3194
f 3194 205 2289
f 2289 3193 3194
f 3193 43 3168
f 3168 541 3196
f 3196 548 3193
f 3193 3168 3196
f 3164 540 3163
f 3163 444 3158
f 3158 538 3164
f 3164 3163 3158
f 3163 540 3162
f 3162 46 2870
f 2870 444 3163
f 3163 3162 2870
f 3164 538 3165
f 3166 540 3164
f 3164 3165 3166
f 3218 312 3223
f 3223 555 3224
f 3224 553 3218
f 3218 3223 3224
f 3223 312 3222
f 3222 554 3225
f 3225 555 3223
f 3223 3222 3225
f 3227 556 3226
f 3226 35 2012
f 2012 63 3227
f 3227 3226 2012
f 3226 556 3228
f 3228 288 2468
f 2468 35 3226
f 3226 3228 2468
f 3238 296 3235
f 3235 557 3240
f 3240 558 3238
f 3238 3235 3240
f 3235 296 2485
f 2485 107 3234
f 3234 557 3235
f 3235 2485 3234
f 3243 559 3244
f 3244 468 2941
f 2941 467 3243
f 3243 3244 2941
f 3244 559 3248
f 3248 560 3247
f 3247 468 3244
f 3244 3248 3247
f 3249 561 3250
f 3250 99 2096
f 2096 98 3249
f 3249 3250 2096
f 3250 561 3258
f 3258 562 3253
f 3253 99 3250
f 3250 3258 3253
f 2910 196 2914
f 2914 461 2919
f 2919 460 2910
f 2910 2914 2919
f 2914 196 2835
f 2835 432 2915
f 2915 461 2914
f 2914 2835 2915
f 2874 446 2875
f 2875 432 2837
f 2837 431 2874
f 2874 2875 2837
f 2875 446 2917
f 2917 461 2915
f 2915 432 2875
f 2875 2917 2915
f 2952 472 3261
f 3261 563 3259
f 3259 300 2952
f 2952 3261 3259
f 3261 472 2953
f 2953 471 3260
f 3260 563 3261
f 3261 2953 3260
f 3115 365 3119
f 3119 527 3120
f 3120 526 3115
f 3115 3119 3120
f 3119 365 2653
f 2653 364 3118
f 3118 527 3119
f 3119 2653 3118
f 3208 537 3210
f 3211 551 3208
f 3208 3210 3211
f 3229 298 2491
f 2491 288 3228
f 3228 556 3229
f 3229 2491 3228
f 2491 298 2492
f 2492 297 2488
f 2488 288 2491
f 2491 2492 2488
f 2776 269 3262
f 3262 564 3264
f 3264 406 2776
f 2776 3262 3264
f 3262 269 2773
f 2773 405 3263
f 3263 564 3262
f 3262 2773 3263
f 3269 566 3268
f 3268 407 3265
f 3265 565 3269
f 3269 3268 3265
f 3268 566 3266
f 3266 246 2777
f 2777 407 3268
f 3268 3266 2777
f 3272 569 3271
f 3271 567 3270
f 3270 568 3272
f 3272 3271 3270
f 3271 569 3274
f 3274 570 3273
f 3273 567 3271
f 3271 3274 3273
f 3276 569 3275
f 3275 571 3278
f 3278 572 3276
f 3276 3275 3278
f 3275 569 3280
f 3280 573 3281
f 3281 571 3275
f 3275 3280 3281
f 3282 575 3288
f 3288 577 3287
f 3287 574 3282
f 3282 3288 3287
f 3288 575 3284
f 3284 576 3289
f 3289 577 3288
f 3288 3284 3289
f 3292 576 3290
f 3290 578 3293
f 3293 579 3292
f 3292 3290 3293
f 3290 576 3294
f 3294 580 3295
f 3295 578 3290
f 3290 3294 3295
f 3296 581 3297
f 3297 579 3293
f 3293 578 3296
f 3296 3297 3293
f 3297 581 3301
f 3301 582 3300
f 3300 579 3297
f 3297 3301 3300
f 3302 583 3303
f 3303 582 3301
f 3301 581 3302
f 3302 3303 3301
f 3303 583 3307
f 3307 584 3306
f 3306 582 3303
f 3303 3307 3306
f 3310 585 3309
f 3309 285 3305
f 3305 584 3310
f 3310 3309 3305
f 3309 585 3308
f 3308 253 2459
f 2459 285 3309
f 3309 3308 2459
f 3313 586 3311
f 3311 253 3308
f 3308 585 3313
f 3313 3311 3308
f 3311 586 3312
f 3312 254 2386
f 2386 253 3311
f 3311 3312 2386
f 3323 589 3322
f 3322 587 3320
f 3320 588 3323
f 3323 3322 3320
f 3322 589 3321
f 3321 497 3316
f 3316 587 3322
f 3322 3321 3316
f 3329 591 3327
f 3327 308 3324
f 3324 590 3329
f 3329 3327 3324
f 3327 591 3328
f 3328 309 2521
f 2521 308 3327
f 3327 3328 2521
f 3335 593 3333
f 3333 250 3330
f 3330 592 3335
f 3335 3333 3330
f 3333 593 3334
f 3334 251 2379
f 2379 250 3333
f 3333 3334 2379
f 3337 594 3336
f 3336 251 3334
f 3334 593 3337
f 3337 3336 3334
f 3336 594 3339
f 3339 595 3338
f 3338 251 3336
f 3336 3339 3338
f 3109 8 3341
f 3341 596 3344
f 3344 525 3109
f 3109 3341 3344
f 3341 8 1934
f 1934 7 3340
f 3340 596 3341
f 3341 1934 3340
f 3345 160 3351
f 3351 599 3352
f 3352 597 3345
f 3345 3351 3352
f 3351 160 3349
f 3349 598 3353
f 3353 599 3351
f 3351 3349 3353
f 3364 602 3363
f 3363 600 3361
f 3361 601 3364
f 3364 3363 3361
f 3363 602 3368
f 3368 603 3367
f 3367 600 3363
f 3363 3368 3367
f 3369 164 3372
f 3372 605 3373
f 3373 604 3369
f 3369 3372 3373
f 3372 164 2220
f 2220 163 3371
f 3371 605 3372
f 3372 2220 3371
f 3375 606 3374
f 3374 597 3352
f 3352 599 3375
f 3375 3374 3352
f 3374 606 3376
f 3376 604 3370
f 3370 597 3374
f 3374 3376 3370
f 3383 608 3380
f 3380 164 3377
f 3377 607 3383
f 3383 3380 3377
f 3380 608 3381
f 3381 165 2222
f 2222 164 3380
f 3380 3381 2222
f 3389 611 3388
f 3388 609 3387
f 3387 610 3389
f 3389 3388 3387
f 3388 611 3392
f 3392 612 3391
f 3391 609 3388
f 3388 3392 3391
f 3399 615 3398
f 3398 613 3397
f 3397 614 3399
f 3399 3398 3397
f 3398 615 3403
f 3403 616 3402
f 3402 613 3398
f 3398 3403 3402
f 3409 619 3408
f 3408 617 3407
f 3407 618 3409
f 3409 3408 3407
f 3408 619 3411
f 3411 620 3410
f 3410 617 3408
f 3408 3411 3410
f 3414 614 3396
f 3396 330 3412
f 3412 621 3414
f 3414 3396 3412
f 3396 614 3397
f 3397 613 3394
f 3394 330 3396
f 3396 3397 3394
f 3416 340 2582
f 2582 323 3415
f 3415 622 3416
f 3416 2582 3415
f 2582 340 2583
f 2583 324 2552
f 2552 323 2582
f 2582 2583 2552
f 3422 624 3421
f 3421 486 3418
f 3418 623 3422
f 3422 3421 3418
f 3421 624 3420
f 3420 483 2999
f 2999 486 3421
f 3421 3420 2999
f 3424 516 3427
f 3427 627 3428
f 3428 625 3424
f 3424 3427 3428
f 3427 516 3426
f 3426 626 3429
f 3429 627 3427
f 3427 3426 3429
f 3434 629 3433
f 3433 132 3430
f 3430 628 3434
f 3434 3433 3430
f 3433 629 3432
f 3432 129 2171
f 2171 132 3433
f 3433 3432 2171
f 3441 631 3440
f 3440 521 3437
f 3437 630 3441
f 3441 3440 3437
f 3440 631 3446
f 3446 632 3444
f 3444 521 3440
f 3440 3446 3444
f 3451 635 3450
f 3450 633 3447
f 3447 634 3451
f 3451 3450 3447
f 3450 635 3455
f 3455 636 3454
f 3454 633 3450
f 3450 3455 3454
f 3458 327 3385
f 3385 609 3459
f 3459 637 3458
f 3458 3385 3459
f 3385 327 2561
f 2561 326 3384
f 3384 609 3385
f 3385 2561 3384
f 3405 618 3406
f 3406 53 1995
f 1995 52 3405
f 3405 3406 1995
f 3406 618 3407
f 3407 617 3404
f 3404 53 3406
f 3406 3407 3404
f 3465 640 3464
f 3464 638 3463
f 3463 639 3465
f 3465 3464 3463
f 3464 640 3468
f 3468 641 3467
f 3467 638 3464
f 3464 3468 3467
f 3471 643 3475
f 3475 645 3474
f 3474 642 3471
f 3471 3475 3474
f 3475 643 3472
f 3472 644 3476
f 3476 645 3475
f 3475 3472 3476
f 3454 636 3478
f 3478 646 3477
f 3477 633 3454
f 3454 3478 3477
f 3478 636 3480
f 3480 647 3481
f 3481 646 3478
f 3478 3480 3481
f 2883 449 3094
f 3094 520 3093
f 3093 410 2883
f 2883 3094 3093
f 3094 449 3484
f 3484 648 3486
f 3486 520 3094
f 3094 3484 3486
f 3486 648 3482
f 3482 51 3092
f 3092 520 3486
f 3486 3482 3092
f 3482 648 3483
f 3483 52 1994
f 1994 51 3482
f 3482 3483 1994
f 3493 651 3492
f 3492 649 3490
f 3490 650 3493
f 3493 3492 3490
f 3492 651 3495
f 3495 652 3494
f 3494 649 3492
f 3492 3495 3494
f 3077 514 3504
f 3504 654 3503
f 3503 361 3077
f 3077 3504 3503
f 3504 514 3499
f 3499 653 3505
f 3505 654 3504
f 3504 3499 3505
f 3510 654 3501
f 3501 97 3506
f 3506 655 3510
f 3510 3501 3506
f 3501 654 3502
f 3502 98 2095
f 2095 97 3501
f 3501 3502 2095
f 2650 363 2645
f 2645 99 2648
f 2648 364 2650
f 2650 2645 2648
f 2645 363 2646
f 2646 100 2099
f 2099 99 2645
f 2645 2646 2099
f 2232 172 2631
f 2631 359 2632
f 2632 173 2232
f 2232 2631 2632
f 2631 172 3513
f 3513 656 3514
f 3514 359 2631
f 2631 3513 3514
f 3514 656 3511
f 3511 133 2630
f 2630 359 3514
f 3514 3511 2630
f 3511 656 3512
f 3512 134 2174
f 2174 133 3511
f 3511 3512 2174
f 2992 481 2984
f 2984 135 2989
f 2989 482 2992
f 2992 2984 2989
f 2984 481 2985
f 2985 136 2178
f 2178 135 2984
f 2984 2985 2178
f 3117 527 3141
f 3141 532 3138
f 3138 303 3117
f 3117 3141 3138
f 3141 527 3255
f 3255 562 3256
f 3256 532 3141
f 3141 3255 3256
f 2663 367 2659
f 2659 100 2646
f 2646 363 2663
f 2663 2659 2646
f 2659 367 2662
f 2662 358 2627
f 2627 100 2659
f 2659 2662 2627
f 2627 358 2626
f 2626 97 2097
f 2097 100 2627
f 2627 2626 2097
f 2626 358 2629
f 2629 357 2624
f 2624 97 2626
f 2626 2629 2624
f 2641 361 3509
f 3509 655 3507
f 3507 201 2641
f 2641 3509 3507
f 3509 361 3503
f 3503 654 3510
f 3510 655 3509
f 3509 3503 3510
f 2284 201 3517
f 3517 657 3518
f 3518 202 2284
f 2284 3517 3518
f 3517 201 3507
f 3507 655 3520
f 3520 657 3517
f 3517 3507 3520
f 2661 173 2628
f 2628 358 2662
f 2662 367 2661
f 2661 2628 2662
f 2628 173 2632
f 2632 359 2634
f 2634 358 2628
f 2628 2632 2634
f 3123 464 3524
f 3524 658 3525
f 3525 528 3123
f 3123 3524 3525
f 3524 464 3528
f 3528 659 3531
f 3531 658 3524
f 3524 3528 3531
f 3521 658 3522
f 3522 451 2887
f 2887 189 3521
f 3521 3522 2887
f 3522 658 3523
f 3523 452 2890
f 2890 451 3522
f 3522 3523 2890
f 2080 90 2891
f 2891 453 2892
f 2892 91 2080
f 2080 2891 2892
f 2891 90 2885
f 2885 450 2893
f 2893 453 2891
f 2891 2885 2893
f 3532 660 3533
f 3533 652 3495
f 3495 651 3532
f 3532 3533 3495
f 3533 660 3535
f 3535 661 3534
f 3534 652 3533
f 3533 3535 3534
f 3436 630 3435
f 3435 51 1996
f 1996 54 3436
f 3436 3435 1996
f 3435 630 3437
f 3437 521 3095
f 3095 51 3435
f 3435 3437 3095
f 2784 410 3097
f 3097 522 3098
f 3098 411 2784
f 2784 3097 3098
f 3097 410 3093
f 3093 520 3099
f 3099 522 3097
f 3097 3093 3099
f 3121 528 3122
f 3122 189 2264
f 2264 188 3121
f 3121 3122 2264
f 3122 528 3525
f 3525 658 3521
f 3521 189 3122
f 3122 3525 3521
f 2505 303 2886
f 2886 450 2885
f 2885 90 2505
f 2505 2886 2885
f 2886 303 3138
f 3138 532 3139
f 3139 450 2886
f 2886 3138 3139
f 3118 364 3254
f 3254 562 3255
f 3255 527 3118
f 3118 3254 3255
f 3254 364 2648
f 2648 99 3253
f 3253 562 3254
f 3254 2648 3253
f 3009 491 3537
f 3537 662 3538
f 3538 492 3009
f 3009 3537 3538
f 3537 491 3542
f 3542 663 3545
f 3545 662 3537
f 3537 3542 3545
f 3545 663 3543
f 3543 618 3539
f 3539 662 3545
f 3545 3543 3539
f 3543 663 3544
f 3544 619 3409
f 3409 618 3543
f 3543 3544 3409
f 2931 411 3526
f 3526 659 3528
f 3528 464 2931
f 2931 3526 3528
f 3526 411 3098
f 3098 522 3529
f 3529 659 3526
f 3526 3098 3529
f 3550 665 3548
f 3548 190 3546
f 3546 664 3550
f 3550 3548 3546
f 3548 665 3555
f 3555 666 3551
f 3551 190 3548
f 3548 3555 3551
f 3549 634 3554
f 3554 666 3555
f 3555 665 3549
f 3549 3554 3555
f 3554 634 3447
f 3447 633 3553
f 3553 666 3554
f 3554 3447 3553
f 3556 130 3560
f 3560 668 3565
f 3565 667 3556
f 3556 3560 3565
f 3560 130 3449
f 3449 635 3563
f 3563 668 3560
f 3560 3449 3563
f 3008 492 3485
f 3485 648 3484
f 3484 449 3008
f 3008 3485 3484
f 3485 492 3538
f 3538 662 3540
f 3540 648 3485
f 3485 3538 3540
f 3540 662 3536
f 3536 52 3483
f 3483 648 3540
f 3540 3536 3483
f 3536 662 3539
f 3539 618 3405
f 3405 52 3536
f 3536 3539 3405
f 3489 650 3568
f 3568 669 3566
f 3566 610 3489
f 3489 3568 3566
f 3568 650 3490
f 3490 649 3567
f 3567 669 3568
f 3568 3490 3567
f 3003 488 3571
f 3571 671 3572
f 3572 489 3003
f 3003 3571 3572
f 3571 488 3569
f 3569 670 3577
f 3577 671 3571
f 3571 3569 3577
f 3570 639 3575
f 3575 671 3577
f 3577 670 3570
f 3570 3575 3577
f 3575 639 3463
f 3463 638 3574
f 3574 671 3575
f 3575 3463 3574
f 3585 674 3584
f 3584 672 3582
f 3582 673 3585
f 3585 3584 3582
f 3584 674 3589
f 3589 675 3588
f 3588 672 3584
f 3584 3589 3588
f 3590 676 3591
f 3591 424 2818
f 2818 423 3590
f 3590 3591 2818
f 3591 676 3595
f 3595 677 3592
f 3592 424 3591
f 3591 3595 3592
f 3598 673 3601
f 3601 679 3602
f 3602 678 3598
f 3598 3601 3602
f 3601 673 3582
f 3582 672 3600
f 3600 679 3601
f 3601 3582 3600
f 3551 666 3552
f 3552 191 2265
f 2265 190 3551
f 3551 3552 2265
f 3552 666 3606
f 3606 680 3603
f 3603 191 3552
f 3552 3606 3603
f 3605 680 3604
f 3604 633 3477
f 3477 646 3605
f 3605 3604 3477
f 3604 680 3606
f 3606 666 3553
f 3553 633 3604
f 3604 3606 3553
f 3432 629 3453
f 3453 636 3452
f 3452 129 3432
f 3432 3453 3452
f 3453 629 3479
f 3479 647 3480
f 3480 636 3453
f 3453 3479 3480
f 3613 682 3614
f 3614 681 3608
f 3608 392 3613
f 3613 3614 3608
f 3614 682 3619
f 3619 683 3618
f 3618 681 3614
f 3614 3619 3618
f 3622 684 3623
f 3623 661 3535
f 3535 660 3622
f 3622 3623 3535
f 3623 684 3628
f 3628 685 3627
f 3627 661 3623
f 3623 3628 3627
f 3625 21 3629
f 3629 686 3633
f 3633 685 3625
f 3625 3629 3633
f 3629 21 2079
f 2079 91 3630
f 3630 686 3629
f 3629 2079 3630
f 3439 631 3438
f 3438 91 2892
f 2892 453 3439
f 3439 3438 2892
f 3438 631 3632
f 3632 686 3630
f 3630 91 3438
f 3438 3632 3630
f 3442 632 3443
f 3443 453 2894
f 2894 452 3442
f 3442 3443 2894
f 3443 632 3446
f 3446 631 3439
f 3439 453 3443
f 3443 3446 3439
f 2683 374 2682
f 2682 7 1936
f 1936 9 2683
f 2683 2682 1936
f 2682 374 3343
f 3343 596 3340
f 3340 7 2682
f 2682 3343 3340
f 2679 370 3634
f 3634 687 3635
f 3635 373 2679
f 2679 3634 3635
f 3634 370 3611
f 3611 682 3639
f 3639 687 3634
f 3634 3611 3639
f 3620 684 3621
f 3621 369 2668
f 2668 22 3620
f 3620 3621 2668
f 3621 684 3624
f 3624 683 3615
f 3615 369 3621
f 3621 3624 3615
f 3444 632 3445
f 3445 522 3100
f 3100 521 3444
f 3444 3445 3100
f 3445 632 3530
f 3530 659 3529
f 3529 522 3445
f 3445 3530 3529
f 3531 659 3527
f 3527 452 3523
f 3523 658 3531
f 3531 3527 3523
f 3527 659 3530
f 3530 632 3442
f 3442 452 3527
f 3527 3530 3442
f 3497 186 3251
f 3251 561 3500
f 3500 653 3497
f 3497 3251 3500
f 3251 186 3142
f 3142 533 3252
f 3252 561 3251
f 3251 3142 3252
f 3249 98 3496
f 3496 653 3500
f 3500 561 3249
f 3249 3496 3500
f 3496 98 3502
f 3502 654 3505
f 3505 653 3496
f 3496 3502 3505
f 3520 655 3508
f 3508 357 3519
f 3519 657 3520
f 3520 3508 3519
f 3508 655 3506
f 3506 97 2624
f 2624 357 3508
f 3508 3506 2624
f 2625 133 3515
f 3515 657 3519
f 3519 357 2625
f 2625 3515 3519
f 3515 133 2176
f 2176 136 3516
f 3516 657 3515
f 3515 2176 3516
f 3516 136 2283
f 2283 202 3518
f 3518 657 3516
f 3516 2283 3518
f 2283 136 2985
f 2985 481 2986
f 2986 202 2283
f 2283 2985 2986
f 2986 481 2987
f 2987 203 2285
f 2285 202 2986
f 2986 2987 2285
f 2987 481 2988
f 2988 480 2979
f 2979 203 2987
f 2987 2988 2979
f 2923 462 2982
f 2982 480 2980
f 2980 348 2923
f 2923 2982 2980
f 2982 462 2920
f 2920 203 2979
f 2979 480 2982
f 2982 2920 2979
f 2849 321 2596
f 2596 347 2851
f 2851 437 2849
f 2849 2596 2851
f 2596 321 2926
f 2926 463 2927
f 2927 347 2596
f 2596 2926 2927
f 3200 535 3149
f 3149 436 3198
f 3198 549 3200
f 3200 3149 3198
f 3149 535 3148
f 3148 322 2848
f 2848 436 3149
f 3149 3148 2848
f 3151 535 3200
f 3643 689 3644
f 3644 688 3641
f 3641 664 3643
f 3643 3644 3641
f 3644 689 3648
f 3648 690 3647
f 3647 688 3644
f 3644 3648 3647
f 3649 691 3650
f 3650 438 2853
f 2853 346 3649
f 3649 3650 2853
f 3650 691 3651
f 3651 442 2862
f 2862 438 3650
f 3650 3651 2862
f 3203 550 3202
f 3202 441 3189
f 3189 547 3203
f 3203 3202 3189
f 3202 550 3201
f 3201 439 2860
f 2860 441 3202
f 3202 3201 2860
f 3205 547 3192
f 3206 550 3203
f 3203 547 3205
f 3205 3206 3203
f 3655 115 3654
f 3654 692 3657
f 3657 693 3655
f 3655 3654 3657
f 3654 115 2140
f 2140 114 3653
f 3653 692 3654
f 3654 2140 3653
f 3668 695 3663
f 3663 44 3658
f 3658 694 3668
f 3668 3663 3658
f 3663 695 3664
f 3664 45 1986
f 1986 44 3663
f 3663 3664 1986
f 3660 694 3659
f 3659 206 2895
f 2895 454 3660
f 3660 3659 2895
f 3659 694 3658
f 3658 44 2291
f 2291 206 3659
f 3659 3658 2291
f 2924 463 2925
f 2925 320 2542
f 2542 210 2924
f 2924 2925 2542
f 2925 463 2926
f 2926 321 2545
f 2545 320 2925
f 2925 2926 2545
f 2895 206 2896
f 2896 455 2898
f 2898 454 2895
f 2895 2896 2898
f 2896 206 2731
f 2731 388 2897
f 2897 455 2896
f 2896 2731 2897
f 2897 388 3669
f 3669 696 3672
f 3672 455 2897
f 2897 3669 3672
f 3669 388 2735
f 2735 390 3670
f 3670 696 3669
f 3669 2735 3670
f 3675 428 3130
f 3130 530 3678
f 3678 697 3675
f 3675 3130 3678
f 3130 428 2826
f 2826 427 3129
f 3129 530 3130
f 3130 2826 3129
f 3214 552 3212
f 3212 430 2838
f 2838 433 3214
f 3214 3212 2838
f 3212 552 3213
f 3213 431 2833
f 2833 430 3212
f 3212 3213 2833
f 2828 207 2830
f 2830 430 2831
f 2831 429 2828
f 2828 2830 2831
f 2830 207 2839
f 2839 434 2842
f 2842 430 2830
f 2830 2839 2842
f 2300 210 2840
f 2840 434 2839
f 2839 207 2300
f 2300 2840 2839
f 2840 210 2542
f 2542 320 2841
f 2841 434 2840
f 2840 2542 2841
f 2853 438 2854
f 2854 347 2597
f 2597 346 2853
f 2853 2854 2597
f 2854 438 2856
f 2856 437 2851
f 2851 347 2854
f 2854 2856 2851
f 3652 529 3127
f 3127 442 3651
f 3651 691 3652
f 3652 3127 3651
f 3127 529 3128
f 3128 443 2869
f 2869 442 3127
f 3127 3128 2869
f 2918 461 2916
f 2916 445 2908
f 2908 458 2918
f 2918 2916 2908
f 2916 461 2917
f 2917 446 2877
f 2877 445 2916
f 2916 2917 2877
f 3665 458 2907
f 2907 45 3664
f 3664 695 3665
f 3665 2907 3664
f 2907 458 2908
f 2908 445 2871
f 2871 45 2907
f 2907 2908 2871
f 3679 696 3671
f 3671 428 3675
f 3675 697 3679
f 3679 3671 3675
f 3671 696 3670
f 3670 390 2824
f 2824 428 3671
f 3671 3670 2824
f 2868 443 2866
f 2866 426 2859
f 2859 440 2868
f 2868 2866 2859
f 2866 443 2867
f 2867 427 2822
f 2822 426 2866
f 2866 2867 2822
f 3215 447 2878
f 2878 431 3213
f 3213 552 3215
f 3215 2878 3213
f 2878 447 2880
f 2880 446 2874
f 2874 431 2878
f 2878 2880 2874
f 2848 322 2850
f 2850 437 2852
f 2852 436 2848
f 2848 2850 2852
f 2850 322 2547
f 2547 321 2849
f 2849 437 2850
f 2850 2547 2849
f 2860 439 2863
f 2863 442 2865
f 2865 441 2860
f 2860 2863 2865
f 2863 439 2858
f 2858 438 2862
f 2862 442 2863
f 2863 2858 2862
f 2836 432 2834
f 2834 195 2827
f 2827 429 2836
f 2836 2834 2827
f 2834 432 2835
f 2835 196 2272
f 2272 195 2834
f 2834 2835 2272
f 2638 204 2294
f 2294 208 2639
f 2639 360 2638
f 2638 2294 2639
f 2294 204 2297
f 2297 209 2299
f 2299 208 2294
f 2294 2297 2299
f 2978 349 2981
f 2981 480 2983
f 2983 479 2978
f 2978 2981 2983
f 2981 349 2601
f 2601 348 2980
f 2980 480 2981
f 2981 2601 2980
f 2881 409 2899
f 2899 456 2900
f 2900 448 2881
f 2881 2899 2900
f 2899 409 2904
f 2904 457 2906
f 2906 456 2899
f 2899 2904 2906
f 3137 531 3135
f 3135 459 3089
f 3089 519 3137
f 3137 3135 3089
f 3135 531 3136
f 3136 460 2913
f 2913 459 3135
f 3135 3136 2913
f 2288 203 2296
f 2296 209 2297
f 2297 204 2288
f 2288 2296 2297
f 2296 203 2920
f 2920 462 2921
f 2921 209 2296
f 2296 2920 2921
f 3668 694 3661
f 3661 477 3667
f 3667 695 3668
f 3668 3661 3667
f 3661 694 3662
f 3662 478 2977
f 2977 477 3661
f 3661 3662 2977
f 3679 697 3676
f 3676 517 3674
f 3674 696 3679
f 3679 3676 3674
f 3676 697 3677
f 3677 518 3087
f 3087 517 3676
f 3676 3677 3087
f 2635 360 2636
f 2636 195 2270
f 2270 194 2635
f 2635 2636 2270
f 2636 360 2639
f 2639 208 2293
f 2293 195 2636
f 2636 2639 2293
f 3660 454 2974
f 2974 478 3662
f 3662 694 3660
f 3660 2974 3662
f 2974 454 2905
f 2905 457 2975
f 2975 478 2974
f 2974 2905 2975
f 3665 695 3666
f 3666 459 2909
f 2909 458 3665
f 3665 3666 2909
f 3666 695 3667
f 3667 477 2971
f 2971 459 3666
f 3666 3667 2971
f 3672 696 3673
f 3673 456 2902
f 2902 455 3672
f 3672 3673 2902
f 3673 696 3674
f 3674 517 3083
f 3083 456 3673
f 3673 3674 3083
f 3134 197 2911
f 2911 460 3136
f 3136 531 3134
f 3134 2911 3136
f 2911 197 2275
f 2275 196 2910
f 2910 460 2911
f 2911 2275 2910
f 2927 463 2928
f 2928 348 2599
f 2599 347 2927
f 2927 2928 2599
f 2928 463 2929
f 2929 462 2923
f 2923 348 2928
f 2928 2929 2923
f 3682 698 3680
f 3680 274 2766
f 2766 403 3682
f 3682 3680 2766
f 3680 698 3681
f 3681 275 2431
f 2431 274 3680
f 3680 3681 2431
f 3689 353 3687
f 3687 699 3692
f 3692 700 3689
f 3689 3687 3692
f 3687 353 2609
f 2609 352 3686
f 3686 699 3687
f 3687 2609 3686
f 2524 310 3694
f 3694 701 3693
f 3693 185 2524
f 2524 3694 3693
f 3694 310 3696
f 3696 702 3701
f 3701 701 3694
f 3694 3696 3701
f 3058 293 2602
f 2602 351 3059
f 3059 508 3058
f 3058 2602 3059
f 2602 293 2605
f 2605 352 2607
f 2607 351 2602
f 2602 2605 2607
f 3703 703 3704
f 3704 505 3048
f 3048 504 3703
f 3703 3704 3048
f 3704 703 3710
f 3710 704 3709
f 3709 505 3704
f 3704 3710 3709
f 2756 399 2757
f 2757 274 2429
f 2429 273 2756
f 2756 2757 2429
f 2757 399 2759
f 2759 398 2753
f 2753 274 2757
f 2757 2759 2753
f 3712 705 3713
f 3713 501 3040
f 3040 500 3712
f 3712 3713 3040
f 3713 705 3717
f 3717 706 3716
f 3716 501 3713
f 3713 3717 3716
f 3721 707 3722
f 3722 501 3039
f 3039 498 3721
f 3721 3722 3039
f 3722 707 3723
f 3723 502 3043
f 3043 501 3722
f 3722 3723 3043
f 3063 509 3064
f 3064 505 3047
f 3047 394 3063
f 3063 3064 3047
f 3064 509 3065
f 3065 506 3051
f 3051 505 3064
f 3064 3065 3051
f 3052 507 3053
f 3053 351 2603
f 2603 350 3052
f 3052 3053 2603
f 3053 507 3055
f 3055 506 3049
f 3049 351 3053
f 3053 3055 3049
f 3735 710 3734
f 3734 708 3730
f 3730 709 3735
f 3735 3734 3730
f 3734 710 3741
f 3741 711 3740
f 3740 708 3734
f 3734 3741 3740
f 3742 712 3743
f 3743 701 3695
f 3695 337 3742
f 3742 3743 3695
f 3743 712 3747
f 3747 713 3746
f 3746 701 3743
f 3743 3747 3746
f 3054 507 3751
f 3751 714 3750
f 3750 504 3054
f 3054 3751 3750
f 3751 507 3755
f 3755 715 3756
f 3756 714 3751
f 3751 3755 3756
f 3689 700 3760
f 3760 716 3758
f 3758 353 3689
f 3689 3760 3758
f 3760 700 3764
f 3764 717 3765
f 3765 716 3760
f 3760 3764 3765
f 3776 719 3773
f 3773 511 3770
f 3770 718 3776
f 3776 3773 3770
f 3773 719 3774
f 3774 512 3071
f 3071 511 3773
f 3773 3774 3071
f 3785 721 3786
f 3786 720 3779
f 3779 475 3785
f 3785 3786 3779
f 3786 721 3781
f 3781 277 3778
f 3778 720 3786
f 3786 3781 3778
f 3703 504 3788
f 3788 722 3789
f 3789 703 3703
f 3703 3788 3789
f 3788 504 3750
f 3750 714 3790
f 3790 722 3788
f 3788 3750 3790
f 2756 273 3791
f 3791 723 3794
f 3794 399 2756
f 2756 3791 3794
f 3791 273 2435
f 2435 278 3792
f 3792 723 3791
f 3791 2435 3792
f 3805 725 3800
f 3800 184 3798
f 3798 724 3805
f 3805 3800 3798
f 3800 725 3803
f 3803 311 2525
f 2525 184 3800
f 3800 3803 2525
f 2608 353 3808
f 3808 726 3807
f 3807 350 2608
f 2608 3808 3807
f 3808 353 3758
f 3758 716 3811
f 3811 726 3808
f 3808 3758 3811
f 3052 350 3754
f 3754 715 3755
f 3755 507 3052
f 3052 3754 3755
f 3754 350 3807
f 3807 726 3810
f 3810 715 3754
f 3754 3807 3810
f 3819 729 3818
f 3818 727 3815
f 3815 728 3819
f 3819 3818 3815
f 3818 729 3824
f 3824 730 3823
f 3823 727 3818
f 3818 3824 3823
f 3828 731 3829
f 3829 730 3824
f 3824 729 3828
f 3828 3829 3824
f 3829 731 3825
f 3825 14 3820
f 3820 730 3829
f 3829 3825 3820
f 3833 732 3831
f 3831 14 3825
f 3825 731 3833
f 3833 3831 3825
f 3831 732 3830
f 3830 11 1942
f 1942 14 3831
f 3831 3830 1942
f 3836 733 3834
f 3834 11 3830
f 3830 732 3836
f 3836 3834 3830
f 3834 733 3835
f 3835 42 1980
f 1980 11 3834
f 3834 3835 1980
f 2029 68 3838
f 3838 734 3837
f 3837 65 2029
f 2029 3838 3837
f 3838 68 3840
f 3840 735 3841
f 3841 734 3838
f 3838 3840 3841
f 2004 58 3843
f 3843 736 3842
f 3842 55 2004
f 2004 3843 3842
f 3843 58 3845
f 3845 737 3848
f 3848 736 3843
f 3843 3845 3848
f 3849 121 3844
f 3844 736 3851
f 3851 738 3849
f 3849 3844 3851
f 3844 121 2155
f 2155 55 3842
f 3842 736 3844
f 3844 2155 3842
f 3852 466 3850
f 3850 738 3853
f 3853 739 3852
f 3852 3850 3853
f 3850 466 2934
f 2934 121 3849
f 3849 738 3850
f 3850 2934 3849
f 3861 741 3860
f 3860 739 3856
f 3856 740 3861
f 3861 3860 3856
f 3860 741 3858
f 3858 466 3852
f 3852 739 3860
f 3860 3858 3852
f 3242 415 3246
f 3246 560 3248
f 3248 559 3242
f 3242 3246 3248
f 3246 415 3857
f 3857 741 3859
f 3859 560 3246
f 3246 3857 3859
f 3865 742 3863
f 3863 300 3259
f 3259 563 3865
f 3865 3863 3259
f 3863 742 3864
f 3864 301 2502
f 2502 300 3863
f 3863 3864 2502
f 3868 27 3862
f 3862 742 3873
f 3873 743 3868
f 3868 3862 3873
f 3862 27 2498
f 2498 301 3864
f 3864 742 3862
f 3862 2498 3864
f 3874 28 3869
f 3869 743 3877
f 3877 744 3874
f 3874 3869 3877
f 3869 28 1961
f 1961 27 3868
f 3868 743 3869
f 3869 1961 3868
f 2810 417 2804
f 2804 291 2809
f 2809 419 2810
f 2810 2804 2809
f 2804 417 2803
f 2803 104 2475
f 2475 291 2804
f 2804 2803 2475
f 2805 343 2590
f 2590 104 2803
f 2803 417 2805
f 2805 2590 2803
f 2590 343 2589
f 2589 101 2107
f 2107 104 2590
f 2590 2589 2107
f 2591 342 2587
f 2587 101 2589
f 2589 343 2591
f 2591 2587 2589
f 2587 342 2588
f 2588 108 2120
f 2120 101 2587
f 2587 2588 2120
f 3879 745 3878
f 3878 108 2588
f 2588 342 3879
f 3879 3878 2588
f 3878 745 3882
f 3882 746 3880
f 3880 108 3878
f 3878 3882 3880
f 3884 747 3883
f 3883 114 2145
f 2145 117 3884
f 3884 3883 2145
f 3883 747 3885
f 3885 692 3653
f 3653 114 3883
f 3883 3885 3653
f 3881 416 2799
f 2799 108 3880
f 3880 746 3881
f 3881 2799 3880
f 2799 416 2800
f 2800 109 2124
f 2124 108 2799
f 2799 2800 2124
f 2557 325 2555
f 2555 24 2213
f 2213 159 2557
f 2557 2555 2213
f 2555 325 2556
f 2556 25 1957
f 1957 24 2555
f 2555 2556 1957
f 3347 598 3348
f 3348 24 1954
f 1954 23 3347
f 3347 3348 1954
f 3348 598 3349
f 3349 160 2214
f 2214 24 3348
f 3348 3349 2214
f 3887 748 3888
f 3888 383 2719
f 2719 382 3887
f 3887 3888 2719
f 3888 748 3894
f 3894 749 3892
f 3892 383 3888
f 3888 3894 3892
f 1925 1 2692
f 2692 376 2693
f 2693 2 1925
f 1925 2692 2693
f 2692 1 2697
f 2697 377 2701
f 2701 376 2692
f 2692 2697 2701
f 2147 118 2700
f 2700 377 2697
f 2697 1 2147
f 2147 2700 2697
f 2700 118 2704
f 2704 378 2705
f 2705 377 2700
f 2700 2704 2705
f 2967 476 2968
f 2968 378 2704
f 2704 118 2967
f 2967 2968 2704
f 2968 476 2969
f 2969 379 2708
f 2708 378 2968
f 2968 2969 2708
f 2553 2 1955
f 1955 25 2556
f 2556 325 2553
f 2553 1955 2556
f 1955 2 2693
f 2693 376 2695
f 2695 25 1955
f 1955 2693 2695
f 3900 751 3897
f 3897 316 3896
f 3896 750 3900
f 3900 3897 3896
f 3897 751 3899
f 3899 749 3890
f 3890 316 3897
f 3897 3899 3890
f 3906 753 3904
f 3904 599 3903
f 3903 752 3906
f 3906 3904 3903
f 3904 753 3905
f 3905 606 3375
f 3375 599 3904
f 3904 3905 3375
f 3912 608 3909
f 3909 754 3914
f 3914 755 3912
f 3912 3909 3914
f 3909 608 3383
f 3383 607 3908
f 3908 754 3909
f 3909 3383 3908
f 3756 715 3752
f 3752 36 3748
f 3748 714 3756
f 3756 3752 3748
f 3752 715 3753
f 3753 37 1973
f 1973 36 3752
f 3752 3753 1973
f 3765 717 3761
f 3761 211 3757
f 3757 716 3765
f 3765 3761 3757
f 3761 717 3762
f 3762 212 2305
f 2305 211 3761
f 3761 3762 2305
f 2407 264 3767
f 3767 718 3766
f 3766 261 2407
f 2407 3767 3766
f 3767 264 3772
f 3772 719 3776
f 3776 718 3767
f 3767 3772 3776
f 3790 714 3749
f 3749 289 3787
f 3787 722 3790
f 3790 3749 3787
f 3749 714 3748
f 3748 36 2470
f 2470 289 3749
f 3749 3748 2470
f 3792 278 2508
f 2508 305 3793
f 3793 723 3792
f 3792 2508 3793
f 2508 278 2511
f 2511 306 2514
f 2514 305 2508
f 2508 2511 2514
f 3811 716 3759
f 3759 355 3809
f 3809 726 3811
f 3811 3759 3809
f 3759 716 3757
f 3757 211 2616
f 2616 355 3759
f 3759 3757 2616
f 3810 726 3806
f 3806 37 3753
f 3753 715 3810
f 3810 3806 3753
f 3806 726 3809
f 3809 355 2614
f 2614 37 3806
f 3806 3809 2614
f 3236 558 3237
f 3237 289 2471
f 2471 288 3236
f 3236 3237 2471
f 3237 558 3918
f 3918 756 3916
f 3916 289 3237
f 3237 3918 3916
f 2439 280 2966
f 2966 475 2965
f 2965 75 2439
f 2439 2966 2965
f 2966 280 3783
f 3783 721 3785
f 3785 475 2966
f 2966 3783 3785
f 3804 725 3799
f 3799 167 2550
f 2550 324 3804
f 3804 3799 2550
f 3799 725 3805
f 3805 724 3796
f 3796 167 3799
f 3799 3805 3796
f 3923 757 3924
f 3924 315 2536
f 2536 314 3923
f 3923 3924 2536
f 3924 757 3925
f 3925 553 3220
f 3220 315 3924
f 3924 3925 3220
f 3931 150 3927
f 3927 758 3935
f 3935 759 3931
f 3931 3927 3935
f 3927 150 2197
f 2197 149 3926
f 3926 758 3927
f 3927 2197 3926
f 3945 603 3937
f 3937 760 3947
f 3947 761 3945
f 3945 3937 3947
f 3937 603 3368
f 3368 602 3936
f 3936 760 3937
f 3937 3368 3936
f 3949 332 3944
f 3944 761 3953
f 3953 762 3949
f 3949 3944 3953
f 3944 332 3366
f 3366 603 3945
f 3945 761 3944
f 3944 3366 3945
f 3955 763 3956
f 3956 612 3392
f 3392 611 3955
f 3955 3956 3392
f 3956 763 3954
f 3954 333 3390
f 3390 612 3956
f 3956 3954 3390
f 3966 765 3975
f 3975 767 3974
f 3974 764 3966
f 3966 3975 3974
f 3975 765 3970
f 3970 766 3976
f 3976 767 3975
f 3975 3970 3976
f 3466 620 3462
f 3462 638 3467
f 3467 641 3466
f 3466 3462 3467
f 3462 620 3411
f 3411 619 3461
f 3461 638 3462
f 3462 3411 3461
f 3461 619 3573
f 3573 671 3574
f 3574 638 3461
f 3461 3573 3574
f 3573 619 3544
f 3544 663 3576
f 3576 671 3573
f 3573 3544 3576
f 3576 663 3541
f 3541 489 3572
f 3572 671 3576
f 3576 3541 3572
f 3541 663 3542
f 3542 491 3006
f 3006 489 3541
f 3541 3542 3006
f 3006 491 3007
f 3007 490 3005
f 3005 489 3006
f 3006 3007 3005
f 3007 491 3014
f 3014 494 3013
f 3013 490 3007
f 3007 3014 3013
f 3013 494 3978
f 3978 768 3977
f 3977 490 3013
f 3013 3978 3977
f 3978 494 3086
f 3086 518 3979
f 3979 768 3978
f 3978 3086 3979
f 3981 697 3984
f 3984 770 3985
f 3985 769 3981
f 3981 3984 3985
f 3984 697 3678
f 3678 530 3983
f 3983 770 3984
f 3984 3678 3983
f 3986 771 3987
f 3987 530 3131
f 3131 529 3986
f 3986 3987 3131
f 3987 771 3989
f 3989 770 3983
f 3983 530 3987
f 3987 3989 3983
f 3652 691 3988
f 3988 771 3986
f 3986 529 3652
f 3652 3988 3986
f 3988 691 3991
f 3991 772 3992
f 3992 771 3988
f 3988 3991 3992
f 3649 346 3990
f 3990 772 3991
f 3991 691 3649
f 3649 3990 3991
f 3990 346 3993
f 3993 773 3995
f 3995 772 3990
f 3990 3993 3995
f 2978 479 3997
f 3997 774 3996
f 3996 349 2978
f 2978 3997 3996
f 3997 479 3645
f 3645 690 3998
f 3998 774 3997
f 3997 3645 3998
f 2990 482 3646
f 3646 690 3645
f 3645 479 2990
f 2990 3646 3645
f 3646 482 3640
f 3640 688 3647
f 3647 690 3646
f 3646 3640 3647
f 3640 482 4001
f 4001 775 4004
f 4004 688 3640
f 3640 4001 4004
f 4001 482 2989
f 2989 135 4000
f 4000 775 4001
f 4001 2989 4000
f 4000 135 4006
f 4006 776 4010
f 4010 775 4000
f 4000 4006 4010
f 4006 135 2175
f 2175 134 4005
f 4005 776 4006
f 4006 2175 4005
f 3564 668 3561
f 3561 134 3512
f 3512 656 3564
f 3564 3561 3512
f 3561 668 4009
f 4009 776 4005
f 4005 134 3561
f 3561 4009 4005
f 3564 656 3559
f 3559 667 3565
f 3565 668 3564
f 3564 3559 3565
f 3559 656 3513
f 3513 172 3558
f 3558 667 3559
f 3559 3513 3558
f 3558 172 4013
f 4013 777 4015
f 4015 667 3558
f 3558 4013 4015
f 4013 172 2229
f 2229 171 4012
f 4012 777 4013
f 4013 2229 4012
f 4012 171 4016
f 4016 778 4019
f 4019 777 4012
f 4012 4016 4019
f 4016 171 2234
f 2234 174 4017
f 4017 778 4016
f 4016 2234 4017
f 4021 779 4022
f 4022 179 2245
f 2245 178 4021
f 4021 4022 2245
f 4022 779 4027
f 4027 780 4025
f 4025 179 4022
f 4022 4027 4025
f 2183 139 4028
f 4028 781 4029
f 4029 140 2183
f 2183 4028 4029
f 4028 139 2402
f 2402 263 4030
f 4030 781 4028
f 4028 2402 4030
f 2406 264 2405
f 2405 139 2303
f 2303 212 2406
f 2406 2405 2303
f 2405 264 2408
f 2408 263 2402
f 2402 139 2405
f 2405 2408 2402
f 3775 719 3771
f 3771 212 3762
f 3762 717 3775
f 3775 3771 3762
f 3771 719 3772
f 3772 264 2406
f 2406 212 3771
f 3771 3772 2406
f 3690 512 3763
f 3763 717 3764
f 3764 700 3690
f 3690 3763 3764
f 3763 512 3774
f 3774 719 3775
f 3775 717 3763
f 3763 3774 3775
f 3688 513 3691
f 3691 700 3692
f 3692 699 3688
f 3688 3691 3692
f 3691 513 3073
f 3073 512 3690
f 3690 700 3691
f 3691 3073 3690
f 3731 710 3733
f 3733 699 3685
f 3685 292 3731
f 3731 3733 3685
f 3733 710 3732
f 3732 513 3688
f 3688 699 3733
f 3733 3732 3688
f 2396 260 2397
f 2397 214 2306
f 2306 213 2396
f 2396 2397 2306
f 2397 260 3738
f 3738 711 3736
f 3736 214 2397
f 2397 3738 3736
f 2392 257 2391
f 2391 213 2317
f 2317 218 2392
f 2392 2391 2317
f 2391 257 2398
f 2398 260 2396
f 2396 213 2391
f 2391 2398 2396
f 4035 783 4041
f 4041 785 4040
f 4040 782 4035
f 4035 4041 4040
f 4041 783 4038
f 4038 784 4042
f 4042 785 4041
f 4041 4038 4042
f 3273 570 4045
f 4045 787 4044
f 4044 567 3273
f 3273 4045 4044
f 4045 570 4043
f 4043 786 4046
f 4046 787 4045
f 4045 4043 4046
f 4055 789 4051
f 4051 234 4047
f 4047 788 4055
f 4055 4051 4047
f 4051 789 4052
f 4052 235 2355
f 2355 234 4051
f 4051 4052 2355
f 4063 791 4060
f 4060 240 4057
f 4057 790 4063
f 4063 4060 4057
f 4060 791 4061
f 4061 241 2366
f 2366 240 4060
f 4060 4061 2366
f 4068 788 4048
f 4048 242 4064
f 4064 792 4068
f 4068 4048 4064
f 4048 788 4047
f 4047 234 2368
f 2368 242 4048
f 4048 4047 2368
f 4073 794 4071
f 4071 244 4069
f 4069 793 4073
f 4073 4071 4069
f 4071 794 4072
f 4072 245 2373
f 2373 244 4071
f 4071 4072 2373
f 4077 796 4075
f 4075 247 4074
f 4074 795 4077
f 4077 4075 4074
f 4075 796 4076
f 4076 248 2376
f 2376 247 4075
f 4075 4076 2376
f 4062 784 4036
f 4036 241 4061
f 4061 791 4062
f 4062 4036 4061
f 4036 784 4037
f 4037 256 2390
f 2390 241 4036
f 4036 4037 2390
f 4081 792 4065
f 4065 287 4078
f 4078 797 4081
f 4081 4065 4078
f 4065 792 4064
f 4064 242 2466
f 2466 287 4065
f 4065 4064 2466
f 4085 798 4082
f 4082 248 4076
f 4076 796 4085
f 4085 4082 4076
f 4082 798 4083
f 4083 307 2516
f 2516 248 4082
f 4082 4083 2516
f 4059 790 4056
f 4056 235 4052
f 4052 789 4059
f 4059 4056 4052
f 4056 790 4057
f 4057 240 2363
f 2363 235 4056
f 4056 4057 2363
f 4092 800 4089
f 4089 495 4087
f 4087 799 4092
f 4092 4089 4087
f 4089 800 4090
f 4090 496 3026
f 3026 495 4089
f 4089 4090 3026
f 4100 802 4097
f 4097 258 4095
f 4095 801 4100
f 4100 4097 4095
f 4097 802 4105
f 4105 803 4101
f 4101 258 4097
f 4097 4105 4101
f 3979 518 3980
f 3980 769 3982
f 3982 768 3979
f 3979 3980 3982
f 3980 518 3677
f 3677 697 3981
f 3981 769 3980
f 3980 3677 3981
f 3999 773 3994
f 3994 349 3996
f 3996 774 3999
f 3999 3994 3996
f 3994 773 3993
f 3993 346 2600
f 2600 349 3994
f 3994 3993 2600
f 4110 805 4108
f 4108 166 4106
f 4106 804 4110
f 4110 4108 4106
f 4108 805 4109
f 4109 323 2548
f 2548 166 4108
f 4108 4109 2548
f 4113 806 4111
f 4111 323 4109
f 4109 805 4113
f 4113 4111 4109
f 4111 806 4112
f 4112 622 3415
f 3415 323 4111
f 4111 4112 3415
f 4118 809 4117
f 4117 807 4114
f 4114 808 4118
f 4118 4117 4114
f 4117 809 4123
f 4123 810 4122
f 4122 807 4117
f 4117 4123 4122
f 4128 813 4127
f 4127 811 4124
f 4124 812 4128
f 4128 4127 4124
f 4127 813 4132
f 4132 814 4131
f 4131 811 4127
f 4127 4132 4131
f 4139 816 4136
f 4136 628 4133
f 4133 815 4139
f 4139 4136 4133
f 4136 816 4137
f 4137 629 3434
f 3434 628 4136
f 4136 4137 3434
f 4140 647 4138
f 4138 816 4141
f 4141 817 4140
f 4140 4138 4141
f 4138 647 3479
f 3479 629 4137
f 4137 816 4138
f 4138 3479 4137
f 4144 818 4143
f 4143 647 4140
f 4140 817 4144
f 4144 4143 4140
f 4143 818 4142
f 4142 646 3481
f 3481 647 4143
f 4143 4142 3481
f 4147 819 4148
f 4148 677 3595
f 3595 676 4147
f 4147 4148 3595
f 4148 819 4145
f 4145 643 3594
f 3594 677 4148
f 4148 4145 3594
f 4145 819 4146
f 4146 644 3472
f 3472 643 4145
f 4145 4146 3472
f 4146 819 4151
f 4151 820 4149
f 4149 644 4146
f 4146 4151 4149
f 4156 125 4152
f 4152 821 4159
f 4159 822 4156
f 4156 4152 4159
f 4152 125 3401
f 3401 616 4153
f 4153 821 4152
f 4152 3401 4153
f 4162 146 4161
f 4161 823 4163
f 4163 824 4162
f 4162 4161 4163
f 4161 146 2192
f 2192 145 4160
f 4160 823 4161
f 4161 2192 4160
f 4167 825 4168
f 4168 741 3861
f 3861 740 4167
f 4167 4168 3861
f 4168 825 4166
f 4166 560 3859
f 3859 741 4168
f 4168 4166 3859
f 4173 826 4172
f 4172 560 4166
f 4166 825 4173
f 4173 4172 4166
f 4172 826 4171
f 4171 468 3247
f 3247 560 4172
f 4172 4171 3247
f 4178 827 4177
f 4177 468 4171
f 4171 826 4178
f 4178 4177 4171
f 4177 827 4176
f 4176 158 2940
f 2940 468 4177
f 4177 4176 2940
f 4183 828 4181
f 4181 158 4176
f 4176 827 4183
f 4183 4181 4176
f 4181 828 4180
f 4180 155 2211
f 2211 158 4181
f 4181 4180 2211
f 4188 829 4184
f 4184 155 4180
f 4180 828 4188
f 4188 4184 4180
f 4184 829 4185
f 4185 176 2238
f 2238 155 4184
f 4184 4185 2238
f 4193 830 4189
f 4189 176 4185
f 4185 829 4193
f 4193 4189 4185
f 4189 830 4190
f 4190 177 2243
f 2243 176 4189
f 4189 4190 2243
f 4197 831 4194
f 4194 177 4190
f 4190 830 4197
f 4197 4194 4190
f 4194 831 4201
f 4201 832 4199
f 4199 177 4194
f 4194 4201 4199
f 4203 833 4204
f 4204 832 4201
f 4201 831 4203
f 4203 4204 4201
f 4204 833 4209
f 4209 834 4208
f 4208 832 4204
f 4204 4209 4208
f 4220 836 4217
f 4217 626 4212
f 4212 835 4220
f 4220 4217 4212
f 4217 836 4218
f 4218 627 3429
f 3429 626 4217
f 4217 4218 3429
f 4225 837 4221
f 4221 627 4218
f 4218 836 4225
f 4225 4221 4218
f 4221 837 4224
f 4224 814 4130
f 4130 627 4221
f 4221 4224 4130
f 4229 822 4158
f 4158 811 4227
f 4227 838 4229
f 4229 4158 4227
f 4158 822 4159
f 4159 821 4154
f 4154 811 4158
f 4158 4159 4154
f 4232 839 4233
f 4233 808 4114
f 4114 807 4232
f 4232 4233 4114
f 4233 839 4239
f 4239 840 4236
f 4236 808 4233
f 4233 4239 4236
f 4249 842 4247
f 4247 152 4240
f 4240 841 4249
f 4249 4247 4240
f 4247 842 4246
f 4246 151 2202
f 2202 152 4247
f 4247 4246 2202
f 3931 759 3932
f 3932 602 3362
f 3362 150 3931
f 3931 3932 3362
f 3932 759 3941
f 3941 760 3936
f 3936 602 3932
f 3932 3941 3936
f 3933 754 3940
f 3940 760 3941
f 3941 759 3933
f 3933 3940 3941
f 3940 754 3910
f 3910 753 3939
f 3939 760 3940
f 3940 3910 3939
f 3379 607 3378
f 3378 604 3376
f 3376 606 3379
f 3379 3378 3376
f 3378 607 3377
f 3377 164 3369
f 3369 604 3378
f 3378 3377 3369
f 3229 556 3230
f 3230 300 2497
f 2497 298 3229
f 3229 3230 2497
f 3230 556 3231
f 3231 472 2952
f 2952 300 3230
f 3230 3231 2952
f 3227 63 2951
f 2951 472 3231
f 3231 556 3227
f 3227 2951 3231
f 2951 63 2014
f 2014 62 2950
f 2950 472 2951
f 2951 2014 2950
f 2018 64 2017
f 2017 62 2014
f 2014 63 2018
f 2018 2017 2014
f 2017 64 2016
f 2016 59 2010
f 2010 62 2017
f 2017 2016 2010
f 2619 356 2618
f 2618 59 2016
f 2016 64 2619
f 2619 2618 2016
f 2618 356 2622
f 2622 153 2203
f 2203 59 2618
f 2618 2622 2203
f 2620 141 2205
f 2205 153 2622
f 2622 356 2620
f 2620 2205 2622
f 2205 141 2250
f 2250 181 2251
f 2251 153 2205
f 2205 2250 2251
f 2185 140 2249
f 2249 181 2250
f 2250 141 2185
f 2185 2249 2250
f 2249 140 2244
f 2244 178 2253
f 2253 181 2249
f 2249 2244 2253
f 2244 140 4020
f 4020 779 4021
f 4021 178 2244
f 2244 4020 4021
f 4020 140 4029
f 4029 781 4033
f 4033 779 4020
f 4020 4029 4033
f 2994 485 4032
f 4032 781 4031
f 4031 341 2994
f 2994 4032 4031
f 4032 485 4024
f 4024 779 4033
f 4033 781 4032
f 4032 4024 4033
f 2997 340 3417
f 3417 623 3418
f 3418 486 2997
f 2997 3417 3418
f 3417 340 3416
f 3416 622 3419
f 3419 623 3417
f 3417 3416 3419
f 3419 622 4119
f 4119 810 4120
f 4120 623 3419
f 3419 4119 4120
f 4119 622 4112
f 4112 806 4121
f 4121 810 4119
f 4119 4112 4121
f 4258 844 4255
f 4255 807 4252
f 4252 843 4258
f 4258 4255 4252
f 4255 844 4256
f 4256 839 4232
f 4232 807 4255
f 4255 4256 4232
f 2413 265 4241
f 4241 841 4242
f 4242 266 2413
f 2413 4241 4242
f 4241 265 4248
f 4248 842 4249
f 4249 841 4241
f 4241 4248 4249
f 3364 601 3359
f 3359 150 3362
f 3362 602 3364
f 3364 3359 3362
f 3359 601 3358
f 3358 147 2196
f 2196 150 3359
f 3359 3358 2196
f 2531 313 2533
f 2533 265 2409
f 2409 144 2531
f 2531 2533 2409
f 2533 313 2532
f 2532 148 2410
f 2410 265 2533
f 2533 2532 2410
f 3923 314 2535
f 2535 149 3921
f 3921 757 3923
f 3923 2535 3921
f 2535 314 3928
f 3928 758 3926
f 3926 149 2535
f 2535 3928 3926
f 2539 317 3929
f 3929 758 3928
f 3928 314 2539
f 2539 3929 3928
f 3929 317 3911
f 3911 755 3930
f 3930 758 3929
f 3929 3911 3930
f 3887 382 3382
f 3382 608 3889
f 3889 748 3887
f 3887 3382 3889
f 3382 382 2715
f 2715 165 3381
f 3381 608 3382
f 3382 2715 3381
f 2717 381 2712
f 2712 165 2715
f 2715 382 2717
f 2717 2712 2715
f 2712 381 2711
f 2711 162 2221
f 2221 165 2712
f 2712 2711 2221
f 4264 845 4263
f 4263 604 3373
f 3373 605 4264
f 4264 4263 3373
f 4263 845 4262
f 4262 597 3370
f 3370 604 4263
f 4263 4262 3370
f 4266 846 4271
f 4271 605 3371
f 3371 163 4266
f 4266 4271 3371
f 4271 846 4272
f 4272 845 4264
f 4264 605 4271
f 4271 4272 4264
f 2218 162 4265
f 4265 846 4266
f 4266 163 2218
f 2218 4265 4266
f 4265 162 2711
f 2711 381 4270
f 4270 846 4265
f 4265 2711 4270
f 4281 849 4280
f 4280 847 4276
f 4276 848 4281
f 4281 4280 4276
f 4280 849 4286
f 4286 850 4285
f 4285 847 4280
f 4280 4286 4285
f 4289 851 4288
f 4288 773 4274
f 4274 848 4289
f 4289 4288 4274
f 4288 851 4287
f 4287 772 3995
f 3995 773 4288
f 4288 4287 3995
f 4294 853 4299
f 4299 854 4298
f 4298 852 4294
f 4294 4299 4298
f 4299 853 4293
f 4293 851 4297
f 4297 854 4299
f 4299 4293 4297
f 4294 852 4302
f 4302 855 4303
f 4303 853 4294
f 4294 4302 4303
f 4302 852 4305
f 4305 856 4306
f 4306 855 4302
f 4302 4305 4306
f 4308 769 4300
f 4300 855 4309
f 4309 857 4308
f 4308 4300 4309
f 4300 769 3985
f 3985 770 4301
f 4301 855 4300
f 4300 3985 4301
f 4323 860 4322
f 4322 858 4317
f 4317 859 4323
f 4323 4322 4317
f 4322 860 4321
f 4321 857 4314
f 4314 858 4322
f 4322 4321 4314
f 4320 860 4319
f 4319 490 3977
f 3977 768 4320
f 4320 4319 3977
f 4319 860 4318
f 4318 487 3004
f 3004 490 4319
f 4319 4318 3004
f 4277 849 4278
f 4278 690 3648
f 3648 689 4277
f 4277 4278 3648
f 4278 849 4279
f 4279 774 3998
f 3998 690 4278
f 4278 4279 3998
f 3471 642 3593
f 3593 677 3594
f 3594 643 3471
f 3471 3593 3594
f 3593 642 4325
f 4325 861 4327
f 4327 677 3593
f 3593 4325 4327
f 4332 862 4331
f 4331 677 4327
f 4327 861 4332
f 4332 4331 4327
f 4331 862 4328
f 4328 424 3592
f 3592 677 4331
f 4331 4328 3592
f 4338 863 4334
f 4334 424 4328
f 4328 862 4338
f 4338 4334 4328
f 4334 863 4333
f 4333 421 2817
f 2817 424 4334
f 4334 4333 2817
f 4341 864 4339
f 4339 646 4142
f 4142 818 4341
f 4341 4339 4142
f 4339 864 4340
f 4340 680 3605
f 3605 646 4339
f 4339 4340 3605
f 4344 865 4343
f 4343 680 4340
f 4340 864 4344
f 4344 4343 4340
f 4343 865 4342
f 4342 191 3603
f 3603 680 4343
f 4343 4342 3603
f 4350 866 4345
f 4345 191 4342
f 4342 865 4350
f 4350 4345 4342
f 4345 866 4346
f 4346 192 2267
f 2267 191 4345
f 4345 4346 2267
f 4311 421 4315
f 4315 859 4317
f 4317 858 4311
f 4311 4315 4317
f 4315 421 4333
f 4333 863 4337
f 4337 859 4315
f 4315 4333 4337
f 4285 850 4282
f 4282 192 4273
f 4273 847 4285
f 4285 4282 4273
f 4282 850 4283
f 4283 193 2269
f 2269 192 4282
f 4282 4283 2269
f 4349 866 4348
f 4348 852 4298
f 4298 854 4349
f 4349 4348 4298
f 4348 866 4355
f 4355 867 4352
f 4352 852 4348
f 4348 4355 4352
f 4304 856 4353
f 4353 867 4351
f 4351 422 4304
f 4304 4353 4351
f 4353 856 4305
f 4305 852 4352
f 4352 867 4353
f 4353 4305 4352
f 4360 868 4356
f 4356 422 4351
f 4351 867 4360
f 4360 4356 4351
f 4356 868 4357
f 4357 423 2816
f 2816 422 4356
f 4356 4357 2816
f 4365 869 4361
f 4361 423 4357
f 4357 868 4365
f 4365 4361 4357
f 4361 869 4362
f 4362 676 3590
f 3590 423 4361
f 4361 4362 3590
f 4373 871 4369
f 4369 804 4366
f 4366 870 4373
f 4373 4369 4366
f 4369 871 4370
f 4370 805 4110
f 4110 804 4369
f 4369 4370 4110
f 4372 843 4250
f 4250 805 4370
f 4370 871 4372
f 4372 4250 4370
f 4250 843 4251
f 4251 806 4113
f 4113 805 4250
f 4250 4251 4113
f 3422 623 4115
f 4115 809 4116
f 4116 624 3422
f 3422 4115 4116
f 4115 623 4120
f 4120 810 4123
f 4123 809 4115
f 4115 4120 4123
f 4133 628 4126
f 4126 813 4135
f 4135 815 4133
f 4133 4126 4135
f 4126 628 3431
f 3431 625 4125
f 4125 813 4126
f 4126 3431 4125
f 4377 816 4376
f 4376 872 4378
f 4378 873 4377
f 4377 4376 4378
f 4376 816 4139
f 4139 815 4375
f 4375 872 4376
f 4376 4139 4375
f 4382 874 4379
f 4379 816 4377
f 4377 873 4382
f 4382 4379 4377
f 4379 874 4380
f 4380 817 4141
f 4141 816 4379
f 4379 4380 4141
f 4389 875 4384
f 4384 817 4380
f 4380 874 4389
f 4389 4384 4380
f 4384 875 4385
f 4385 818 4144
f 4144 817 4384
f 4384 4385 4144
f 4388 875 4383
f 4383 676 4362
f 4362 869 4388
f 4388 4383 4362
f 4383 875 4386
f 4386 819 4147
f 4147 676 4383
f 4383 4386 4147
f 4386 875 4387
f 4387 820 4151
f 4151 819 4386
f 4386 4387 4151
f 4387 875 4389
f 4389 874 4381
f 4381 820 4387
f 4387 4389 4381
f 4393 876 4394
f 4394 874 4382
f 4382 873 4393
f 4393 4394 4382
f 4394 876 4392
f 4392 820 4381
f 4381 874 4394
f 4394 4392 4381
f 4397 877 4398
f 4398 873 4378
f 4378 872 4397
f 4397 4398 4378
f 4398 877 4399
f 4399 876 4393
f 4393 873 4398
f 4398 4399 4393
f 4402 878 4404
f 4404 872 4374
f 4374 812 4402
f 4402 4404 4374
f 4404 878 4405
f 4405 877 4397
f 4397 872 4404
f 4404 4405 4397
f 4411 879 4409
f 4409 843 4372
f 4372 871 4411
f 4411 4409 4372
f 4409 879 4410
f 4410 844 4258
f 4258 843 4409
f 4409 4410 4258
f 4367 823 4371
f 4371 871 4373
f 4373 870 4367
f 4367 4371 4373
f 4371 823 4408
f 4408 879 4411
f 4411 871 4371
f 4371 4408 4411
f 4412 824 4368
f 4368 870 4413
f 4413 880 4412
f 4412 4368 4413
f 4368 824 4163
f 4163 823 4367
f 4367 870 4368
f 4368 4163 4367
f 4230 837 4222
f 4222 808 4226
f 4226 838 4230
f 4230 4222 4226
f 4222 837 4223
f 4223 809 4118
f 4118 808 4222
f 4222 4223 4118
f 4122 810 4253
f 4253 843 4252
f 4252 807 4122
f 4122 4253 4252
f 4253 810 4121
f 4121 806 4251
f 4251 843 4253
f 4253 4121 4251
f 4388 869 4363
f 4363 818 4385
f 4385 875 4388
f 4388 4363 4385
f 4363 869 4364
f 4364 864 4341
f 4341 818 4363
f 4363 4364 4341
f 4365 868 4358
f 4358 864 4364
f 4364 869 4365
f 4365 4358 4364
f 4358 868 4359
f 4359 865 4344
f 4344 864 4358
f 4358 4359 4344
f 4360 867 4354
f 4354 865 4359
f 4359 868 4360
f 4360 4354 4359
f 4354 867 4355
f 4355 866 4350
f 4350 865 4354
f 4354 4355 4350
f 4311 858 4312
f 4312 422 2814
f 2814 421 4311
f 4311 4312 2814
f 4312 858 4313
f 4313 856 4304
f 4304 422 4312
f 4312 4313 4304
f 4295 847 4347
f 4347 866 4349
f 4349 854 4295
f 4295 4347 4349
f 4347 847 4273
f 4273 192 4346
f 4346 866 4347
f 4347 4273 4346
f 3441 630 3631
f 3631 686 3632
f 3632 631 3441
f 3441 3631 3632
f 3631 630 4415
f 4415 881 4418
f 4418 686 3631
f 3631 4415 4418
f 3436 54 4414
f 4414 881 4415
f 4415 630 3436
f 3436 4414 4415
f 4414 54 4420
f 4420 882 4423
f 4423 881 4414
f 4414 4420 4423
f 1998 53 4419
f 4419 882 4420
f 4420 54 1998
f 1998 4419 4420
f 4419 53 4424
f 4424 883 4428
f 4428 882 4419
f 4419 4424 4428
f 3404 617 4425
f 4425 883 4424
f 4424 53 3404
f 3404 4425 4424
f 4425 617 4429
f 4429 884 4434
f 4434 883 4425
f 4425 4429 4434
f 3410 620 4430
f 4430 884 4429
f 4429 617 3410
f 3410 4430 4429
f 4430 620 3967
f 3967 766 4433
f 4433 884 4430
f 4430 3967 4433
f 3466 641 3968
f 3968 766 3967
f 3967 620 3466
f 3466 3968 3967
f 3968 641 3972
f 3972 767 3976
f 3976 766 3968
f 3968 3972 3976
f 3468 640 3971
f 3971 767 3972
f 3972 641 3468
f 3468 3971 3972
f 3971 640 3586
f 3586 675 3973
f 3973 767 3971
f 3971 3586 3973
f 3476 644 3578
f 3578 672 3579
f 3579 645 3476
f 3476 3578 3579
f 3578 644 3599
f 3599 679 3600
f 3600 672 3578
f 3578 3599 3600
f 4418 881 4417
f 4417 685 3633
f 3633 686 4418
f 4418 4417 3633
f 4417 881 4416
f 4416 661 3627
f 3627 685 4417
f 4417 4416 3627
f 4423 882 4422
f 4422 661 4416
f 4416 881 4423
f 4423 4422 4416
f 4422 882 4421
f 4421 652 3534
f 3534 661 4422
f 4422 4421 3534
f 4428 883 4427
f 4427 652 4421
f 4421 882 4428
f 4428 4427 4421
f 4427 883 4426
f 4426 649 3494
f 3494 652 4427
f 4427 4426 3494
f 4434 884 4431
f 4431 649 4426
f 4426 883 4434
f 4434 4431 4426
f 4431 884 4432
f 4432 669 3567
f 3567 649 4431
f 4431 4432 3567
f 4433 766 3969
f 3969 669 4432
f 4432 884 4433
f 4433 3969 4432
f 3969 766 3970
f 3970 765 3965
f 3965 669 3969
f 3969 3970 3965
f 3952 762 3948
f 3948 198 3456
f 3456 637 3952
f 3952 3948 3456
f 3948 762 3953
f 3953 761 3942
f 3942 198 3948
f 3948 3953 3942
f 3901 752 3902
f 3902 598 3350
f 3350 199 3901
f 3901 3902 3350
f 3902 752 3903
f 3903 599 3353
f 3353 598 3902
f 3902 3903 3353
f 3345 597 3346
f 3346 161 2217
f 2217 160 3345
f 3345 3346 2217
f 3346 597 4262
f 4262 845 4259
f 4259 161 3346
f 3346 4262 4259
f 4259 845 4260
f 4260 220 2323
f 2323 161 4259
f 4259 4260 2323
f 4260 845 4261
f 4261 221 2324
f 2324 220 4260
f 4260 4261 2324
f 4272 846 4267
f 4267 221 4261
f 4261 845 4272
f 4272 4267 4261
f 4267 846 4269
f 4269 227 2333
f 2333 221 4267
f 4267 4269 2333
f 2713 226 4268
f 4268 846 4270
f 4270 381 2713
f 2713 4268 4270
f 4268 226 2334
f 2334 227 4269
f 4269 846 4268
f 4268 2334 4269
f 2714 380 2709
f 2709 226 2713
f 2713 381 2714
f 2714 2709 2713
f 2709 380 2710
f 2710 318 2541
f 2541 226 2709
f 2709 2710 2541
f 4437 885 4436
f 4436 380 2721
f 2721 385 4437
f 4437 4436 2721
f 4436 885 4435
f 4435 318 2710
f 2710 380 4436
f 4436 4435 2710
f 4149 820 4150
f 4150 679 3599
f 3599 644 4149
f 4149 4150 3599
f 4150 820 4392
f 4392 876 4391
f 4391 679 4150
f 4150 4392 4391
f 4391 876 4390
f 4390 678 3602
f 3602 679 4391
f 4391 4390 3602
f 4390 876 4399
f 4399 877 4396
f 4396 678 4390
f 4390 4399 4396
f 4400 878 4401
f 4401 616 3403
f 3403 615 4400
f 4400 4401 3403
f 4401 878 4403
f 4403 821 4153
f 4153 616 4401
f 4401 4403 4153
f 4231 152 4235
f 4235 840 4239
f 4239 839 4231
f 4231 4235 4239
f 4235 152 2201
f 2201 126 4234
f 4234 840 4235
f 4235 2201 4234
f 4257 841 4243
f 4243 839 4256
f 4256 844 4257
f 4257 4243 4256
f 4243 841 4240
f 4240 152 4231
f 4231 839 4243
f 4243 4240 4231
f 4257 844 4254
f 4254 266 4242
f 4242 841 4257
f 4257 4254 4242
f 4254 844 4410
f 4410 879 4407
f 4407 266 4254
f 4254 4410 4407
f 4407 879 4406
f 4406 145 2412
f 2412 266 4407
f 4407 4406 2412
f 4406 879 4408
f 4408 823 4160
f 4160 145 4406
f 4406 4408 4160
f 4440 169 4439
f 4439 886 4441
f 4441 887 4440
f 4440 4439 4441
f 4439 169 2227
f 2227 168 4438
f 4438 886 4439
f 4439 2227 4438
f 4444 183 4443
f 4443 888 4445
f 4445 889 4444
f 4444 4443 4445
f 4443 183 2255
f 2255 182 4442
f 4442 888 4443
f 4443 2255 4442
f 4452 891 4450
f 4450 336 4446
f 4446 890 4452
f 4452 4450 4446
f 4450 891 4456
f 4456 892 4453
f 4453 336 4450
f 4450 4456 4453
f 4046 786 4448
f 4448 890 4449
f 4449 787 4046
f 4046 4448 4449
f 4448 786 4451
f 4451 891 4452
f 4452 890 4448
f 4448 4451 4452
f 4460 786 4459
f 4459 893 4462
f 4462 894 4460
f 4460 4459 4462
f 4459 786 4043
f 4043 570 4457
f 4457 893 4459
f 4459 4043 4457
f 3746 713 3745
f 3745 185 3693
f 3693 701 3746
f 3746 3745 3693
f 3745 713 3744
f 3744 182 2258
f 2258 185 3745
f 3745 3744 2258
f 4465 712 4463
f 4463 895 4467
f 4467 896 4465
f 4465 4463 4467
f 4463 712 4455
f 4455 892 4464
f 4464 895 4463
f 4463 4455 4464
f 2257 183 3797
f 3797 724 3798
f 3798 184 2257
f 2257 3797 3798
f 3797 183 4470
f 4470 897 4471
f 4471 724 3797
f 3797 4470 4471
f 4471 897 4468
f 4468 167 3796
f 3796 724 4471
f 4471 4468 3796
f 4468 897 4469
f 4469 168 2225
f 2225 167 4468
f 4468 4469 2225
f 2226 169 4107
f 4107 804 4106
f 4106 166 2226
f 2226 4107 4106
f 4107 169 4473
f 4473 898 4474
f 4474 804 4107
f 4107 4473 4474
f 4413 870 4475
f 4475 898 4476
f 4476 880 4413
f 4413 4475 4476
f 4475 870 4366
f 4366 804 4474
f 4474 898 4475
f 4475 4366 4474
f 4481 900 4480
f 4480 880 4478
f 4478 899 4481
f 4481 4480 4478
f 4480 900 4479
f 4479 824 4412
f 4412 880 4480
f 4480 4479 4412
f 4484 901 4483
f 4483 824 4479
f 4479 900 4484
f 4484 4483 4479
f 4483 901 4482
f 4482 146 4162
f 4162 824 4483
f 4483 4482 4162
f 4491 904 4490
f 4490 902 4486
f 4486 903 4491
f 4491 4490 4486
f 4490 904 4495
f 4495 905 4494
f 4494 902 4490
f 4490 4495 4494
f 4502 908 4501
f 4501 906 4498
f 4498 907 4502
f 4502 4501 4498
f 4501 908 4506
f 4506 909 4505
f 4505 906 4501
f 4501 4506 4505
f 4510 910 4507
f 4507 28 3874
f 3874 744 4510
f 4510 4507 3874
f 4507 910 4516
f 4516 911 4512
f 4512 28 4507
f 4507 4516 4512
f 4525 913 4523
f 4523 902 4519
f 4519 912 4525
f 4525 4523 4519
f 4523 913 4524
f 4524 909 4503
f 4503 902 4523
f 4523 4524 4503
f 4492 419 4530
f 4530 914 4531
f 4531 905 4492
f 4492 4530 4531
f 4530 419 2809
f 2809 291 4529
f 4529 914 4530
f 4530 2809 4529
f 4512 911 4513
f 4513 29 1963
f 1963 28 4512
f 4512 4513 1963
f 4513 911 4537
f 4537 915 4533
f 4533 29 4513
f 4513 4537 4533
f 4533 915 4535
f 4535 473 2954
f 2954 29 4533
f 4533 4535 2954
f 4535 915 4534
f 4534 470 2956
f 2956 473 4535
f 4535 4534 2956
f 4542 913 4521
f 4521 85 4538
f 4538 916 4542
f 4542 4521 4538
f 4521 913 4522
f 4522 86 2069
f 2069 85 4521
f 4521 4522 2069
f 4532 914 4526
f 4526 15 4517
f 4517 912 4532
f 4532 4526 4517
f 4526 914 4527
f 4527 16 1944
f 1944 15 4526
f 4526 4527 1944
f 2262 187 3132
f 3132 531 3133
f 3133 188 2262
f 2262 3132 3133
f 3132 187 2273
f 2273 197 3134
f 3134 531 3132
f 3132 2273 3134
f 3074 187 3498
f 3498 653 3499
f 3499 514 3074
f 3074 3498 3499
f 3498 187 2260
f 2260 186 3497
f 3497 653 3498
f 3498 2260 3497
f 3074 514 3076
f 3076 197 2273
f 2273 187 3074
f 3074 3076 2273
f 3076 514 3075
f 3075 194 2274
f 2274 197 3076
f 3076 3075 2274
f 4544 917 4545
f 4545 476 2970
f 2970 386 4544
f 4544 4545 2970
f 4545 917 4548
f 4548 918 4547
f 4547 476 4545
f 4545 4548 4547
f 4550 919 4549
f 4549 342 2593
f 2593 345 4550
f 4550 4549 2593
f 4549 919 4551
f 4551 745 3879
f 3879 342 4549
f 4549 4551 3879
f 4552 920 4553
f 4553 727 3812
f 3812 283 4552
f 4552 4553 3812
f 4553 920 4556
f 4556 921 4554
f 4554 727 4553
f 4553 4556 4554
f 3655 693 3656
f 3656 282 2450
f 2450 115 3655
f 3655 3656 2450
f 3656 693 4559
f 4559 922 4557
f 4557 282 3656
f 3656 4559 4557
f 4562 379 4546
f 4546 918 4564
f 4564 923 4562
f 4562 4546 4564
f 4546 379 2969
f 2969 476 4547
f 4547 918 4546
f 4546 2969 4547
f 4567 693 4566
f 4566 924 4569
f 4569 925 4567
f 4567 4566 4569
f 4566 693 3657
f 3657 692 4565
f 4565 924 4566
f 4566 3657 4565
f 4571 926 4570
f 4570 345 3814
f 3814 728 4571
f 4571 4570 3814
f 4570 926 4572
f 4572 919 4550
f 4550 345 4570
f 4570 4572 4550
f 4574 927 4575
f 4575 746 3882
f 3882 745 4574
f 4574 4575 3882
f 4575 927 4578
f 4578 928 4577
f 4577 746 4575
f 4575 4578 4577
f 4565 692 4579
f 4579 929 4581
f 4581 924 4565
f 4565 4579 4581
f 4579 692 3885
f 3885 747 4580
f 4580 929 4579
f 4579 3885 4580
f 4577 928 4576
f 4576 416 3881
f 3881 746 4577
f 4577 4576 3881
f 4576 928 4585
f 4585 930 4584
f 4584 416 4576
f 4576 4585 4584
f 3884 117 4561
f 4561 923 4563
f 4563 747 3884
f 3884 4561 4563
f 4561 117 2707
f 2707 379 4562
f 4562 923 4561
f 4561 2707 4562
f 2760 304 4582
f 4582 930 4583
f 4583 400 2760
f 2760 4582 4583
f 4582 304 2802
f 2802 416 4584
f 4584 930 4582
f 4582 2802 4584
f 4586 225 3019
f 2329 225 4588
f 4588 932 4587
f 4587 222 2329
f 2329 4588 4587
f 4588 225 4586
f 4586 931 4591
f 4591 932 4588
f 4588 4586 4591
f 4590 577 3285
f 3285 222 4587
f 4587 932 4590
f 4590 3285 4587
f 3285 577 3286
f 3286 228 2335
f 2335 222 3285
f 3285 3286 2335
f 4590 932 4589
f 4589 574 3287
f 3287 577 4590
f 4590 4589 3287
f 4589 932 4594
f 4594 933 4592
f 4592 574 4589
f 4589 4594 4592
f 4596 933 4593
f 4593 931 4595
f 4595 934 4596
f 4596 4593 4595
f 4593 933 4594
f 4594 932 4591
f 4591 931 4593
f 4593 4594 4591
f 4605 937 4604
f 4604 935 4600
f 4600 936 4605
f 4605 4604 4600
f 4604 937 4603
f 4603 573 4598
f 4598 935 4604
f 4604 4603 4598
f 4606 575 4039
f 4039 785 4610
f 4610 938 4606
f 4606 4039 4610
f 4039 575 4614
f 4614 939 4616
f 4616 785 4039
f 4039 4614 4616
f 4621 942 4620
f 4620 940 4619
f 4619 941 4621
f 4621 4620 4619
f 4620 942 4625
f 4625 943 4624
f 4624 940 4620
f 4620 4625 4624
f 4632 945 4630
f 4630 933 4626
f 4626 944 4632
f 4632 4630 4626
f 4630 945 4629
f 4629 574 4592
f 4592 933 4630
f 4630 4629 4592
f 4637 941 4636
f 4636 946 4640
f 4640 947 4637
f 4637 4636 4640
f 4636 941 4619
f 4619 940 4635
f 4635 946 4636
f 4636 4619 4635
f 4644 948 4643
f 4643 945 4639
f 4639 947 4644
f 4644 4643 4639
f 4643 948 4642
f 4642 939 4631
f 4631 945 4643
f 4643 4642 4631
f 4596 934 4627
f 4627 944 4626
f 4626 933 4596
f 4596 4627 4626
f 4627 934 4645
f 4645 949 4648
f 4648 944 4627
f 4627 4645 4648
f 4649 334 4623
f 4623 943 4651
f 4651 4649 4623
f 4652 334 4649
f 4653 335 2575
f 2575 334 4652
f 4652 4653 2575
f 4654 335 4653
f 4655 335 4654
f 2573 239 4622
f 4622 943 4623
f 4623 334 2573
f 2573 4622 4623
f 4622 239 4618
f 4618 940 4624
f 4624 943 4622
f 4622 4618 4624
f 2360 238 4617
f 4617 940 4618
f 4618 239 2360
f 2360 4617 4618
f 4617 238 4633
f 4633 946 4635
f 4635 940 4617
f 4617 4633 4635
f 4599 936 4634
f 4634 946 4633
f 4633 238 4599
f 4599 4634 4633
f 4634 936 4657
f 4657 951 4658
f 4658 946 4634
f 4634 4657 4658
f 4661 952 4665
f 4665 935 4597
f 4597 568 4661
f 4661 4665 4597
f 4665 952 4671
f 4671 953 4668
f 4668 935 4665
f 4665 4671 4668
f 4104 803 4103
f 4103 567 4044
f 4044 787 4104
f 4104 4103 4044
f 4103 803 4105
f 4105 802 4098
f 4098 567 4103
f 4103 4105 4098
f 4677 954 4675
f 4675 787 4449
f 4449 890 4677
f 4677 4675 4449
f 4675 954 4676
f 4676 803 4104
f 4104 787 4675
f 4675 4676 4104
f 4672 954 4674
f 4674 708 3724
f 3724 259 4672
f 4672 4674 3724
f 4674 954 4673
f 4673 339 3725
f 3725 708 4674
f 4674 4673 3725
f 4677 890 4447
f 4447 339 4673
f 4673 954 4677
f 4677 4447 4673
f 4447 890 4446
f 4446 336 2579
f 2579 339 4447
f 4447 4446 2579
f 2453 284 3031
f 3030 233 2453
f 2453 3031 3030
f 3031 284 4678
f 3107 524 4679
f 4678 284 3107
f 3107 4679 4678
f 4679 524 4680
f 4683 949 4682
f 4682 949 4645
f 4645 934 4681
f 4682 4645 4681
f 4625 942 4650
f 4651 943 4625
f 4625 4650 4651
f 4650 942 4684
f 4598 573 3279
f 3279 568 4597
f 4597 935 4598
f 4598 3279 4597
f 3279 573 3280
f 3280 569 3272
f 3272 568 3279
f 3279 3280 3272
f 4100 801 4663
f 4663 952 4664
f 4664 802 4100
f 4100 4663 4664
f 4663 801 4096
f 4096 783 4662
f 4662 952 4663
f 4663 4096 4662
f 3296 578 4049
f 4049 788 4050
f 4050 581 3296
f 3296 4049 4050
f 4049 578 4053
f 4053 789 4055
f 4055 788 4049
f 4049 4053 4055
f 4608 938 4611
f 4611 790 4058
f 4058 580 4608
f 4608 4611 4058
f 4611 938 4612
f 4612 791 4063
f 4063 790 4611
f 4611 4612 4063
f 3302 581 4066
f 4066 792 4067
f 4067 583 3302
f 3302 4066 4067
f 4066 581 4050
f 4050 788 4068
f 4068 792 4066
f 4066 4050 4068
f 4694 956 4692
f 4692 793 4688
f 4688 955 4694
f 4694 4692 4688
f 4692 956 4693
f 4693 794 4073
f 4073 793 4692
f 4692 4693 4073
f 4702 958 4700
f 4700 795 4697
f 4697 957 4702
f 4702 4700 4697
f 4700 958 4701
f 4701 796 4077
f 4077 795 4700
f 4700 4701 4077
f 4612 938 4609
f 4609 784 4062
f 4062 791 4612
f 4612 4609 4062
f 4609 938 4610
f 4610 785 4042
f 4042 784 4609
f 4609 4610 4042
f 4703 583 4080
f 4080 797 4706
f 4706 959 4703
f 4703 4080 4706
f 4080 583 4067
f 4067 792 4081
f 4081 797 4080
f 4080 4067 4081
f 4713 960 4710
f 4710 796 4701
f 4701 958 4713
f 4713 4710 4701
f 4710 960 4711
f 4711 798 4085
f 4085 796 4710
f 4710 4711 4085
f 3295 580 4054
f 4054 789 4053
f 4053 578 3295
f 3295 4054 4053
f 4054 580 4058
f 4058 790 4059
f 4059 789 4054
f 4054 4058 4059
f 4724 962 4721
f 4721 799 4717
f 4717 961 4724
f 4724 4721 4717
f 4721 962 4722
f 4722 800 4092
f 4092 799 4721
f 4721 4722 4092
f 4098 802 4099
f 4099 568 3270
f 3270 567 4098
f 4098 4099 3270
f 4099 802 4664
f 4664 952 4661
f 4661 568 4099
f 4099 4664 4661
f 3686 352 2604
f 2604 292 3685
f 3685 699 3686
f 3686 2604 3685
f 2604 352 2605
f 2605 293 2480
f 2480 292 2604
f 2604 2605 2480
f 3701 702 3697
f 3697 337 3695
f 3695 701 3701
f 3701 3697 3695
f 3697 702 3698
f 3698 338 2578
f 2578 337 3697
f 3697 3698 2578
f 3709 704 3705
f 3705 394 3047
f 3047 505 3709
f 3709 3705 3047
f 3705 704 3706
f 3706 395 2751
f 2751 394 3705
f 3705 3706 2751
f 2753 398 2767
f 2767 403 2766
f 2766 274 2753
f 2753 2767 2766
f 2767 398 2769
f 2769 404 2771
f 2771 403 2767
f 2767 2769 2771
f 3716 706 3714
f 3714 498 3039
f 3039 501 3716
f 3716 3714 3039
f 3714 706 3715
f 3715 499 3036
f 3036 498 3714
f 3714 3715 3036
f 3049 506 3060
f 3060 508 3059
f 3059 351 3049
f 3049 3060 3059
f 3060 506 3065
f 3065 509 3066
f 3066 508 3060
f 3060 3065 3066
f 2790 413 2791
f 2791 403 2768
f 2768 402 2790
f 2790 2791 2768
f 2791 413 3684
f 3684 698 3682
f 3682 403 2791
f 2791 3684 3682
f 2307 215 3057
f 3057 508 3056
f 3056 138 2307
f 2307 3057 3056
f 3057 215 2479
f 2479 293 3058
f 3058 508 3057
f 3057 2479 3058
f 2053 73 3032
f 3032 498 3033
f 3033 80 2053
f 2053 3032 3033
f 3032 73 3719
f 3719 707 3721
f 3721 498 3032
f 3032 3719 3721
f 1992 50 2748
f 2748 394 2747
f 2747 47 1992
f 1992 2748 2747
f 2748 50 3061
f 3061 509 3063
f 3063 394 2748
f 2748 3061 3063
f 3699 510 3067
f 3067 338 3698
f 3698 702 3699
f 3699 3067 3698
f 3067 510 3728
f 3728 709 3726
f 3726 338 3067
f 3067 3728 3726
f 4453 892 4454
f 4454 337 2576
f 2576 336 4453
f 4453 4454 2576
f 4454 892 4455
f 4455 712 3742
f 3742 337 4454
f 4454 4455 3742
f 3736 711 3739
f 3739 292 2477
f 2477 214 3736
f 3736 3739 2477
f 3739 711 3741
f 3741 710 3731
f 3731 292 3739
f 3739 3741 3731
f 4601 237 4727
f 4727 964 4730
f 4730 937 4601
f 4601 4727 4730
f 4727 237 4726
f 4726 963 4731
f 4731 964 4727
f 4727 4726 4731
f 4606 938 4607
f 4607 576 3284
f 3284 575 4606
f 4606 4607 3284
f 4607 938 4608
f 4608 580 3294
f 3294 576 4607
f 4607 4608 3294
f 3291 228 3283
f 3283 576 3292
f 3292 579 3291
f 3291 3283 3292
f 3283 228 3286
f 3286 577 3289
f 3289 576 3283
f 3283 3286 3289
f 2338 228 3298
f 3298 582 3299
f 3299 229 2338
f 2338 3298 3299
f 3298 228 3291
f 3291 579 3300
f 3300 582 3298
f 3298 3291 3300
f 2457 229 3304
f 3304 584 3305
f 3305 285 2457
f 2457 3304 3305
f 3304 229 3299
f 3299 582 3306
f 3306 584 3304
f 3304 3299 3306
f 4703 959 4704
f 4704 584 3307
f 3307 583 4703
f 4703 4704 3307
f 4704 959 4705
f 4705 585 3310
f 3310 584 4704
f 4704 4705 3310
f 4723 962 4719
f 4719 585 4705
f 4705 959 4723
f 4723 4719 4705
f 4719 962 4720
f 4720 586 3313
f 3313 585 4719
f 4719 4720 3313
f 4718 956 4690
f 4690 588 4715
f 4715 961 4718
f 4718 4690 4715
f 4690 956 4691
f 4691 589 3323
f 3323 588 4690
f 4690 4691 3323
f 4712 960 4708
f 4708 590 4687
f 4687 955 4712
f 4712 4708 4687
f 4708 960 4709
f 4709 591 3329
f 3329 590 4708
f 4708 4709 3329
f 4702 957 4695
f 4695 592 4699
f 4699 958 4702
f 4702 4695 4699
f 4695 957 4696
f 4696 593 3335
f 3335 592 4695
f 4695 4696 3335
f 4734 965 4732
f 4732 593 4696
f 4696 957 4734
f 4734 4732 4696
f 4732 965 4733
f 4733 594 3337
f 3337 593 4732
f 4732 4733 3337
f 4599 238 4602
f 4602 937 4605
f 4605 936 4599
f 4599 4602 4605
f 4602 238 2357
f 2357 237 4601
f 4601 937 4602
f 4602 2357 4601
f 3282 574 4613
f 4613 939 4614
f 4614 575 3282
f 3282 4613 4614
f 4613 574 4629
f 4629 945 4631
f 4631 939 4613
f 4613 4629 4631
f 4641 948 4669
f 4669 953 4666
f 4666 782 4641
f 4641 4669 4666
f 4669 948 4660
f 4660 951 4670
f 4670 953 4669
f 4669 4660 4670
f 4600 935 4656
f 4656 951 4657
f 4657 936 4600
f 4600 4656 4657
f 4656 935 4668
f 4668 953 4670
f 4670 951 4656
f 4656 4668 4670
f 4735 966 4736
f 4736 918 4548
f 4548 917 4735
f 4735 4736 4548
f 4736 966 4739
f 4739 967 4737
f 4737 918 4736
f 4736 4739 4737
f 4737 967 4738
f 4738 923 4564
f 4564 918 4737
f 4737 4738 4564
f 4738 967 4743
f 4743 968 4741
f 4741 923 4738
f 4738 4743 4741
f 4580 747 4740
f 4740 968 4742
f 4742 929 4580
f 4580 4740 4742
f 4740 747 4563
f 4563 923 4741
f 4741 968 4740
f 4740 4563 4741
f 4465 896 4466
f 4466 713 3747
f 3747 712 4465
f 4465 4466 3747
f 4466 896 4747
f 4747 969 4745
f 4745 713 4466
f 4466 4747 4745
f 3256 562 3257
f 3257 533 3145
f 3145 532 3256
f 3256 3257 3145
f 3257 562 3258
f 3258 561 3252
f 3252 533 3257
f 3257 3258 3252
f 3144 533 3143
f 3143 189 2887
f 2887 451 3144
f 3144 3143 2887
f 3143 533 3142
f 3142 186 2263
f 2263 189 3143
f 3143 3142 2263
f 3892 749 3893
f 3893 384 2720
f 2720 383 3892
f 3892 3893 2720
f 3893 749 3899
f 3899 751 3898
f 3898 384 3893
f 3893 3899 3898
f 3220 553 4750
f 4750 970 4749
f 4749 315 3220
f 3220 4750 4749
f 4750 553 3224
f 3224 555 4751
f 4751 970 4750
f 4750 3224 4751
f 2418 82 2786
f 2786 412 2787
f 2787 270 2418
f 2418 2786 2787
f 2786 82 2059
f 2059 81 2785
f 2785 412 2786
f 2786 2059 2785
f 2369 96 2419
f 2419 270 2420
f 2420 243 2369
f 2369 2419 2420
f 2419 96 2093
f 2093 82 2418
f 2418 270 2419
f 2419 2093 2418
f 2094 96 3021
f 3021 495 3020
f 3020 95 2094
f 2094 3021 3020
f 3021 96 2371
f 2371 245 3022
f 3022 495 3021
f 3021 2371 3022
f 3102 267 3104
f 3105 523 3102
f 3102 3104 3105
f 3316 497 3103
f 3103 523 3317
f 3317 587 3316
f 3316 3103 3317
f 3103 497 3027
f 3027 267 3102
f 3102 523 3103
f 3103 3027 3102
f 2785 81 4753
f 4753 971 4755
f 4755 412 2785
f 2785 4753 4755
f 4753 81 3035
f 3035 499 4756
f 4756 971 4753
f 4753 3035 4756
f 3028 497 3325
f 3325 590 3324
f 3324 308 3028
f 3028 3325 3324
f 3325 497 3321
f 3321 589 3326
f 3326 590 3325
f 3325 3321 3326
f 4766 706 4761
f 4761 972 4768
f 4768 973 4766
f 4766 4761 4768
f 4761 706 3717
f 3717 705 4760
f 4760 972 4761
f 4761 3717 4760
f 3022 245 4086
f 4086 799 4087
f 4087 495 3022
f 3022 4086 4087
f 4086 245 4072
f 4072 794 4088
f 4088 799 4086
f 4086 4072 4088
f 4088 794 4716
f 4716 961 4717
f 4717 799 4088
f 4088 4716 4717
f 4716 794 4693
f 4693 956 4718
f 4718 961 4716
f 4716 4693 4718
f 4756 499 4765
f 4765 973 4767
f 4767 971 4756
f 4756 4765 4767
f 4765 499 3715
f 3715 706 4766
f 4766 973 4765
f 4765 3715 4766
f 3326 589 4686
f 4686 955 4687
f 4687 590 3326
f 3326 4686 4687
f 4686 589 4691
f 4691 956 4694
f 4694 955 4686
f 4686 4691 4694
f 2052 74 2054
f 2054 80 2055
f 2055 79 2052
f 2052 2054 2055
f 2054 74 2042
f 2042 73 2053
f 2053 80 2054
f 2054 2042 2053
f 2041 74 2461
f 2461 286 2460
f 2460 71 2041
f 2041 2461 2460
f 2461 74 2157
f 2157 122 2463
f 2463 286 2461
f 2461 2157 2463
f 3101 255 3315
f 3315 587 3317
f 3317 523 3101
f 3101 3315 3317
f 3315 255 2388
f 2388 254 3314
f 3314 587 3315
f 3315 2388 3314
f 2463 122 2465
f 2465 287 2467
f 2467 286 2463
f 2463 2465 2467
f 2465 122 3024
f 3024 496 3025
f 3025 287 2465
f 2465 3024 3025
f 3702 503 3708
f 3708 704 3710
f 3710 703 3702
f 3702 3708 3710
f 3708 503 3046
f 3046 502 3707
f 3707 704 3708
f 3708 3046 3707
f 2387 255 2455
f 2455 284 2454
f 2454 252 2387
f 2387 2455 2454
f 2455 255 3106
f 3106 524 3107
f 3107 284 2455
f 2455 3106 3107
f 3314 254 3318
f 3318 588 3320
f 3320 587 3314
f 3314 3318 3320
f 3318 254 3312
f 3312 586 3319
f 3319 588 3318
f 3318 3312 3319
f 3707 502 3041
f 3041 395 3706
f 3706 704 3707
f 3707 3041 3706
f 3041 502 3723
f 3723 707 3720
f 3720 395 3041
f 3041 3723 3720
f 3025 496 4079
f 4079 797 4078
f 4078 287 3025
f 3025 4079 4078
f 4079 496 4090
f 4090 800 4091
f 4091 797 4079
f 4079 4090 4091
f 4091 800 4707
f 4707 959 4706
f 4706 797 4091
f 4091 4707 4706
f 4707 800 4722
f 4722 962 4723
f 4723 959 4707
f 4707 4722 4723
f 3720 707 3718
f 3718 72 2750
f 2750 395 3720
f 3720 3718 2750
f 3718 707 3719
f 3719 73 2040
f 2040 72 3718
f 3718 3719 2040
f 3319 586 4714
f 4714 961 4715
f 4715 588 3319
f 3319 4714 4715
f 4714 586 4720
f 4720 962 4724
f 4724 961 4714
f 4714 4720 4724
f 3915 31 4769
f 4769 974 4774
f 4774 756 3915
f 3915 4769 4774
f 4769 31 1968
f 1968 34 4770
f 4770 974 4769
f 4769 1968 4770
f 4760 705 3780
f 3780 720 4762
f 4762 972 4760
f 4760 3780 4762
f 3780 705 3711
f 3711 33 3777
f 3777 720 3780
f 3780 3711 3777
f 3712 500 3037
f 3037 33 3711
f 3711 705 3712
f 3712 3037 3711
f 3037 500 3038
f 3038 34 1970
f 1970 33 3037
f 3037 3038 1970
f 3045 503 3044
f 3044 34 3038
f 3038 500 3045
f 3045 3044 3038
f 3044 503 4771
f 4771 974 4770
f 4770 34 3044
f 3044 4771 4770
f 4773 974 4772
f 4772 703 3789
f 3789 722 4773
f 4773 4772 3789
f 4772 974 4771
f 4771 503 3702
f 3702 703 4772
f 4772 4771 3702
f 3556 667 3557
f 3557 131 2170
f 2170 130 3556
f 3556 3557 2170
f 3557 667 4015
f 4015 777 4011
f 4011 131 3557
f 3557 4015 4011
f 2410 148 4245
f 4245 842 4248
f 4248 265 2410
f 2410 4245 4248
f 4245 148 2193
f 2193 147 4244
f 4244 842 4245
f 4245 2193 4244
f 4672 259 4102
f 4102 803 4676
f 4676 954 4672
f 4672 4102 4676
f 4102 259 2395
f 2395 258 4101
f 4101 803 4102
f 4102 2395 4101
f 2551 262 3802
f 3802 725 3804
f 3804 324 2551
f 2551 3802 3804
f 3802 262 2401
f 2401 261 3801
f 3801 725 3802
f 3802 2401 3801
f 3922 313 3219
f 3219 553 3925
f 3925 757 3922
f 3922 3219 3925
f 3219 313 2534
f 2534 312 3218
f 3218 553 3219
f 3219 2534 3218
f 2566 331 3395
f 3395 613 3393
f 3393 124 2566
f 2566 3395 3393
f 3395 331 2567
f 2567 330 3394
f 3394 613 3395
f 3395 2567 3394
f 4030 263 2585
f 2585 341 4031
f 4031 781 4030
f 4030 2585 4031
f 2585 263 2404
f 2404 262 2584
f 2584 341 2585
f 2585 2404 2584
f 4027 779 4023
f 4023 484 4026
f 4026 780 4027
f 4027 4023 4026
f 4023 779 4024
f 4024 485 2996
f 2996 484 4023
f 4023 4024 2996
f 4329 488 4336
f 4336 863 4338
f 4338 862 4329
f 4329 4336 4338
f 4336 488 3001
f 3001 487 4335
f 4335 863 4336
f 4336 3001 4335
f 3068 511 3700
f 3700 702 3696
f 3696 310 3068
f 3068 3700 3696
f 3700 511 3069
f 3069 510 3699
f 3699 702 3700
f 3700 3069 3699
f 4011 777 4014
f 4014 515 3078
f 3078 131 4011
f 4011 4014 3078
f 4014 777 4019
f 4019 778 4018
f 4018 515 4014
f 4014 4019 4018
f 4777 554 3221
f 3221 143 4775
f 4775 975 4777
f 4777 3221 4775
f 3221 554 3222
f 3222 312 2529
f 2529 143 3221
f 3221 3222 2529
f 3360 601 3357
f 3357 123 2198
f 2198 151 3360
f 3360 3357 2198
f 3357 601 3361
f 3361 600 3354
f 3354 123 3357
f 3357 3361 3354
f 3957 621 3413
f 3413 333 3954
f 3954 763 3957
f 3957 3413 3954
f 3413 621 3412
f 3412 330 2570
f 2570 333 3413
f 3413 3412 2570
f 4009 668 3562
f 3562 634 4007
f 4007 776 4009
f 4009 3562 4007
f 3562 668 3563
f 3563 635 3451
f 3451 634 3562
f 3562 3563 3451
f 3469 642 3470
f 3470 640 3465
f 3465 639 3469
f 3469 3470 3465
f 3470 642 3474
f 3474 645 3473
f 3473 640 3470
f 3470 3474 3473
f 4004 775 4002
f 4002 664 3641
f 3641 688 4004
f 4004 4002 3641
f 4002 775 4003
f 4003 665 3550
f 3550 664 4002
f 4002 4003 3550
f 4010 776 4008
f 4008 665 4003
f 4003 775 4010
f 4010 4008 4003
f 4008 776 4007
f 4007 634 3549
f 3549 665 4008
f 4008 4007 3549
f 2169 129 3448
f 3448 635 3449
f 3449 130 2169
f 2169 3448 3449
f 3448 129 3452
f 3452 636 3455
f 3455 635 3448
f 3448 3452 3455
f 4329 862 4330
f 4330 670 3569
f 3569 488 4329
f 4329 4330 3569
f 4330 862 4332
f 4332 861 4326
f 4326 670 4330
f 4330 4332 4326
f 4326 861 4324
f 4324 639 3570
f 3570 670 4326
f 4326 4324 3570
f 4324 861 4325
f 4325 642 3469
f 3469 639 4324
f 4324 4325 3469
f 3973 675 3961
f 3961 764 3974
f 3974 767 3973
f 3973 3961 3974
f 3961 675 3589
f 3589 674 3960
f 3960 764 3961
f 3961 3589 3960
f 2268 193 3547
f 3547 664 3546
f 3546 190 2268
f 2268 3547 3546
f 3547 193 3642
f 3642 689 3643
f 3643 664 3547
f 3547 3642 3643
f 3726 709 3727
f 3727 339 2580
f 2580 338 3726
f 3726 3727 2580
f 3727 709 3730
f 3730 708 3725
f 3725 339 3727
f 3727 3730 3725
f 3769 718 3768
f 3768 310 2528
f 2528 311 3769
f 3769 3768 2528
f 3768 718 3770
f 3770 511 3068
f 3068 310 3768
f 3768 3770 3068
f 3801 261 2527
f 2527 311 3803
f 3803 725 3801
f 3801 2527 3803
f 2527 261 3766
f 3766 718 3769
f 3769 311 2527
f 2527 3766 3769
f 4662 783 4667
f 4667 953 4671
f 4671 952 4662
f 4662 4667 4671
f 4667 783 4035
f 4035 782 4666
f 4666 953 4667
f 4667 4035 4666
f 4093 801 4094
f 4094 257 2393
f 2393 256 4093
f 4093 4094 2393
f 4094 801 4095
f 4095 258 2394
f 2394 257 4094
f 4094 4095 2394
f 4210 835 4211
f 4211 484 2993
f 2993 483 4210
f 4210 4211 2993
f 4211 835 4213
f 4213 833 4202
f 4202 484 4211
f 4211 4213 4202
f 2997 486 2998
f 2998 341 2586
f 2586 340 2997
f 2997 2998 2586
f 2998 486 3000
f 3000 485 2994
f 2994 341 2998
f 2998 3000 2994
f 4244 147 2200
f 2200 151 4246
f 4246 842 4244
f 4244 2200 4246
f 2200 147 3358
f 3358 601 3360
f 3360 151 2200
f 2200 3358 3360
f 2195 148 3920
f 3920 757 3921
f 3921 149 2195
f 2195 3920 3921
f 3920 148 2532
f 2532 313 3922
f 3922 757 3920
f 3920 2532 3922
f 3999 774 4275
f 4275 848 4274
f 4274 773 3999
f 3999 4275 4274
f 4275 774 4279
f 4279 849 4281
f 4281 848 4275
f 4275 4279 4281
f 4295 854 4296
f 4296 848 4276
f 4276 847 4295
f 4295 4296 4276
f 4296 854 4297
f 4297 851 4289
f 4289 848 4296
f 4296 4297 4289
f 3992 772 4292
f 4292 853 4291
f 4291 771 3992
f 3992 4292 4291
f 4292 772 4287
f 4287 851 4293
f 4293 853 4292
f 4292 4287 4293
f 4291 853 4290
f 4290 770 3989
f 3989 771 4291
f 4291 4290 3989
f 4290 853 4303
f 4303 855 4301
f 4301 770 4290
f 4290 4303 4301
f 4314 857 4310
f 4310 856 4313
f 4313 858 4314
f 4314 4310 4313
f 4310 857 4309
f 4309 855 4306
f 4306 856 4310
f 4310 4309 4306
f 4308 857 4307
f 4307 768 3982
f 3982 769 4308
f 4308 4307 3982
f 4307 857 4321
f 4321 860 4320
f 4320 768 4307
f 4307 4321 4320
f 4335 487 4316
f 4316 859 4337
f 4337 863 4335
f 4335 4316 4337
f 4316 487 4318
f 4318 860 4323
f 4323 859 4316
f 4316 4318 4323
f 4283 850 4284
f 4284 689 3642
f 3642 193 4283
f 4283 4284 3642
f 4284 850 4286
f 4286 849 4277
f 4277 689 4284
f 4284 4286 4277
f 3588 675 3587
f 3587 645 3579
f 3579 672 3588
f 3588 3587 3579
f 3587 675 3586
f 3586 640 3473
f 3473 645 3587
f 3587 3586 3473
f 4648 949 4646
f 4646 941 4628
f 4628 944 4648
f 4648 4646 4628
f 4646 949 4647
f 4647 942 4621
f 4621 941 4646
f 4646 4647 4621
f 4632 944 4638
f 4638 947 4639
f 4639 945 4632
f 4632 4638 4639
f 4638 944 4628
f 4628 941 4637
f 4637 947 4638
f 4638 4628 4637
f 4658 951 4659
f 4659 947 4640
f 4640 946 4658
f 4658 4659 4640
f 4659 951 4660
f 4660 948 4644
f 4644 947 4659
f 4659 4660 4644
f 2400 259 3737
f 3737 711 3738
f 3738 260 2400
f 2400 3737 3738
f 3737 259 3724
f 3724 708 3740
f 3740 711 3737
f 3737 3724 3740
f 4647 949 4685
f 4684 942 4647
f 4647 4685 4684
f 4685 949 4683
f 4038 783 4034
f 4034 256 4037
f 4037 784 4038
f 4038 4034 4037
f 4034 783 4096
f 4096 801 4093
f 4093 256 4034
f 4034 4096 4093
f 3735 709 3729
f 3729 513 3732
f 3732 710 3735
f 3735 3729 3732
f 3729 709 3728
f 3728 510 3072
f 3072 513 3729
f 3729 3728 3072
f 4616 939 4615
f 4615 782 4040
f 4040 785 4616
f 4616 4615 4040
f 4615 939 4642
f 4642 948 4641
f 4641 782 4615
f 4615 4642 4641
f 2473 103 2103
f 2103 16 2472
f 2472 290 2473
f 2473 2103 2472
f 2103 103 2104
f 2104 17 1945
f 1945 16 2103
f 2103 2104 1945
f 1977 41 2063
f 2063 83 2062
f 2062 12 1977
f 1977 2063 2062
f 2063 41 2688
f 2688 375 2689
f 2689 83 2063
f 2063 2688 2689
f 2106 102 2100
f 2100 17 2104
f 2104 103 2106
f 2106 2100 2104
f 2100 102 2101
f 2101 69 2031
f 2031 17 2100
f 2100 2101 2031
f 2742 200 2280
f 2280 127 2741
f 2741 393 2742
f 2742 2280 2741
f 2280 200 2281
f 2281 128 2168
f 2168 127 2280
f 2280 2281 2168
f 3347 23 2277
f 2277 199 3350
f 3350 598 3347
f 3347 2277 3350
f 2277 23 2166
f 2166 128 2278
f 2278 199 2277
f 2277 2166 2278
f 2426 272 2427
f 2427 268 2414
f 2414 249 2426
f 2426 2427 2414
f 2427 272 2428
f 2428 271 2422
f 2422 268 2427
f 2427 2428 2422
f 4758 276 4764
f 4764 973 4768
f 4768 972 4758
f 4758 4764 4768
f 4764 276 2433
f 2433 275 4763
f 4763 973 4764
f 4764 2433 4763
f 3778 277 4759
f 4759 972 4762
f 4762 720 3778
f 3778 4759 4762
f 4759 277 2434
f 2434 276 4758
f 4758 972 4759
f 4759 2434 4758
f 2050 78 2440
f 2440 280 2439
f 2439 75 2050
f 2050 2440 2439
f 2440 78 2444
f 2444 281 2447
f 2447 280 2440
f 2440 2444 2447
f 2424 272 2425
f 2425 244 2370
f 2370 243 2424
f 2424 2425 2370
f 2425 272 2518
f 2518 307 2515
f 2515 244 2425
f 2425 2518 2515
f 2520 250 2522
f 2523 309 2520
f 2520 2522 2523
f 3886 317 3891
f 3891 749 3894
f 3894 748 3886
f 3886 3891 3894
f 3891 317 2540
f 2540 316 3890
f 3890 749 3891
f 3891 2540 3890
f 2689 375 2686
f 2686 9 2060
f 2060 83 2689
f 2689 2686 2060
f 2686 375 2691
f 2691 374 2683
f 2683 9 2686
f 2686 2691 2683
f 2422 271 2765
f 2765 402 2764
f 2764 268 2422
f 2422 2765 2764
f 2765 271 2789
f 2789 413 2790
f 2790 402 2765
f 2765 2789 2790
f 2123 109 2122
f 2122 69 2101
f 2101 102 2123
f 2123 2122 2101
f 2122 109 2445
f 2445 281 2442
f 2442 69 2122
f 2122 2445 2442
f 3109 525 3110
f 3110 26 1958
f 1958 8 3109
f 3109 3110 1958
f 3110 525 3111
f 3111 127 2165
f 2165 26 3110
f 3110 3111 2165
f 2520 309 3331
f 3331 592 3330
f 3330 250 2520
f 2520 3331 3330
f 3331 309 3328
f 3328 591 3332
f 3332 592 3331
f 3331 3328 3332
f 3112 525 3637
f 3637 687 3636
f 3636 391 3112
f 3112 3637 3636
f 3637 525 3344
f 3344 596 3638
f 3638 687 3637
f 3637 3344 3638
f 3638 596 3342
f 3342 373 3635
f 3635 687 3638
f 3638 3342 3635
f 3342 596 3343
f 3343 374 2685
f 2685 373 3342
f 3342 3343 2685
f 4763 275 4754
f 4754 971 4767
f 4767 973 4763
f 4763 4754 4767
f 4754 275 3681
f 3681 698 4757
f 4757 971 4754
f 4754 3681 4757
f 2437 277 2510
f 2510 306 2511
f 2511 278 2437
f 2437 2510 2511
f 2510 277 3781
f 3781 721 3784
f 3784 306 2510
f 2510 3781 3784
f 4781 733 4485
f 4485 903 4783
f 4783 976 4781
f 4781 4485 4783
f 4485 733 4489
f 4489 904 4491
f 4491 903 4485
f 4485 4489 4491
f 4752 750 3895
f 3895 315 4749
f 4749 970 4752
f 4752 3895 4749
f 3895 750 3896
f 3896 316 2538
f 2538 315 3895
f 3895 3896 2538
f 3947 760 3938
f 3938 752 3946
f 3946 761 3947
f 3947 3938 3946
f 3938 760 3939
f 3939 753 3906
f 3906 752 3938
f 3938 3939 3906
f 3930 755 3934
f 3934 759 3935
f 3935 758 3930
f 3930 3934 3935
f 3934 755 3914
f 3914 754 3933
f 3933 759 3934
f 3934 3914 3933
f 2441 279 3782
f 3782 721 3783
f 3783 280 2441
f 2441 3782 3783
f 3782 279 2512
f 2512 306 3784
f 3784 721 3782
f 3782 2512 3784
f 2515 307 4070
f 4070 793 4069
f 4069 244 2515
f 2515 4070 4069
f 4070 307 4083
f 4083 798 4084
f 4084 793 4070
f 4070 4083 4084
f 3379 606 3907
f 3907 754 3908
f 3908 607 3379
f 3379 3907 3908
f 3907 606 3905
f 3905 753 3910
f 3910 754 3907
f 3907 3905 3910
f 3912 755 3913
f 3913 748 3889
f 3889 608 3912
f 3912 3913 3889
f 3913 755 3911
f 3911 317 3886
f 3886 748 3913
f 3913 3911 3886
f 3942 761 3943
f 3943 199 2279
f 2279 198 3942
f 3942 3943 2279
f 3943 761 3946
f 3946 752 3901
f 3901 199 3943
f 3943 3946 3901
f 4492 905 4493
f 4493 420 2813
f 2813 419 4492
f 4492 4493 2813
f 4493 905 4495
f 4495 904 4487
f 4487 420 4493
f 4493 4495 4487
f 4494 905 4520
f 4520 912 4519
f 4519 902 4494
f 4494 4520 4519
f 4520 905 4531
f 4531 914 4532
f 4532 912 4520
f 4520 4531 4532
f 2476 290 4528
f 4528 914 4529
f 4529 291 2476
f 2476 4528 4529
f 4528 290 2472
f 2472 16 4527
f 4527 914 4528
f 4528 2472 4527
f 4084 798 4689
f 4689 955 4688
f 4688 793 4084
f 4084 4689 4688
f 4689 798 4711
f 4711 960 4712
f 4712 955 4689
f 4689 4711 4712
f 4757 698 3683
f 3683 412 4755
f 4755 971 4757
f 4757 3683 4755
f 3683 698 3684
f 3684 413 2792
f 2792 412 3683
f 3683 3684 2792
f 3332 591 4698
f 4698 958 4699
f 4699 592 3332
f 3332 4698 4699
f 4698 591 4709
f 4709 960 4713
f 4713 958 4698
f 4698 4709 4713
f 2574 335 4786
f 4786 977 4785
f 4785 236 2574
f 2574 4786 4785
f 4786 335 4655
f 4655 950 4787
f 4787 977 4786
f 4786 4655 4787
f 2067 84 2065
f 2065 12 2062
f 2062 83 2067
f 2067 2065 2062
f 2065 84 2066
f 2066 13 1941
f 1941 12 2065
f 2065 2066 1941
f 2690 375 2687
f 2687 40 2676
f 2676 372 2690
f 2690 2687 2676
f 2687 375 2688
f 2688 41 1979
f 1979 40 2687
f 2687 2688 1979
f 2001 57 2002
f 2002 20 1949
f 1949 19 2001
f 2001 2002 1949
f 2002 57 2003
f 2003 56 1999
f 1999 20 2002
f 2002 2003 1999
f 2673 371 2671
f 2671 66 2667
f 2667 368 2673
f 2673 2671 2667
f 2671 371 2672
f 2672 67 2026
f 2026 66 2671
f 2671 2672 2026
f 3234 107 2117
f 2117 76 3233
f 3233 557 3234
f 3234 2117 3233
f 2117 107 2118
f 2118 77 2048
f 2048 76 2117
f 2117 2118 2048
f 2071 87 2070
f 2070 15 1946
f 1946 18 2071
f 2071 2070 1946
f 2070 87 2073
f 2073 86 2068
f 2068 15 2070
f 2070 2073 2068
f 2049 78 2113
f 2113 106 2111
f 2111 70 2049
f 2049 2113 2111
f 2113 78 2051
f 2051 77 2112
f 2112 106 2113
f 2113 2051 2112
f 3820 14 2128
f 2128 111 3821
f 3821 730 3820
f 3820 2128 3821
f 2128 14 1943
f 1943 13 2127
f 2127 111 2128
f 2128 1943 2127
f 2033 70 2072
f 2072 87 2071
f 2071 18 2033
f 2033 2072 2071
f 2072 70 2111
f 2111 106 2114
f 2114 87 2072
f 2072 2111 2114
f 1999 56 2082
f 2082 92 2081
f 2081 20 1999
f 1999 2082 2081
f 2082 56 2152
f 2152 120 2154
f 2154 92 2082
f 2082 2152 2154
f 3402 616 3400
f 3400 124 3393
f 3393 613 3402
f 3402 3400 3393
f 3400 616 3401
f 3401 125 2162
f 2162 124 3400
f 3400 3401 2162
f 2657 362 2643
f 2643 156 2654
f 2654 366 2657
f 2657 2643 2654
f 2643 362 2644
f 2644 157 2210
f 2210 156 2643
f 2643 2644 2210
f 2228 170 2233
f 2233 174 2234
f 2234 171 2228
f 2228 2233 2234
f 2233 170 2236
f 2236 175 2237
f 2237 174 2233
f 2233 2236 2237
f 3823 730 3822
f 3822 283 3812
f 3812 727 3823
f 3823 3822 3812
f 3822 730 3821
f 3821 111 2451
f 2451 283 3822
f 3822 3821 2451
f 2119 107 2483
f 2483 295 2482
f 2482 105 2119
f 2119 2483 2482
f 2483 107 2485
f 2485 296 2487
f 2487 295 2483
f 2483 2485 2487
f 2742 393 2743
f 2743 327 2560
f 2560 200 2742
f 2742 2743 2560
f 2743 393 2744
f 2744 328 2563
f 2563 327 2743
f 2743 2744 2563
f 3367 603 3365
f 3365 331 3356
f 3356 600 3367
f 3367 3365 3356
f 3365 603 3366
f 3366 332 2569
f 2569 331 3365
f 3365 3366 2569
f 2655 366 2656
f 2656 175 2236
f 2236 170 2655
f 2655 2656 2236
f 2656 366 2654
f 2654 156 2235
f 2235 175 2656
f 2656 2654 2235
f 3607 329 2739
f 2739 392 3608
f 3608 681 3607
f 3607 2739 3608
f 2739 329 2565
f 2565 328 2738
f 2738 392 2739
f 2739 2565 2738
f 3857 415 2936
f 2936 466 3858
f 3858 741 3857
f 3857 2936 3858
f 2936 415 2798
f 2798 414 2935
f 2935 466 2936
f 2936 2798 2935
f 2154 120 2153
f 2153 89 2083
f 2083 92 2154
f 2154 2153 2083
f 2153 120 2794
f 2794 414 2793
f 2793 89 2153
f 2153 2794 2793
f 2652 365 2651
f 2651 157 2644
f 2644 362 2652
f 2652 2651 2644
f 2651 365 2939
f 2939 467 2937
f 2937 157 2651
f 2651 2939 2937
f 2960 474 2961
f 2961 470 2947
f 2947 469 2960
f 2960 2961 2947
f 2961 474 2962
f 2962 473 2956
f 2956 470 2961
f 2961 2962 2956
f 3233 76 2044
f 2044 31 3232
f 3232 557 3233
f 3233 2044 3232
f 2044 76 2045
f 2045 32 1966
f 1966 31 2044
f 2044 2045 1966
f 2484 294 2944
f 2944 469 2945
f 2945 295 2484
f 2484 2944 2945
f 2944 294 2958
f 2958 474 2960
f 2960 469 2944
f 2944 2958 2960
f 4206 626 3425
f 3425 515 4205
f 4205 834 4206
f 4206 3425 4205
f 3425 626 3426
f 3426 516 3081
f 3081 515 3425
f 3425 3426 3081
f 2488 297 3239
f 3239 558 3236
f 3236 288 2488
f 2488 3239 3236
f 3239 297 2490
f 2490 296 3238
f 3238 558 3239
f 3239 2490 3238
f 3115 526 3116
f 3116 467 2939
f 2939 365 3115
f 3115 3116 2939
f 3116 526 3245
f 3245 559 3243
f 3243 467 3116
f 3116 3245 3243
f 3965 765 3963
f 3963 610 3566
f 3566 669 3965
f 3965 3963 3566
f 3963 765 3964
f 3964 611 3389
f 3389 610 3963
f 3963 3964 3389
f 3598 678 3596
f 3596 614 3580
f 3580 673 3598
f 3598 3596 3580
f 3596 678 3597
f 3597 615 3399
f 3399 614 3596
f 3596 3597 3399
f 3585 673 3581
f 3581 621 3583
f 3583 674 3585
f 3585 3581 3583
f 3581 673 3580
f 3580 614 3414
f 3414 621 3581
f 3581 3580 3414
f 3430 132 3423
f 3423 625 3431
f 3431 628 3430
f 3430 3423 3431
f 3423 132 3080
f 3080 516 3424
f 3424 625 3423
f 3423 3080 3424
f 2282 200 3457
f 3457 637 3456
f 3456 198 2282
f 2282 3457 3456
f 3457 200 2560
f 2560 327 3458
f 3458 637 3457
f 3457 2560 3458
f 2564 329 3488
f 3488 650 3487
f 3487 326 2564
f 2564 3488 3487
f 3488 329 3491
f 3491 651 3493
f 3493 650 3488
f 3488 3491 3493
f 3607 681 3609
f 3609 651 3491
f 3491 329 3607
f 3607 3609 3491
f 3609 681 3610
f 3610 660 3532
f 3532 651 3609
f 3609 3610 3532
f 3384 326 3386
f 3386 610 3387
f 3387 609 3384
f 3384 3386 3387
f 3386 326 3487
f 3487 650 3489
f 3489 610 3386
f 3386 3487 3489
f 2740 391 3612
f 3612 682 3613
f 3613 392 2740
f 2740 3612 3613
f 3612 391 3636
f 3636 687 3639
f 3639 682 3612
f 3612 3636 3639
f 3618 683 3617
f 3617 660 3610
f 3610 681 3618
f 3618 3617 3610
f 3617 683 3624
f 3624 684 3622
f 3622 660 3617
f 3617 3624 3622
f 3615 683 3616
f 3616 370 2670
f 2670 369 3615
f 3615 3616 2670
f 3616 683 3619
f 3619 682 3611
f 3611 370 3616
f 3616 3619 3611
f 3625 685 3626
f 3626 22 1953
f 1953 21 3625
f 3625 3626 1953
f 3626 685 3628
f 3628 684 3620
f 3620 22 3626
f 3626 3628 3620
f 2595 344 3813
f 3813 728 3814
f 3814 345 2595
f 2595 3813 3814
f 3813 344 3816
f 3816 729 3819
f 3819 728 3813
f 3813 3816 3819
f 2807 418 3817
f 3817 729 3816
f 3816 344 2807
f 2807 3817 3816
f 3817 418 3826
f 3826 731 3828
f 3828 729 3817
f 3817 3826 3828
f 2812 420 3827
f 3827 731 3826
f 3826 418 2812
f 2812 3827 3826
f 3827 420 3832
f 3832 732 3833
f 3833 731 3827
f 3827 3832 3833
f 4487 904 4488
f 4488 732 3832
f 3832 420 4487
f 4487 4488 3832
f 4488 904 4489
f 4489 733 3836
f 3836 732 4488
f 4488 4489 3836
f 3841 735 4497
f 4497 907 4496
f 4496 734 3841
f 3841 4497 4496
f 4497 735 4499
f 4499 908 4502
f 4502 907 4497
f 4497 4499 4502
f 3848 737 3876
f 3876 744 3875
f 3875 736 3848
f 3848 3876 3875
f 3876 737 4509
f 4509 910 4510
f 4510 744 3876
f 3876 4509 4510
f 3877 743 3870
f 3870 736 3875
f 3875 744 3877
f 3877 3870 3875
f 3870 743 3871
f 3871 738 3851
f 3851 736 3870
f 3870 3871 3851
f 3866 739 3872
f 3872 743 3873
f 3873 742 3866
f 3866 3872 3873
f 3872 739 3853
f 3853 738 3871
f 3871 743 3872
f 3872 3853 3871
f 3855 740 3867
f 3867 742 3865
f 3865 563 3855
f 3855 3867 3865
f 3867 740 3856
f 3856 739 3866
f 3866 742 3867
f 3867 3856 3866
f 3113 302 3241
f 3241 559 3245
f 3245 526 3113
f 3113 3241 3245
f 3241 302 2797
f 2797 415 3242
f 3242 559 3241
f 3241 2797 3242
f 3915 756 3917
f 3917 557 3232
f 3232 31 3915
f 3915 3917 3232
f 3917 756 3918
f 3918 558 3240
f 3240 557 3917
f 3917 3918 3240
f 3390 333 3950
f 3950 762 3951
f 3951 612 3390
f 3390 3950 3951
f 3950 333 2571
f 2571 332 3949
f 3949 762 3950
f 3950 2571 3949
f 3966 764 3959
f 3959 611 3964
f 3964 765 3966
f 3966 3959 3964
f 3959 764 3962
f 3962 763 3955
f 3955 611 3959
f 3959 3962 3955
f 4199 832 4198
f 4198 174 2241
f 2241 177 4199
f 4199 4198 2241
f 4198 832 4200
f 4200 778 4017
f 4017 174 4198
f 4198 4200 4017
f 4375 815 4134
f 4134 812 4374
f 4374 872 4375
f 4375 4134 4374
f 4134 815 4135
f 4135 813 4128
f 4128 812 4134
f 4134 4135 4128
f 4234 126 4157
f 4157 822 4237
f 4237 840 4234
f 4234 4157 4237
f 4157 126 2164
f 2164 125 4156
f 4156 822 4157
f 4157 2164 4156
f 3260 471 3854
f 3854 740 3855
f 3855 563 3260
f 3260 3854 3855
f 3854 471 4165
f 4165 825 4167
f 4167 740 3854
f 3854 4165 4167
f 2948 61 4164
f 4164 825 4165
f 4165 471 2948
f 2948 4164 4165
f 4164 61 4170
f 4170 826 4173
f 4173 825 4164
f 4164 4170 4173
f 2009 60 4169
f 4169 826 4170
f 4170 61 2009
f 2009 4169 4170
f 4169 60 4174
f 4174 827 4178
f 4178 826 4169
f 4169 4174 4178
f 2206 154 4175
f 4175 827 4174
f 4174 60 2206
f 2206 4175 4174
f 4175 154 4179
f 4179 828 4183
f 4183 827 4175
f 4175 4179 4183
f 2246 180 4182
f 4182 828 4179
f 4179 154 2246
f 2246 4182 4179
f 4182 180 4187
f 4187 829 4188
f 4188 828 4182
f 4182 4187 4188
f 2248 179 4186
f 4186 829 4187
f 4187 180 2248
f 2248 4186 4187
f 4186 179 4191
f 4191 830 4193
f 4193 829 4186
f 4186 4191 4193
f 4025 780 4192
f 4192 830 4191
f 4191 179 4025
f 4025 4192 4191
f 4192 780 4196
f 4196 831 4197
f 4197 830 4192
f 4192 4196 4197
f 4026 484 4195
f 4195 831 4196
f 4196 780 4026
f 4026 4195 4196
f 4195 484 4202
f 4202 833 4203
f 4203 831 4195
f 4195 4202 4203
f 4216 836 4215
f 4215 483 3420
f 3420 624 4216
f 4216 4215 3420
f 4215 836 4220
f 4220 835 4210
f 4210 483 4215
f 4215 4220 4210
f 4116 809 4219
f 4219 836 4216
f 4216 624 4116
f 4116 4219 4216
f 4219 809 4223
f 4223 837 4225
f 4225 836 4219
f 4219 4223 4225
f 4236 840 4238
f 4238 838 4226
f 4226 808 4236
f 4236 4238 4226
f 4238 840 4237
f 4237 822 4229
f 4229 838 4238
f 4238 4237 4229
f 4130 814 4129
f 4129 625 3428
f 3428 627 4130
f 4130 4129 3428
f 4129 814 4132
f 4132 813 4125
f 4125 625 4129
f 4129 4132 4125
f 4154 821 4155
f 4155 812 4124
f 4124 811 4154
f 4154 4155 4124
f 4155 821 4403
f 4403 878 4402
f 4402 812 4155
f 4155 4403 4402
f 4131 814 4228
f 4228 838 4227
f 4227 811 4131
f 4131 4228 4227
f 4228 814 4224
f 4224 837 4230
f 4230 838 4228
f 4228 4224 4230
f 3391 612 3460
f 3460 637 3459
f 3459 609 3391
f 3391 3460 3459
f 3460 612 3951
f 3951 762 3952
f 3952 637 3460
f 3460 3951 3952
f 4396 877 4395
f 4395 615 3597
f 3597 678 4396
f 4396 4395 3597
f 4395 877 4405
f 4405 878 4400
f 4400 615 4395
f 4395 4405 4400
f 4505 909 4541
f 4541 916 4540
f 4540 906 4505
f 4505 4541 4540
f 4541 909 4524
f 4524 913 4542
f 4542 916 4541
f 4541 4524 4542
f 4543 915 4536
f 4536 906 4540
f 4540 916 4543
f 4543 4536 4540
f 4536 915 4537
f 4537 911 4514
f 4514 906 4536
f 4536 4537 4514
f 2946 470 4539
f 4539 916 4538
f 4538 85 2946
f 2946 4539 4538
f 4539 470 4534
f 4534 915 4543
f 4543 916 4539
f 4539 4534 4543
f 2068 86 4518
f 4518 912 4517
f 4517 15 2068
f 2068 4518 4517
f 4518 86 4522
f 4522 913 4525
f 4525 912 4518
f 4518 4522 4525
f 4557 922 4558
f 4558 283 2452
f 2452 282 4557
f 4557 4558 2452
f 4558 922 4560
f 4560 920 4552
f 4552 283 4558
f 4558 4560 4552
f 4554 921 4555
f 4555 728 3815
f 3815 727 4554
f 4554 4555 3815
f 4555 921 4573
f 4573 926 4571
f 4571 728 4555
f 4555 4573 4571
f 4790 978 4789
f 4789 920 4560
f 4560 922 4790
f 4790 4789 4560
f 4789 978 4794
f 4794 979 4792
f 4792 920 4789
f 4789 4794 4792
f 4795 980 4796
f 4796 926 4573
f 4573 921 4795
f 4795 4796 4573
f 4796 980 4800
f 4800 981 4799
f 4799 926 4796
f 4796 4800 4799
f 3354 600 3355
f 3355 124 2160
f 2160 123 3354
f 3354 3355 2160
f 3355 600 3356
f 3356 331 2566
f 2566 124 3355
f 3355 3356 2566
f 4208 834 4207
f 4207 778 4200
f 4200 832 4208
f 4208 4207 4200
f 4207 834 4205
f 4205 515 4018
f 4018 778 4207
f 4207 4205 4018
f 3960 674 3958
f 3958 763 3962
f 3962 764 3960
f 3960 3958 3962
f 3958 674 3583
f 3583 621 3957
f 3957 763 3958
f 3958 3583 3957
f 4206 834 4214
f 4214 835 4212
f 4212 626 4206
f 4206 4214 4212
f 4214 834 4209
f 4209 833 4213
f 4213 835 4214
f 4214 4209 4213
f 1980 42 1981
f 1981 12 1939
f 1939 11 1980
f 1980 1981 1939
f 1981 42 1983
f 1983 41 1977
f 1977 12 1981
f 1981 1983 1977
f 1982 42 4780
f 4780 976 4779
f 4779 39 1982
f 1982 4780 4779
f 4780 42 3835
f 3835 733 4781
f 4781 976 4780
f 4780 3835 4781
f 2669 368 2666
f 2666 22 2668
f 2668 369 2669
f 2669 2666 2668
f 2666 368 2665
f 2665 19 1952
f 1952 22 2666
f 2666 2665 1952
f 2667 66 2020
f 2020 19 2665
f 2665 368 2667
f 2667 2020 2665
f 2020 66 2021
f 2021 57 2001
f 2001 19 2020
f 2020 2021 2001
f 2021 66 2022
f 2022 58 2006
f 2006 57 2021
f 2021 2022 2006
f 2022 66 2023
f 2023 65 2019
f 2019 58 2022
f 2022 2023 2019
f 3847 737 3846
f 3846 65 3837
f 3837 734 3847
f 3847 3846 3837
f 3846 737 3845
f 3845 58 2019
f 2019 65 3846
f 3846 3845 2019
f 4511 910 4508
f 4508 734 4496
f 4496 907 4511
f 4511 4508 4496
f 4508 910 4509
f 4509 737 3847
f 3847 734 4508
f 4508 4509 3847
f 4514 911 4515
f 4515 907 4498
f 4498 906 4514
f 4514 4515 4498
f 4515 911 4516
f 4516 910 4511
f 4511 907 4515
f 4515 4516 4511
f 2678 371 2680
f 2680 373 2681
f 2681 372 2678
f 2678 2680 2681
f 2680 371 2675
f 2675 370 2679
f 2679 373 2680
f 2680 2675 2679
f 2024 67 2677
f 2677 372 2676
f 2676 40 2024
f 2024 2677 2676
f 2677 67 2672
f 2672 371 2678
f 2678 372 2677
f 2677 2672 2678
f 2027 68 2028
f 2028 40 1976
f 1976 39 2027
f 2027 2028 1976
f 2028 68 2030
f 2030 67 2024
f 2024 40 2028
f 2028 2030 2024
f 4782 735 3839
f 3839 39 4779
f 4779 976 4782
f 4782 3839 4779
f 3839 735 3840
f 3840 68 2027
f 2027 39 3839
f 3839 3840 2027
f 4500 908 4784
f 4784 976 4783
f 4783 903 4500
f 4500 4784 4783
f 4784 908 4499
f 4499 735 4782
f 4782 976 4784
f 4784 4499 4782
f 4503 909 4504
f 4504 903 4486
f 4486 902 4503
f 4503 4504 4486
f 4504 909 4506
f 4506 908 4500
f 4500 903 4504
f 4504 4506 4500
f 4773 722 3919
f 3919 756 4774
f 4774 974 4773
f 4773 3919 4774
f 3919 722 3787
f 3787 289 3916
f 3916 756 3919
f 3919 3787 3916
f 3777 33 2964
f 2964 475 3779
f 3779 720 3777
f 3777 2964 3779
f 2964 33 1967
f 1967 32 2963
f 2963 475 2964
f 2964 1967 2963
f 3264 564 4803
f 4803 982 4801
f 4801 406 3264
f 3264 4803 4801
f 4803 564 4805
f 4805 983 4806
f 4806 982 4803
f 4803 4805 4806
f 4807 984 4808
f 4808 892 4456
f 4456 891 4807
f 4807 4808 4456
f 4808 984 4810
f 4810 895 4464
f 4464 892 4808
f 4808 4810 4464
f 4460 894 4461
f 4461 891 4451
f 4451 786 4460
f 4460 4461 4451
f 4461 894 4809
f 4809 984 4807
f 4807 891 4461
f 4461 4809 4807
f 3266 566 3267
f 3267 247 2374
f 2374 246 3266
f 3266 3267 2374
f 3267 566 4812
f 4812 985 4811
f 4811 247 3267
f 3267 4812 4811
f 4815 986 4816
f 4816 564 3263
f 3263 405 4815
f 4815 4816 3263
f 4816 986 4817
f 4817 983 4805
f 4805 564 4816
f 4816 4817 4805
f 4792 979 4793
f 4793 921 4556
f 4556 920 4792
f 4792 4793 4556
f 4793 979 4797
f 4797 980 4795
f 4795 921 4793
f 4793 4797 4795
f 4567 925 4568
f 4568 922 4559
f 4559 693 4567
f 4567 4568 4559
f 4568 925 4791
f 4791 978 4790
f 4790 922 4568
f 4568 4791 4790
f 4745 969 4744
f 4744 182 3744
f 3744 713 4745
f 4745 4744 3744
f 4744 969 4746
f 4746 888 4442
f 4442 182 4744
f 4744 4746 4442
f 4801 982 4802
f 4802 407 2779
f 2779 406 4801
f 4801 4802 2779
f 4802 982 4804
f 4804 565 3265
f 3265 407 4802
f 4802 4804 3265
f 4444 889 4472
f 4472 897 4470
f 4470 183 4444
f 4444 4472 4470
f 4472 889 4820
f 4820 987 4821
f 4821 897 4472
f 4472 4820 4821
f 4799 981 4798
f 4798 919 4572
f 4572 926 4799
f 4799 4798 4572
f 4798 981 4825
f 4825 988 4823
f 4823 919 4798
f 4798 4825 4823
f 2191 146 4776
f 4776 975 4775
f 4775 143 2191
f 2191 4776 4775
f 4776 146 4482
f 4482 901 4778
f 4778 975 4776
f 4776 4482 4778
f 4823 988 4822
f 4822 745 4551
f 4551 919 4823
f 4823 4822 4551
f 4822 988 4824
f 4824 927 4574
f 4574 745 4822
f 4822 4824 4574
f 4730 964 4729
f 4729 573 4603
f 4603 937 4730
f 4730 4729 4603
f 4729 964 4728
f 4728 571 3281
f 3281 573 4729
f 4729 4728 3281
f 4821 987 4818
f 4818 168 4469
f 4469 897 4821
f 4821 4818 4469
f 4818 987 4819
f 4819 886 4438
f 4438 168 4818
f 4818 4819 4438
f 4811 985 4813
f 4813 795 4074
f 4074 247 4811
f 4811 4813 4074
f 4813 985 4829
f 4829 989 4826
f 4826 795 4813
f 4813 4829 4826
f 4440 887 4477
f 4477 898 4473
f 4473 169 4440
f 4440 4477 4473
f 4477 887 4831
f 4831 990 4832
f 4832 898 4477
f 4477 4831 4832
f 4832 990 4830
f 4830 880 4476
f 4476 898 4832
f 4832 4830 4476
f 4830 990 4833
f 4833 899 4478
f 4478 880 4830
f 4830 4833 4478
f 3276 572 3277
f 3277 570 3274
f 3274 569 3276
f 3276 3277 3274
f 3277 572 4458
f 4458 893 4457
f 4457 570 3277
f 3277 4458 4457
f 4826 989 4827
f 4827 957 4697
f 4697 795 4826
f 4826 4827 4697
f 4827 989 4828
f 4828 965 4734
f 4734 957 4827
f 4827 4828 4734
f 2769 398 4835
f 4835 991 4836
f 4836 404 2769
f 2769 4835 4836
f 4835 398 2755
f 2755 397 4834
f 4834 991 4835
f 4835 2755 4834
f 2775 404 4814
f 4814 986 4815
f 4815 405 2775
f 2775 4814 4815
f 4814 404 4836
f 4836 991 4837
f 4837 986 4814
f 4814 4836 4837
f 2380 251 3338
f 2356 236 4725
f 4725 963 4726
f 4726 237 2356
f 2356 4725 4726
f 4725 236 4785
f 4785 977 4788
f 4788 963 4725
f 4725 4785 4788
f 4842 992 4840
f 4840 399 3794
f 3794 723 4842
f 4842 4840 3794
f 4840 992 4839
f 4839 396 2758
f 2758 399 4840
f 4840 4839 2758
f 2762 401 3795
f 3795 723 3793
f 3793 305 2762
f 2762 3795 3793
f 3795 401 4841
f 4841 992 4842
f 4842 723 3795
f 3795 4841 4842
f 4843 994 4846
f 4846 996 4845
f 4845 993 4843
f 4843 4846 4845
f 4846 994 4844
f 4844 995 4847
f 4847 996 4846
f 4846 4844 4847
f 4850 999 4849
f 4849 997 4848
f 4848 998 4850
f 4850 4849 4848
f 4849 999 4852
f 4852 1000 4851
f 4851 997 4849
f 4849 4852 4851
f 4855 1000 4854
f 4854 1001 4856
f 4856 1002 4855
f 4855 4854 4856
f 4854 1000 4852
f 4852 999 4853
f 4853 1001 4854
f 4854 4852 4853
f 4859 1005 4858
f 4858 1003 4857
f 4857 1004 4859
f 4859 4858 4857
f 4858 1005 4861
f 4861 1006 4860
f 4860 1003 4858
f 4858 4861 4860
f 4862 1008 4865
f 4865 1010 4864
f 4864 1007 4862
f 4862 4865 4864
f 4865 1008 4863
f 4863 1009 4866
f 4866 1010 4865
f 4865 4863 4866
f 4869 1013 4868
f 4868 1011 4867
f 4867 1012 4869
f 4869 4868 4867
f 4868 1013 4871
f 4871 1014 4870
f 4870 1011 4868
f 4868 4871 4870
f 4876 1017 4875
f 4875 1015 4873
f 4873 1016 4876
f 4876 4875 4873
f 4875 1017 4878
f 4878 1018 4877
f 4877 1015 4875
f 4875 4878 4877
f 4881 1021 4880
f 4880 1019 4879
f 4879 1020 4881
f 4881 4880 4879
f 4880 1021 4883
f 4883 1022 4882
f 4882 1019 4880
f 4880 4883 4882
f 4884 1024 4887
f 4887 1026 4886
f 4886 1023 4884
f 4884 4887 4886
f 4887 1024 4885
f 4885 1025 4888
f 4888 1026 4887
f 4887 4885 4888
f 4891 1029 4890
f 4890 1027 4889
f 4889 1028 4891
f 4891 4890 4889
f 4890 1029 4893
f 4893 1030 4892
f 4892 1027 4890
f 4890 4893 4892
f 4899 1033 4898
f 4898 1031 4896
f 4896 1032 4899
f 4899 4898 4896
f 4898 1033 4901
f 4901 1034 4900
f 4900 1031 4898
f 4898 4901 4900
f 4904 1037 4903
f 4903 1035 4902
f 4902 1036 4904
f 4904 4903 4902
f 4903 1037 4906
f 4906 1038 4905
f 4905 1035 4903
f 4903 4906 4905
f 4909 1041 4908
f 4908 1039 4907
f 4907 1040 4909
f 4909 4908 4907
f 4908 1041 4911
f 4911 1042 4910
f 4910 1039 4908
f 4908 4911 4910
f 4912 1044 4915
f 4915 1046 4914
f 4914 1043 4912
f 4912 4915 4914
f 4915 1044 4913
f 4913 1045 4916
f 4916 1046 4915
f 4915 4913 4916
f 4917 1048 4923
f 4923 1050 4922
f 4922 1047 4917
f 4917 4923 4922
f 4923 1048 4920
f 4920 1049 4924
f 4924 1050 4923
f 4923 4920 4924
f 4927 1053 4926
f 4926 1051 4925
f 4925 1052 4927
f 4927 4926 4925
f 4926 1053 4929
f 4929 1054 4928
f 4928 1051 4926
f 4926 4929 4928
f 4933 1028 4931
f 4931 1055 4936
f 4936 1056 4933
f 4933 4931 4936
f 4931 1028 4889
f 4889 1027 4930
f 4930 1055 4931
f 4931 4889 4930
f 4943 1059 4942
f 4942 1057 4940
f 4940 1058 4943
f 4943 4942 4940
f 4942 1059 4948
f 4948 1060 4947
f 4947 1057 4942
f 4942 4948 4947
f 4952 1062 4950
f 4950 1008 4949
f 4949 1061 4952
f 4952 4950 4949
f 4950 1062 4951
f 4951 1009 4863
f 4863 1008 4950
f 4950 4951 4863
f 4956 1065 4955
f 4955 1063 4954
f 4954 1064 4956
f 4956 4955 4954
f 4955 1065 4960
f 4960 1066 4959
f 4959 1063 4955
f 4955 4960 4959
f 4965 1069 4964
f 4964 1067 4963
f 4963 1068 4965
f 4965 4964 4963
f 4964 1069 4969
f 4969 1070 4968
f 4968 1067 4964
f 4964 4969 4968
f 4973 1073 4972
f 4972 1071 4971
f 4971 1072 4973
f 4973 4972 4971
f 4972 1073 4977
f 4977 1074 4976
f 4976 1071 4972
f 4972 4977 4976
f 4982 1002 4979
f 4979 1075 4985
f 4985 1076 4982
f 4982 4979 4985
f 4979 1002 4856
f 4856 1001 4978
f 4978 1075 4979
f 4979 4856 4978
f 4986 1078 4993
f 4993 1080 4992
f 4992 1077 4986
f 4986 4993 4992
f 4993 1078 4990
f 4990 1079 4994
f 4994 1080 4993
f 4993 4990 4994
f 4997 1082 5002
f 5002 1084 5001
f 5001 1081 4997
f 4997 5002 5001
f 5002 1082 5000
f 5000 1083 5003
f 5003 1084 5002
f 5002 5000 5003
f 5006 1042 5005
f 5005 1085 5008
f 5008 1086 5006
f 5006 5005 5008
f 5005 1042 4911
f 4911 1041 5004
f 5004 1085 5005
f 5005 4911 5004
f 5011 1072 5010
f 5010 1087 5012
f 5012 1088 5011
f 5011 5010 5012
f 5010 1072 4971
f 4971 1071 5009
f 5009 1087 5010
f 5010 4971 5009
f 5013 1090 5016
f 5016 1092 5015
f 5015 1089 5013
f 5013 5016 5015
f 5016 1090 5014
f 5014 1091 5017
f 5017 1092 5016
f 5016 5014 5017
f 5022 1095 5021
f 5021 1093 5018
f 5018 1094 5022
f 5022 5021 5018
f 5021 1095 5026
f 5026 1096 5025
f 5025 1093 5021
f 5021 5026 5025
f 5029 1069 5027
f 5027 1097 5031
f 5031 1098 5029
f 5029 5027 5031
f 5027 1069 5034
f 5034 1099 5037
f 5037 1097 5027
f 5027 5034 5037
f 5025 1096 5039
f 5039 1100 5038
f 5038 1093 5025
f 5025 5039 5038
f 5039 1096 5041
f 5041 1101 5042
f 5042 1100 5039
f 5039 5041 5042
f 4983 1005 5043
f 5043 1102 5044
f 5044 1076 4983
f 4983 5043 5044
f 5043 1005 5046
f 5046 1103 5047
f 5047 1102 5043
f 5043 5046 5047
f 5050 1104 5049
f 5049 1076 5044
f 5044 1102 5050
f 5050 5049 5044
f 5049 1104 5048
f 5048 1002 4982
f 4982 1076 5049
f 5049 5048 4982
f 5054 1106 5053
f 5053 1104 5052
f 5052 1105 5054
f 5054 5053 5052
f 5053 1106 5058
f 5058 1107 5057
f 5057 1104 5053
f 5053 5058 5057
f 5059 1108 5060
f 5060 1107 5058
f 5058 1106 5059
f 5059 5060 5058
f 5060 1108 5064
f 5064 1109 5063
f 5063 1107 5060
f 5060 5064 5063
f 5068 1111 5066
f 5066 993 5065
f 5065 1110 5068
f 5068 5066 5065
f 5066 1111 5067
f 5067 994 4843
f 4843 993 5066
f 5066 5067 4843
f 5037 1099 5035
f 5035 1078 5028
f 5028 1097 5037
f 5037 5035 5028
f 5035 1099 5036
f 5036 1079 4990
f 4990 1078 5035
f 5035 5036 4990
f 5073 1047 5069
f 5069 1112 5074
f 5074 1113 5073
f 5073 5069 5074
f 5069 1047 4922
f 4922 1050 5070
f 5070 1112 5069
f 5069 4922 5070
f 5075 1114 5076
f 5076 1071 4970
f 4970 1064 5075
f 5075 5076 4970
f 5076 1114 5077
f 5077 1087 5009
f 5009 1071 5076
f 5076 5077 5009
f 5080 1117 5079
f 5079 1115 5078
f 5078 1116 5080
f 5080 5079 5078
f 5079 1117 5082
f 5082 1118 5081
f 5081 1115 5079
f 5079 5082 5081
f 5083 1119 5084
f 5084 1016 4873
f 4873 1015 5083
f 5083 5084 4873
f 5084 1119 5086
f 5086 1120 5085
f 5085 1016 5084
f 5084 5086 5085
f 5087 1122 5090
f 5090 1124 5089
f 5089 1121 5087
f 5087 5090 5089
f 5090 1122 5088
f 5088 1123 5091
f 5091 1124 5090
f 5090 5088 5091
f 5092 1126 5095
f 5095 1128 5094
f 5094 1125 5092
f 5092 5095 5094
f 5095 1126 5093
f 5093 1127 5096
f 5096 1128 5095
f 5095 5093 5096
f 4909 1040 5097
f 5097 1129 5098
f 5098 1041 4909
f 4909 5097 5098
f 5097 1040 5099
f 5099 1130 5100
f 5100 1129 5097
f 5097 5099 5100
f 5103 1133 5102
f 5102 1131 5101
f 5101 1132 5103
f 5103 5102 5101
f 5102 1133 5105
f 5105 1134 5104
f 5104 1131 5102
f 5102 5105 5104
f 5112 1137 5111
f 5111 1135 5110
f 5110 1136 5112
f 5112 5111 5110
f 5111 1137 5114
f 5114 1138 5113
f 5113 1135 5111
f 5111 5114 5113
f 5117 1141 5116
f 5116 1139 5115
f 5115 1140 5117
f 5117 5116 5115
f 5116 1141 5119
f 5119 1142 5118
f 5118 1139 5116
f 5116 5119 5118
f 5123 1116 5121
f 5121 1143 5124
f 5124 1144 5123
f 5123 5121 5124
f 5121 1116 5078
f 5078 1115 5120
f 5120 1143 5121
f 5121 5078 5120
f 5129 1146 5127
f 5127 1054 5125
f 5125 1145 5129
f 5129 5127 5125
f 5127 1146 5126
f 5126 1051 4928
f 4928 1054 5127
f 5127 5126 4928
f 5132 1149 5131
f 5131 1147 5130
f 5130 1148 5132
f 5132 5131 5130
f 5131 1149 5134
f 5134 1150 5133
f 5133 1147 5131
f 5131 5134 5133
f 5139 1153 5138
f 5138 1151 5136
f 5136 1152 5139
f 5139 5138 5136
f 5138 1153 5137
f 5137 1018 5135
f 5135 1151 5138
f 5138 5137 5135
f 5142 1156 5141
f 5141 1154 5140
f 5140 1155 5142
f 5142 5141 5140
f 5141 1156 5144
f 5144 1157 5143
f 5143 1154 5141
f 5141 5144 5143
f 5151 1160 5150
f 5150 1158 5147
f 5147 1159 5151
f 5151 5150 5147
f 5150 1160 5153
f 5153 1161 5152
f 5152 1158 5150
f 5150 5153 5152
f 5154 1163 5157
f 5157 1165 5156
f 5156 1162 5154
f 5154 5157 5156
f 5157 1163 5155
f 5155 1164 5158
f 5158 1165 5157
f 5157 5155 5158
f 5161 1167 5168
f 5168 1169 5167
f 5167 1166 5161
f 5161 5168 5167
f 5168 1167 5164
f 5164 1168 5169
f 5169 1169 5168
f 5168 5164 5169
f 5178 1172 5177
f 5177 1170 5175
f 5175 1171 5178
f 5178 5177 5175
f 5177 1172 5180
f 5180 1173 5179
f 5179 1170 5177
f 5177 5180 5179
f 5185 1176 5184
f 5184 1174 5183
f 5183 1175 5185
f 5185 5184 5183
f 5184 1176 5189
f 5189 1177 5188
f 5188 1174 5184
f 5184 5189 5188
f 5192 1180 5191
f 5191 1178 5190
f 5190 1179 5192
f 5192 5191 5190
f 5191 1180 5194
f 5194 1181 5193
f 5193 1178 5191
f 5191 5194 5193
f 5197 1184 5196
f 5196 1182 5195
f 5195 1183 5197
f 5197 5196 5195
f 5196 1184 5199
f 5199 1185 5198
f 5198 1182 5196
f 5196 5199 5198
f 5203 1188 5202
f 5202 1186 5201
f 5201 1187 5203
f 5203 5202 5201
f 5202 1188 5205
f 5205 1189 5204
f 5204 1186 5202
f 5202 5205 5204
f 5207 1119 5206
f 5206 1190 5209
f 5209 1191 5207
f 5207 5206 5209
f 5206 1119 5211
f 5211 1192 5212
f 5212 1190 5206
f 5206 5211 5212
f 5213 1194 5217
f 5217 1196 5216
f 5216 1193 5213
f 5213 5217 5216
f 5217 1194 5214
f 5214 1195 5218
f 5218 1196 5217
f 5217 5214 5218
f 4905 1038 5220
f 5220 1197 5219
f 5219 1035 4905
f 4905 5220 5219
f 5220 1038 5221
f 5221 1198 5222
f 5222 1197 5220
f 5220 5221 5222
f 5227 1201 5226
f 5226 1199 5223
f 5223 1200 5227
f 5227 5226 5223
f 5226 1201 5231
f 5231 1202 5230
f 5230 1199 5226
f 5226 5231 5230
f 5232 1203 5233
f 5233 1132 5101
f 5101 1131 5232
f 5232 5233 5101
f 5233 1203 5235
f 5235 1204 5234
f 5234 1132 5233
f 5233 5235 5234
f 5241 1207 5240
f 5240 1205 5238
f 5238 1206 5241
f 5241 5240 5238
f 5240 1207 5243
f 5243 1208 5242
f 5242 1205 5240
f 5240 5243 5242
f 5004 1041 5244
f 5244 1209 5245
f 5245 1085 5004
f 5004 5244 5245
f 5244 1041 5098
f 5098 1129 5246
f 5246 1209 5244
f 5244 5098 5246
f 5250 1206 5248
f 5248 1210 5252
f 5252 1211 5250
f 5250 5248 5252
f 5248 1206 5238
f 5238 1205 5247
f 5247 1210 5248
f 5248 5238 5247
f 5257 1216 5256
f 5256 1214 5255
f 5255 1215 5257
f 5257 5256 5255
f 5256 1216 5259
f 5259 1217 5258
f 5258 1214 5256
f 5256 5259 5258
f 5262 1218 5261
f 5261 1219 5263
f 5263 5262 5261
f 5264 1218 5262
f 5266 1220 5265
f 5265 1214 5258
f 5258 1217 5266
f 5266 5265 5258
f 5265 1220 5268
f 5268 1221 5267
f 5267 1214 5265
f 5265 5268 5267
f 5274 995 5277
f 5275 1223 5272
f 5272 995 5274
f 5274 5275 5272
f 5259 1216 5279
f 5279 1225 5280
f 5280 1217 5259
f 5259 5279 5280
f 5279 1216 5278
f 5278 1224 5281
f 5281 1225 5279
f 5279 5278 5281
f 5283 1226 5282
f 5282 1085 5245
f 5245 1209 5283
f 5283 5282 5245
f 5282 1226 5286
f 5286 1227 5284
f 5284 1085 5282
f 5282 5286 5284
f 5289 1229 5294
f 5294 1231 5293
f 5293 1228 5289
f 5289 5294 5293
f 5294 1229 5290
f 5290 1230 5295
f 5295 1231 5294
f 5294 5290 5295
f 5296 1232 5297
f 5297 1211 5252
f 5252 1210 5296
f 5296 5297 5252
f 5297 1232 5301
f 5301 1233 5299
f 5299 1211 5297
f 5297 5301 5299
f 5284 1227 5285
f 5285 1086 5008
f 5008 1085 5284
f 5284 5285 5008
f 5285 1227 5303
f 5303 1234 5302
f 5302 1086 5285
f 5285 5303 5302
f 5305 1236 5306
f 5306 1235 5304
f 5304 1088 5305
f 5305 5306 5304
f 5306 1236 5308
f 5308 1237 5307
f 5307 1235 5306
f 5306 5308 5307
f 5312 1240 5311
f 5311 1238 5310
f 5310 1239 5312
f 5312 5311 5310
f 5311 1240 5316
f 5316 1241 5315
f 5315 1238 5311
f 5311 5316 5315
f 5325 1246 5324
f 5324 1244 5323
f 5323 1245 5325
f 5325 5324 5323
f 5324 1246 5328
f 5328 1247 5327
f 5327 1244 5324
f 5324 5328 5327
f 5296 1210 5331
f 5331 1249 5332
f 5332 1232 5296
f 5296 5331 5332
f 5331 1210 5330
f 5330 1248 5333
f 5333 1249 5331
f 5331 5330 5333
f 5337 1251 5338
f 5338 1250 5334
f 5334 1248 5337
f 5337 5338 5334
f 5338 1251 5340
f 5340 1252 5339
f 5339 1250 5338
f 5338 5340 5339
f 5346 1255 5345
f 5345 1253 5343
f 5343 1254 5346
f 5346 5345 5343
f 5345 1255 5348
f 5348 1256 5347
f 5347 1253 5345
f 5345 5348 5347
f 5349 1257 5350
f 5350 1138 5114
f 5114 1137 5349
f 5349 5350 5114
f 5350 1257 5353
f 5353 1258 5351
f 5351 1138 5350
f 5350 5353 5351
f 5355 1260 5356
f 5356 1239 5310
f 5310 1238 5355
f 5355 5356 5310
f 5356 1260 5358
f 5358 1261 5357
f 5357 1239 5356
f 5356 5358 5357
f 5365 1263 5363
f 5363 1235 5359
f 5359 1262 5365
f 5365 5363 5359
f 5363 1263 5369
f 5369 1264 5368
f 5368 1235 5363
f 5363 5369 5368
f 5372 1267 5371
f 5371 1265 5370
f 5370 1266 5372
f 5372 5371 5370
f 5371 1267 5374
f 5374 1268 5373
f 5373 1265 5371
f 5371 5374 5373
f 5375 1269 5376
f 5376 1266 5370
f 5370 1265 5375
f 5375 5376 5370
f 5376 1269 5378
f 5378 1270 5377
f 5377 1266 5376
f 5376 5378 5377
f 5383 1272 5384
f 5384 1271 5379
f 5379 1101 5383
f 5383 5384 5379
f 5384 1272 5388
f 5388 1273 5387
f 5387 1271 5384
f 5384 5388 5387
f 5047 1103 5390
f 5390 1274 5389
f 5389 1102 5047
f 5047 5390 5389
f 5390 1103 5392
f 5392 1275 5393
f 5393 1274 5390
f 5390 5392 5393
f 5395 1244 5321
f 5321 1224 5394
f 5394 1276 5395
f 5395 5321 5394
f 5321 1244 5322
f 5322 1225 5281
f 5281 1224 5321
f 5321 5322 5281
f 5327 1247 5326
f 5326 1225 5322
f 5322 1244 5327
f 5327 5326 5322
f 5326 1247 5400
f 5400 1277 5399
f 5399 1225 5326
f 5326 5400 5399
f 5302 1234 5405
f 5405 1278 5403
f 5403 1086 5302
f 5302 5405 5403
f 5405 1234 5407
f 5407 1279 5408
f 5408 1278 5405
f 5405 5407 5408
f 5401 1063 5007
f 5007 1086 5403
f 5403 1278 5401
f 5401 5007 5403
f 5007 1063 4953
f 4953 1042 5006
f 5006 1086 5007
f 5007 4953 5006
f 5409 1027 5410
f 5410 1281 5412
f 5412 1280 5409
f 5409 5410 5412
f 5410 1027 4892
f 4892 1030 5411
f 5411 1281 5410
f 5410 4892 5411
f 5417 1283 5415
f 5415 1094 5413
f 5413 1282 5417
f 5417 5415 5413
f 5415 1283 5416
f 5416 1095 5022
f 5022 1094 5415
f 5415 5416 5022
f 5418 1284 5419
f 5419 1208 5243
f 5243 1207 5418
f 5418 5419 5243
f 5419 1284 5421
f 5421 1285 5420
f 5420 1208 5419
f 5419 5421 5420
f 5426 1288 5425
f 5425 1286 5423
f 5423 1287 5426
f 5426 5425 5423
f 5425 1288 5431
f 5431 1289 5430
f 5430 1286 5425
f 5425 5431 5430
f 5433 1287 5436
f 5436 1291 5437
f 5437 1290 5433
f 5433 5436 5437
f 5436 1287 5423
f 5423 1286 5435
f 5435 1291 5436
f 5436 5423 5435
f 5441 1292 5440
f 5440 1290 5437
f 5437 1291 5441
f 5441 5440 5437
f 5440 1292 5443
f 5443 1293 5442
f 5442 1290 5440
f 5440 5443 5442
f 5001 1084 5445
f 5445 1294 5444
f 5444 1081 5001
f 5001 5445 5444
f 5445 1084 5446
f 5446 1295 5447
f 5447 1294 5445
f 5445 5446 5447
f 5450 1296 5458
f 5458 1298 5457
f 5457 1271 5450
f 5450 5458 5457
f 5458 1296 5454
f 5454 1297 5459
f 5459 1298 5458
f 5458 5454 5459
f 5463 1299 5461
f 5461 1239 5361
f 5361 1262 5463
f 5463 5461 5361
f 5461 1299 5462
f 5462 1240 5312
f 5312 1239 5461
f 5461 5462 5312
f 5472 1303 5469
f 5469 1175 5468
f 5468 1302 5472
f 5472 5469 5468
f 5469 1303 5470
f 5470 1176 5185
f 5185 1175 5469
f 5469 5470 5185
f 5480 1305 5479
f 5479 1138 5473
f 5473 1304 5480
f 5480 5479 5473
f 5479 1305 5478
f 5478 1135 5113
f 5113 1138 5479
f 5479 5478 5113
f 5486 1308 5485
f 5485 1306 5482
f 5482 1307 5486
f 5486 5485 5482
f 5485 1308 5490
f 5490 1309 5489
f 5489 1306 5485
f 5485 5490 5489
f 5493 1218 5264
f 5496 1313 5495
f 5495 1311 5494
f 5494 1312 5496
f 5496 5495 5494
f 5495 1313 5499
f 5499 1314 5498
f 5498 1311 5495
f 5495 5499 5498
f 5152 1161 5501
f 5501 1315 5500
f 5500 1158 5152
f 5152 5501 5500
f 5501 1161 5502
f 5502 1316 5504
f 5504 1315 5501
f 5501 5502 5504
f 5509 1317 5510
f 5510 1222 5269
f 5269 1151 5509
f 5509 5510 5269
f 5510 1317 5511
f 5511 1223 5273
f 5273 1222 5510
f 5510 5511 5273
f 5514 1320 5513
f 5513 1318 5512
f 5512 1319 5514
f 5514 5513 5512
f 5513 1320 5517
f 5517 1321 5516
f 5516 1318 5513
f 5513 5517 5516
f 5520 1324 5519
f 5519 1322 5518
f 5518 1323 5520
f 5520 5519 5518
f 5519 1324 5523
f 5523 1325 5522
f 5522 1322 5519
f 5519 5523 5522
f 5529 1327 5527
f 5527 1228 5526
f 5526 1326 5529
f 5529 5527 5526
f 5527 1327 5528
f 5528 1229 5289
f 5289 1228 5527
f 5527 5528 5289
f 5532 1330 5531
f 5531 1328 5530
f 5530 1329 5532
f 5532 5531 5530
f 5531 1330 5534
f 5534 1331 5533
f 5533 1328 5531
f 5531 5534 5533
f 5503 1256 5535
f 5535 1332 5537
f 5537 1316 5503
f 5503 5535 5537
f 5535 1256 5539
f 5539 1333 5540
f 5540 1332 5535
f 5535 5539 5540
f 5543 1335 5548
f 5548 1337 5547
f 5547 1334 5543
f 5543 5548 5547
f 5548 1335 5544
f 5544 1336 5549
f 5549 1337 5548
f 5548 5544 5549
f 5552 1340 5551
f 5551 1338 5550
f 5550 1339 5552
f 5552 5551 5550
f 5551 1340 5555
f 5555 1341 5554
f 5554 1338 5551
f 5551 5555 5554
f 5299 1233 5298
f 5298 1209 5251
f 5251 1211 5299
f 5299 5298 5251
f 5298 1233 5300
f 5300 1226 5283
f 5283 1209 5298
f 5298 5300 5283
f 5246 1129 5249
f 5249 1211 5251
f 5251 1209 5246
f 5246 5249 5251
f 5249 1129 5236
f 5236 1206 5250
f 5250 1211 5249
f 5249 5236 5250
f 5241 1206 5237
f 5237 1130 5239
f 5239 1207 5241
f 5241 5237 5239
f 5237 1206 5236
f 5236 1129 5100
f 5100 1130 5237
f 5237 5236 5100
f 5560 1344 5559
f 5559 1342 5556
f 5556 1343 5560
f 5560 5559 5556
f 5559 1344 5563
f 5563 1345 5562
f 5562 1342 5559
f 5559 5563 5562
f 5234 1204 5567
f 5567 1346 5566
f 5566 1132 5234
f 5234 5567 5566
f 5567 1204 5570
f 5570 1347 5571
f 5571 1346 5567
f 5567 5570 5571
f 5577 1348 5574
f 5574 1132 5566
f 5566 1346 5577
f 5577 5574 5566
f 5574 1348 5575
f 5575 1133 5103
f 5103 1132 5574
f 5574 5575 5103
f 5178 1171 5173
f 5173 1145 5176
f 5176 1172 5178
f 5178 5173 5176
f 5173 1171 5174
f 5174 1146 5129
f 5129 1145 5173
f 5173 5174 5129
f 5133 1150 5163
f 5163 1168 5162
f 5162 1147 5133
f 5133 5163 5162
f 5163 1150 5165
f 5165 1169 5169
f 5169 1168 5163
f 5163 5165 5169
f 5578 1349 5587
f 5587 1351 5586
f 5586 1125 5578
f 5578 5587 5586
f 5587 1349 5584
f 5584 1350 5588
f 5588 1351 5587
f 5587 5584 5588
f 5213 1193 5593
f 5593 1353 5594
f 5594 1194 5213
f 5213 5593 5594
f 5593 1193 5590
f 5590 1352 5596
f 5596 1353 5593
f 5593 5590 5596
f 5603 1356 5602
f 5602 1354 5600
f 5600 1355 5603
f 5603 5602 5600
f 5602 1356 5607
f 5607 1357 5606
f 5606 1354 5602
f 5602 5607 5606
f 5618 1359 5617
f 5617 1357 5612
f 5612 1358 5618
f 5618 5617 5612
f 5617 1359 5616
f 5616 1354 5606
f 5606 1357 5617
f 5617 5616 5606
f 5618 1358 5609
f 5609 1162 5614
f 5614 1359 5618
f 5618 5609 5614
f 5609 1358 5610
f 5610 1163 5154
f 5154 1162 5609
f 5609 5610 5154
f 4998 1083 4999
f 4999 1014 4871
f 4871 1013 4998
f 4998 4999 4871
f 4999 1083 5000
f 5000 1082 4995
f 4995 1014 4999
f 4999 5000 4995
f 5624 1361 5628
f 5628 1363 5627
f 5627 1360 5624
f 5624 5628 5627
f 5628 1361 5625
f 5625 1362 5629
f 5629 1363 5628
f 5628 5625 5629
f 5641 1366 5640
f 5640 1364 5637
f 5637 1365 5641
f 5641 5640 5637
f 5640 1366 5645
f 5645 1367 5644
f 5644 1364 5640
f 5640 5645 5644
f 5391 1105 5051
f 5051 1102 5389
f 5389 1274 5391
f 5391 5051 5389
f 5051 1105 5052
f 5052 1104 5050
f 5050 1102 5051
f 5051 5052 5050
f 5648 998 5653
f 5653 1369 5655
f 5655 1368 5648
f 5648 5653 5655
f 5653 998 4848
f 4848 997 5652
f 5652 1369 5653
f 5653 4848 5652
f 5652 997 5656
f 5656 1370 5659
f 5659 1369 5652
f 5652 5656 5659
f 5656 997 5061
f 5061 1109 5657
f 5657 1370 5656
f 5656 5061 5657
f 5660 1371 5661
f 5661 1109 5064
f 5064 1108 5660
f 5660 5661 5064
f 5661 1371 5662
f 5662 1370 5657
f 5657 1109 5661
f 5661 5662 5657
f 5253 1152 5270
f 5270 1222 5271
f 5271 1213 5253
f 5253 5270 5271
f 5270 1152 5136
f 5136 1151 5269
f 5269 1222 5270
f 5270 5136 5269
f 5672 1374 5671
f 5671 1372 5669
f 5669 1373 5672
f 5672 5671 5669
f 5671 1374 5677
f 5677 1375 5676
f 5676 1372 5671
f 5671 5677 5676
f 5663 385 5668
f 5668 1373 5669
f 5669 1372 5663
f 5663 5668 5669
f 5668 385 2723
f 2723 384 5667
f 5667 1373 5668
f 5668 2723 5667
f 5648 1368 5649
f 5649 1016 4872
f 4872 998 5648
f 5648 5649 4872
f 5649 1368 5650
f 5650 1017 4876
f 4876 1016 5649
f 5649 5650 4876
f 4844 994 5276
f 5277 995 4844
f 4844 5276 5277
f 5276 994 5678
f 5678 994 5679
f 5679 994 5067
f 5067 1111 5680
f 5679 5067 5680
f 5683 1197 5684
f 5684 1378 5686
f 5686 1377 5683
f 5683 5684 5686
f 5684 1197 5222
f 5222 1198 5685
f 5685 1378 5684
f 5684 5222 5685
f 5688 1379 5687
f 5687 1377 5686
f 5686 1378 5688
f 5688 5687 5686
f 5687 1379 5690
f 5690 1380 5689
f 5689 1377 5687
f 5687 5690 5689
f 5696 1382 5700
f 5700 1383 5699
f 5699 1381 5696
f 5696 5700 5699
f 5700 1382 5694
f 5694 1320 5698
f 5698 1383 5700
f 5700 5694 5698
f 5702 1384 5701
f 5701 1039 4957
f 4957 1066 5702
f 5702 5701 4957
f 5701 1384 5705
f 5705 1385 5703
f 5703 1039 5701
f 5701 5705 5703
f 5714 1387 5710
f 5710 396 5706
f 5706 1386 5714
f 5714 5710 5706
f 5710 1387 5711
f 5711 397 2752
f 2752 396 5710
f 5710 5711 2752
f 5459 1297 5451
f 5451 400 5455
f 5455 1298 5459
f 5459 5451 5455
f 5451 1297 5452
f 5452 401 2763
f 2763 400 5451
f 5451 5452 2763
f 5725 1390 5724
f 5724 1388 5720
f 5720 1389 5725
f 5725 5724 5720
f 5724 1390 5729
f 5729 1391 5728
f 5728 1388 5724
f 5724 5729 5728
f 5731 1260 5736
f 5736 1393 5737
f 5737 1392 5731
f 5731 5736 5737
f 5736 1260 5355
f 5355 1238 5735
f 5735 1393 5736
f 5736 5355 5735
f 5738 1395 5741
f 5741 1397 5740
f 5740 1394 5738
f 5738 5741 5740
f 5741 1395 5739
f 5739 1396 5742
f 5742 1397 5741
f 5741 5739 5742
f 5743 1398 5744
f 5744 1264 5369
f 5369 1263 5743
f 5743 5744 5369
f 5744 1398 5750
f 5750 1399 5749
f 5749 1264 5744
f 5744 5750 5749
f 5751 1081 5754
f 5754 1401 5756
f 5756 1400 5751
f 5751 5754 5756
f 5754 1081 5444
f 5444 1294 5755
f 5755 1401 5754
f 5754 5444 5755
f 5379 1271 5761
f 5761 1402 5760
f 5760 1101 5379
f 5379 5761 5760
f 5761 1271 5457
f 5457 1298 5762
f 5762 1402 5761
f 5761 5457 5762
f 5549 1336 5765
f 5765 1403 5766
f 5766 1337 5549
f 5549 5765 5766
f 5765 1336 5767
f 5767 1404 5768
f 5768 1403 5765
f 5765 5767 5768
f 5773 1406 5772
f 5772 1404 5769
f 5769 1405 5773
f 5773 5772 5769
f 5772 1406 5771
f 5771 1403 5768
f 5768 1404 5772
f 5772 5771 5768
f 4952 1061 5380
f 5380 1272 5381
f 5381 1062 4952
f 4952 5380 5381
f 5380 1061 4962
f 4962 1068 5382
f 5382 1272 5380
f 5380 4962 5382
f 5776 1409 5775
f 5775 1407 5774
f 5774 1408 5776
f 5776 5775 5774
f 5775 1409 5778
f 5778 1410 5777
f 5777 1407 5775
f 5775 5778 5777
f 5784 1413 5783
f 5783 1411 5782
f 5782 1412 5784
f 5784 5783 5782
f 5783 1413 5786
f 5786 1414 5785
f 5785 1411 5783
f 5783 5786 5785
f 5794 1417 5793
f 5793 1415 5792
f 5792 1416 5794
f 5794 5793 5792
f 5793 1417 5797
f 5797 1418 5796
f 5796 1415 5793
f 5793 5797 5796
f 5807 1421 5806
f 5806 1419 5801
f 5801 1420 5807
f 5807 5806 5801
f 5806 1421 5805
f 5805 1418 5798
f 5798 1419 5806
f 5806 5805 5798
f 5498 1314 5800
f 5800 1420 5799
f 5799 1311 5498
f 5498 5800 5799
f 5800 1314 5804
f 5804 1421 5807
f 5807 1420 5800
f 5800 5804 5807
f 5813 1424 5812
f 5812 1422 5809
f 5809 1423 5813
f 5813 5812 5809
f 5812 1424 5818
f 5818 1425 5817
f 5817 1422 5812
f 5812 5818 5817
f 5826 1428 5825
f 5825 1426 5822
f 5822 1427 5826
f 5826 5825 5822
f 5825 1428 5829
f 5829 1429 5828
f 5828 1426 5825
f 5825 5829 5828
f 5836 1432 5835
f 5835 1430 5832
f 5832 1431 5836
f 5836 5835 5832
f 5835 1432 5840
f 5840 1433 5839
f 5839 1430 5835
f 5835 5840 5839
f 5839 1433 5837
f 5837 1036 5830
f 5830 1430 5839
f 5839 5837 5830
f 5837 1433 5838
f 5838 1037 4904
f 4904 1036 5837
f 5837 5838 4904
f 5742 1396 5842
f 5842 1435 5843
f 5843 1397 5742
f 5742 5842 5843
f 5842 1396 5841
f 5841 1434 5844
f 5844 1435 5842
f 5842 5841 5844
f 5851 1438 5850
f 5850 1436 5849
f 5849 1437 5851
f 5851 5850 5849
f 5850 1438 5854
f 5854 1439 5853
f 5853 1436 5850
f 5850 5854 5853
f 5862 1442 5861
f 5861 1440 5858
f 5858 1441 5862
f 5862 5861 5858
f 5861 1442 5866
f 5866 1443 5865
f 5865 1440 5861
f 5861 5866 5865
f 5877 1446 5876
f 5876 1444 5873
f 5873 1445 5877
f 5877 5876 5873
f 5876 1446 5879
f 5879 1447 5878
f 5878 1444 5876
f 5876 5879 5878
f 5889 1449 5886
f 5886 1200 5880
f 5880 1448 5889
f 5889 5886 5880
f 5886 1449 5887
f 5887 1201 5227
f 5227 1200 5886
f 5886 5887 5227
f 5738 1394 5890
f 5890 1450 5891
f 5891 1395 5738
f 5738 5890 5891
f 5890 1394 5892
f 5892 1451 5893
f 5893 1450 5890
f 5890 5892 5893
f 5894 1113 5753
f 5753 1400 5895
f 5895 1452 5894
f 5894 5753 5895
f 5753 1113 5074
f 5074 1112 5752
f 5752 1400 5753
f 5753 5074 5752
f 5901 1454 5898
f 5898 1148 5897
f 5897 1453 5901
f 5901 5898 5897
f 5898 1454 5899
f 5899 1149 5132
f 5132 1148 5898
f 5898 5899 5132
f 4986 1077 5902
f 5902 1455 5903
f 5903 1078 4986
f 4986 5902 5903
f 5902 1077 5906
f 5906 1456 5907
f 5907 1455 5902
f 5902 5906 5907
f 5913 1458 5911
f 5911 1052 5908
f 5908 1457 5913
f 5913 5911 5908
f 5911 1458 5912
f 5912 1053 4927
f 4927 1052 5911
f 5911 5912 4927
f 5438 1292 5439
f 5439 1020 4879
f 4879 1019 5438
f 5438 5439 4879
f 5439 1292 5441
f 5441 1291 5434
f 5434 1020 5439
f 5439 5441 5434
f 4881 1020 5919
f 5919 1460 5920
f 5920 1021 4881
f 4881 5919 5920
f 5919 1020 5914
f 5914 1459 5922
f 5922 1460 5919
f 5919 5914 5922
f 4967 1026 4961
f 4961 1067 4968
f 4968 1070 4967
f 4967 4961 4968
f 4961 1026 5924
f 5924 1461 5925
f 5925 1067 4961
f 4961 5924 5925
f 5434 1291 5916
f 5916 1459 5914
f 5914 1020 5434
f 5434 5916 5914
f 5916 1291 5435
f 5435 1286 5915
f 5915 1459 5916
f 5916 5435 5915
f 4855 1002 5056
f 5056 1107 5055
f 5055 1000 4855
f 4855 5056 5055
f 5056 1002 5048
f 5048 1104 5057
f 5057 1107 5056
f 5056 5048 5057
f 4851 1000 5062
f 5062 1109 5061
f 5061 997 4851
f 4851 5062 5061
f 5062 1000 5055
f 5055 1107 5063
f 5063 1109 5062
f 5062 5055 5063
f 5068 1110 5681
f 5681 1376 5682
f 5682 1111 5068
f 5068 5681 5682
f 5681 1110 5927
f 5927 1462 5930
f 5930 1376 5681
f 5681 5927 5930
f 5028 1078 5427
f 5427 1289 5428
f 5428 1097 5028
f 5028 5427 5428
f 5427 1078 5903
f 5903 1455 5905
f 5905 1289 5427
f 5427 5903 5905
f 4933 1056 5565
f 5565 1346 5564
f 5564 1028 4933
f 4933 5565 5564
f 5565 1056 5573
f 5573 1348 5577
f 5577 1346 5565
f 5565 5573 5577
f 5571 1347 5568
f 5568 1028 5564
f 5564 1346 5571
f 5571 5568 5564
f 5568 1347 5569
f 5569 1029 4891
f 4891 1028 5568
f 5568 5569 4891
f 5931 1463 5934
f 5934 1451 5892
f 5892 1394 5931
f 5931 5934 5892
f 5934 1463 5937
f 5937 1464 5936
f 5936 1451 5934
f 5934 5937 5936
f 5940 1466 5951
f 5951 1468 5950
f 5950 1465 5940
f 5940 5951 5950
f 5951 1466 5945
f 5945 1467 5952
f 5952 1468 5951
f 5951 5945 5952
f 5958 1471 5957
f 5957 1469 5955
f 5955 1470 5958
f 5958 5957 5955
f 5957 1471 5960
f 5960 1472 5959
f 5959 1469 5957
f 5957 5960 5959
f 5963 1475 5962
f 5962 1473 5961
f 5961 1474 5963
f 5963 5962 5961
f 5962 1475 5965
f 5965 1476 5964
f 5964 1473 5962
f 5962 5965 5964
f 5969 1478 5975
f 5975 1480 5974
f 5974 1477 5969
f 5969 5975 5974
f 5975 1478 5972
f 5972 1479 5976
f 5976 1480 5975
f 5975 5972 5976
f 5399 1277 5397
f 5397 1217 5280
f 5280 1225 5399
f 5399 5397 5280
f 5397 1277 5398
f 5398 1220 5266
f 5266 1217 5397
f 5397 5398 5266
f 5978 1215 5977
f 5979 1216 5257
f 5257 1215 5978
f 5978 5979 5257
f 5981 1481 5980
f 5980 1087 5077
f 5077 1114 5981
f 5981 5980 5077
f 5980 1481 5986
f 5986 1482 5983
f 5983 1087 5980
f 5980 5986 5983
f 5987 1259 5464
f 5464 1300 5988
f 5988 1483 5987
f 5987 5464 5988
f 5976 1479 5970
f 5970 1434 5973
f 5973 1480 5976
f 5976 5970 5973
f 5970 1479 5971
f 5971 1435 5844
f 5844 1434 5970
f 5970 5971 5844
f 5989 1216 5979
f 5990 1224 5278
f 5278 1216 5989
f 5989 5990 5278
f 4959 1066 4958
f 4958 1042 4953
f 4953 1063 4959
f 4959 4958 4953
f 4958 1066 4957
f 4957 1039 4910
f 4910 1042 4958
f 4958 4957 4910
f 5992 1484 5993
f 5993 1074 4977
f 4977 1073 5992
f 5992 5993 4977
f 5993 1484 5996
f 5996 1485 5995
f 5995 1074 5993
f 5993 5996 5995
f 6003 1488 6002
f 6002 1486 6000
f 6000 1487 6003
f 6003 6002 6000
f 6002 1488 6006
f 6006 1489 6005
f 6005 1486 6002
f 6002 6006 6005
f 6012 1492 6011
f 6011 1490 6009
f 6009 1491 6012
f 6012 6011 6009
f 6011 1492 6015
f 6015 1493 6014
f 6014 1490 6011
f 6011 6015 6014
f 6016 1494 6017
f 6017 1130 5099
f 5099 1040 6016
f 6016 6017 5099
f 6017 1494 6026
f 6026 1495 6021
f 6021 1130 6017
f 6017 6026 6021
f 6030 1498 6029
f 6029 1496 6028
f 6028 1497 6030
f 6030 6029 6028
f 6029 1498 6033
f 6033 1499 6032
f 6032 1496 6029
f 6029 6033 6032
f 5596 1352 5589
f 5589 1186 5591
f 5591 1353 5596
f 5596 5589 5591
f 5589 1352 6037
f 6037 1500 6035
f 6035 1186 5589
f 5589 6037 6035
f 6038 1501 6039
f 6039 1123 5088
f 5088 1122 6038
f 6038 6039 5088
f 6039 1501 6041
f 6041 1502 6040
f 6040 1123 6039
f 6039 6041 6040
f 6042 1503 6043
f 6043 1479 5972
f 5972 1478 6042
f 6042 6043 5972
f 6043 1503 6047
f 6047 1504 6046
f 6046 1479 6043
f 6043 6047 6046
f 5230 1202 5789
f 5789 1415 5788
f 5788 1199 5230
f 5230 5789 5788
f 5789 1202 5228
f 5228 1189 5787
f 5787 1415 5789
f 5789 5228 5787
f 5857 1441 5856
f 5856 1394 5740
f 5740 1397 5857
f 5857 5856 5740
f 5856 1441 5933
f 5933 1463 5931
f 5931 1394 5856
f 5856 5933 5931
f 5936 1464 6051
f 6051 1505 6050
f 6050 1451 5936
f 5936 6051 6050
f 6051 1464 5935
f 5935 1447 6049
f 6049 1505 6051
f 6051 5935 6049
f 6060 1508 6059
f 6059 1506 6057
f 6057 1507 6060
f 6060 6059 6057
f 6059 1508 6058
f 6058 1043 6052
f 6052 1506 6059
f 6059 6058 6052
f 5780 1412 5781
f 5781 1380 5690
f 5690 1379 5780
f 5780 5781 5690
f 5781 1412 5782
f 5782 1411 5779
f 5779 1380 5781
f 5781 5782 5779
f 6046 1504 6044
f 6044 1435 5971
f 5971 1479 6046
f 6046 6044 5971
f 6044 1504 6045
f 6045 1442 5860
f 5860 1435 6044
f 6044 6045 5860
f 5715 1261 5719
f 5719 1389 5720
f 5720 1388 5715
f 5715 5719 5720
f 5719 1261 5358
f 5358 1260 5718
f 5718 1389 5719
f 5719 5358 5718
f 6064 1510 6066
f 6066 1509 6061
f 6061 1245 6064
f 6064 6066 6061
f 6066 1510 6069
f 6068 1509 6066
f 6066 6069 6068
f 5511 1317 5505
f 5505 995 5272
f 5272 1223 5511
f 5511 5505 5272
f 5505 1317 5506
f 5506 996 4847
f 4847 995 5505
f 5505 5506 4847
f 6072 1120 5691
f 5691 1381 6073
f 6073 1511 6072
f 6072 5691 6073
f 5691 1120 5692
f 5692 1382 5696
f 5696 1381 5691
f 5691 5692 5696
f 5447 1295 6075
f 6075 1512 6074
f 6074 1294 5447
f 5447 6075 6074
f 6075 1295 6078
f 6078 1513 6081
f 6081 1512 6075
f 6075 6078 6081
f 5893 1451 6085
f 6085 1514 6084
f 6084 1450 5893
f 5893 6085 6084
f 6085 1451 6050
f 6050 1505 6086
f 6086 1514 6085
f 6085 6050 6086
f 5820 1413 6087
f 6087 1515 6088
f 6088 1427 5820
f 5820 6087 6088
f 6087 1413 6091
f 6091 1516 6092
f 6092 1515 6087
f 6087 6091 6092
f 6093 1180 6048
f 6048 1505 6098
f 6098 1517 6093
f 6093 6048 6098
f 6048 1180 6083
f 6083 1514 6086
f 6086 1505 6048
f 6048 6083 6086
f 5853 1439 6101
f 6101 1518 6100
f 6100 1436 5853
f 5853 6101 6100
f 6101 1439 6105
f 6105 1519 6106
f 6106 1518 6101
f 6101 6105 6106
f 6128 1526 6127
f 6127 1527 6129
f 6129 6128 6127
f 6131 1526 6128
f 6109 1521 6110
f 6110 1312 5494
f 5494 1311 6109
f 6109 6110 5494
f 6110 1521 6111
f 6111 1520 6107
f 6107 1312 6110
f 6110 6111 6107
f 6118 1431 6120
f 6120 1525 6121
f 6121 1524 6118
f 6118 6120 6121
f 6120 1431 5832
f 5832 1430 6119
f 6119 1525 6120
f 6120 5832 6119
f 6125 1527 6126
f 6126 1036 4902
f 4902 1035 6125
f 6125 6126 4902
f 6126 1527 6127
f 6127 1526 6122
f 6122 1036 6126
f 6126 6127 6122
f 5689 1380 6133
f 6133 1528 6132
f 6132 1377 5689
f 5689 6133 6132
f 6133 1380 6134
f 6134 1529 6136
f 6136 1528 6133
f 6133 6134 6136
f 5779 1411 6135
f 6135 1529 6134
f 6134 1380 5779
f 5779 6135 6134
f 6135 1411 6137
f 6137 1530 6139
f 6139 1529 6135
f 6135 6137 6139
f 6115 1523 6116
f 6116 1420 5801
f 5801 1419 6115
f 6115 6116 5801
f 6116 1523 6117
f 6117 1522 6113
f 6113 1420 6116
f 6116 6117 6113
f 6146 1531 6142
f 6150 1531 6149
f 6149 1533 6151
f 6151 6150 6149
f 6142 1531 6150
f 6156 1528 6140
f 6148 1533 6147
f 6147 1426 5828
f 5828 1429 6148
f 6148 6147 5828
f 6147 1533 6149
f 6149 1531 6141
f 6141 1426 6147
f 6147 6149 6141
f 5683 1377 6154
f 6154 1534 6153
f 6153 1197 5683
f 5683 6154 6153
f 6154 1377 6132
f 6132 1528 6156
f 6156 1534 6154
f 6154 6132 6156
f 6146 1532 6144
f 6144 1426 6141
f 6141 1531 6146
f 6146 6144 6141
f 6144 1532 6143
f 6143 1414 5819
f 5819 1426 6144
f 6144 6143 5819
f 6158 1423 6162
f 6162 1536 6164
f 6164 1535 6158
f 6158 6162 6164
f 6162 1423 5809
f 5809 1422 6161
f 6161 1536 6162
f 6162 5809 6161
f 6175 1538 6174
f 6174 1524 6167
f 6167 1537 6175
f 6175 6174 6167
f 6174 1538 6173
f 6173 1431 6118
f 6118 1524 6174
f 6174 6173 6118
f 6175 1537 6165
f 6165 1419 6172
f 6172 1538 6175
f 6175 6165 6172
f 6165 1537 6166
f 6166 1523 6115
f 6115 1419 6165
f 6165 6166 6115
f 6113 1522 6112
f 6112 1311 5799
f 5799 1420 6113
f 6113 6112 5799
f 6112 1522 6114
f 6114 1521 6109
f 6109 1311 6112
f 6112 6114 6109
f 6145 1530 6138
f 6138 1414 6143
f 6143 1532 6145
f 6145 6138 6143
f 6138 1530 6137
f 6137 1411 5785
f 5785 1414 6138
f 6138 6137 5785
f 6129 1527 6155
f 6153 1534 6152
f 6152 1035 5219
f 5219 1197 6153
f 6153 6152 5219
f 6152 1534 6155
f 6155 1527 6125
f 6125 1035 6152
f 6152 6155 6125
f 6122 1526 6123
f 6123 1430 5830
f 5830 1036 6122
f 6122 6123 5830
f 6123 1526 6124
f 6124 1525 6119
f 6119 1430 6123
f 6123 6124 6119
f 6130 1525 6124
f 6124 1526 6131
f 6130 6124 6131
f 6176 555 5477
f 5477 1305 6179
f 6179 1539 6176
f 6176 5477 6179
f 5477 555 3225
f 3225 554 5476
f 5476 1305 5477
f 5477 3225 5476
f 6183 1540 6181
f 6181 1027 5409
f 5409 1280 6183
f 6183 6181 5409
f 6181 1540 6182
f 6182 1055 4930
f 4930 1027 6181
f 6181 6182 4930
f 5424 1288 6190
f 6190 1541 6189
f 6189 1098 5424
f 5424 6190 6189
f 6190 1288 6194
f 6194 1542 6195
f 6195 1541 6190
f 6190 6194 6195
f 6203 1544 6200
f 6200 1453 6197
f 6197 1543 6203
f 6203 6200 6197
f 6200 1544 6201
f 6201 1454 5901
f 5901 1453 6200
f 6200 6201 5901
f 6213 1546 6209
f 6209 1091 6204
f 6204 1545 6213
f 6213 6209 6204
f 6209 1546 6210
f 6210 1092 5017
f 5017 1091 6209
f 6209 6210 5017
f 5790 1188 5869
f 5869 1445 5870
f 5870 1416 5790
f 5790 5869 5870
f 5869 1188 5875
f 5875 1446 5877
f 5877 1445 5869
f 5869 5875 5877
f 5871 1432 5833
f 5833 1416 5870
f 5870 1445 5871
f 5871 5833 5870
f 5833 1432 5834
f 5834 1417 5794
f 5794 1416 5833
f 5833 5834 5794
f 6214 1547 6215
f 6215 1457 5910
f 5910 1293 6214
f 6214 6215 5910
f 6215 1547 6216
f 6216 1458 5913
f 5913 1457 6215
f 6215 6216 5913
f 5603 1355 6079
f 6079 1513 6080
f 6080 1356 5603
f 5603 6079 6080
f 6079 1355 6076
f 6076 1512 6081
f 6081 1513 6079
f 6079 6076 6081
f 6168 1523 6166
f 6166 1537 6169
f 6168 6166 6169
f 6183 1280 5432
f 5432 1290 6184
f 6184 1540 6183
f 6183 5432 6184
f 5432 1280 5422
f 5422 1287 5433
f 5433 1290 5432
f 5432 5422 5433
f 5718 1260 6220
f 6220 1548 6221
f 6221 1389 5718
f 5718 6220 6221
f 6220 1260 5731
f 5731 1392 6222
f 6222 1548 6220
f 6220 5731 6222
f 5309 566 5733
f 5733 1393 5735
f 5735 1238 5309
f 5309 5733 5735
f 5733 566 3269
f 3269 565 5732
f 5732 1393 5733
f 5733 3269 5732
f 6229 1551 6228
f 6228 1549 6225
f 6225 1550 6229
f 6229 6228 6225
f 6228 1551 6231
f 6231 1552 6230
f 6230 1549 6228
f 6228 6231 6230
f 6234 1551 6226
f 6226 571 6232
f 6232 1553 6234
f 6234 6226 6232
f 6226 1551 6227
f 6227 572 3278
f 3278 571 6226
f 6226 6227 3278
f 6238 1555 6242
f 6242 1557 6241
f 6241 1554 6238
f 6238 6242 6241
f 6242 1555 6240
f 6240 1556 6243
f 6243 1557 6242
f 6242 6240 6243
f 6245 1556 6244
f 6244 1558 6246
f 6246 1559 6245
f 6245 6244 6246
f 6244 1556 6248
f 6248 1560 6249
f 6249 1558 6244
f 6244 6248 6249
f 6249 1560 6254
f 6254 1562 6253
f 6253 1558 6249
f 6249 6254 6253
f 6254 1560 6252
f 6252 1561 6255
f 6255 1562 6254
f 6254 6252 6255
f 6255 1561 6259
f 6259 1564 6260
f 6260 1562 6255
f 6255 6259 6260
f 6259 1561 6258
f 6258 1563 6261
f 6261 1564 6259
f 6259 6258 6261
f 6262 1565 6263
f 6263 1277 5400
f 5400 1247 6262
f 6262 6263 5400
f 6263 1565 6264
f 6264 1563 6257
f 6257 1277 6263
f 6263 6264 6257
f 6265 1566 6266
f 6266 1247 5328
f 5328 1246 6265
f 6265 6266 5328
f 6266 1566 6267
f 6267 1565 6262
f 6262 1247 6266
f 6266 6267 6262
f 6272 1568 6273
f 6273 1567 6270
f 6270 1483 6272
f 6272 6273 6270
f 6273 1568 6277
f 6277 1569 6276
f 6276 1567 6273
f 6273 6277 6276
f 6279 1570 6278
f 6278 1300 5467
f 5467 1301 6279
f 6279 6278 5467
f 6278 1570 6283
f 6283 1571 6280
f 6280 1300 6278
f 6278 6283 6280
f 6286 1572 6287
f 6287 1243 5320
f 5320 1242 6286
f 6286 6287 5320
f 6287 1572 6291
f 6291 1573 6288
f 6288 1243 6287
f 6287 6291 6288
f 3339 594 5318
f 5318 1242 5319
f 5319 595 3339
f 3339 5318 5319
f 5318 594 6284
f 6284 1572 6286
f 6286 1242 5318
f 5318 6284 6286
f 4850 998 6292
f 6292 1574 6293
f 6293 999 4850
f 4850 6292 6293
f 6292 998 6070
f 6070 1511 6296
f 6296 1574 6292
f 6292 6070 6296
f 6300 1576 6299
f 6299 1153 6298
f 6298 1575 6300
f 6300 6299 6298
f 6299 1576 6305
f 6305 1577 6303
f 6303 1153 6299
f 6299 6305 6303
f 6314 1580 6313
f 6313 1578 6311
f 6311 1579 6314
f 6314 6313 6311
f 6313 1580 6320
f 6320 1581 6319
f 6319 1578 6313
f 6313 6320 6319
f 6325 1583 6323
f 6323 1156 6321
f 6321 1582 6325
f 6325 6323 6321
f 6323 1583 6324
f 6324 1157 5144
f 5144 1156 6323
f 6323 6324 5144
f 6328 1584 6326
f 6326 1575 6322
f 6322 1582 6328
f 6328 6326 6322
f 6326 1584 6327
f 6327 1576 6300
f 6300 1575 6326
f 6326 6327 6300
f 6329 1585 6330
f 6330 1156 5142
f 5142 1155 6329
f 6329 6330 5142
f 6330 1585 6335
f 6335 1586 6332
f 6332 1156 6330
f 6330 6335 6332
f 6341 1589 6340
f 6340 1587 6339
f 6339 1588 6341
f 6341 6340 6339
f 6340 1589 6344
f 6344 1590 6343
f 6343 1587 6340
f 6340 6344 6343
f 6352 1593 6351
f 6351 1591 6350
f 6350 1592 6352
f 6352 6351 6350
f 6351 1593 6355
f 6355 1594 6354
f 6354 1591 6351
f 6351 6355 6354
f 6359 1597 6358
f 6358 1595 6357
f 6357 1596 6359
f 6359 6358 6357
f 6358 1597 6363
f 6363 1598 6362
f 6362 1595 6358
f 6358 6363 6362
f 6354 1594 6353
f 6353 1322 6346
f 6346 1591 6354
f 6354 6353 6346
f 6353 1594 6366
f 6366 1599 6364
f 6364 1322 6353
f 6353 6366 6364
f 5537 1332 5536
f 5536 1315 5504
f 5504 1316 5537
f 5537 5536 5504
f 5536 1332 6368
f 6368 1600 6367
f 6367 1315 5536
f 5536 6368 6367
f 6370 1470 6373
f 6373 1602 6374
f 6374 1601 6370
f 6370 6373 6374
f 6373 1470 5955
f 5955 1469 6372
f 6372 1602 6373
f 6373 5955 6372
f 6378 1604 6377
f 6377 1501 6376
f 6376 1603 6378
f 6378 6377 6376
f 6377 1604 6381
f 6381 1605 6379
f 6379 1501 6377
f 6377 6381 6379
f 6382 1122 6385
f 6385 1607 6386
f 6386 1606 6382
f 6382 6385 6386
f 6385 1122 5087
f 5087 1121 6384
f 6384 1607 6385
f 6385 5087 6384
f 6394 1609 6393
f 6393 1508 6390
f 6390 1608 6394
f 6394 6393 6390
f 6393 1609 6398
f 6398 1610 6397
f 6397 1508 6393
f 6393 6398 6397
f 6405 1613 6404
f 6404 1611 6401
f 6401 1612 6405
f 6405 6404 6401
f 6404 1613 6407
f 6407 1614 6406
f 6406 1611 6404
f 6404 6407 6406
f 5516 1321 6337
f 6337 1587 6336
f 6336 1318 5516
f 5516 6337 6336
f 6337 1321 6410
f 6410 1615 6411
f 6411 1587 6337
f 6337 6410 6411
f 6362 1598 6360
f 6360 1045 6356
f 6356 1595 6362
f 6362 6360 6356
f 6360 1598 6361
f 6361 1046 4916
f 4916 1045 6360
f 6360 6361 4916
f 6418 1618 6417
f 6417 1616 6416
f 6416 1617 6418
f 6418 6417 6416
f 6417 1618 6420
f 6420 1619 6419
f 6419 1616 6417
f 6417 6420 6419
f 6424 1621 6427
f 6427 1623 6426
f 6426 1620 6424
f 6424 6427 6426
f 6427 1621 6425
f 6425 1622 6428
f 6428 1623 6427
f 6427 6425 6428
f 6432 1612 6430
f 6430 1624 6433
f 6433 1625 6432
f 6432 6430 6433
f 6430 1612 6401
f 6401 1611 6429
f 6429 1624 6430
f 6430 6401 6429
f 6053 1506 6054
f 6054 1434 5841
f 5841 1396 6053
f 6053 6054 5841
f 6054 1506 6438
f 6438 1626 6436
f 6436 1434 6054
f 6054 6438 6436
f 6052 1043 6434
f 6434 1626 6438
f 6438 1506 6052
f 6052 6434 6438
f 6434 1043 4914
f 4914 1046 6435
f 6435 1626 6434
f 6434 4914 6435
f 6442 1629 6441
f 6441 1627 6439
f 6439 1628 6442
f 6442 6441 6439
f 6441 1629 6447
f 6447 1630 6446
f 6446 1627 6441
f 6441 6447 6446
f 6450 1631 6451
f 6451 1500 6037
f 6037 1352 6450
f 6450 6451 6037
f 6451 1631 6457
f 6457 1632 6455
f 6455 1500 6451
f 6451 6457 6455
f 6449 1631 6448
f 6448 1089 5015
f 5015 1092 6449
f 6449 6448 5015
f 6448 1631 6462
f 6462 1633 6458
f 6458 1089 6448
f 6448 6462 6458
f 5601 1091 5605
f 5605 1357 5607
f 5607 1356 5601
f 5601 5605 5607
f 5605 1091 5014
f 5014 1090 5604
f 5604 1357 5605
f 5605 5014 5604
f 5579 1349 5580
f 5580 1164 5155
f 5155 1163 5579
f 5579 5580 5155
f 5580 1349 6466
f 6466 1634 6465
f 6465 1164 5580
f 5580 6466 6465
f 5578 1125 6463
f 6463 1634 6466
f 6466 1349 5578
f 5578 6463 6466
f 6463 1125 5094
f 5094 1128 6464
f 6464 1634 6463
f 6463 5094 6464
f 5941 1467 5942
f 5942 1127 5093
f 5093 1126 5941
f 5941 5942 5093
f 5942 1467 5945
f 5945 1466 5939
f 5939 1127 5942
f 5942 5945 5939
f 6099 1518 6102
f 6102 1513 6078
f 6078 1295 6099
f 6099 6102 6078
f 6102 1518 6207
f 6207 1545 6206
f 6206 1513 6102
f 6102 6207 6206
f 5611 1358 5608
f 5608 1090 5582
f 5582 1350 5611
f 5611 5608 5582
f 5608 1358 5612
f 5612 1357 5604
f 5604 1090 5608
f 5608 5612 5604
f 5013 1089 5581
f 5581 1350 5582
f 5582 1090 5013
f 5013 5581 5582
f 5581 1089 5585
f 5585 1351 5588
f 5588 1350 5581
f 5581 5585 5588
f 6459 1633 6461
f 6461 1352 5590
f 5590 1193 6459
f 6459 6461 5590
f 6461 1633 6462
f 6462 1631 6450
f 6450 1352 6461
f 6461 6462 6450
f 6470 1635 6469
f 6469 1193 5216
f 5216 1196 6470
f 6470 6469 5216
f 6469 1635 6472
f 6472 1633 6459
f 6459 1193 6469
f 6469 6472 6459
f 5611 1350 5583
f 5583 1163 5610
f 5610 1358 5611
f 5611 5583 5610
f 5583 1350 5584
f 5584 1349 5579
f 5579 1163 5583
f 5583 5584 5579
f 6480 1450 6476
f 6476 1636 6483
f 6483 1637 6480
f 6480 6476 6483
f 6476 1450 6084
f 6084 1514 6477
f 6477 1636 6476
f 6476 6084 6477
f 6474 1636 6475
f 6475 1439 5854
f 5854 1438 6474
f 6474 6475 5854
f 6475 1636 6473
f 6473 1179 5852
f 5852 1439 6475
f 6475 6473 5852
f 5845 1084 5848
f 5848 1437 5849
f 5849 1436 5845
f 5845 5848 5849
f 5848 1084 5003
f 5003 1083 5847
f 5847 1437 5848
f 5848 5003 5847
f 6487 1639 6485
f 6485 1628 6484
f 6484 1638 6487
f 6487 6485 6484
f 6485 1639 6486
f 6486 1629 6442
f 6442 1628 6485
f 6485 6486 6442
f 6397 1610 6395
f 6395 1043 6058
f 6058 1508 6397
f 6397 6395 6058
f 6395 1610 6396
f 6396 1044 4912
f 4912 1043 6395
f 6395 6396 4912
f 6055 1507 6056
f 6056 1396 5739
f 5739 1395 6055
f 6055 6056 5739
f 6056 1507 6057
f 6057 1506 6053
f 6053 1396 6056
f 6056 6057 6053
f 6477 1514 6082
f 6082 1179 6473
f 6473 1636 6477
f 6477 6082 6473
f 6082 1514 6083
f 6083 1180 5192
f 5192 1179 6082
f 6082 6083 5192
f 6099 1295 5846
f 5846 1436 6100
f 6100 1518 6099
f 6099 5846 6100
f 5846 1295 5446
f 5446 1084 5845
f 5845 1436 5846
f 5846 5446 5845
f 5601 1356 6205
f 6205 1545 6204
f 6204 1091 5601
f 5601 6205 6204
f 6205 1356 6080
f 6080 1513 6206
f 6206 1545 6205
f 6205 6080 6206
f 6494 1477 6489
f 6489 1640 6497
f 6497 1641 6494
f 6494 6489 6497
f 6489 1477 5974
f 5974 1480 6490
f 6490 1640 6489
f 6489 5974 6490
f 6495 1641 6496
f 6496 1598 6363
f 6363 1597 6495
f 6495 6496 6363
f 6496 1641 6497
f 6497 1640 6491
f 6491 1598 6496
f 6496 6497 6491
f 6055 1395 6478
f 6478 1637 6481
f 6481 1507 6055
f 6055 6478 6481
f 6478 1395 5891
f 5891 1450 6480
f 6480 1637 6478
f 6478 5891 6480
f 6504 1643 6502
f 6502 1182 6498
f 6498 1642 6504
f 6504 6502 6498
f 6502 1643 6507
f 6507 1644 6505
f 6505 1182 6502
f 6502 6507 6505
f 6406 1614 6501
f 6501 1642 6500
f 6500 1611 6406
f 6406 6501 6500
f 6501 1614 6503
f 6503 1643 6504
f 6504 1642 6501
f 6501 6503 6504
f 6517 1646 6512
f 6512 1124 6509
f 6509 1645 6517
f 6517 6512 6509
f 6512 1646 6514
f 6514 1613 6403
f 6403 1124 6512
f 6512 6514 6403
f 6490 1480 6437
f 6437 1626 6492
f 6492 1640 6490
f 6490 6437 6492
f 6437 1480 5973
f 5973 1434 6436
f 6436 1626 6437
f 6437 5973 6436
f 6491 1640 6488
f 6488 1046 6361
f 6361 1598 6491
f 6491 6488 6361
f 6488 1640 6492
f 6492 1626 6435
f 6435 1046 6488
f 6488 6492 6435
f 6446 1630 6520
f 6520 1647 6519
f 6519 1627 6446
f 6446 6520 6519
f 6520 1630 6445
f 6445 1590 6518
f 6518 1647 6520
f 6520 6445 6518
f 6521 1648 6522
f 6522 1476 5965
f 5965 1475 6521
f 6521 6522 5965
f 6522 1648 6529
f 6529 1649 6527
f 6527 1476 6522
f 6522 6529 6527
f 6419 1619 6525
f 6525 1648 6524
f 6524 1616 6419
f 6419 6525 6524
f 6525 1619 6528
f 6528 1649 6529
f 6529 1648 6525
f 6525 6528 6529
f 6537 1652 6536
f 6536 1650 6534
f 6534 1651 6537
f 6537 6536 6534
f 6536 1652 6541
f 6541 1653 6540
f 6540 1650 6536
f 6536 6541 6540
f 6547 1655 6545
f 6545 1408 6542
f 6542 1654 6547
f 6547 6545 6542
f 6545 1655 6546
f 6546 1409 5776
f 5776 1408 6545
f 6545 6546 5776
f 6554 1657 6553
f 6553 1653 6550
f 6550 1656 6554
f 6554 6553 6550
f 6553 1657 6552
f 6552 1650 6540
f 6540 1653 6553
f 6553 6552 6540
f 6558 1642 6499
f 6499 1185 6555
f 6555 1658 6558
f 6558 6499 6555
f 6499 1642 6498
f 6498 1182 5198
f 5198 1185 6499
f 6499 6498 5198
f 6429 1611 6556
f 6556 1658 6557
f 6557 1624 6429
f 6429 6556 6557
f 6556 1611 6500
f 6500 1642 6558
f 6558 1658 6556
f 6556 6500 6558
f 6399 1612 6400
f 6400 1607 6384
f 6384 1121 6399
f 6399 6400 6384
f 6400 1612 6432
f 6432 1625 6431
f 6431 1607 6400
f 6400 6432 6431
f 6571 1661 6570
f 6570 1659 6566
f 6566 1660 6571
f 6571 6570 6566
f 6570 1661 6569
f 6569 1383 6560
f 6560 1659 6570
f 6570 6569 6560
f 6580 1663 6577
f 6577 1638 6574
f 6574 1662 6580
f 6580 6577 6574
f 6577 1663 6578
f 6578 1639 6487
f 6487 1638 6577
f 6577 6578 6487
f 6585 1664 6581
f 6581 1013 6573
f 6573 1662 6585
f 6585 6581 6573
f 6581 1664 6582
f 6582 1083 4998
f 4998 1013 6581
f 6581 6582 4998
f 6583 1609 6391
f 6391 1083 6582
f 6582 1664 6583
f 6583 6391 6582
f 6391 1609 6392
f 6392 1437 5847
f 5847 1083 6391
f 6391 6392 5847
f 6394 1608 6387
f 6387 1437 6392
f 6392 1609 6394
f 6394 6387 6392
f 6387 1608 6388
f 6388 1438 5851
f 5851 1437 6387
f 6387 6388 5851
f 6294 1366 5638
f 5638 999 6293
f 6293 1574 6294
f 6294 5638 6293
f 5638 1366 5639
f 5639 1001 4853
f 4853 999 5638
f 5638 5639 4853
f 6587 1665 6586
f 6586 1362 5643
f 5643 1367 6587
f 6587 6586 5643
f 6586 1665 6591
f 6591 1661 6567
f 6567 1362 6586
f 6586 6591 6567
f 6579 1663 6576
f 6576 1363 6564
f 6564 1660 6579
f 6579 6576 6564
f 6576 1663 6575
f 6575 1012 5626
f 5626 1363 6576
f 6576 6575 5626
f 6482 1608 6389
f 6389 1507 6481
f 6481 1637 6482
f 6482 6389 6481
f 6389 1608 6390
f 6390 1508 6060
f 6060 1507 6389
f 6389 6390 6060
f 6474 1438 6479
f 6479 1637 6483
f 6483 1636 6474
f 6474 6479 6483
f 6479 1438 6388
f 6388 1608 6482
f 6482 1637 6479
f 6479 6388 6482
f 6103 1178 6211
f 6211 1546 6212
f 6212 1519 6103
f 6103 6211 6212
f 6211 1178 6453
f 6453 1632 6456
f 6456 1546 6211
f 6211 6453 6456
f 6449 1092 6452
f 6452 1632 6457
f 6457 1631 6449
f 6449 6452 6457
f 6452 1092 6210
f 6210 1546 6456
f 6456 1632 6452
f 6452 6210 6456
f 6458 1633 6460
f 6460 1351 5585
f 5585 1089 6458
f 6458 6460 5585
f 6460 1633 6472
f 6472 1635 6471
f 6471 1351 6460
f 6460 6472 6471
f 6471 1635 6467
f 6467 1125 5586
f 5586 1351 6471
f 6471 6467 5586
f 6467 1635 6468
f 6468 1126 5092
f 5092 1125 6467
f 6467 6468 5092
f 6470 1196 5215
f 5215 1126 6468
f 6468 1635 6470
f 6470 5215 6468
f 5215 1196 5944
f 5944 1467 5941
f 5941 1126 5215
f 5215 5944 5941
f 5218 1195 5943
f 5943 1467 5944
f 5944 1196 5218
f 5218 5943 5944
f 5943 1195 5946
f 5946 1468 5952
f 5952 1467 5943
f 5943 5946 5952
f 5885 1449 5949
f 5949 1468 5946
f 5946 1195 5885
f 5885 5949 5946
f 5949 1449 5888
f 5888 1340 5948
f 5948 1468 5949
f 5949 5888 5948
f 5881 1313 5553
f 5553 1341 5884
f 5884 1448 5881
f 5881 5553 5884
f 5553 1313 5815
f 5815 1425 5816
f 5816 1341 5553
f 5553 5815 5816
f 6107 1520 6108
f 6108 1422 5808
f 5808 1312 6107
f 6107 6108 5808
f 6108 1520 6163
f 6163 1536 6161
f 6161 1422 6108
f 6108 6163 6161
f 6600 1668 6599
f 6599 1666 6596
f 6596 1667 6600
f 6600 6599 6596
f 6599 1668 6598
f 6598 1644 6593
f 6593 1666 6599
f 6599 6598 6593
f 5810 1424 6602
f 6602 1669 6601
f 6601 1338 5810
f 5810 6602 6601
f 6602 1424 5824
f 5824 1428 6603
f 6603 1669 6602
f 6602 5824 6603
f 6158 1535 6159
f 6159 1429 5827
f 5827 1423 6158
f 6158 6159 5827
f 6159 1535 6160
f 6160 1533 6148
f 6148 1429 6159
f 6159 6160 6148
f 6157 1533 6160
f 6151 1533 6157
f 5054 1105 6607
f 6607 1670 6608
f 6608 1106 5054
f 5054 6607 6608
f 6607 1105 6611
f 6611 1671 6613
f 6613 1670 6607
f 6607 6611 6613
f 6614 1672 6615
f 6615 1038 4906
f 4906 1037 6614
f 6614 6615 4906
f 6615 1672 6624
f 6624 1673 6619
f 6619 1038 6615
f 6615 6624 6619
f 6619 1673 6620
f 6620 1198 5221
f 5221 1038 6619
f 6619 6620 5221
f 6620 1673 6621
f 6621 1440 5855
f 5855 1198 6620
f 6620 6621 5855
f 5881 1448 5882
f 5882 1314 5499
f 5499 1313 5881
f 5881 5882 5499
f 5882 1448 5880
f 5880 1200 5497
f 5497 1314 5882
f 5882 5880 5497
f 5685 1198 5863
f 5863 1443 5864
f 5864 1378 5685
f 5685 5863 5864
f 5863 1198 5855
f 5855 1440 5865
f 5865 1443 5863
f 5863 5855 5865
f 5688 1378 6625
f 6625 1674 6626
f 6626 1379 5688
f 5688 6625 6626
f 6625 1378 5864
f 5864 1443 6629
f 6629 1674 6625
f 6625 5864 6629
f 5784 1412 6090
f 6090 1516 6091
f 6091 1413 5784
f 5784 6090 6091
f 6090 1412 6631
f 6631 1675 6634
f 6634 1516 6090
f 6090 6631 6634
f 6170 1538 6171
f 6171 1418 5797
f 5797 1417 6170
f 6170 6171 5797
f 6171 1538 6172
f 6172 1419 5798
f 5798 1418 6171
f 6171 6172 5798
f 5802 1199 5795
f 5795 1418 5805
f 5805 1421 5802
f 5802 5795 5805
f 5795 1199 5788
f 5788 1415 5796
f 5796 1418 5795
f 5795 5788 5796
f 5497 1200 5803
f 5803 1421 5804
f 5804 1314 5497
f 5497 5803 5804
f 5803 1200 5223
f 5223 1199 5802
f 5802 1421 5803
f 5803 5223 5802
f 5818 1424 5811
f 5811 1341 5816
f 5816 1425 5818
f 5818 5811 5816
f 5811 1424 5810
f 5810 1338 5554
f 5554 1341 5811
f 5811 5810 5554
f 6603 1428 6089
f 6089 1515 6604
f 6604 1669 6603
f 6603 6089 6604
f 6089 1428 5826
f 5826 1427 6088
f 6088 1515 6089
f 6089 5826 6088
f 5871 1445 5872
f 5872 1433 5840
f 5840 1432 5871
f 5871 5872 5840
f 5872 1445 5873
f 5873 1444 5868
f 5868 1433 5872
f 5872 5873 5868
f 5868 1444 5867
f 5867 1037 5838
f 5838 1433 5868
f 5868 5867 5838
f 5867 1444 6616
f 6616 1672 6614
f 6614 1037 5867
f 5867 6616 6614
f 6631 1412 6627
f 6627 1674 6635
f 6635 1675 6631
f 6631 6627 6635
f 6627 1412 5780
f 5780 1379 6626
f 6626 1674 6627
f 6627 5780 6626
f 5820 1427 5821
f 5821 1414 5786
f 5786 1413 5820
f 5820 5821 5786
f 5821 1427 5822
f 5822 1426 5819
f 5819 1414 5821
f 5821 5822 5819
f 5836 1431 5831
f 5831 1417 5834
f 5834 1432 5836
f 5836 5831 5834
f 5831 1431 6173
f 6173 1538 6170
f 6170 1417 5831
f 5831 6173 6170
f 5496 1312 5814
f 5814 1425 5815
f 5815 1313 5496
f 5496 5814 5815
f 5814 1312 5808
f 5808 1422 5817
f 5817 1425 5814
f 5814 5808 5817
f 5829 1428 5823
f 5823 1423 5827
f 5827 1429 5829
f 5829 5823 5827
f 5823 1428 5824
f 5824 1424 5813
f 5813 1423 5823
f 5823 5824 5813
f 5790 1416 5791
f 5791 1189 5205
f 5205 1188 5790
f 5790 5791 5205
f 5791 1416 5792
f 5792 1415 5787
f 5787 1189 5791
f 5791 5792 5787
f 5224 1194 5229
f 5229 1202 5231
f 5231 1201 5224
f 5224 5229 5231
f 5229 1194 5594
f 5594 1353 5595
f 5595 1202 5229
f 5229 5594 5595
f 5552 1339 5947
f 5947 1468 5948
f 5948 1340 5552
f 5552 5947 5948
f 5947 1339 5938
f 5938 1465 5950
f 5950 1468 5947
f 5947 5938 5950
f 5860 1442 5859
f 5859 1397 5843
f 5843 1435 5860
f 5860 5859 5843
f 5859 1442 5862
f 5862 1441 5857
f 5857 1397 5859
f 5859 5862 5857
f 6096 1517 6097
f 6097 1447 5879
f 5879 1446 6096
f 6096 6097 5879
f 6097 1517 6098
f 6098 1505 6049
f 6049 1447 6097
f 6097 6098 6049
f 5885 1195 5225
f 5225 1201 5887
f 5887 1449 5885
f 5885 5225 5887
f 5225 1195 5214
f 5214 1194 5224
f 5224 1201 5225
f 5225 5214 5224
f 6622 1673 6623
f 6623 1464 5937
f 5937 1463 6622
f 6622 6623 5937
f 6623 1673 6624
f 6624 1672 6618
f 6618 1464 6623
f 6623 6624 6618
f 6630 1504 6633
f 6633 1675 6635
f 6635 1674 6630
f 6630 6633 6635
f 6633 1504 6047
f 6047 1503 6632
f 6632 1675 6633
f 6633 6047 6632
f 5595 1353 5592
f 5592 1189 5228
f 5228 1202 5595
f 5595 5592 5228
f 5592 1353 5591
f 5591 1186 5204
f 5204 1189 5592
f 5592 5591 5204
f 5858 1440 5932
f 5932 1463 5933
f 5933 1441 5858
f 5858 5932 5933
f 5932 1440 6621
f 6621 1673 6622
f 6622 1463 5932
f 5932 6621 6622
f 6618 1672 6617
f 6617 1447 5935
f 5935 1464 6618
f 6618 6617 5935
f 6617 1672 6616
f 6616 1444 5878
f 5878 1447 6617
f 6617 6616 5878
f 5866 1442 6628
f 6628 1674 6629
f 6629 1443 5866
f 5866 6628 6629
f 6628 1442 6045
f 6045 1504 6630
f 6630 1674 6628
f 6628 6045 6630
f 6096 1446 5874
f 5874 1187 6095
f 6095 1517 6096
f 6096 5874 6095
f 5874 1446 5875
f 5875 1188 5203
f 5203 1187 5874
f 5874 5875 5203
f 5889 1448 5883
f 5883 1340 5888
f 5888 1449 5889
f 5889 5883 5888
f 5883 1448 5884
f 5884 1341 5555
f 5555 1340 5883
f 5883 5884 5555
f 6636 1676 6637
f 6637 1268 5374
f 5374 1267 6636
f 6636 6637 5374
f 6637 1676 6638
f 6638 1391 5726
f 5726 1268 6637
f 6637 6638 5726
f 5560 1343 6642
f 6642 1677 6643
f 6643 1344 5560
f 5560 6642 6643
f 6642 1343 6645
f 6645 1678 6648
f 6648 1677 6642
f 6642 6645 6648
f 6652 1302 6650
f 6650 1679 6657
f 6657 1680 6652
f 6652 6650 6657
f 6650 1302 5468
f 5468 1175 6649
f 6649 1679 6650
f 6650 5468 6649
f 5557 1284 5561
f 5561 1345 5563
f 5563 1344 5557
f 5557 5561 5563
f 5561 1284 6023
f 6023 1495 6024
f 6024 1345 5561
f 5561 6023 6024
f 6666 1682 6665
f 6665 1493 6662
f 6662 1681 6666
f 6666 6665 6662
f 6665 1682 6664
f 6664 1490 6014
f 6014 1493 6665
f 6665 6664 6014
f 5714 1386 5709
f 5709 1268 5713
f 5713 1387 5714
f 5714 5709 5713
f 5709 1386 5708
f 5708 1265 5373
f 5373 1268 5709
f 5709 5708 5373
f 6673 1684 6672
f 6672 1489 6669
f 6669 1683 6673
f 6673 6672 6669
f 6672 1684 6671
f 6671 1486 6005
f 6005 1489 6672
f 6672 6671 6005
f 6678 1685 6679
f 6679 1489 6006
f 6006 1488 6678
f 6678 6679 6006
f 6679 1685 6677
f 6677 1485 6004
f 6004 1489 6679
f 6679 6677 6004
f 6019 1494 6020
f 6020 1493 6015
f 6015 1492 6019
f 6019 6020 6015
f 6020 1494 6018
f 6018 1385 6013
f 6013 1493 6020
f 6020 6018 6013
f 6012 1491 6008
f 6008 1345 6010
f 6010 1492 6012
f 6012 6008 6010
f 6008 1491 6007
f 6007 1342 5562
f 5562 1345 6008
f 6008 6007 5562
f 6691 1688 6690
f 6690 1686 6686
f 6686 1687 6691
f 6691 6690 6686
f 6690 1688 6697
f 6697 1689 6696
f 6696 1686 6690
f 6690 6697 6696
f 6707 1691 6706
f 6706 1679 6702
f 6702 1690 6707
f 6707 6706 6702
f 6706 1691 6705
f 6705 1331 6651
f 6651 1679 6706
f 6706 6705 6651
f 6715 1491 6711
f 6711 1692 6716
f 6716 1693 6715
f 6715 6711 6716
f 6711 1491 6009
f 6009 1490 6710
f 6710 1692 6711
f 6711 6009 6710
f 6724 1678 6720
f 6720 1694 6725
f 6725 1695 6724
f 6724 6720 6725
f 6720 1678 6645
f 6645 1343 6718
f 6718 1694 6720
f 6720 6645 6718
f 6728 1696 6729
f 6729 1499 6033
f 6033 1498 6728
f 6728 6729 6033
f 6729 1696 6736
f 6736 1697 6735
f 6735 1499 6729
f 6729 6736 6735
f 6741 1699 6746
f 6746 1698 6738
f 6738 1270 6741
f 6741 6746 6738
f 6746 1699 6745
f 6745 1461 6739
f 6739 1698 6746
f 6746 6745 6739
f 6710 1490 6748
f 6748 1700 6750
f 6750 1692 6710
f 6710 6748 6750
f 6748 1490 6664
f 6664 1682 6749
f 6749 1700 6748
f 6748 6664 6749
f 5375 1265 6753
f 6753 1701 6754
f 6754 1269 5375
f 5375 6753 6754
f 6753 1265 5708
f 5708 1386 6756
f 6756 1701 6753
f 6753 5708 6756
f 6761 1702 6758
f 6758 1176 5470
f 5470 1303 6761
f 6761 6758 5470
f 6758 1702 6766
f 6766 1703 6764
f 6764 1176 6758
f 6758 6766 6764
f 6718 1343 6769
f 6769 1704 6772
f 6772 1694 6718
f 6718 6769 6772
f 6769 1343 5556
f 5556 1342 6768
f 6768 1704 6769
f 6769 5556 6768
f 6768 1342 6714
f 6714 1693 6771
f 6771 1704 6768
f 6768 6714 6771
f 6714 1342 6007
f 6007 1491 6715
f 6715 1693 6714
f 6714 6007 6715
f 6781 1707 6780
f 6780 1705 6777
f 6777 1706 6781
f 6781 6780 6777
f 6780 1707 6785
f 6785 1708 6784
f 6784 1705 6780
f 6780 6785 6784
f 6786 1709 6789
f 6789 1706 6774
f 6774 1004 6786
f 6786 6789 6774
f 6789 1709 6790
f 6790 1707 6781
f 6781 1706 6789
f 6789 6790 6781
f 6791 1710 6792
f 6792 1004 4857
f 4857 1003 6791
f 6791 6792 4857
f 6792 1710 6794
f 6794 1709 6786
f 6786 1004 6792
f 6792 6794 6786
f 6796 1711 6795
f 6795 1003 4894
f 4894 1032 6796
f 6796 6795 4894
f 6795 1711 6797
f 6797 1710 6791
f 6791 1003 6795
f 6795 6797 6791
f 6801 1058 6799
f 6799 1712 6802
f 6802 1713 6801
f 6801 6799 6802
f 6799 1058 4940
f 4940 1057 6798
f 6798 1712 6799
f 6799 4940 6798
f 6806 1048 6804
f 6804 1714 6809
f 6809 1715 6806
f 6806 6804 6809
f 6804 1048 4917
f 4917 1047 6803
f 6803 1714 6804
f 6804 4917 6803
f 5073 1113 6805
f 6805 1714 6803
f 6803 1047 5073
f 5073 6805 6803
f 6805 1113 6810
f 6810 1716 6812
f 6812 1714 6805
f 6805 6810 6812
f 5894 1452 6811
f 6811 1716 6810
f 6810 1113 5894
f 5894 6811 6810
f 6811 1452 6813
f 6813 1717 6814
f 6814 1716 6811
f 6811 6813 6814
f 6816 1718 6818
f 6818 1717 6813
f 6813 1452 6816
f 6816 6818 6813
f 6818 1718 6822
f 6822 1719 6821
f 6821 1717 6818
f 6818 6822 6821
f 6815 1401 6196
f 6196 1543 6817
f 6817 1718 6815
f 6815 6196 6817
f 6196 1401 6199
f 6199 1544 6203
f 6203 1543 6196
f 6196 6199 6203
f 6214 1293 6825
f 6825 1720 6826
f 6826 1547 6214
f 6214 6825 6826
f 6825 1293 5443
f 5443 1292 6824
f 6824 1720 6825
f 6825 5443 6824
f 5438 1019 6823
f 6823 1720 6824
f 6824 1292 5438
f 5438 6823 6824
f 6823 1019 6829
f 6829 1721 6834
f 6834 1720 6823
f 6823 6829 6834
f 4882 1022 6830
f 6830 1721 6829
f 6829 1019 4882
f 4882 6830 6829
f 6830 1022 6835
f 6835 1722 6838
f 6838 1721 6830
f 6830 6835 6838
f 5763 1403 5764
f 5764 1282 5413
f 5413 1094 5763
f 5763 5764 5413
f 5764 1403 5771
f 5771 1406 5770
f 5770 1282 5764
f 5764 5771 5770
f 5545 1337 5546
f 5546 1094 5018
f 5018 1093 5545
f 5545 5546 5018
f 5546 1337 5766
f 5766 1403 5763
f 5763 1094 5546
f 5546 5766 5763
f 5542 1334 5541
f 5541 1093 5038
f 5038 1100 5542
f 5542 5541 5038
f 5541 1334 5547
f 5547 1337 5545
f 5545 1093 5541
f 5541 5547 5545
f 6847 1724 6845
f 6845 1100 6841
f 6841 1723 6847
f 6847 6845 6841
f 6845 1724 6846
f 6846 1334 5542
f 5542 1100 6845
f 6845 6846 5542
f 6852 1725 6850
f 6850 1106 6608
f 6608 1670 6852
f 6852 6850 6608
f 6850 1725 6851
f 6851 1108 5059
f 5059 1106 6850
f 6850 6851 5059
f 5760 1402 5759
f 5759 1100 5042
f 5042 1101 5760
f 5760 5759 5042
f 5759 1402 6842
f 6842 1723 6841
f 6841 1100 5759
f 5759 6842 6841
f 5507 1317 5508
f 5508 1018 4878
f 4878 1017 5507
f 5507 5508 4878
f 5508 1317 5509
f 5509 1151 5135
f 5135 1018 5508
f 5508 5509 5135
f 6303 1577 6302
f 6302 1018 5137
f 5137 1153 6303
f 6303 6302 5137
f 6302 1577 6301
f 6301 1015 4877
f 4877 1018 6302
f 6302 6301 4877
f 6862 1727 6859
f 6859 1373 6857
f 6857 1726 6862
f 6862 6859 6857
f 6859 1727 6860
f 6860 1374 5672
f 5672 1373 6859
f 6859 6860 5672
f 5647 1368 5646
f 5646 993 4845
f 4845 996 5647
f 5647 5646 4845
f 5646 1368 5655
f 5655 1369 5651
f 5651 993 5646
f 5646 5655 5651
f 5658 1110 5654
f 5654 1369 5659
f 5659 1370 5658
f 5658 5654 5659
f 5654 1110 5065
f 5065 993 5651
f 5651 1369 5654
f 5654 5065 5651
f 5929 1462 5928
f 5928 1370 5662
f 5662 1371 5929
f 5929 5928 5662
f 5928 1462 5927
f 5927 1110 5658
f 5658 1370 5928
f 5928 5927 5658
f 5647 996 4874
f 4874 1017 5650
f 5650 1368 5647
f 5647 4874 5650
f 4874 996 5506
f 5506 1317 5507
f 5507 1017 4874
f 4874 5506 5507
f 6854 751 5484
f 5484 1308 6856
f 6856 1726 6854
f 6854 5484 6856
f 5484 751 3900
f 3900 750 5483
f 5483 1308 5484
f 5484 3900 5483
f 6864 1728 6863
f 6863 1576 6327
f 6327 1584 6864
f 6864 6863 6327
f 6863 1728 6868
f 6868 1729 6866
f 6866 1576 6863
f 6863 6868 6866
f 6335 1585 6870
f 6870 1730 6871
f 6871 1586 6335
f 6335 6870 6871
f 6870 1585 6874
f 6874 1731 6876
f 6876 1730 6870
f 6870 6874 6876
f 6712 1693 6713
f 6713 1030 4893
f 4893 1029 6712
f 6712 6713 4893
f 6713 1693 6716
f 6716 1692 6708
f 6708 1030 6713
f 6713 6716 6708
f 6721 1695 6722
f 6722 1204 5235
f 5235 1203 6721
f 6721 6722 5235
f 6722 1695 6725
f 6725 1694 6717
f 6717 1204 6722
f 6722 6725 6717
f 6727 1254 6732
f 6732 1697 6736
f 6736 1696 6727
f 6727 6732 6736
f 6732 1254 5343
f 5343 1253 6731
f 6731 1697 6732
f 6732 5343 6731
f 6708 1692 6709
f 6709 1281 5411
f 5411 1030 6708
f 6708 6709 5411
f 6709 1692 6750
f 6750 1700 6747
f 6747 1281 6709
f 6709 6750 6747
f 6755 1297 5453
f 5453 1269 6754
f 6754 1701 6755
f 6755 5453 6754
f 5453 1297 5454
f 5454 1296 5448
f 5448 1269 5453
f 5453 5454 5448
f 6717 1694 6719
f 6719 1347 5570
f 5570 1204 6717
f 6717 6719 5570
f 6719 1694 6772
f 6772 1704 6770
f 6770 1347 6719
f 6719 6772 6770
f 6770 1704 6767
f 6767 1029 5569
f 5569 1347 6770
f 6770 6767 5569
f 6767 1704 6771
f 6771 1693 6712
f 6712 1029 6767
f 6767 6771 6712
f 6880 1542 6192
f 6192 1281 6878
f 6878 1732 6880
f 6880 6192 6878
f 6192 1542 6191
f 6191 1280 5412
f 5412 1281 6192
f 6192 6191 5412
f 5925 1461 5926
f 5926 1273 5385
f 5385 1067 5925
f 5925 5926 5385
f 5926 1461 6745
f 6745 1699 6743
f 6743 1273 5926
f 5926 6745 6743
f 6766 1702 6757
f 6757 1161 6763
f 6763 1703 6766
f 6766 6757 6763
f 6757 1702 6762
f 6762 1316 5502
f 5502 1161 6757
f 6757 6762 5502
f 6887 1733 6886
f 6886 1309 6180
f 6180 1539 6887
f 6887 6886 6180
f 6886 1733 6885
f 6885 1306 5489
f 5489 1309 6886
f 6886 6885 5489
f 5117 1140 6888
f 6888 1734 6889
f 6889 1141 5117
f 5117 6888 6889
f 6888 1140 6893
f 6893 1735 6897
f 6897 1734 6888
f 6888 6893 6897
f 6314 1579 6898
f 6898 1736 6899
f 6899 1580 6314
f 6314 6898 6899
f 6898 1579 6907
f 6907 1737 6909
f 6909 1736 6898
f 6898 6907 6909
f 6309 1324 6906
f 6906 1737 6907
f 6907 1579 6309
f 6309 6906 6907
f 6906 1324 6912
f 6912 1738 6915
f 6915 1737 6906
f 6906 6912 6915
f 6916 1739 6917
f 6917 1588 6338
f 6338 1323 6916
f 6916 6917 6338
f 6917 1739 6918
f 6918 1589 6341
f 6341 1588 6917
f 6917 6918 6341
f 6928 1741 6937
f 6937 1743 6936
f 6936 1740 6928
f 6928 6937 6936
f 6937 1741 6932
f 6932 1742 6938
f 6938 1743 6937
f 6937 6932 6938
f 6416 1616 6413
f 6413 1596 6415
f 6415 1617 6416
f 6416 6413 6415
f 6413 1616 6414
f 6414 1597 6359
f 6359 1596 6413
f 6413 6414 6359
f 6524 1648 6523
f 6523 1597 6414
f 6414 1616 6524
f 6524 6523 6414
f 6523 1648 6526
f 6526 1641 6495
f 6495 1597 6523
f 6523 6526 6495
f 6521 1475 6493
f 6493 1641 6526
f 6526 1648 6521
f 6521 6493 6526
f 6493 1475 5967
f 5967 1477 6494
f 6494 1641 6493
f 6493 5967 6494
f 5963 1474 5966
f 5966 1477 5967
f 5967 1475 5963
f 5963 5966 5967
f 5966 1474 5968
f 5968 1478 5969
f 5969 1477 5966
f 5966 5968 5969
f 6939 1744 6940
f 6940 1478 5968
f 5968 1474 6939
f 6939 6940 5968
f 6940 1744 6941
f 6941 1503 6042
f 6042 1478 6940
f 6940 6941 6042
f 6947 1746 6946
f 6946 1675 6943
f 6943 1745 6947
f 6947 6946 6943
f 6946 1746 6945
f 6945 1516 6634
f 6634 1675 6946
f 6946 6945 6634
f 6951 1747 6949
f 6949 1516 6945
f 6945 1746 6951
f 6951 6949 6945
f 6949 1747 6948
f 6948 1515 6092
f 6092 1516 6949
f 6949 6948 6092
f 6948 1747 6950
f 6950 1669 6604
f 6604 1515 6948
f 6948 6950 6604
f 6950 1747 6954
f 6954 1748 6953
f 6953 1669 6950
f 6950 6954 6953
f 6955 1338 6952
f 6952 1748 6957
f 6957 1749 6955
f 6955 6952 6957
f 6952 1338 6601
f 6601 1669 6953
f 6953 1748 6952
f 6952 6601 6953
f 6958 1750 6959
f 6959 1465 5938
f 5938 1339 6958
f 6958 6959 5938
f 6959 1750 6960
f 6960 1667 6594
f 6594 1465 6959
f 6959 6960 6594
f 6592 1466 6595
f 6595 1667 6596
f 6596 1666 6592
f 6592 6595 6596
f 6595 1466 5940
f 5940 1465 6594
f 6594 1667 6595
f 6595 5940 6594
f 6966 1751 6963
f 6963 1466 6592
f 6592 1666 6966
f 6966 6963 6592
f 6963 1751 6962
f 6962 1127 5939
f 5939 1466 6963
f 6963 6962 5939
f 6972 1752 6967
f 6967 1127 6962
f 6962 1751 6972
f 6972 6967 6962
f 6967 1752 6968
f 6968 1128 5096
f 5096 1127 6967
f 6967 6968 5096
f 6971 1646 6513
f 6513 1128 6968
f 6968 1752 6971
f 6971 6513 6968
f 6513 1646 6516
f 6516 1634 6464
f 6464 1128 6513
f 6513 6516 6464
f 6517 1645 6511
f 6511 1634 6516
f 6516 1646 6517
f 6517 6511 6516
f 6511 1645 6510
f 6510 1164 6465
f 6465 1634 6511
f 6511 6510 6465
f 6977 1753 6974
f 6974 1164 6510
f 6510 1645 6977
f 6977 6974 6510
f 6974 1753 6975
f 6975 1165 5158
f 5158 1164 6974
f 6974 6975 5158
f 6981 1754 6978
f 6978 1165 6975
f 6975 1753 6981
f 6981 6978 6975
f 6978 1754 6979
f 6979 1166 5160
f 5160 1165 6978
f 6978 6979 5160
f 6989 1756 6986
f 6986 1173 6982
f 6982 1755 6989
f 6989 6986 6982
f 6986 1756 6985
f 6985 1170 5179
f 5179 1173 6986
f 6986 6985 5179
f 6991 1757 6990
f 6990 1131 5104
f 5104 1134 6991
f 6991 6990 5104
f 6990 1757 6992
f 6992 1255 5344
f 5344 1131 6990
f 6990 6992 5344
f 5346 1254 5341
f 5341 1131 5344
f 5344 1255 5346
f 5346 5341 5344
f 5341 1254 5342
f 5342 1203 5232
f 5232 1131 5341
f 5341 5342 5232
f 6727 1696 6726
f 6726 1203 5342
f 5342 1254 6727
f 6727 6726 5342
f 6726 1696 6730
f 6730 1695 6721
f 6721 1203 6726
f 6726 6730 6721
f 6728 1498 6723
f 6723 1695 6730
f 6730 1696 6728
f 6728 6723 6730
f 6723 1498 6647
f 6647 1678 6724
f 6724 1695 6723
f 6723 6647 6724
f 6030 1497 6646
f 6646 1678 6647
f 6647 1498 6030
f 6030 6646 6647
f 6646 1497 6644
f 6644 1677 6648
f 6648 1678 6646
f 6646 6644 6648
f 6688 1688 6689
f 6689 1677 6644
f 6644 1497 6688
f 6688 6689 6644
f 6689 1688 6687
f 6687 1285 6641
f 6641 1677 6689
f 6689 6687 6641
f 6683 1251 5336
f 5336 1208 6682
f 6682 1687 6683
f 6683 5336 6682
f 5336 1251 5335
f 5335 1205 5242
f 5242 1208 5336
f 5336 5335 5242
f 5337 1248 5329
f 5329 1205 5335
f 5335 1251 5337
f 5337 5329 5335
f 5329 1248 5330
f 5330 1210 5247
f 5247 1205 5329
f 5329 5330 5247
f 6997 1759 7003
f 7003 1761 7002
f 7002 1758 6997
f 6997 7003 7002
f 7003 1759 7000
f 7000 1760 7004
f 7004 1761 7003
f 7003 7000 7004
f 7005 1762 7006
f 7006 1550 6225
f 6225 1549 7005
f 7005 7006 6225
f 7006 1762 7010
f 7010 1763 7009
f 7009 1550 7006
f 7006 7010 7009
f 7011 1764 7012
f 7012 1227 5286
f 5286 1226 7011
f 7011 7012 5286
f 7012 1764 7019
f 7019 1765 7015
f 7015 1227 7012
f 7012 7019 7015
f 7020 1766 7021
f 7021 1233 5301
f 5301 1232 7020
f 7020 7021 5301
f 7021 1766 7027
f 7027 1767 7024
f 7024 1233 7021
f 7021 7027 7024
f 7028 1234 7016
f 7016 1765 7032
f 7032 1768 7028
f 7028 7016 7032
f 7016 1234 5303
f 5303 1227 7015
f 7015 1765 7016
f 7016 5303 7015
f 7033 1769 7034
f 7034 1237 5308
f 5308 1236 7033
f 7033 7034 5308
f 7034 1769 7037
f 7037 1770 7035
f 7035 1237 7034
f 7034 7037 7035
f 7038 1771 7039
f 7039 1241 5316
f 5316 1240 7038
f 7038 7039 5316
f 7039 1771 7043
f 7043 1772 7042
f 7042 1241 7039
f 7039 7043 7042
f 6999 1760 6998
f 6998 1232 5332
f 5332 1249 6999
f 6999 6998 5332
f 6998 1760 7022
f 7022 1766 7020
f 7020 1232 6998
f 6998 7022 7020
f 7028 1768 7029
f 7029 1279 5407
f 5407 1234 7028
f 7028 7029 5407
f 7029 1768 7047
f 7047 1773 7044
f 7044 1279 7029
f 7029 7047 7044
f 7049 1774 7048
f 7048 1240 5462
f 5462 1299 7049
f 7049 7048 5462
f 7048 1774 7051
f 7051 1771 7038
f 7038 1240 7048
f 7048 7051 7038
f 7024 1767 7023
f 7023 1226 5300
f 5300 1233 7024
f 7024 7023 5300
f 7023 1767 7026
f 7026 1764 7011
f 7011 1226 7023
f 7023 7026 7011
f 7052 1775 7053
f 7053 1482 5986
f 5986 1481 7052
f 7052 7053 5986
f 7053 1775 7058
f 7058 1776 7056
f 7056 1482 7053
f 7053 7058 7056
f 7066 1778 7063
f 7063 1250 7059
f 7059 1777 7066
f 7066 7063 7059
f 7063 1778 7071
f 7071 1779 7069
f 7069 1250 7063
f 7063 7071 7069
f 6944 1745 6942
f 6942 1503 6941
f 6941 1744 6944
f 6944 6942 6941
f 6942 1745 6943
f 6943 1675 6632
f 6632 1503 6942
f 6942 6943 6632
f 6955 1749 6956
f 6956 1339 5550
f 5550 1338 6955
f 6955 6956 5550
f 6956 1749 6961
f 6961 1750 6958
f 6958 1339 6956
f 6956 6961 6958
f 7072 1158 7074
f 7074 1781 7076
f 7076 1780 7072
f 7072 7074 7076
f 7074 1158 5500
f 5500 1315 7075
f 7075 1781 7074
f 7074 5500 7075
f 7075 1315 7077
f 7077 1782 7079
f 7079 1781 7075
f 7075 7077 7079
f 7077 1315 6367
f 6367 1600 7078
f 7078 1782 7077
f 7077 6367 7078
f 7087 1785 7086
f 7086 1783 7083
f 7083 1784 7087
f 7087 7086 7083
f 7086 1785 7089
f 7089 1786 7088
f 7088 1783 7086
f 7086 7089 7088
f 7096 1789 7095
f 7095 1787 7092
f 7092 1788 7096
f 7096 7095 7092
f 7095 1789 7098
f 7098 1790 7097
f 7097 1787 7095
f 7095 7098 7097
f 7099 1606 7102
f 7102 1792 7105
f 7105 1791 7099
f 7099 7102 7105
f 7102 1606 6386
f 6386 1607 7103
f 7103 1792 7102
f 7102 6386 7103
f 6431 1625 7104
f 7104 1792 7103
f 7103 1607 6431
f 6431 7104 7103
f 7104 1625 7106
f 7106 1793 7107
f 7107 1792 7104
f 7104 7106 7107
f 7108 1794 7109
f 7109 1625 6433
f 6433 1624 7108
f 7108 7109 6433
f 7109 1794 7110
f 7110 1793 7106
f 7106 1625 7109
f 7109 7110 7106
f 7112 1795 7113
f 7113 1654 6544
f 6544 1623 7112
f 7112 7113 6544
f 7113 1795 7114
f 7114 1655 6547
f 6547 1654 7113
f 7113 7114 6547
f 6428 1622 7111
f 7111 1795 7112
f 7112 1623 6428
f 6428 7111 7112
f 7111 1622 7115
f 7115 1796 7117
f 7117 1795 7111
f 7111 7115 7117
f 6348 1117 7118
f 7118 1797 7119
f 7119 1592 6348
f 6348 7118 7119
f 7118 1117 7123
f 7123 1798 7125
f 7125 1797 7118
f 7118 7123 7125
f 5112 1136 7126
f 7126 1799 7127
f 7127 1137 5112
f 5112 7126 7127
f 7126 1136 7130
f 7130 1800 7131
f 7131 1799 7126
f 7126 7130 7131
f 7134 1801 7135
f 7135 1718 6817
f 6817 1543 7134
f 7134 7135 6817
f 7135 1801 7136
f 7136 1719 6822
f 6822 1718 7135
f 7135 7136 6822
f 7139 1802 7140
f 7140 1543 6197
f 6197 1453 7139
f 7139 7140 6197
f 7140 1802 7141
f 7141 1801 7134
f 7134 1543 7140
f 7140 7141 7134
f 7144 1803 7145
f 7145 1453 5897
f 5897 1148 7144
f 7144 7145 5897
f 7145 1803 7146
f 7146 1802 7139
f 7139 1453 7145
f 7145 7146 7139
f 7148 1804 7149
f 7149 1148 5130
f 5130 1147 7148
f 7148 7149 5130
f 7149 1804 7151
f 7151 1803 7144
f 7144 1148 7149
f 7149 7151 7144
f 7153 1805 7152
f 7152 1147 5162
f 5162 1168 7153
f 7153 7152 5162
f 7152 1805 7156
f 7156 1804 7148
f 7148 1147 7152
f 7152 7156 7148
f 7157 1806 7158
f 7158 1168 5164
f 5164 1167 7157
f 7157 7158 5164
f 7158 1806 7161
f 7161 1805 7153
f 7153 1168 7158
f 7158 7161 7153
f 7157 1167 7165
f 7165 1808 7168
f 7168 1806 7157
f 7157 7165 7168
f 7165 1167 7163
f 7163 1807 7169
f 7169 1808 7165
f 7165 7163 7169
f 7169 1807 7175
f 7175 1810 7176
f 7176 1808 7169
f 7169 7175 7176
f 7175 1807 7173
f 7173 1809 7177
f 7177 1810 7175
f 7175 7173 7177
f 7180 1605 7186
f 7186 1812 7188
f 7188 1811 7180
f 7180 7186 7188
f 7186 1605 6381
f 6381 1604 7185
f 7185 1812 7186
f 7186 6381 7185
f 7185 1604 7189
f 7189 1813 7193
f 7193 1812 7185
f 7185 7189 7193
f 7189 1604 7091
f 7091 1788 7192
f 7192 1813 7189
f 7189 7091 7192
f 7125 1798 7124
f 7124 1787 7120
f 7120 1797 7125
f 7125 7124 7120
f 7124 1798 7197
f 7197 1814 7195
f 7195 1787 7124
f 7124 7197 7195
f 7207 1816 7206
f 7206 1786 7201
f 7201 1815 7207
f 7207 7206 7201
f 7206 1816 7205
f 7205 1783 7088
f 7088 1786 7206
f 7206 7205 7088
f 7208 1144 7215
f 7215 1818 7217
f 7217 1817 7208
f 7208 7215 7217
f 7215 1144 5124
f 5124 1143 7214
f 7214 1818 7215
f 7215 5124 7214
f 6903 1735 6894
f 6894 1580 6899
f 6899 1736 6903
f 6903 6894 6899
f 6894 1735 6893
f 6893 1140 6312
f 6312 1580 6894
f 6894 6893 6312
f 6903 1736 6902
f 6902 1730 6895
f 6895 1735 6903
f 6903 6902 6895
f 6902 1736 6900
f 6900 1728 6872
f 6872 1730 6902
f 6902 6900 6872
f 6328 1582 6333
f 6333 1586 6334
f 6334 1584 6328
f 6328 6333 6334
f 6333 1582 6321
f 6321 1156 6332
f 6332 1586 6333
f 6333 6321 6332
f 6186 1540 6185
f 6185 1293 5910
f 5910 1457 6186
f 6186 6185 5910
f 6185 1540 6184
f 6184 1290 5442
f 5442 1293 6185
f 6185 6184 5442
f 4932 1055 5909
f 5909 1457 5908
f 5908 1052 4932
f 4932 5909 5908
f 5909 1055 6182
f 6182 1540 6186
f 6186 1457 5909
f 5909 6182 6186
f 4934 1056 4935
f 4935 1052 4925
f 4925 1051 4934
f 4934 4935 4925
f 4935 1056 4936
f 4936 1055 4932
f 4932 1052 4935
f 4935 4936 4932
f 5576 1348 5572
f 5572 1051 5126
f 5126 1146 5576
f 5576 5572 5126
f 5572 1348 5573
f 5573 1056 4934
f 4934 1051 5572
f 5572 5573 4934
f 5171 1133 5128
f 5128 1146 5174
f 5174 1171 5171
f 5171 5128 5174
f 5128 1133 5575
f 5575 1348 5576
f 5576 1146 5128
f 5128 5575 5576
f 5170 1134 5172
f 5172 1171 5175
f 5175 1170 5170
f 5170 5172 5175
f 5172 1134 5105
f 5105 1133 5171
f 5171 1171 5172
f 5172 5105 5171
f 6985 1756 6984
f 6984 1134 5170
f 5170 1170 6985
f 6985 6984 5170
f 6984 1756 6995
f 6995 1757 6991
f 6991 1134 6984
f 6984 6995 6991
f 6987 1471 6994
f 6994 1757 6995
f 6995 1756 6987
f 6987 6994 6995
f 6994 1471 5956
f 5956 1333 6993
f 6993 1757 6994
f 6994 5956 6993
f 6370 1601 6369
f 6369 1332 5953
f 5953 1470 6370
f 6370 6369 5953
f 6369 1601 6371
f 6371 1600 6368
f 6368 1332 6369
f 6369 6371 6368
f 7081 1784 7080
f 7080 1600 6371
f 6371 1601 7081
f 7081 7080 6371
f 7080 1784 7082
f 7082 1782 7078
f 7078 1600 7080
f 7080 7082 7078
f 7220 1819 7219
f 7219 1783 7205
f 7205 1816 7220
f 7220 7219 7205
f 7219 1819 7226
f 7226 1820 7224
f 7224 1783 7219
f 7219 7226 7224
f 7216 1258 7210
f 7210 1817 7217
f 7217 1818 7216
f 7216 7210 7217
f 7210 1258 5353
f 5353 1257 7209
f 7209 1817 7210
f 7210 5353 7209
f 6316 1581 6317
f 6317 1140 5115
f 5115 1139 6316
f 6316 6317 5115
f 6317 1581 6320
f 6320 1580 6312
f 6312 1140 6317
f 6317 6320 6312
f 5474 1304 5475
f 5475 1258 5352
f 5352 1142 5474
f 5474 5475 5352
f 5475 1304 5473
f 5473 1138 5351
f 5351 1258 5475
f 5475 5473 5351
f 6890 1306 5481
f 5481 1141 6889
f 6889 1734 6890
f 6890 5481 6889
f 5481 1306 6885
f 6885 1733 6882
f 6882 1141 5481
f 5481 6885 6882
f 6873 1307 6891
f 6891 1734 6892
f 6892 1731 6873
f 6873 6891 6892
f 6891 1307 5482
f 5482 1306 6890
f 6890 1734 6891
f 6891 5482 6890
f 5670 1374 6331
f 6331 1585 6329
f 6329 1155 5670
f 5670 6331 6329
f 6331 1374 6860
f 6860 1727 6861
f 6861 1585 6331
f 6331 6860 6861
f 5673 1375 5674
f 5674 1155 5140
f 5140 1154 5673
f 5673 5674 5140
f 5674 1375 5677
f 5677 1374 5670
f 5670 1155 5674
f 5674 5677 5670
f 6325 1582 7231
f 7231 1821 7232
f 7232 1583 6325
f 6325 7231 7232
f 7231 1582 6322
f 6322 1575 7230
f 7230 1821 7231
f 7231 6322 7230
f 6324 1583 7239
f 7239 1822 7234
f 7234 1157 6324
f 6324 7239 7234
f 7239 1583 7232
f 7232 1821 7240
f 7240 1822 7239
f 7239 7232 7240
f 5673 1154 7233
f 7233 1822 7238
f 7238 1375 5673
f 5673 7233 7238
f 7233 1154 5143
f 5143 1157 7234
f 7234 1822 7233
f 7233 5143 7234
f 7250 1825 7249
f 7249 1823 7245
f 7245 1824 7250
f 7250 7249 7245
f 7249 1825 7254
f 7254 1826 7253
f 7253 1823 7249
f 7249 7254 7253
f 7255 1827 7256
f 7256 1749 6957
f 6957 1748 7255
f 7255 7256 6957
f 7256 1827 7257
f 7257 1826 7251
f 7251 1749 7256
f 7256 7257 7251
f 7261 1829 7267
f 7267 1830 7266
f 7266 1828 7261
f 7261 7267 7266
f 7267 1829 7260
f 7260 1827 7265
f 7265 1830 7267
f 7267 7260 7265
f 7273 1828 7270
f 7270 1831 7274
f 7274 1832 7273
f 7273 7270 7274
f 7270 1828 7266
f 7266 1830 7271
f 7271 1831 7270
f 7270 7266 7271
f 6947 1745 7268
f 7268 1831 7269
f 7269 1746 6947
f 6947 7268 7269
f 7268 1745 7276
f 7276 1833 7277
f 7277 1831 7268
f 7268 7276 7277
f 7286 1835 7287
f 7287 1834 7282
f 7282 1833 7286
f 7286 7287 7282
f 7287 1835 7291
f 7291 1836 7290
f 7290 1834 7287
f 7287 7291 7290
f 7283 1835 7284
f 7284 1474 5961
f 5961 1473 7283
f 7283 7284 5961
f 7284 1835 7285
f 7285 1744 6939
f 6939 1474 7284
f 7284 7285 6939
f 7248 1825 7246
f 7246 1667 6960
f 6960 1750 7248
f 7248 7246 6960
f 7246 1825 7247
f 7247 1668 6600
f 6600 1667 7246
f 7246 7247 6600
f 6544 1654 6543
f 6543 1620 6426
f 6426 1623 6544
f 6544 6543 6426
f 6543 1654 7295
f 7295 1837 7293
f 7293 1620 6543
f 6543 7295 7293
f 7296 1838 7299
f 7299 1654 6542
f 6542 1408 7296
f 7296 7299 6542
f 7299 1838 7300
f 7300 1837 7295
f 7295 1654 7299
f 7299 7300 7295
f 7301 1839 7302
f 7302 1408 5774
f 5774 1407 7301
f 7301 7302 5774
f 7302 1839 7306
f 7306 1838 7296
f 7296 1408 7302
f 7302 7306 7296
f 7308 1840 7307
f 7307 1624 6557
f 6557 1658 7308
f 7308 7307 6557
f 7307 1840 7309
f 7309 1794 7108
f 7108 1624 7307
f 7307 7309 7108
f 7310 1841 7311
f 7311 1658 6555
f 6555 1185 7310
f 7310 7311 6555
f 7311 1841 7312
f 7312 1840 7308
f 7308 1658 7311
f 7311 7312 7308
f 7313 1842 7314
f 7314 1185 5199
f 5199 1184 7313
f 7313 7314 5199
f 7314 1842 7318
f 7318 1841 7310
f 7310 1185 7314
f 7314 7318 7310
f 7301 1407 7288
f 7288 1836 7305
f 7305 1839 7301
f 7301 7288 7305
f 7288 1407 7279
f 7279 1834 7290
f 7290 1836 7288
f 7288 7279 7290
f 7242 1824 7243
f 7243 1184 5197
f 5197 1183 7242
f 7242 7243 5197
f 7243 1824 7245
f 7245 1823 7241
f 7241 1184 7243
f 7243 7245 7241
f 7323 1842 7316
f 7316 1828 7320
f 7320 1843 7323
f 7323 7316 7320
f 7316 1842 7317
f 7317 1829 7261
f 7261 1828 7316
f 7316 7317 7261
f 7273 1832 7321
f 7321 1843 7320
f 7320 1828 7273
f 7273 7321 7320
f 7321 1832 7272
f 7272 1410 7319
f 7319 1843 7321
f 7321 7272 7319
f 7324 1844 7325
f 7325 1410 5778
f 5778 1409 7324
f 7324 7325 5778
f 7325 1844 7328
f 7328 1843 7319
f 7319 1410 7325
f 7325 7328 7319
f 7330 1845 7329
f 7329 1409 6546
f 6546 1655 7330
f 7330 7329 6546
f 7329 1845 7333
f 7333 1844 7324
f 7324 1409 7329
f 7329 7333 7324
f 7334 1780 7337
f 7337 1847 7341
f 7341 1846 7334
f 7334 7337 7341
f 7337 1780 7076
f 7076 1781 7338
f 7338 1847 7337
f 7337 7076 7338
f 7338 1781 7222
f 7222 1820 7340
f 7340 1847 7338
f 7338 7222 7340
f 7222 1781 7079
f 7079 1782 7223
f 7223 1820 7222
f 7222 7079 7223
f 7085 1785 7084
f 7084 1601 6374
f 6374 1602 7085
f 7085 7084 6374
f 7084 1785 7087
f 7087 1784 7081
f 7081 1601 7084
f 7084 7087 7081
f 7100 1789 7094
f 7094 1606 7099
f 7099 1791 7100
f 7100 7094 7099
f 7094 1789 7093
f 7093 1603 6383
f 6383 1606 7094
f 7094 7093 6383
f 7105 1792 7344
f 7344 1848 7343
f 7343 1791 7105
f 7105 7344 7343
f 7344 1792 7345
f 7345 1849 7346
f 7346 1848 7344
f 7344 7345 7346
f 7345 1792 7347
f 7347 1850 7350
f 7350 1849 7345
f 7345 7347 7350
f 7347 1792 7107
f 7107 1793 7348
f 7348 1850 7347
f 7347 7107 7348
f 7353 1851 7352
f 7352 1793 7110
f 7110 1794 7353
f 7353 7352 7110
f 7352 1851 7357
f 7357 1850 7348
f 7348 1793 7352
f 7352 7357 7348
f 7354 1851 7351
f 7351 1655 7114
f 7114 1795 7354
f 7354 7351 7114
f 7351 1851 7356
f 7356 1845 7330
f 7330 1655 7351
f 7351 7356 7330
f 7117 1796 7355
f 7355 1851 7354
f 7354 1795 7117
f 7117 7355 7354
f 7355 1796 7349
f 7349 1850 7357
f 7357 1851 7355
f 7355 7349 7357
f 7360 1852 7362
f 7362 1850 7349
f 7349 1796 7360
f 7360 7362 7349
f 7362 1852 7361
f 7361 1849 7350
f 7350 1850 7362
f 7362 7361 7350
f 7367 1853 7366
f 7366 1849 7361
f 7361 1852 7367
f 7367 7366 7361
f 7366 1853 7365
f 7365 1848 7346
f 7346 1849 7366
f 7366 7365 7346
f 7373 1854 7372
f 7372 1848 7365
f 7365 1853 7373
f 7373 7372 7365
f 7372 1854 7370
f 7370 1790 7342
f 7342 1848 7372
f 7372 7370 7342
f 7377 1855 7378
f 7378 1820 7226
f 7226 1819 7377
f 7377 7378 7226
f 7378 1855 7379
f 7379 1847 7340
f 7340 1820 7378
f 7378 7379 7340
f 7376 1799 7339
f 7339 1847 7379
f 7379 1855 7376
f 7376 7339 7379
f 7339 1799 7335
f 7335 1846 7341
f 7341 1847 7339
f 7339 7335 7341
f 7131 1800 7336
f 7336 1846 7335
f 7335 1799 7131
f 7131 7336 7335
f 7336 1800 7383
f 7383 1856 7384
f 7384 1846 7336
f 7336 7383 7384
f 7190 1813 7191
f 7191 1786 7089
f 7089 1785 7190
f 7190 7191 7089
f 7191 1813 7198
f 7198 1814 7194
f 7194 1786 7191
f 7191 7198 7194
f 7082 1784 7225
f 7225 1820 7223
f 7223 1782 7082
f 7082 7225 7223
f 7225 1784 7083
f 7083 1783 7224
f 7224 1820 7225
f 7225 7083 7224
f 7332 1845 7331
f 7331 1794 7309
f 7309 1840 7332
f 7332 7331 7309
f 7331 1845 7356
f 7356 1851 7353
f 7353 1794 7331
f 7331 7356 7353
f 7327 1844 7326
f 7326 1840 7312
f 7312 1841 7327
f 7327 7326 7312
f 7326 1844 7333
f 7333 1845 7332
f 7332 1840 7326
f 7326 7333 7332
f 7323 1843 7322
f 7322 1841 7318
f 7318 1842 7323
f 7323 7322 7318
f 7322 1843 7328
f 7328 1844 7327
f 7327 1841 7322
f 7322 7328 7327
f 7281 1834 7280
f 7280 1410 7272
f 7272 1832 7281
f 7281 7280 7272
f 7280 1834 7279
f 7279 1407 5777
f 5777 1410 7280
f 7280 7279 5777
f 7317 1842 7315
f 7315 1823 7258
f 7258 1829 7317
f 7317 7315 7258
f 7315 1842 7313
f 7313 1184 7241
f 7241 1823 7315
f 7315 7313 7241
f 7386 1610 6584
f 6584 1664 7389
f 7389 1857 7386
f 7386 6584 7389
f 6584 1610 6398
f 6398 1609 6583
f 6583 1664 6584
f 6584 6398 6583
f 7390 1044 7385
f 7385 1857 7394
f 7394 1858 7390
f 7390 7385 7394
f 7385 1044 6396
f 6396 1610 7386
f 7386 1857 7385
f 7385 6396 7386
f 7395 1045 7391
f 7391 1858 7399
f 7399 1859 7395
f 7395 7391 7399
f 7391 1045 4913
f 4913 1044 7390
f 7390 1858 7391
f 7391 4913 7390
f 7400 1595 7396
f 7396 1859 7405
f 7405 1860 7400
f 7400 7396 7405
f 7396 1595 6356
f 6356 1045 7395
f 7395 1859 7396
f 7396 6356 7395
f 6929 1596 7401
f 7401 1860 7404
f 7404 1742 6929
f 6929 7401 7404
f 7401 1596 6357
f 6357 1595 7400
f 7400 1860 7401
f 7401 6357 7400
f 6929 1742 6930
f 6930 1617 6415
f 6415 1596 6929
f 6929 6930 6415
f 6930 1742 6932
f 6932 1741 6925
f 6925 1617 6930
f 6930 6932 6925
f 6532 1618 6926
f 6926 1741 6927
f 6927 1651 6532
f 6532 6926 6927
f 6926 1618 6418
f 6418 1617 6925
f 6925 1741 6926
f 6926 6418 6925
f 6551 1622 6531
f 6531 1650 6552
f 6552 1657 6551
f 6551 6531 6552
f 6531 1622 6425
f 6425 1621 6530
f 6530 1650 6531
f 6531 6425 6530
f 7387 1857 7388
f 7388 1662 6574
f 6574 1638 7387
f 7387 7388 6574
f 7388 1857 7389
f 7389 1664 6585
f 6585 1662 7388
f 7388 7389 6585
f 7392 1858 7393
f 7393 1638 6484
f 6484 1628 7392
f 7392 7393 6484
f 7393 1858 7394
f 7394 1857 7387
f 7387 1638 7393
f 7393 7394 7387
f 7397 1859 7398
f 7398 1628 6439
f 6439 1627 7397
f 7397 7398 6439
f 7398 1859 7399
f 7399 1858 7392
f 7392 1628 7398
f 7398 7399 7392
f 7403 1860 7402
f 7402 1627 6519
f 6519 1647 7403
f 7403 7402 6519
f 7402 1860 7405
f 7405 1859 7397
f 7397 1627 7402
f 7402 7405 7397
f 6938 1742 6931
f 6931 1647 6935
f 6935 1743 6938
f 6938 6931 6935
f 6931 1742 7404
f 7404 1860 7403
f 7403 1647 6931
f 6931 7404 7403
f 6915 1738 6910
f 6910 1190 6904
f 6904 1737 6915
f 6915 6910 6904
f 6910 1738 6914
f 6914 1615 6408
f 6408 1190 6910
f 6910 6914 6408
f 6866 1729 6867
f 6867 1577 6305
f 6305 1576 6866
f 6866 6867 6305
f 6867 1729 6865
f 6865 1192 6304
f 6304 1577 6867
f 6867 6865 6304
f 7230 1575 6297
f 6297 1152 7227
f 7227 1821 7230
f 7230 6297 7227
f 6297 1575 6298
f 6298 1153 5139
f 5139 1152 6297
f 6297 6298 5139
f 7228 1821 7229
f 7229 1213 5254
f 5254 1212 7228
f 7228 7229 5254
f 7229 1821 7227
f 7227 1152 5253
f 5253 1213 7229
f 7229 7227 5253
f 7228 1212 7235
f 7235 1822 7240
f 7240 1821 7228
f 7228 7235 7240
f 7235 1212 5260
f 5260 1219 7237
f 7237 1822 7235
f 7235 5260 7237
f 5261 1218 7236
f 7236 1822 7237
f 7237 1219 5261
f 5261 7236 7237
f 7236 1218 5675
f 5675 1375 7238
f 7238 1822 7236
f 7236 5675 7238
f 5666 1372 5665
f 5665 1218 5493
f 5493 1310 5666
f 5666 5665 5493
f 5665 1372 5676
f 5676 1375 5675
f 5675 1218 5665
f 5665 5676 5675
f 5492 885 5664
f 5664 1372 5666
f 5666 1310 5492
f 5492 5664 5666
f 5664 885 4437
f 4437 385 5663
f 5663 1372 5664
f 5664 4437 5663
f 7360 1796 7116
f 7116 1657 7359
f 7359 1852 7360
f 7360 7116 7359
f 7116 1796 7115
f 7115 1622 6551
f 6551 1657 7116
f 7116 7115 6551
f 7367 1852 7358
f 7358 1656 7364
f 7364 1853 7367
f 7367 7358 7364
f 7358 1852 7359
f 7359 1657 6554
f 6554 1656 7358
f 7358 7359 6554
f 7371 1854 7368
f 7368 1592 7119
f 7119 1797 7371
f 7371 7368 7119
f 7368 1854 7369
f 7369 1593 6352
f 6352 1592 7368
f 7368 7369 6352
f 5123 1144 7200
f 7200 1815 7199
f 7199 1116 5123
f 5123 7200 7199
f 7200 1144 7204
f 7204 1816 7207
f 7207 1815 7200
f 7200 7204 7207
f 7220 1816 7211
f 7211 1817 7221
f 7221 1819 7220
f 7220 7211 7221
f 7211 1816 7204
f 7204 1144 7208
f 7208 1817 7211
f 7211 7204 7208
f 7377 1819 7218
f 7218 1257 7375
f 7375 1855 7377
f 7377 7218 7375
f 7218 1819 7221
f 7221 1817 7209
f 7209 1257 7218
f 7218 7221 7209
f 7376 1855 7374
f 7374 1137 7127
f 7127 1799 7376
f 7376 7374 7127
f 7374 1855 7375
f 7375 1257 5349
f 5349 1137 7374
f 7374 7375 5349
f 5151 1159 5145
f 5145 886 5148
f 5148 1160 5151
f 5151 5145 5148
f 5145 1159 5146
f 5146 887 4441
f 4441 886 5145
f 5145 5146 4441
f 5188 1177 5186
f 5186 888 5181
f 5181 1174 5188
f 5188 5186 5181
f 5186 1177 5187
f 5187 889 4445
f 4445 888 5186
f 5186 5187 4445
f 7415 1862 7413
f 7413 1328 7408
f 7408 1861 7415
f 7415 7413 7408
f 7413 1862 7420
f 7420 1863 7416
f 7416 1328 7413
f 7413 7420 7416
f 7414 1763 7419
f 7419 1863 7420
f 7420 1862 7414
f 7414 7419 7420
f 7419 1763 7010
f 7010 1762 7418
f 7418 1863 7419
f 7419 7010 7418
f 7009 1763 7007
f 7007 893 6224
f 6224 1550 7009
f 7009 7007 6224
f 7007 1763 7008
f 7008 894 4462
f 4462 893 7007
f 7007 7008 4462
f 6700 1690 6701
f 6701 1175 5183
f 5183 1174 6700
f 6700 6701 5183
f 6701 1690 6702
f 6702 1679 6649
f 6649 1175 6701
f 6701 6702 6649
f 7410 1691 6703
f 6703 895 7406
f 7406 1861 7410
f 7410 6703 7406
f 6703 1691 6704
f 6704 896 4467
f 4467 895 6703
f 6703 6704 4467
f 7425 1177 6765
f 6765 1703 7426
f 7426 1864 7425
f 7425 6765 7426
f 6765 1177 5189
f 5189 1176 6764
f 6764 1703 6765
f 6765 5189 6764
f 7423 1864 7424
f 7424 1161 5153
f 5153 1160 7423
f 7423 7424 5153
f 7424 1864 7426
f 7426 1703 6763
f 6763 1161 7424
f 7424 7426 6763
f 7429 1159 7073
f 7073 1780 7430
f 7430 1865 7429
f 7429 7073 7430
f 7073 1159 5147
f 5147 1158 7072
f 7072 1780 7073
f 7073 5147 7072
f 7432 1865 7431
f 7431 1846 7384
f 7384 1856 7432
f 7432 7431 7384
f 7431 1865 7430
f 7430 1780 7334
f 7334 1846 7431
f 7431 7430 7334
f 7128 900 7381
f 7381 1856 7383
f 7383 1800 7128
f 7128 7381 7383
f 7381 900 4481
f 4481 899 7380
f 7380 1856 7381
f 7381 4481 7380
f 5108 901 7129
f 7129 1800 7130
f 7130 1136 5108
f 5108 7129 7130
f 7129 901 4484
f 4484 900 7128
f 7128 1800 7129
f 7129 4484 7128
f 7440 1868 7439
f 7439 1866 7435
f 7435 1867 7440
f 7440 7439 7435
f 7439 1868 7443
f 7443 1869 7442
f 7442 1866 7439
f 7439 7443 7442
f 7450 1872 7449
f 7449 1870 7446
f 7446 1871 7450
f 7450 7449 7446
f 7449 1872 7454
f 7454 1873 7453
f 7453 1870 7449
f 7449 7454 7453
f 7464 1875 7459
f 7459 1022 7456
f 7456 1874 7464
f 7464 7459 7456
f 7459 1875 7462
f 7462 1722 6835
f 6835 1022 7459
f 7459 7462 6835
f 7468 1876 7467
f 7467 1866 7444
f 7444 1871 7468
f 7468 7467 7444
f 7467 1876 7473
f 7473 1877 7471
f 7471 1866 7467
f 7467 7473 7471
f 5770 1406 7478
f 7478 1878 7476
f 7476 1282 5770
f 5770 7478 7476
f 7478 1406 7434
f 7434 1867 7479
f 7479 1878 7478
f 7478 7434 7479
f 7485 1874 7455
f 7455 1021 7481
f 7481 1879 7485
f 7485 7455 7481
f 7455 1874 7456
f 7456 1022 4883
f 4883 1021 7455
f 7455 7456 4883
f 7482 1879 7483
f 7483 1460 5921
f 5921 1456 7482
f 7482 7483 5921
f 7483 1879 7481
f 7481 1021 5920
f 5920 1460 7483
f 7483 7481 5920
f 7466 1876 7465
f 7465 1077 4992
f 4992 1080 7466
f 7466 7465 4992
f 7465 1876 7490
f 7490 1880 7486
f 7486 1077 7465
f 7465 7490 7486
f 7469 1007 7474
f 7474 1878 7480
f 7480 1877 7469
f 7469 7474 7480
f 7474 1007 4864
f 4864 1010 7475
f 7475 1878 7474
f 7474 4864 7475
f 5200 1181 6094
f 6094 1517 6095
f 6095 1187 5200
f 5200 6094 6095
f 6094 1181 5194
f 5194 1180 6093
f 6093 1517 6094
f 6094 5194 6093
f 5193 1181 6454
f 6454 1632 6453
f 6453 1178 5193
f 5193 6454 6453
f 6454 1181 6034
f 6034 1500 6455
f 6455 1632 6454
f 6454 6034 6455
f 5200 1187 6036
f 6036 1500 6034
f 6034 1181 5200
f 5200 6036 6034
f 6036 1187 5201
f 5201 1186 6035
f 6035 1500 6036
f 6036 5201 6035
f 7499 1882 7498
f 7498 1462 7495
f 7495 1881 7499
f 7499 7498 7495
f 7498 1882 7497
f 7497 1376 5930
f 5930 1462 7498
f 7498 7497 5930
f 7504 1883 7502
f 7502 1334 6846
f 6846 1724 7504
f 7504 7502 6846
f 7502 1883 7503
f 7503 1335 5543
f 5543 1334 7502
f 7502 7503 5543
f 7513 1885 7512
f 7512 1705 7507
f 7507 1884 7513
f 7513 7512 7507
f 7512 1885 7511
f 7511 1275 6773
f 6773 1705 7512
f 7512 7511 6773
f 7518 1671 6612
f 6612 1274 7516
f 7516 1886 7518
f 7518 6612 7516
f 6612 1671 6611
f 6611 1105 5391
f 5391 1274 6612
f 6612 6611 5391
f 7525 1881 7494
f 7494 1371 7523
f 7523 1887 7525
f 7525 7494 7523
f 7494 1881 7495
f 7495 1462 5929
f 5929 1371 7494
f 7494 7495 5929
f 6613 1671 6609
f 6609 924 6605
f 6605 1670 6613
f 6613 6609 6605
f 6609 1671 6610
f 6610 925 4569
f 4569 924 6609
f 6609 6610 4569
f 7530 1888 7528
f 7528 1335 7503
f 7503 1883 7530
f 7530 7528 7503
f 7528 1888 7529
f 7529 1708 6782
f 6782 1335 7528
f 7528 7529 6782
f 6847 1723 6839
f 6839 927 6843
f 6843 1724 6847
f 6847 6839 6843
f 6839 1723 6840
f 6840 928 4578
f 4578 927 6839
f 6839 6840 4578
f 6852 1670 6606
f 6606 929 6848
f 6848 1725 6852
f 6852 6606 6848
f 6606 1670 6605
f 6605 924 4581
f 4581 929 6606
f 6606 6605 4581
f 6842 1402 5757
f 5757 928 6840
f 6840 1723 6842
f 6842 5757 6840
f 5757 1402 5758
f 5758 930 4585
f 4585 928 5757
f 5757 5758 4585
f 7524 1887 7522
f 7522 1108 6851
f 6851 1725 7524
f 7524 7522 6851
f 7522 1887 7523
f 7523 1371 5660
f 5660 1108 7522
f 7522 7523 5660
f 5762 1298 5456
f 5456 930 5758
f 5758 1402 5762
f 5762 5456 5758
f 5456 1298 5455
f 5455 400 4583
f 4583 930 5456
f 5456 5455 4583
f 5977 1215 7532
f 7534 1890 7535
f 7535 1215 5255
f 5255 1214 7534
f 7534 7535 5255
f 7535 1890 7538
f 7538 1889 7532
f 7532 1215 7535
f 7535 7538 7532
f 7534 1214 6236
f 6236 1555 7537
f 7537 1890 7534
f 7534 6236 7537
f 6236 1214 5267
f 5267 1221 6237
f 6237 1555 6236
f 6236 5267 6237
f 6238 1554 7536
f 7536 1890 7537
f 7537 1555 6238
f 6238 7536 7537
f 7536 1554 7539
f 7539 1891 7541
f 7541 1890 7536
f 7536 7539 7541
f 7542 1889 7540
f 7540 1891 7543
f 7543 1892 7542
f 7542 7540 7543
f 7540 1889 7538
f 7538 1890 7541
f 7541 1891 7540
f 7540 7538 7541
f 7549 1894 7550
f 7550 1893 7545
f 7545 1553 7549
f 7549 7550 7545
f 7550 1894 7553
f 7553 1895 7552
f 7552 1893 7550
f 7550 7553 7552
f 7557 1759 6996
f 6996 1557 7555
f 7555 1896 7557
f 7557 6996 7555
f 6996 1759 7564
f 7564 1897 7562
f 7562 1557 6996
f 6996 7564 7562
f 7571 1900 7570
f 7570 1898 7569
f 7569 1899 7571
f 7571 7570 7569
f 7570 1900 7573
f 7573 1901 7572
f 7572 1898 7570
f 7570 7573 7572
f 7574 1902 7575
f 7575 1891 7539
f 7539 1554 7574
f 7574 7575 7539
f 7575 1902 7580
f 7580 1903 7577
f 7577 1891 7575
f 7575 7580 7577
f 7572 1901 7584
f 7584 1904 7583
f 7583 1898 7572
f 7572 7584 7583
f 7584 1901 7585
f 7585 1905 7588
f 7588 1904 7584
f 7584 7585 7588
f 7590 1906 7591
f 7591 1902 7576
f 7576 1897 7590
f 7590 7591 7576
f 7591 1906 7592
f 7592 1905 7586
f 7586 1902 7591
f 7591 7592 7586
f 7577 1903 7578
f 7578 1892 7543
f 7543 1891 7577
f 7577 7578 7543
f 7578 1903 7596
f 7596 1907 7593
f 7593 1892 7578
f 7578 7596 7593
f 7568 1327 7599
f 7600 1899 7568
f 7568 7599 7600
f 7599 1327 7598
f 5529 1326 7597
f 7598 1327 5529
f 5529 7597 7598
f 7597 1326 7603
f 5524 950 7602
f 7603 1326 5524
f 5524 7602 7603
f 7565 1229 7567
f 7567 1899 7569
f 7569 1898 7565
f 7565 7567 7569
f 7567 1229 5528
f 5528 1327 7568
f 7568 1899 7567
f 7567 5528 7568
f 7565 1898 7566
f 7566 1230 5290
f 5290 1229 7565
f 7565 7566 5290
f 7566 1898 7583
f 7583 1904 7581
f 7581 1230 7566
f 7566 7583 7581
f 7581 1904 7582
f 7582 1895 7551
f 7551 1230 7581
f 7581 7582 7551
f 7582 1904 7606
f 7606 1908 7605
f 7605 1895 7582
f 7582 7606 7605
f 7619 1910 7618
f 7618 1893 7611
f 7611 1909 7619
f 7619 7618 7611
f 7618 1910 7614
f 7614 1552 7544
f 7544 1893 7618
f 7618 7614 7544
f 7066 1777 7061
f 7061 1549 7064
f 7064 1778 7066
f 7066 7061 7064
f 7061 1777 7062
f 7062 1762 7005
f 7005 1549 7061
f 7061 7062 7005
f 7624 1911 7623
f 7623 1762 7062
f 7062 1777 7624
f 7624 7623 7062
f 7623 1911 7625
f 7625 1863 7418
f 7418 1762 7623
f 7623 7625 7418
f 7621 1911 7622
f 7622 1686 6681
f 6681 1329 7621
f 7621 7622 6681
f 7622 1911 7620
f 7620 1252 6680
f 6680 1686 7622
f 7622 7620 6680
f 7416 1863 7417
f 7417 1329 5530
f 5530 1328 7416
f 7416 7417 5530
f 7417 1863 7625
f 7625 1911 7621
f 7621 1329 7417
f 7417 7625 7621
f 5991 1276 5394
f 5394 1224 5990
f 5990 5991 5394
f 7626 1276 5991
f 7628 1510 7627
f 7627 1510 6065
f 6065 1276 7626
f 7627 6065 7626
f 7533 1889 7542
f 7630 1907 7631
f 7629 1892 7593
f 7593 1907 7630
f 7630 7629 7593
f 7601 1900 7571
f 7571 1899 7600
f 7600 7601 7571
f 7632 1900 7601
f 6234 1553 6235
f 6235 1552 6231
f 6231 1551 6234
f 6234 6235 6231
f 6235 1553 7545
f 7545 1893 7544
f 7544 1552 6235
f 6235 7545 7544
f 7070 1779 7617
f 7617 1910 7615
f 7615 1761 7070
f 7070 7617 7615
f 7617 1779 7071
f 7071 1778 7616
f 7616 1910 7617
f 7617 7071 7616
f 7013 1558 7017
f 7017 1765 7019
f 7019 1764 7013
f 7013 7017 7019
f 7017 1558 6253
f 6253 1562 7018
f 7018 1765 7017
f 7017 6253 7018
f 7559 1896 7560
f 7560 1767 7027
f 7027 1766 7559
f 7559 7560 7027
f 7560 1896 7556
f 7556 1559 7025
f 7025 1767 7560
f 7560 7556 7025
f 7031 1768 7030
f 7030 1562 6260
f 6260 1564 7031
f 7031 7030 6260
f 7030 1768 7032
f 7032 1765 7018
f 7018 1562 7030
f 7030 7032 7018
f 7636 1912 7637
f 7637 1770 7037
f 7037 1769 7636
f 7636 7637 7037
f 7637 1912 7642
f 7642 1913 7640
f 7640 1770 7637
f 7637 7642 7640
f 7645 1914 7646
f 7646 1772 7043
f 7043 1771 7645
f 7645 7646 7043
f 7646 1914 7652
f 7652 1915 7651
f 7651 1772 7646
f 7646 7652 7651
f 7022 1760 7558
f 7558 1896 7559
f 7559 1766 7022
f 7022 7558 7559
f 7558 1760 7000
f 7000 1759 7557
f 7557 1896 7558
f 7558 7000 7557
f 7031 1564 7046
f 7046 1773 7047
f 7047 1768 7031
f 7031 7046 7047
f 7046 1564 7654
f 7654 1916 7656
f 7656 1773 7046
f 7046 7654 7656
f 7661 1917 7660
f 7660 1771 7051
f 7051 1774 7661
f 7661 7660 7051
f 7660 1917 7663
f 7663 1914 7645
f 7645 1771 7660
f 7660 7663 7645
f 7025 1559 7014
f 7014 1764 7026
f 7026 1767 7025
f 7025 7014 7026
f 7014 1559 6246
f 6246 1558 7013
f 7013 1764 7014
f 7014 6246 7013
f 7666 1918 7667
f 7667 1776 7058
f 7058 1775 7666
f 7666 7667 7058
f 7667 1918 7674
f 7674 1919 7672
f 7672 1776 7667
f 7667 7674 7672
f 7616 1778 7065
f 7065 1552 7614
f 7614 1910 7616
f 7616 7065 7614
f 7065 1778 7064
f 7064 1549 6230
f 6230 1552 7065
f 7065 7064 6230
f 5557 1344 5558
f 5558 1285 5421
f 5421 1284 5557
f 5557 5558 5421
f 5558 1344 6643
f 6643 1677 6641
f 6641 1285 5558
f 5558 6643 6641
f 6653 1680 6654
f 6654 1331 5534
f 5534 1330 6653
f 6653 6654 5534
f 6654 1680 6657
f 6657 1679 6651
f 6651 1331 6654
f 6654 6657 6651
f 6658 1681 6659
f 6659 1385 5705
f 5705 1384 6658
f 6658 6659 5705
f 6659 1681 6662
f 6662 1493 6013
f 6013 1385 6659
f 6659 6662 6013
f 5723 1387 5727
f 5727 1391 5729
f 5729 1390 5723
f 5723 5727 5729
f 5727 1387 5713
f 5713 1268 5726
f 5726 1391 5727
f 5727 5713 5726
f 6667 1683 6668
f 6668 1485 5996
f 5996 1484 6667
f 6667 6668 5996
f 6668 1683 6669
f 6669 1489 6004
f 6004 1485 6668
f 6668 6669 6004
f 6019 1492 6025
f 6025 1495 6026
f 6026 1494 6019
f 6019 6025 6026
f 6025 1492 6010
f 6010 1345 6024
f 6024 1495 6025
f 6025 6010 6024
f 6639 1398 5746
f 5746 1391 6638
f 6638 1676 6639
f 6639 5746 6638
f 5746 1398 5745
f 5745 1388 5728
f 5728 1391 5746
f 5746 5745 5728
f 5418 1207 6022
f 6022 1495 6023
f 6023 1284 5418
f 5418 6022 6023
f 6022 1207 5239
f 5239 1130 6021
f 6021 1495 6022
f 6022 5239 6021
f 6674 1065 5994
f 5994 1485 6677
f 6677 1685 6674
f 6674 5994 6677
f 5994 1065 4975
f 4975 1074 5995
f 5995 1485 5994
f 5994 4975 5995
f 6016 1040 5704
f 5704 1385 6018
f 6018 1494 6016
f 6016 5704 6018
f 5704 1040 4907
f 4907 1039 5703
f 5703 1385 5704
f 5704 4907 5703
f 6694 1496 6027
f 6027 1330 6693
f 6693 1689 6694
f 6694 6027 6693
f 6027 1496 6655
f 6655 1680 6653
f 6653 1330 6027
f 6027 6655 6653
f 7410 1861 7409
f 7409 1331 6705
f 6705 1691 7410
f 7410 7409 6705
f 7409 1861 7408
f 7408 1328 5533
f 5533 1331 7409
f 7409 7408 5533
f 6691 1687 6685
f 6685 1285 6687
f 6687 1688 6691
f 6691 6685 6687
f 6685 1687 6682
f 6682 1208 5420
f 5420 1285 6685
f 6685 6682 5420
f 7546 964 5292
f 5292 1231 7548
f 7548 1894 7546
f 7546 5292 7548
f 5292 964 4731
f 4731 963 5291
f 5291 1231 5292
f 5292 4731 5291
f 6243 1556 7554
f 7554 1896 7555
f 7555 1557 6243
f 6243 7554 7555
f 7554 1556 6245
f 6245 1559 7556
f 7556 1896 7554
f 7554 6245 7556
f 6248 1556 6239
f 6239 1221 6247
f 6247 1560 6248
f 6248 6239 6247
f 6239 1556 6240
f 6240 1555 6237
f 6237 1221 6239
f 6239 6240 6237
f 6250 1561 6251
f 6251 1221 5268
f 5268 1220 6250
f 6250 6251 5268
f 6251 1561 6252
f 6252 1560 6247
f 6247 1221 6251
f 6251 6252 6247
f 6257 1563 6256
f 6256 1220 5398
f 5398 1277 6257
f 6257 6256 5398
f 6256 1563 6258
f 6258 1561 6250
f 6250 1220 6256
f 6256 6258 6250
f 7655 1916 7653
f 7653 1563 6264
f 6264 1565 7655
f 7655 7653 6264
f 7653 1916 7654
f 7654 1564 6261
f 6261 1563 7653
f 7653 7654 6261
f 7665 1918 7664
f 7664 1565 6267
f 6267 1566 7665
f 7665 7664 6267
f 7664 1918 7668
f 7668 1916 7655
f 7655 1565 7664
f 7664 7668 7655
f 7634 1912 7635
f 7635 1569 6277
f 6277 1568 7634
f 7634 7635 6277
f 7635 1912 7673
f 7673 1919 7670
f 7670 1569 7635
f 7635 7673 7670
f 7658 1917 7659
f 7659 1571 6283
f 6283 1570 7658
f 7658 7659 6283
f 7659 1917 7662
f 7662 1913 7639
f 7639 1571 7659
f 7659 7662 7639
f 7649 1915 7650
f 7650 1573 6291
f 6291 1572 7649
f 7649 7650 6291
f 7650 1915 7652
f 7652 1914 7644
f 7644 1573 7650
f 7650 7652 7644
f 4733 965 6285
f 6285 1572 6284
f 6284 594 4733
f 4733 6285 6284
f 6285 965 7647
f 7647 1915 7649
f 7649 1572 6285
f 6285 7647 7649
f 7553 1894 7547
f 7547 1230 7551
f 7551 1895 7553
f 7553 7547 7551
f 7547 1894 7548
f 7548 1231 5295
f 5295 1230 7547
f 7547 7548 5295
f 7562 1897 7561
f 7561 1554 6241
f 6241 1557 7562
f 7562 7561 6241
f 7561 1897 7576
f 7576 1902 7574
f 7574 1554 7561
f 7561 7576 7574
f 7608 1906 7612
f 7612 1909 7613
f 7613 1908 7608
f 7608 7612 7613
f 7612 1906 7589
f 7589 1758 7609
f 7609 1909 7612
f 7612 7589 7609
f 7605 1908 7604
f 7604 1893 7552
f 7552 1895 7605
f 7605 7604 7552
f 7604 1908 7613
f 7613 1909 7611
f 7611 1893 7604
f 7604 7613 7611
f 4739 966 7492
f 7492 1881 7493
f 7493 967 4739
f 4739 7492 7493
f 7492 966 7496
f 7496 1882 7499
f 7499 1881 7492
f 7492 7496 7499
f 4743 967 7520
f 7520 1887 7521
f 7521 968 4743
f 4743 7520 7521
f 7520 967 7493
f 7493 1881 7525
f 7525 1887 7520
f 7520 7493 7525
f 4742 968 6849
f 6849 1725 6848
f 6848 929 4742
f 4742 6849 6848
f 6849 968 7521
f 7521 1887 7524
f 7524 1725 6849
f 6849 7521 7524
f 4747 896 6698
f 6698 1690 6699
f 6699 969 4747
f 4747 6698 6699
f 6698 896 6704
f 6704 1691 6707
f 6707 1690 6698
f 6698 6704 6707
f 6106 1519 6208
f 6208 1545 6207
f 6207 1518 6106
f 6106 6208 6207
f 6208 1519 6212
f 6212 1546 6213
f 6213 1545 6208
f 6208 6212 6213
f 6103 1519 6104
f 6104 1179 5190
f 5190 1178 6103
f 6103 6104 5190
f 6104 1519 6105
f 6105 1439 5852
f 5852 1179 6104
f 6104 6105 5852
f 4748 885 5491
f 5491 885 5492
f 6854 1726 6853
f 6853 384 3898
f 3898 751 6854
f 6854 6853 3898
f 6853 1726 6857
f 6857 1373 5667
f 5667 384 6853
f 6853 6857 5667
f 5488 970 6177
f 6177 1539 6180
f 6180 1309 5488
f 5488 6177 6180
f 6177 970 4751
f 4751 555 6176
f 6176 1539 6177
f 6177 4751 6176
f 4973 1072 5747
f 5747 1399 5748
f 5748 1073 4973
f 4973 5747 5748
f 5747 1072 5366
f 5366 1264 5749
f 5749 1399 5747
f 5747 5366 5749
f 5011 1088 5367
f 5367 1264 5366
f 5366 1072 5011
f 5011 5367 5366
f 5367 1088 5304
f 5304 1235 5368
f 5368 1264 5367
f 5367 5304 5368
f 5305 1088 5984
f 5984 1482 5985
f 5985 1236 5305
f 5305 5984 5985
f 5984 1088 5012
f 5012 1087 5983
f 5983 1482 5984
f 5984 5012 5983
f 5354 1259 6067
f 6067 1259 6062
f 6062 1509 6068
f 6067 6062 6068
f 5987 1483 6063
f 6063 1509 6062
f 6062 1259 5987
f 5987 6063 6062
f 6063 1483 6270
f 6270 1567 6271
f 6271 1509 6063
f 6063 6270 6271
f 5992 1073 7675
f 7675 1920 7678
f 7678 1484 5992
f 5992 7675 7678
f 7675 1073 5748
f 5748 1399 7677
f 7677 1920 7675
f 7675 5748 7677
f 6272 1483 6281
f 6281 1571 6282
f 6282 1568 6272
f 6272 6281 6282
f 6281 1483 5988
f 5988 1300 6280
f 6280 1571 6281
f 6281 5988 6280
f 6673 1683 7682
f 7682 1921 7683
f 7683 1684 6673
f 6673 7682 7683
f 7682 1683 7688
f 7688 1922 7690
f 7690 1921 7682
f 7682 7688 7690
f 7033 1236 7055
f 7055 1776 7057
f 7057 1769 7033
f 7033 7055 7057
f 7055 1236 5985
f 5985 1482 7056
f 7056 1776 7055
f 7055 5985 7056
f 7636 1769 7671
f 7671 1919 7673
f 7673 1912 7636
f 7636 7671 7673
f 7671 1769 7057
f 7057 1776 7672
f 7672 1919 7671
f 7671 7057 7672
f 6667 1484 7687
f 7687 1922 7688
f 7688 1683 6667
f 6667 7687 7688
f 7687 1484 7678
f 7678 1920 7689
f 7689 1922 7687
f 7687 7678 7689
f 7634 1568 7638
f 7638 1913 7642
f 7642 1912 7634
f 7634 7638 7642
f 7638 1568 6282
f 6282 1571 7639
f 7639 1913 7638
f 7638 6282 7639
f 4956 1064 4974
f 4974 1074 4975
f 4975 1065 4956
f 4956 4974 4975
f 4974 1064 4970
f 4970 1071 4976
f 4976 1074 4974
f 4974 4970 4976
f 5075 1064 5402
f 5402 1278 5404
f 5404 1114 5075
f 5075 5402 5404
f 5402 1064 4954
f 4954 1063 5401
f 5401 1278 5402
f 5402 4954 5401
f 5325 1245 6268
f 6268 1567 6269
f 6269 1246 5325
f 5325 6268 6269
f 6268 1245 6061
f 6061 1509 6271
f 6271 1567 6268
f 6268 6061 6271
f 5981 1114 5406
f 5406 1279 5982
f 5982 1481 5981
f 5981 5406 5982
f 5406 1114 5404
f 5404 1278 5408
f 5408 1279 5406
f 5406 5404 5408
f 6003 1487 6660
f 6660 1681 6661
f 6661 1488 6003
f 6003 6660 6661
f 6660 1487 6663
f 6663 1682 6666
f 6666 1681 6660
f 6660 6663 6666
f 6064 1245 5396
f 5396 1276 6065
f 6065 1510 6064
f 6064 5396 6065
f 5396 1245 5323
f 5323 1244 5395
f 5395 1276 5396
f 5396 5323 5395
f 6265 1246 6274
f 6274 1569 6275
f 6275 1566 6265
f 6265 6274 6275
f 6274 1246 6269
f 6269 1567 6276
f 6276 1569 6274
f 6274 6269 6276
f 6678 1488 6001
f 6001 1384 6676
f 6676 1685 6678
f 6678 6001 6676
f 6001 1488 6661
f 6661 1681 6658
f 6658 1384 6001
f 6001 6661 6658
f 7052 1481 7045
f 7045 1773 7054
f 7054 1775 7052
f 7052 7045 7054
f 7045 1481 5982
f 5982 1279 7044
f 7044 1773 7045
f 7045 5982 7044
f 6069 1510 7628
f 7666 1775 7657
f 7657 1916 7668
f 7668 1918 7666
f 7666 7657 7668
f 7657 1775 7054
f 7054 1773 7656
f 7656 1916 7657
f 7657 7054 7656
f 6674 1685 6675
f 6675 1066 4960
f 4960 1065 6674
f 6674 6675 4960
f 6675 1685 6676
f 6676 1384 5702
f 5702 1066 6675
f 6675 6676 5702
f 7665 1566 7669
f 7669 1919 7674
f 7674 1918 7665
f 7665 7669 7674
f 7669 1566 6275
f 6275 1569 7670
f 7670 1919 7669
f 7669 6275 7670
f 4884 1023 7691
f 7691 1923 7692
f 7692 1024 4884
f 4884 7691 7692
f 7691 1023 6877
f 6877 1732 7696
f 7696 1923 7691
f 7691 6877 7696
f 6670 1684 6740
f 6740 1698 6737
f 6737 1025 6670
f 6670 6740 6737
f 6740 1684 7683
f 7683 1921 7684
f 7684 1698 6740
f 6740 7683 7684
f 5997 1486 5998
f 5998 1025 4885
f 4885 1024 5997
f 5997 5998 4885
f 5998 1486 6671
f 6671 1684 6670
f 6670 1025 5998
f 5998 6671 6670
f 5997 1024 5999
f 5999 1487 6000
f 6000 1486 5997
f 5997 5999 6000
f 5999 1024 7692
f 7692 1923 7693
f 7693 1487 5999
f 5999 7692 7693
f 7693 1923 7694
f 7694 1682 6663
f 6663 1487 7693
f 7693 7694 6663
f 7694 1923 7695
f 7695 1700 6749
f 6749 1682 7694
f 7694 7695 6749
f 5091 1123 6508
f 6508 1645 6509
f 6509 1124 5091
f 5091 6508 6509
f 6508 1123 6973
f 6973 1753 6977
f 6977 1645 6508
f 6508 6973 6977
f 5118 1142 7213
f 7213 1818 7212
f 7212 1139 5118
f 5118 7213 7212
f 7213 1142 5352
f 5352 1258 7216
f 7216 1818 7213
f 7213 5352 7216
f 5339 1252 7060
f 7060 1777 7059
f 7059 1250 5339
f 5339 7060 7059
f 7060 1252 7620
f 7620 1911 7624
f 7624 1777 7060
f 7060 7620 7624
f 5347 1256 6760
f 6760 1702 6759
f 6759 1253 5347
f 5347 6760 6759
f 6760 1256 5503
f 5503 1316 6762
f 6762 1702 6760
f 6760 5503 6762
f 5480 1304 6178
f 6178 1539 6179
f 6179 1305 5480
f 5480 6178 6179
f 6178 1304 6884
f 6884 1733 6887
f 6887 1539 6178
f 6178 6884 6887
f 5522 1325 6347
f 6347 1591 6346
f 6346 1322 5522
f 5522 6347 6346
f 6347 1325 5521
f 5521 1118 6345
f 6345 1591 6347
f 6347 5521 6345
f 5348 1255 5538
f 5538 1333 5539
f 5539 1256 5348
f 5348 5538 5539
f 5538 1255 6992
f 6992 1757 6993
f 6993 1333 5538
f 5538 6992 6993
f 6987 1756 6988
f 6988 1472 5960
f 5960 1471 6987
f 6987 6988 5960
f 6988 1756 6989
f 6989 1755 6983
f 6983 1472 6988
f 6988 6989 6983
f 5964 1476 7304
f 7304 1839 7303
f 7303 1473 5964
f 5964 7304 7303
f 7304 1476 7297
f 7297 1838 7306
f 7306 1839 7304
f 7304 7297 7306
f 6032 1499 6656
f 6656 1680 6655
f 6655 1496 6032
f 6032 6656 6655
f 6656 1499 6031
f 6031 1302 6652
f 6652 1680 6656
f 6656 6031 6652
f 6040 1502 6976
f 6976 1753 6973
f 6973 1123 6040
f 6040 6976 6973
f 6976 1502 6980
f 6980 1754 6981
f 6981 1753 6976
f 6976 6980 6981
f 5107 1135 5106
f 5106 554 4777
f 4777 975 5107
f 5107 5106 4777
f 5106 1135 5478
f 5478 1305 5476
f 5476 554 5106
f 5106 5478 5476
f 6319 1581 6315
f 6315 1115 6306
f 6306 1578 6319
f 6319 6315 6306
f 6315 1581 6318
f 6318 1143 5120
f 5120 1115 6315
f 6315 6318 5120
f 6364 1599 6365
f 6365 1323 5518
f 5518 1322 6364
f 6364 6365 5518
f 6365 1599 6919
f 6919 1739 6916
f 6916 1323 6365
f 6365 6919 6916
f 6514 1646 6515
f 6515 1614 6407
f 6407 1613 6514
f 6514 6515 6407
f 6515 1646 6971
f 6971 1752 6969
f 6969 1614 6515
f 6515 6971 6969
f 6420 1618 6421
f 6421 1620 6422
f 6422 1619 6420
f 6420 6421 6422
f 6421 1618 6423
f 6423 1621 6424
f 6424 1620 6421
f 6421 6423 6424
f 6964 1751 6965
f 6965 1644 6507
f 6507 1643 6964
f 6964 6965 6507
f 6965 1751 6966
f 6966 1666 6593
f 6593 1644 6965
f 6965 6966 6593
f 6969 1752 6970
f 6970 1643 6503
f 6503 1614 6969
f 6969 6970 6503
f 6970 1752 6972
f 6972 1751 6964
f 6964 1643 6970
f 6970 6972 6964
f 6403 1613 6402
f 6402 1121 5089
f 5089 1124 6403
f 6403 6402 5089
f 6402 1613 6405
f 6405 1612 6399
f 6399 1121 6402
f 6402 6405 6399
f 6527 1649 7298
f 7298 1838 7297
f 7297 1476 6527
f 6527 7298 7297
f 7298 1649 7294
f 7294 1837 7300
f 7300 1838 7298
f 7298 7294 7300
f 6528 1619 7292
f 7292 1837 7294
f 7294 1649 6528
f 6528 7292 7294
f 7292 1619 6422
f 6422 1620 7293
f 7293 1837 7292
f 7292 6422 7293
f 6537 1651 6922
f 6922 1740 6923
f 6923 1652 6537
f 6537 6922 6923
f 6922 1651 6927
f 6927 1741 6928
f 6928 1740 6922
f 6922 6927 6928
f 6597 1183 6506
f 6506 1644 6598
f 6598 1668 6597
f 6597 6506 6598
f 6506 1183 5195
f 5195 1182 6505
f 6505 1644 6506
f 6506 5195 6505
f 6696 1689 6692
f 6692 1329 6681
f 6681 1686 6696
f 6696 6692 6681
f 6692 1689 6693
f 6693 1330 5532
f 5532 1329 6692
f 6692 6693 5532
f 6735 1697 6733
f 6733 1302 6031
f 6031 1499 6735
f 6735 6733 6031
f 6733 1697 6734
f 6734 1303 5472
f 5472 1302 6733
f 6733 6734 5472
f 6731 1253 5471
f 5471 1303 6734
f 6734 1697 6731
f 6731 5471 6734
f 5471 1253 6759
f 6759 1702 6761
f 6761 1303 5471
f 5471 6759 6761
f 7002 1761 7610
f 7610 1909 7609
f 7609 1758 7002
f 7002 7610 7609
f 7610 1761 7615
f 7615 1910 7619
f 7619 1909 7610
f 7610 7615 7619
f 7069 1779 7067
f 7067 1248 5334
f 5334 1250 7069
f 7069 7067 5334
f 7067 1779 7068
f 7068 1249 5333
f 5333 1248 7067
f 7067 7068 5333
f 7182 1811 7179
f 7179 1472 7174
f 7174 1810 7182
f 7182 7179 7174
f 7179 1811 7178
f 7178 1469 5959
f 5959 1472 7179
f 7179 7178 5959
f 5958 1470 5954
f 5954 1333 5956
f 5956 1471 5958
f 5958 5954 5956
f 5954 1470 5953
f 5953 1332 5540
f 5540 1333 5954
f 5954 5953 5540
f 6316 1139 5122
f 5122 1143 6318
f 6318 1581 6316
f 6316 5122 6318
f 5122 1139 7212
f 7212 1818 7214
f 7214 1143 5122
f 5122 7212 7214
f 5474 1142 6883
f 6883 1733 6884
f 6884 1304 5474
f 5474 6883 6884
f 6883 1142 5119
f 5119 1141 6882
f 6882 1733 6883
f 6883 5119 6882
f 7248 1750 7252
f 7252 1826 7254
f 7254 1825 7248
f 7248 7252 7254
f 7252 1750 6961
f 6961 1749 7251
f 7251 1826 7252
f 7252 6961 7251
f 7260 1829 7259
f 7259 1826 7257
f 7257 1827 7260
f 7260 7259 7257
f 7259 1829 7258
f 7258 1823 7253
f 7253 1826 7259
f 7259 7258 7253
f 7255 1748 7264
f 7264 1830 7265
f 7265 1827 7255
f 7255 7264 7265
f 7264 1748 6954
f 6954 1747 7263
f 7263 1830 7264
f 7264 6954 7263
f 7271 1830 7262
f 7262 1746 7269
f 7269 1831 7271
f 7271 7262 7269
f 7262 1830 7263
f 7263 1747 6951
f 6951 1746 7262
f 7262 7263 6951
f 7277 1833 7278
f 7278 1832 7274
f 7274 1831 7277
f 7277 7278 7274
f 7278 1833 7282
f 7282 1834 7281
f 7281 1832 7278
f 7278 7282 7281
f 7286 1833 7275
f 7275 1744 7285
f 7285 1835 7286
f 7286 7275 7285
f 7275 1833 7276
f 7276 1745 6944
f 6944 1744 7275
f 7275 7276 6944
f 7283 1473 7289
f 7289 1836 7291
f 7291 1835 7283
f 7283 7289 7291
f 7289 1473 7303
f 7303 1839 7305
f 7305 1836 7289
f 7289 7303 7305
f 7250 1824 7244
f 7244 1668 7247
f 7247 1825 7250
f 7250 7244 7247
f 7244 1824 7242
f 7242 1183 6597
f 6597 1668 7244
f 7244 7242 6597
f 6532 1651 6533
f 6533 1621 6423
f 6423 1618 6532
f 6532 6533 6423
f 6533 1651 6534
f 6534 1650 6530
f 6530 1621 6533
f 6533 6534 6530
f 7594 1907 7595
f 7595 1901 7573
f 7573 1900 7594
f 7594 7595 7573
f 7595 1907 7596
f 7596 1903 7579
f 7579 1901 7595
f 7595 7596 7579
f 7579 1903 7587
f 7587 1905 7585
f 7585 1901 7579
f 7579 7587 7585
f 7587 1903 7580
f 7580 1902 7586
f 7586 1905 7587
f 7587 7580 7586
f 7608 1908 7607
f 7607 1905 7592
f 7592 1906 7608
f 7608 7607 7592
f 7607 1908 7606
f 7606 1904 7588
f 7588 1905 7607
f 7607 7606 7588
f 6680 1252 6684
f 6684 1687 6686
f 6686 1686 6680
f 6680 6684 6686
f 6684 1252 5340
f 5340 1251 6683
f 6683 1687 6684
f 6684 5340 6683
f 7633 1907 7594
f 7594 1900 7632
f 7632 7633 7594
f 7631 1907 7633
f 7070 1761 7001
f 7001 1249 7068
f 7068 1779 7070
f 7070 7001 7068
f 7001 1761 7004
f 7004 1760 6999
f 6999 1249 7001
f 7001 7004 6999
f 6694 1689 6695
f 6695 1497 6028
f 6028 1496 6694
f 6694 6695 6028
f 6695 1689 6697
f 6697 1688 6688
f 6688 1497 6695
f 6695 6697 6688
f 7590 1897 7563
f 7563 1758 7589
f 7589 1906 7590
f 7590 7563 7589
f 7563 1897 7564
f 7564 1759 6997
f 6997 1758 7563
f 7563 7564 6997
f 5414 1010 5020
f 5020 1095 5416
f 5416 1283 5414
f 5414 5020 5416
f 5020 1010 4866
f 4866 1009 5019
f 5019 1095 5020
f 5020 4866 5019
f 5634 1033 4981
f 4981 1075 5636
f 5636 1365 5634
f 5634 4981 5636
f 4981 1033 4897
f 4897 1006 4980
f 4980 1075 4981
f 4981 4897 4980
f 5019 1009 5023
f 5023 1096 5026
f 5026 1095 5019
f 5019 5023 5026
f 5023 1009 4951
f 4951 1062 5024
f 5024 1096 5023
f 5023 4951 5024
f 5207 1191 5208
f 5208 1120 5086
f 5086 1119 5207
f 5207 5208 5086
f 5208 1191 5693
f 5693 1382 5692
f 5692 1120 5208
f 5208 5693 5692
f 5083 1015 5210
f 5210 1192 5211
f 5211 1119 5083
f 5083 5210 5211
f 5210 1015 6301
f 6301 1577 6304
f 6304 1192 5210
f 5210 6301 6304
f 5365 1262 5362
f 5362 1261 5364
f 5364 1263 5365
f 5365 5362 5364
f 5362 1262 5361
f 5361 1239 5357
f 5357 1261 5362
f 5362 5361 5357
f 5372 1266 7685
f 7685 1922 7686
f 7686 1267 5372
f 5372 7685 7686
f 7685 1266 7680
f 7680 1921 7690
f 7690 1922 7685
f 7685 7680 7690
f 5377 1270 7681
f 7681 1921 7680
f 7680 1266 5377
f 5377 7681 7680
f 7681 1270 6738
f 6738 1698 7684
f 7684 1921 7681
f 7681 6738 7684
f 5382 1068 5386
f 5386 1273 5388
f 5388 1272 5382
f 5382 5386 5388
f 5386 1068 4963
f 4963 1067 5385
f 5385 1273 5386
f 5386 4963 5385
f 5463 1262 5360
f 5360 1237 5460
f 5460 1299 5463
f 5463 5360 5460
f 5360 1262 5359
f 5359 1235 5307
f 5307 1237 5360
f 5360 5359 5307
f 5465 1243 5466
f 5486 1307 6855
f 6855 1726 6856
f 6856 1308 5486
f 5486 6855 6856
f 6855 1307 6858
f 6858 1727 6862
f 6862 1726 6855
f 6855 6858 6862
f 5641 1365 5633
f 5633 1001 5639
f 5639 1366 5641
f 5641 5633 5639
f 5633 1365 5636
f 5636 1075 4978
f 4978 1001 5633
f 5633 5636 4978
f 5743 1263 5716
f 5716 1388 5745
f 5745 1398 5743
f 5743 5716 5745
f 5716 1263 5364
f 5364 1261 5715
f 5715 1388 5716
f 5716 5364 5715
f 5024 1062 5040
f 5040 1101 5041
f 5041 1096 5024
f 5024 5040 5041
f 5040 1062 5381
f 5381 1272 5383
f 5383 1101 5040
f 5040 5381 5383
f 6072 1511 6071
f 6071 1016 5085
f 5085 1120 6072
f 6072 6071 5085
f 6071 1511 6070
f 6070 998 4872
f 4872 1016 6071
f 6071 6070 4872
f 6279 1301 6289
f 6289 1573 6290
f 6290 1570 6279
f 6279 6289 6290
f 6289 1301 5466
f 5466 1243 6288
f 6288 1573 6289
f 6289 5466 6288
f 6296 1511 6589
f 6589 1665 6590
f 6590 1574 6296
f 6296 6589 6590
f 6589 1511 6073
f 6073 1381 6588
f 6588 1665 6589
f 6589 6073 6588
f 6294 1574 6295
f 6295 1367 5645
f 5645 1366 6294
f 6294 6295 5645
f 6295 1574 6590
f 6590 1665 6587
f 6587 1367 6295
f 6295 6590 6587
f 6636 1267 7676
f 7676 1920 7679
f 7679 1676 6636
f 6636 7676 7679
f 7676 1267 7686
f 7686 1922 7689
f 7689 1920 7676
f 7676 7686 7689
f 6741 1270 5449
f 5449 1296 6744
f 6744 1699 6741
f 6741 5449 6744
f 5449 1270 5378
f 5378 1269 5448
f 5448 1296 5449
f 5449 5378 5448
f 7438 1711 7441
f 7441 1869 7443
f 7443 1868 7438
f 7438 7441 7443
f 7441 1711 7699
f 7699 1924 7701
f 7701 1869 7441
f 7441 7699 7701
f 5483 750 5487
f 5487 1309 5490
f 5490 1308 5483
f 5483 5487 5490
f 5487 750 4752
f 4752 970 5488
f 5488 1309 5487
f 5487 4752 5488
f 6900 1736 6901
f 6901 1729 6868
f 6868 1728 6900
f 6900 6901 6868
f 6901 1736 6909
f 6909 1737 6908
f 6908 1729 6901
f 6901 6909 6908
f 6876 1731 6896
f 6896 1735 6895
f 6895 1730 6876
f 6876 6896 6895
f 6896 1731 6892
f 6892 1734 6897
f 6897 1735 6896
f 6896 6892 6897
f 6743 1699 6742
f 6742 1271 5387
f 5387 1273 6743
f 6743 6742 5387
f 6742 1699 6744
f 6744 1296 5450
f 5450 1271 6742
f 6742 6744 5450
f 7049 1299 7036
f 7036 1770 7050
f 7050 1774 7049
f 7049 7036 7050
f 7036 1299 5460
f 5460 1237 7035
f 7035 1770 7036
f 7036 5460 7035
f 6871 1730 6869
f 6869 1584 6334
f 6334 1586 6871
f 6871 6869 6334
f 6869 1730 6872
f 6872 1728 6864
f 6864 1584 6869
f 6869 6872 6864
f 6873 1731 6875
f 6875 1727 6858
f 6858 1307 6873
f 6873 6875 6858
f 6875 1731 6874
f 6874 1585 6861
f 6861 1727 6875
f 6875 6874 6861
f 6908 1737 6905
f 6905 1192 6865
f 6865 1729 6908
f 6908 6905 6865
f 6905 1737 6904
f 6904 1190 5212
f 5212 1192 6905
f 6905 6904 5212
f 7440 1867 7433
f 7433 1405 7436
f 7436 1868 7440
f 7440 7433 7436
f 7433 1867 7434
f 7434 1406 5773
f 5773 1405 7433
f 7433 7434 5773
f 7479 1867 7472
f 7472 1877 7480
f 7480 1878 7479
f 7479 7472 7480
f 7472 1867 7435
f 7435 1866 7471
f 7471 1877 7472
f 7472 7435 7471
f 5414 1283 7477
f 7477 1878 7475
f 7475 1010 5414
f 5414 7477 7475
f 7477 1283 5417
f 5417 1282 7476
f 7476 1878 7477
f 7477 5417 7476
f 7661 1774 7641
f 7641 1913 7662
f 7662 1917 7661
f 7661 7641 7662
f 7641 1774 7050
f 7050 1770 7640
f 7640 1913 7641
f 7641 7050 7640
f 6639 1676 6640
f 6640 1399 5750
f 5750 1398 6639
f 6639 6640 5750
f 6640 1676 7679
f 7679 1920 7677
f 7677 1399 6640
f 6640 7679 7677
f 7658 1570 7643
f 7643 1914 7663
f 7663 1917 7658
f 7658 7643 7663
f 7643 1570 6290
f 6290 1573 7644
f 7644 1914 7643
f 7643 6290 7644
f 5524 1326 5525
f 5525 977 4787
f 4787 950 5524
f 5524 5525 4787
f 5525 1326 5526
f 5526 1228 5288
f 5288 977 5525
f 5525 5526 5288
f 4983 1076 4984
f 4984 1006 4861
f 4861 1005 4983
f 4983 4984 4861
f 4984 1076 4985
f 4985 1075 4980
f 4980 1006 4984
f 4984 4985 4980
f 5634 1365 5635
f 5635 1034 4901
f 4901 1033 5634
f 5634 5635 4901
f 5635 1365 5637
f 5637 1364 5630
f 5630 1034 5635
f 5635 5637 5630
f 4924 1049 4919
f 4919 1014 4921
f 4921 1050 4924
f 4924 4919 4921
f 4919 1049 4918
f 4918 1011 4870
f 4870 1014 4919
f 4919 4918 4870
f 5622 1361 5623
f 5623 1060 4948
f 4948 1059 5622
f 5622 5623 4948
f 5623 1361 5624
f 5624 1360 5621
f 5621 1060 5623
f 5623 5624 5621
f 5029 1098 5030
f 5030 1070 4969
f 4969 1069 5029
f 5029 5030 4969
f 5030 1098 6189
f 6189 1541 6188
f 6188 1070 5030
f 5030 6189 6188
f 4994 1079 4987
f 4987 1007 4991
f 4991 1080 4994
f 4994 4987 4991
f 4987 1079 4988
f 4988 1008 4862
f 4862 1007 4987
f 4987 4988 4862
f 4965 1068 5033
f 5033 1099 5034
f 5034 1069 4965
f 4965 5033 5034
f 5033 1068 4962
f 4962 1061 5032
f 5032 1099 5033
f 5033 4962 5032
f 4859 1004 5045
f 5045 1103 5046
f 5046 1005 4859
f 4859 5045 5046
f 5045 1004 6774
f 6774 1706 6775
f 6775 1103 5045
f 5045 6774 6775
f 5032 1061 4989
f 4989 1079 5036
f 5036 1099 5032
f 5032 4989 5036
f 4989 1061 4949
f 4949 1008 4988
f 4988 1079 4989
f 4989 4949 4988
f 5070 1050 4996
f 4996 1082 5072
f 5072 1112 5070
f 5070 4996 5072
f 4996 1050 4921
f 4921 1014 4995
f 4995 1082 4996
f 4996 4921 4995
f 6348 1592 6349
f 6349 1118 5082
f 5082 1117 6348
f 6348 6349 5082
f 6349 1592 6350
f 6350 1591 6345
f 6345 1118 6349
f 6349 6350 6345
f 5597 1354 5598
f 5598 1150 5134
f 5134 1149 5597
f 5597 5598 5134
f 5598 1354 5616
f 5616 1359 5613
f 5613 1150 5598
f 5598 5616 5613
f 5160 1166 5159
f 5159 1162 5156
f 5156 1165 5160
f 5160 5159 5156
f 5159 1166 5167
f 5167 1169 5166
f 5166 1162 5159
f 5159 5167 5166
f 6775 1706 6776
f 6776 1275 5392
f 5392 1103 6775
f 6775 6776 5392
f 6776 1706 6777
f 6777 1705 6773
f 6773 1275 6776
f 6776 6777 6773
f 5424 1098 5429
f 5429 1289 5431
f 5431 1288 5424
f 5424 5429 5431
f 5429 1098 5031
f 5031 1097 5428
f 5428 1289 5429
f 5429 5031 5428
f 5694 1382 5695
f 5695 1321 5517
f 5517 1320 5694
f 5694 5695 5517
f 5695 1382 5693
f 5693 1191 5515
f 5515 1321 5695
f 5695 5693 5515
f 6309 1579 6310
f 6310 1325 5523
f 5523 1324 6309
f 6309 6310 5523
f 6310 1579 6311
f 6311 1578 6308
f 6308 1325 6310
f 6310 6311 6308
f 5613 1359 5615
f 5615 1169 5165
f 5165 1150 5613
f 5613 5615 5165
f 5615 1359 5614
f 5614 1162 5166
f 5166 1169 5615
f 5615 5614 5166
f 5514 1319 5697
f 5697 1383 5698
f 5698 1320 5514
f 5514 5697 5698
f 5697 1319 6559
f 6559 1659 6560
f 6560 1383 5697
f 5697 6559 6560
f 5756 1401 5896
f 5896 1452 5895
f 5895 1400 5756
f 5756 5896 5895
f 5896 1401 6815
f 6815 1718 6816
f 6816 1452 5896
f 5896 6815 6816
f 5752 1112 5071
f 5071 1081 5751
f 5751 1400 5752
f 5752 5071 5751
f 5071 1112 5072
f 5072 1082 4997
f 4997 1081 5071
f 5071 5072 4997
f 5900 1355 5599
f 5599 1149 5899
f 5899 1454 5900
f 5900 5599 5899
f 5599 1355 5600
f 5600 1354 5597
f 5597 1149 5599
f 5599 5600 5597
f 5907 1456 5918
f 5918 1459 5917
f 5917 1455 5907
f 5907 5918 5917
f 5918 1456 5921
f 5921 1460 5922
f 5922 1459 5918
f 5918 5921 5922
f 4967 1070 4966
f 4966 1023 4886
f 4886 1026 4967
f 4967 4966 4886
f 4966 1070 6188
f 6188 1541 6187
f 6187 1023 4966
f 4966 6188 6187
f 5905 1455 5904
f 5904 1286 5430
f 5430 1289 5905
f 5905 5904 5430
f 5904 1455 5917
f 5917 1459 5915
f 5915 1286 5904
f 5904 5917 5915
f 7170 1502 6380
f 6380 1605 7171
f 7171 1809 7170
f 7170 6380 7171
f 6380 1502 6041
f 6041 1501 6379
f 6379 1605 6380
f 6380 6041 6379
f 5426 1287 6193
f 6193 1542 6194
f 6194 1288 5426
f 5426 6193 6194
f 6193 1287 5422
f 5422 1280 6191
f 6191 1542 6193
f 6193 5422 6191
f 6202 1512 6077
f 6077 1454 6201
f 6201 1544 6202
f 6202 6077 6201
f 6077 1512 6076
f 6076 1355 5900
f 5900 1454 6077
f 6077 6076 5900
f 6933 1743 6934
f 6934 1590 6344
f 6344 1589 6933
f 6933 6934 6344
f 6934 1743 6935
f 6935 1647 6518
f 6518 1590 6934
f 6934 6935 6518
f 6548 1656 6549
f 6549 1594 6355
f 6355 1593 6548
f 6548 6549 6355
f 6549 1656 6550
f 6550 1653 6538
f 6538 1594 6549
f 6549 6550 6538
f 6538 1653 6539
f 6539 1599 6366
f 6366 1594 6538
f 6538 6539 6366
f 6539 1653 6541
f 6541 1652 6535
f 6535 1599 6539
f 6539 6541 6535
f 6383 1603 6375
f 6375 1122 6382
f 6382 1606 6383
f 6383 6375 6382
f 6375 1603 6376
f 6376 1501 6038
f 6038 1122 6375
f 6375 6376 6038
f 5515 1191 6409
f 6409 1615 6410
f 6410 1321 5515
f 5515 6409 6410
f 6409 1191 5209
f 5209 1190 6408
f 6408 1615 6409
f 6409 5209 6408
f 6440 1319 6444
f 6444 1630 6447
f 6447 1629 6440
f 6440 6444 6447
f 6444 1319 5512
f 5512 1318 6443
f 6443 1630 6444
f 6444 5512 6443
f 6562 1659 6561
f 6561 1629 6486
f 6486 1639 6562
f 6562 6561 6486
f 6561 1659 6559
f 6559 1319 6440
f 6440 1629 6561
f 6561 6559 6440
f 6443 1318 6342
f 6342 1590 6445
f 6445 1630 6443
f 6443 6342 6445
f 6342 1318 6336
f 6336 1587 6343
f 6343 1590 6342
f 6342 6336 6343
f 6569 1661 6568
f 6568 1381 5699
f 5699 1383 6569
f 6569 6568 5699
f 6568 1661 6591
f 6591 1665 6588
f 6588 1381 6568
f 6568 6591 6588
f 6579 1660 6565
f 6565 1639 6578
f 6578 1663 6579
f 6579 6565 6578
f 6565 1660 6566
f 6566 1659 6562
f 6562 1639 6565
f 6565 6566 6562
f 5629 1362 6563
f 6563 1660 6564
f 6564 1363 5629
f 5629 6563 6564
f 6563 1362 6567
f 6567 1661 6571
f 6571 1660 6563
f 6563 6567 6571
f 6580 1662 6572
f 6572 1012 6575
f 6575 1663 6580
f 6580 6572 6575
f 6572 1662 6573
f 6573 1013 4869
f 4869 1012 6572
f 6572 6573 4869
f 6778 1336 6783
f 6783 1708 6785
f 6785 1707 6778
f 6778 6783 6785
f 6783 1336 5544
f 5544 1335 6782
f 6782 1708 6783
f 6783 5544 6782
f 6787 1404 6779
f 6779 1707 6790
f 6790 1709 6787
f 6787 6779 6790
f 6779 1404 5767
f 5767 1336 6778
f 6778 1707 6779
f 6779 5767 6778
f 6793 1405 6788
f 6788 1709 6794
f 6794 1710 6793
f 6793 6788 6794
f 6788 1405 5769
f 5769 1404 6787
f 6787 1709 6788
f 6788 5769 6787
f 7438 1868 7437
f 7437 1710 6797
f 6797 1711 7438
f 7438 7437 6797
f 7437 1868 7436
f 7436 1405 6793
f 6793 1710 7437
f 7437 7436 6793
f 7447 1713 7452
f 7452 1873 7454
f 7454 1872 7447
f 7447 7452 7454
f 7452 1713 6802
f 6802 1712 7451
f 7451 1873 7452
f 7452 6802 7451
f 7461 1715 6837
f 6837 1722 7462
f 7462 1875 7461
f 7461 6837 7462
f 6837 1715 6809
f 6809 1714 6836
f 6836 1722 6837
f 6837 6809 6836
f 6836 1714 6831
f 6831 1721 6838
f 6838 1722 6836
f 6836 6831 6838
f 6831 1714 6812
f 6812 1716 6832
f 6832 1721 6831
f 6831 6812 6832
f 6814 1717 6833
f 6833 1721 6832
f 6832 1716 6814
f 6814 6833 6832
f 6833 1717 6827
f 6827 1720 6834
f 6834 1721 6833
f 6833 6827 6834
f 6821 1719 6828
f 6828 1720 6827
f 6827 1717 6821
f 6821 6828 6827
f 6828 1719 6820
f 6820 1547 6826
f 6826 1720 6828
f 6828 6820 6826
f 5755 1294 6198
f 6198 1544 6199
f 6199 1401 5755
f 5755 6198 6199
f 6198 1294 6074
f 6074 1512 6202
f 6202 1544 6198
f 6198 6074 6202
f 6880 1732 6879
f 6879 1541 6195
f 6195 1542 6880
f 6880 6879 6195
f 6879 1732 6877
f 6877 1023 6187
f 6187 1541 6879
f 6879 6877 6187
f 5520 1323 6911
f 6911 1738 6912
f 6912 1324 5520
f 5520 6911 6912
f 6911 1323 6338
f 6338 1588 6913
f 6913 1738 6911
f 6911 6338 6913
f 6924 1740 6921
f 6921 1589 6918
f 6918 1739 6924
f 6924 6921 6918
f 6921 1740 6936
f 6936 1743 6933
f 6933 1589 6921
f 6921 6936 6933
f 5161 1166 7162
f 7162 1807 7163
f 7163 1167 5161
f 5161 7162 7163
f 7162 1166 6979
f 6979 1754 7164
f 7164 1807 7162
f 7162 6979 7164
f 7100 1791 7101
f 7101 1790 7098
f 7098 1789 7100
f 7100 7101 7098
f 7101 1791 7343
f 7343 1848 7342
f 7342 1790 7101
f 7101 7343 7342
f 5080 1116 7122
f 7122 1798 7123
f 7123 1117 5080
f 5080 7122 7123
f 7122 1116 7199
f 7199 1815 7202
f 7202 1798 7122
f 7122 7199 7202
f 7133 1458 6819
f 6819 1719 7136
f 7136 1801 7133
f 7133 6819 7136
f 6819 1458 6216
f 6216 1547 6820
f 6820 1719 6819
f 6819 6216 6820
f 7137 1053 7132
f 7132 1801 7141
f 7141 1802 7137
f 7137 7132 7141
f 7132 1053 5912
f 5912 1458 7133
f 7133 1801 7132
f 7132 5912 7133
f 7142 1054 7138
f 7138 1802 7146
f 7146 1803 7142
f 7142 7138 7146
f 7138 1054 4929
f 4929 1053 7137
f 7137 1802 7138
f 7138 4929 7137
f 7147 1145 7143
f 7143 1803 7151
f 7151 1804 7147
f 7147 7143 7151
f 7143 1145 5125
f 5125 1054 7142
f 7142 1803 7143
f 7143 5125 7142
f 7154 1172 7150
f 7150 1804 7156
f 7156 1805 7154
f 7154 7150 7156
f 7150 1172 5176
f 5176 1145 7147
f 7147 1804 7150
f 7150 5176 7147
f 7159 1173 7155
f 7155 1805 7161
f 7161 1806 7159
f 7159 7155 7161
f 7155 1173 5180
f 5180 1172 7154
f 7154 1805 7155
f 7155 5180 7154
f 7159 1806 7160
f 7160 1755 6982
f 6982 1173 7159
f 7159 7160 6982
f 7160 1806 7168
f 7168 1808 7167
f 7167 1755 7160
f 7160 7168 7167
f 7167 1808 7166
f 7166 1472 6983
f 6983 1755 7167
f 7167 7166 6983
f 7166 1808 7176
f 7176 1810 7174
f 7174 1472 7166
f 7166 7176 7174
f 7188 1812 7183
f 7183 1469 7178
f 7178 1811 7188
f 7188 7183 7178
f 7183 1812 7184
f 7184 1602 6372
f 6372 1469 7183
f 7183 7184 6372
f 7184 1812 7187
f 7187 1785 7085
f 7085 1602 7184
f 7184 7187 7085
f 7187 1812 7193
f 7193 1813 7190
f 7190 1785 7187
f 7187 7193 7190
f 7202 1815 7203
f 7203 1814 7197
f 7197 1798 7202
f 7202 7203 7197
f 7203 1815 7201
f 7201 1786 7194
f 7194 1814 7203
f 7203 7201 7194
f 6378 1603 7090
f 7090 1788 7091
f 7091 1604 6378
f 6378 7090 7091
f 7090 1603 7093
f 7093 1789 7096
f 7096 1788 7090
f 7090 7093 7096
f 7371 1797 7121
f 7121 1790 7370
f 7370 1854 7371
f 7371 7121 7370
f 7121 1797 7120
f 7120 1787 7097
f 7097 1790 7121
f 7121 7120 7097
f 7192 1788 7196
f 7196 1814 7198
f 7198 1813 7192
f 7192 7196 7198
f 7196 1788 7092
f 7092 1787 7195
f 7195 1814 7196
f 7196 7092 7195
f 6913 1588 6412
f 6412 1615 6914
f 6914 1738 6913
f 6913 6412 6914
f 6412 1588 6339
f 6339 1587 6411
f 6411 1615 6412
f 6412 6339 6411
f 7373 1853 7363
f 7363 1593 7369
f 7369 1854 7373
f 7373 7363 7369
f 7363 1853 7364
f 7364 1656 6548
f 6548 1593 7363
f 7363 7364 6548
f 7468 1871 7489
f 7489 1880 7490
f 7490 1876 7468
f 7468 7489 7490
f 7489 1871 7446
f 7446 1870 7488
f 7488 1880 7489
f 7489 7446 7488
f 7485 1879 7484
f 7484 1870 7457
f 7457 1874 7485
f 7485 7484 7457
f 7484 1879 7491
f 7491 1880 7488
f 7488 1870 7484
f 7484 7491 7488
f 7482 1456 7487
f 7487 1880 7491
f 7491 1879 7482
f 7482 7487 7491
f 7487 1456 5906
f 5906 1077 7486
f 7486 1880 7487
f 7487 5906 7486
f 7466 1080 7470
f 7470 1877 7473
f 7473 1876 7466
f 7466 7470 7473
f 7470 1080 4991
f 4991 1007 7469
f 7469 1877 7470
f 7470 4991 7469
f 7519 1886 7517
f 7517 1275 7511
f 7511 1885 7519
f 7519 7517 7511
f 7517 1886 7516
f 7516 1274 5393
f 5393 1275 7517
f 7517 7516 5393
f 7531 1884 7508
f 7508 1708 7529
f 7529 1888 7531
f 7531 7508 7529
f 7508 1884 7507
f 7507 1705 6784
f 6784 1708 7508
f 7508 7507 6784
f 4794 978 7509
f 7509 1885 7510
f 7510 979 4794
f 4794 7509 7510
f 7509 978 7515
f 7515 1886 7519
f 7519 1885 7509
f 7509 7515 7519
f 4800 980 7526
f 7526 1888 7527
f 7527 981 4800
f 4800 7526 7527
f 7526 980 7506
f 7506 1884 7531
f 7531 1888 7526
f 7526 7506 7531
f 6308 1578 6307
f 6307 1118 5521
f 5521 1325 6308
f 6308 6307 5521
f 6307 1578 6306
f 6306 1115 5081
f 5081 1118 6307
f 6307 6306 5081
f 7164 1754 7172
f 7172 1809 7173
f 7173 1807 7164
f 7164 7172 7173
f 7172 1754 6980
f 6980 1502 7170
f 7170 1809 7172
f 7172 6980 7170
f 6535 1652 6920
f 6920 1739 6919
f 6919 1599 6535
f 6535 6920 6919
f 6920 1652 6923
f 6923 1740 6924
f 6924 1739 6920
f 6920 6923 6924
f 7180 1811 7181
f 7181 1809 7171
f 7171 1605 7180
f 7180 7181 7171
f 7181 1811 7182
f 7182 1810 7177
f 7177 1809 7181
f 7181 7182 7177
f 4899 1032 4895
f 4895 1006 4897
f 4897 1033 4899
f 4899 4895 4897
f 4895 1032 4894
f 4894 1003 4860
f 4860 1006 4895
f 4895 4894 4860
f 6796 1032 7698
f 7698 1924 7699
f 7699 1711 6796
f 6796 7698 7699
f 7698 1032 4896
f 4896 1031 7697
f 7697 1924 7698
f 7698 4896 7697
f 5619 1360 5620
f 5620 1012 4867
f 4867 1011 5619
f 5619 5620 4867
f 5620 1360 5627
f 5627 1363 5626
f 5626 1012 5620
f 5620 5627 5626
f 4946 1060 4944
f 4944 1011 4918
f 4918 1049 4946
f 4946 4944 4918
f 4944 1060 5621
f 5621 1360 5619
f 5619 1011 4944
f 4944 5621 5619
f 4947 1060 4945
f 4945 1048 4937
f 4937 1057 4947
f 4947 4945 4937
f 4945 1060 4946
f 4946 1049 4920
f 4920 1048 4945
f 4945 4946 4920
f 6806 1715 6807
f 6807 1057 4937
f 4937 1048 6806
f 6806 6807 4937
f 6807 1715 6808
f 6808 1712 6798
f 6798 1057 6807
f 6807 6808 6798
f 7461 1875 7460
f 7460 1712 6808
f 6808 1715 7461
f 7461 7460 6808
f 7460 1875 7463
f 7463 1873 7451
f 7451 1712 7460
f 7460 7463 7451
f 7464 1874 7458
f 7458 1873 7463
f 7463 1875 7464
f 7464 7458 7463
f 7458 1874 7457
f 7457 1870 7453
f 7453 1873 7458
f 7458 7457 7453
f 5625 1361 5642
f 5642 1367 5643
f 5643 1362 5625
f 5625 5642 5643
f 5642 1361 5632
f 5632 1364 5644
f 5644 1367 5642
f 5642 5632 5644
f 5622 1059 5631
f 5631 1364 5632
f 5632 1361 5622
f 5622 5631 5632
f 5631 1059 4941
f 4941 1034 5630
f 5630 1364 5631
f 5631 4941 5630
f 4943 1058 4939
f 4939 1034 4941
f 4941 1059 4943
f 4943 4939 4941
f 4939 1058 4938
f 4938 1031 4900
f 4900 1034 4939
f 4939 4938 4900
f 6801 1713 6800
f 6800 1031 4938
f 4938 1058 6801
f 6801 6800 4938
f 6800 1713 7700
f 7700 1924 7697
f 7697 1031 6800
f 6800 7700 7697
f 7447 1872 7702
f 7702 1924 7700
f 7700 1713 7447
f 7447 7702 7700
f 7702 1872 7448
f 7448 1869 7701
f 7701 1924 7702
f 7702 7448 7701
f 7450 1871 7445
f 7445 1869 7448
f 7448 1872 7450
f 7450 7445 7448
f 7445 1871 7444
f 7444 1866 7442
f 7442 1869 7445
f 7445 7444 7442
f 7696 1732 6881
f 6881 1700 7695
f 7695 1923 7696
f 7696 6881 7695
f 6881 1732 6878
f 6878 1281 6747
f 6747 1700 6881
f 6881 6878 6747
f 4888 1025 5923
f 5923 1461 5924
f 5924 1026 4888
f 4888 5923 5924
f 5923 1025 6737
f 6737 1698 6739
f 6739 1461 5923
f 5923 6737 6739
f 6218 1548 6217
f 6217 982 4806
f 4806 983 6218
f 6218 6217 4806
f 6217 1548 6222
f 6222 1392 5730
f 5730 982 6217
f 6217 6222 5730
f 4810 984 7407
f 7407 1861 7406
f 7406 895 4810
f 4810 7407 7406
f 7407 984 7412
f 7412 1862 7415
f 7415 1861 7407
f 7407 7412 7415
f 4809 894 7411
f 7411 1862 7412
f 7412 984 4809
f 4809 7411 7412
f 7411 894 7008
f 7008 1763 7414
f 7414 1862 7411
f 7411 7008 7414
f 4812 566 5313
f 5313 1241 5314
f 5314 985 4812
f 4812 5313 5314
f 5313 566 5309
f 5309 1238 5315
f 5315 1241 5313
f 5313 5309 5315
f 4817 986 6219
f 6219 1548 6218
f 6218 983 4817
f 4817 6219 6218
f 6219 986 5717
f 5717 1389 6221
f 6221 1548 6219
f 6219 5717 6221
f 4797 979 7505
f 7505 1884 7506
f 7506 980 4797
f 4797 7505 7506
f 7505 979 7510
f 7510 1885 7513
f 7513 1884 7505
f 7505 7510 7513
f 4791 925 7514
f 7514 1886 7515
f 7515 978 4791
f 4791 7514 7515
f 7514 925 6610
f 6610 1671 7518
f 7518 1886 7514
f 7514 6610 7518
f 6700 1174 5182
f 5182 969 6699
f 6699 1690 6700
f 6700 5182 6699
f 5182 1174 5181
f 5181 888 4746
f 4746 969 5182
f 5182 5181 4746
f 4804 982 5734
f 5734 1393 5732
f 5732 565 4804
f 4804 5734 5732
f 5734 982 5730
f 5730 1392 5737
f 5737 1393 5734
f 5734 5730 5737
f 4820 889 7421
f 7421 1864 7422
f 7422 987 4820
f 4820 7421 7422
f 7421 889 5187
f 5187 1177 7425
f 7425 1864 7421
f 7421 5187 7425
f 4825 981 7500
f 7500 1883 7501
f 7501 988 4825
f 4825 7500 7501
f 7500 981 7527
f 7527 1888 7530
f 7530 1883 7500
f 7500 7527 7530
f 5108 1136 5109
f 5109 975 4778
f 4778 901 5108
f 5108 5109 4778
f 5109 1136 5110
f 5110 1135 5107
f 5107 975 5109
f 5109 5110 5107
f 4824 988 6844
f 6844 1724 6843
f 6843 927 4824
f 4824 6844 6843
f 6844 988 7501
f 7501 1883 7504
f 7504 1724 6844
f 6844 7501 7504
f 4728 964 6233
f 6233 1553 6232
f 6232 571 4728
f 4728 6233 6232
f 6233 964 7546
f 7546 1894 7549
f 7549 1553 6233
f 6233 7546 7549
f 4819 987 5149
f 5149 1160 5148
f 5148 886 4819
f 4819 5149 5148
f 5149 987 7422
f 7422 1864 7423
f 7423 1160 5149
f 5149 7422 7423
f 4829 985 7040
f 7040 1772 7041
f 7041 989 4829
f 4829 7040 7041
f 7040 985 5314
f 5314 1241 7042
f 7042 1772 7040
f 7040 5314 7042
f 4831 887 7427
f 7427 1865 7428
f 7428 990 4831
f 4831 7427 7428
f 7427 887 5146
f 5146 1159 7429
f 7429 1865 7427
f 7427 5146 7429
f 4833 990 7382
f 7382 1856 7380
f 7380 899 4833
f 4833 7382 7380
f 7382 990 7428
f 7428 1865 7432
f 7432 1856 7382
f 7382 7428 7432
f 4458 572 6223
f 6223 1550 6224
f 6224 893 4458
f 4458 6223 6224
f 6223 572 6227
f 6227 1551 6229
f 6229 1550 6223
f 6223 6227 6229
f 4828 989 7648
f 7648 1915 7647
f 7647 965 4828
f 4828 7648 7647
f 7648 989 7041
f 7041 1772 7651
f 7651 1915 7648
f 7648 7041 7651
f 5711 1387 5712
f 5712 991 4834
f 4834 397 5711
f 5711 5712 4834
f 5712 1387 5723
f 5723 1390 5722
f 5722 991 5712
f 5712 5723 5722
f 5722 1390 5721
f 5721 986 4837
f 4837 991 5722
f 5722 5721 4837
f 5721 1390 5725
f 5725 1389 5717
f 5717 986 5721
f 5721 5725 5717
f 4838 595 5317
f 5317 595 5319
f 5288 1228 5287
f 5287 963 4788
f 4788 977 5288
f 5288 5287 4788
f 5287 1228 5293
f 5293 1231 5291
f 5291 963 5287
f 5287 5293 5291
f 4839 992 5707
f 5707 1386 5706
f 5706 396 4839
f 4839 5707 5706
f 5707 992 6752
f 6752 1701 6756
f 6756 1386 5707
f 5707 6752 6756
f 4841 401 6751
f 6751 1701 6752
f 6752 992 4841
f 4841 6751 6752
f 6751 401 5452
f 5452 1297 6755
f 6755 1701 6751
f 6751 5452 6755

